Timestamp,Building_ID,Floor,Room_ID,Room_Type,Room_Capacity,Occupancy_Count,Temperature_C,Humidity_Percent,Working_Hours,Day_of_Week,Hour,Minute,Day,Month,Day_of_Week_Num,Is_Weekend,Available_Capacity,Utilization_Percent,Occupancy_Ratio,Occupancy_Status,Overcrowding_Flag,Peak_Hour,Occupancy_Load_Category
2026-01-05 08:00:00,BLDG_A,1,A101,Office,10,3,24.7,61.58,1,Monday,8,0,5,1,0,0,7,30.0,0.3,Low,0,0,Low Load
2026-01-05 08:15:00,BLDG_A,1,A102,Office,12,1,23.95,52.79,1,Monday,8,15,5,1,0,0,11,8.33,0.083,Low,0,0,Low Load
2026-01-05 08:30:00,BLDG_A,1,A103,Meeting Room,20,4,24.86,60.44,1,Monday,8,30,5,1,0,0,16,20.0,0.2,Low,0,0,Low Load
2026-01-05 08:45:00,BLDG_A,2,A201,Lab,30,6,24.36,48.98,1,Monday,8,45,5,1,0,0,24,20.0,0.2,Low,0,0,Low Load
2026-01-05 09:00:00,BLDG_A,2,A202,Conference,25,12,24.85,54.65,1,Monday,9,0,5,1,0,0,13,48.0,0.48,Low,0,1,Low Load
2026-01-05 09:15:00,BLDG_B,1,B101,Office,8,5,25.27,53.92,1,Monday,9,15,5,1,0,0,3,62.5,0.625,Normal,0,1,Moderate Load
2026-01-05 09:30:00,BLDG_B,1,B102,Office,15,8,24.44,57.56,1,Monday,9,30,5,1,0,0,7,53.33,0.533,Normal,0,1,Moderate Load
2026-01-05 09:45:00,BLDG_B,1,B103,Meeting Room,18,10,26.37,52.16,1,Monday,9,45,5,1,0,0,8,55.56,0.556,Normal,0,1,Moderate Load
2026-01-05 10:00:00,BLDG_B,2,B201,Training Room,35,13,24.54,62.9,1,Monday,10,0,5,1,0,0,22,37.14,0.371,Low,0,1,Low Load
2026-01-05 10:15:00,BLDG_B,2,B202,Conference,25,11,22.81,59.55,1,Monday,10,15,5,1,0,0,14,44.0,0.44,Low,0,1,Low Load
2026-01-05 10:30:00,BLDG_C,1,C101,Office,10,7,22.39,58.8,1,Monday,10,30,5,1,0,0,3,70.0,0.7,Normal,0,1,Moderate Load
2026-01-05 10:45:00,BLDG_C,1,C102,Office,14,7,23.94,56.53,1,Monday,10,45,5,1,0,0,7,50.0,0.5,Normal,0,1,Moderate Load
2026-01-05 11:00:00,BLDG_C,1,C103,Meeting Room,20,12,24.61,55.47,1,Monday,11,0,5,1,0,0,8,60.0,0.6,Normal,0,1,Moderate Load
2026-01-05 11:15:00,BLDG_C,2,C201,Lab,30,16,22.05,52.76,1,Monday,11,15,5,1,0,0,14,53.33,0.533,Normal,0,1,Moderate Load
2026-01-05 11:30:00,BLDG_C,2,C202,Training Room,40,15,23.47,65.46,1,Monday,11,30,5,1,0,0,25,37.5,0.375,Low,0,1,Low Load
2026-01-05 11:45:00,BLDG_A,1,A101,Office,10,5,21.78,52.66,1,Monday,11,45,5,1,0,0,5,50.0,0.5,Normal,0,1,Moderate Load
2026-01-05 12:00:00,BLDG_A,1,A102,Office,12,5,24.65,60.55,1,Monday,12,0,5,1,0,0,7,41.67,0.417,Low,0,0,Low Load
2026-01-05 12:15:00,BLDG_A,1,A103,Meeting Room,20,6,24.83,53.66,1,Monday,12,15,5,1,0,0,14,30.0,0.3,Low,0,0,Low Load
2026-01-05 12:30:00,BLDG_A,2,A201,Lab,30,6,22.7,58.48,1,Monday,12,30,5,1,0,0,24,20.0,0.2,Low,0,0,Low Load
2026-01-05 12:45:00,BLDG_A,2,A202,Conference,25,8,23.29,56.11,1,Monday,12,45,5,1,0,0,17,32.0,0.32,Low,0,0,Low Load
2026-01-05 13:00:00,BLDG_B,1,B101,Office,8,4,24.35,50.37,1,Monday,13,0,5,1,0,0,4,50.0,0.5,Normal,0,0,Moderate Load
2026-01-05 13:15:00,BLDG_B,1,B102,Office,15,5,22.36,58.41,1,Monday,13,15,5,1,0,0,10,33.33,0.333,Low,0,0,Low Load
2026-01-05 13:30:00,BLDG_B,1,B103,Meeting Room,18,5,24.38,58.13,1,Monday,13,30,5,1,0,0,13,27.78,0.278,Low,0,0,Low Load
2026-01-05 13:45:00,BLDG_B,2,B201,Training Room,35,12,23.29,54.44,1,Monday,13,45,5,1,0,0,23,34.29,0.343,Low,0,0,Low Load
2026-01-05 14:00:00,BLDG_B,2,B202,Conference,25,6,22.21,48.02,1,Monday,14,0,5,1,0,0,19,24.0,0.24,Low,0,1,Low Load
2026-01-05 14:15:00,BLDG_C,1,C101,Office,10,6,23.35,64.09,1,Monday,14,15,5,1,0,0,4,60.0,0.6,Normal,0,1,Moderate Load
2026-01-05 14:30:00,BLDG_C,1,C102,Office,14,7,22.68,53.56,1,Monday,14,30,5,1,0,0,7,50.0,0.5,Normal,0,1,Moderate Load
2026-01-05 14:45:00,BLDG_C,1,C103,Meeting Room,20,8,24.81,42.91,1,Monday,14,45,5,1,0,0,12,40.0,0.4,Low,0,1,Low Load
2026-01-05 15:00:00,BLDG_C,2,C201,Lab,30,15,23.09,44.88,1,Monday,15,0,5,1,0,0,15,50.0,0.5,Normal,0,1,Moderate Load
2026-01-05 15:15:00,BLDG_C,2,C202,Training Room,40,16,24.08,55.15,1,Monday,15,15,5,1,0,0,24,40.0,0.4,Low,0,1,Low Load
2026-01-05 15:30:00,BLDG_A,1,A101,Office,10,7,22.57,56.25,1,Monday,15,30,5,1,0,0,3,70.0,0.7,Normal,0,1,Moderate Load
2026-01-05 15:45:00,BLDG_A,1,A102,Office,12,7,24.8,57.5,1,Monday,15,45,5,1,0,0,5,58.33,0.583,Normal,0,1,Moderate Load
2026-01-05 16:00:00,BLDG_A,1,A103,Meeting Room,20,13,23.03,48.51,1,Monday,16,0,5,1,0,0,7,65.0,0.65,Normal,0,1,Moderate Load
2026-01-05 16:15:00,BLDG_A,2,A201,Lab,30,12,24.56,53.44,1,Monday,16,15,5,1,0,0,18,40.0,0.4,Low,0,1,Low Load
2026-01-05 16:30:00,BLDG_A,2,A202,Conference,25,7,24.18,60.87,1,Monday,16,30,5,1,0,0,18,28.0,0.28,Low,0,1,Low Load
2026-01-05 16:45:00,BLDG_B,1,B101,Office,8,6,24.3,48.07,1,Monday,16,45,5,1,0,0,2,75.0,0.75,High,0,1,High Load
2026-01-05 17:00:00,BLDG_B,1,B102,Office,15,1,22.82,52.09,1,Monday,17,0,5,1,0,0,14,6.67,0.067,Low,0,0,Low Load
2026-01-05 17:15:00,BLDG_B,1,B103,Meeting Room,18,21,23.99,53.89,1,Monday,17,15,5,1,0,0,-3,116.67,1.167,Overcrowded,1,0,Overloaded
2026-01-05 17:30:00,BLDG_B,2,B201,Training Room,35,3,23.22,54.62,1,Monday,17,30,5,1,0,0,32,8.57,0.086,Low,0,0,Low Load
2026-01-05 17:45:00,BLDG_B,2,B202,Conference,25,9,24.98,51.5,1,Monday,17,45,5,1,0,0,16,36.0,0.36,Low,0,0,Low Load
2026-01-05 18:00:00,BLDG_C,1,C101,Office,10,0,21.54,49.92,0,Monday,18,0,5,1,0,0,10,0.0,0.0,Low,0,0,Low Load
2026-01-05 18:15:00,BLDG_C,1,C102,Office,14,4,21.71,60.87,0,Monday,18,15,5,1,0,0,10,28.57,0.286,Low,0,0,Low Load
2026-01-05 18:30:00,BLDG_C,1,C103,Meeting Room,20,0,23.82,57.69,0,Monday,18,30,5,1,0,0,20,0.0,0.0,Low,0,0,Low Load
2026-01-05 18:45:00,BLDG_C,2,C201,Lab,30,1,22.65,50.42,0,Monday,18,45,5,1,0,0,29,3.33,0.033,Low,0,0,Low Load
2026-01-05 19:00:00,BLDG_C,2,C202,Training Room,40,3,22.15,46.42,0,Monday,19,0,5,1,0,0,37,7.5,0.075,Low,0,0,Low Load
2026-01-05 19:15:00,BLDG_A,1,A101,Office,10,0,22.91,66.05,0,Monday,19,15,5,1,0,0,10,0.0,0.0,Low,0,0,Low Load
2026-01-05 19:30:00,BLDG_A,1,A102,Office,12,1,22.56,57.0,0,Monday,19,30,5,1,0,0,11,8.33,0.083,Low,0,0,Low Load
2026-01-05 19:45:00,BLDG_A,1,A103,Meeting Room,20,3,22.96,52.12,0,Monday,19,45,5,1,0,0,17,15.0,0.15,Low,0,0,Low Load
2026-01-05 20:00:00,BLDG_A,2,A201,Lab,30,4,23.21,65.75,0,Monday,20,0,5,1,0,0,26,13.33,0.133,Low,0,0,Low Load
2026-01-05 20:15:00,BLDG_A,2,A202,Conference,25,1,21.23,45.42,0,Monday,20,15,5,1,0,0,24,4.0,0.04,Low,0,0,Low Load
2026-01-05 20:30:00,BLDG_B,1,B101,Office,8,2,24.77,53.74,0,Monday,20,30,5,1,0,0,6,25.0,0.25,Low,0,0,Low Load
2026-01-05 20:45:00,BLDG_B,1,B102,Office,15,0,24.45,47.25,0,Monday,20,45,5,1,0,0,15,0.0,0.0,Low,0,0,Low Load
2026-01-05 21:00:00,BLDG_B,1,B103,Meeting Room,18,0,23.47,52.24,0,Monday,21,0,5,1,0,0,18,0.0,0.0,Low,0,0,Low Load
2026-01-05 21:15:00,BLDG_B,2,B201,Training Room,35,1,22.5,57.36,0,Monday,21,15,5,1,0,0,34,2.86,0.029,Low,0,0,Low Load
2026-01-05 21:30:00,BLDG_B,2,B202,Conference,25,4,22.81,59.51,0,Monday,21,30,5,1,0,0,21,16.0,0.16,Low,0,0,Low Load
2026-01-05 21:45:00,BLDG_C,1,C101,Office,10,0,22.64,49.1,0,Monday,21,45,5,1,0,0,10,0.0,0.0,Low,0,0,Low Load
2026-01-05 22:00:00,BLDG_C,1,C102,Office,14,0,21.65,52.66,0,Monday,22,0,5,1,0,0,14,0.0,0.0,Low,0,0,Low Load
2026-01-05 22:15:00,BLDG_C,1,C103,Meeting Room,20,3,21.11,55.21,0,Monday,22,15,5,1,0,0,17,15.0,0.15,Low,0,0,Low Load
2026-01-05 22:30:00,BLDG_C,2,C201,Lab,30,0,22.31,62.02,0,Monday,22,30,5,1,0,0,30,0.0,0.0,Low,0,0,Low Load
2026-01-05 22:45:00,BLDG_C,2,C202,Training Room,40,3,24.3,53.92,0,Monday,22,45,5,1,0,0,37,7.5,0.075,Low,0,0,Low Load
2026-01-05 23:00:00,BLDG_A,1,A101,Office,10,0,22.43,56.7,0,Monday,23,0,5,1,0,0,10,0.0,0.0,Low,0,0,Low Load
2026-01-05 23:15:00,BLDG_A,1,A102,Office,12,1,21.4,55.63,0,Monday,23,15,5,1,0,0,11,8.33,0.083,Low,0,0,Low Load
2026-01-05 23:30:00,BLDG_A,1,A103,Meeting Room,20,1,25.72,68.14,0,Monday,23,30,5,1,0,0,19,5.0,0.05,Low,0,0,Low Load
2026-01-05 23:45:00,BLDG_A,2,A201,Lab,30,0,22.36,44.76,0,Monday,23,45,5,1,0,0,30,0.0,0.0,Low,0,0,Low Load
2026-01-06 00:00:00,BLDG_A,2,A202,Conference,25,0,23.08,63.44,0,Tuesday,0,0,6,1,1,0,25,0.0,0.0,Low,0,0,Low Load
2026-01-06 00:15:00,BLDG_B,1,B101,Office,8,0,21.92,39.97,0,Tuesday,0,15,6,1,1,0,8,0.0,0.0,Low,0,0,Low Load
2026-01-06 00:30:00,BLDG_B,1,B102,Office,15,0,21.43,51.29,0,Tuesday,0,30,6,1,1,0,15,0.0,0.0,Low,0,0,Low Load
2026-01-06 00:45:00,BLDG_B,1,B103,Meeting Room,18,0,22.59,42.7,0,Tuesday,0,45,6,1,1,0,18,0.0,0.0,Low,0,0,Low Load
2026-01-06 01:00:00,BLDG_B,2,B201,Training Room,35,0,25.26,45.99,0,Tuesday,1,0,6,1,1,0,35,0.0,0.0,Low,0,0,Low Load
2026-01-06 01:15:00,BLDG_B,2,B202,Conference,25,0,24.9,75.34,0,Tuesday,1,15,6,1,1,0,25,0.0,0.0,Low,0,0,Low Load
2026-01-06 01:30:00,BLDG_C,1,C101,Office,10,0,22.26,57.39,0,Tuesday,1,30,6,1,1,0,10,0.0,0.0,Low,0,0,Low Load
2026-01-06 01:45:00,BLDG_C,1,C102,Office,14,3,21.52,53.28,0,Tuesday,1,45,6,1,1,0,11,21.43,0.214,Low,0,0,Low Load
2026-01-06 02:00:00,BLDG_C,1,C103,Meeting Room,20,2,23.22,52.37,0,Tuesday,2,0,6,1,1,0,18,10.0,0.1,Low,0,0,Low Load
2026-01-06 02:15:00,BLDG_C,2,C201,Lab,30,1,21.05,53.33,0,Tuesday,2,15,6,1,1,0,29,3.33,0.033,Low,0,0,Low Load
2026-01-06 02:30:00,BLDG_C,2,C202,Training Room,40,0,22.98,51.11,0,Tuesday,2,30,6,1,1,0,40,0.0,0.0,Low,0,0,Low Load
2026-01-06 02:45:00,BLDG_A,1,A101,Office,10,1,23.92,56.09,0,Tuesday,2,45,6,1,1,0,9,10.0,0.1,Low,0,0,Low Load
2026-01-06 03:00:00,BLDG_A,1,A102,Office,12,1,22.76,55.0,0,Tuesday,3,0,6,1,1,0,11,8.33,0.083,Low,0,0,Low Load
2026-01-06 03:15:00,BLDG_A,1,A103,Meeting Room,20,0,23.08,54.32,0,Tuesday,3,15,6,1,1,0,20,0.0,0.0,Low,0,0,Low Load
2026-01-06 03:30:00,BLDG_A,2,A201,Lab,30,7,24.59,57.7,0,Tuesday,3,30,6,1,1,0,23,23.33,0.233,Low,0,0,Low Load
2026-01-06 03:45:00,BLDG_A,2,A202,Conference,25,0,21.37,63.34,0,Tuesday,3,45,6,1,1,0,25,0.0,0.0,Low,0,0,Low Load
2026-01-06 04:00:00,BLDG_B,1,B101,Office,8,1,23.28,42.79,0,Tuesday,4,0,6,1,1,0,7,12.5,0.125,Low,0,0,Low Load
2026-01-06 04:15:00,BLDG_B,1,B102,Office,15,2,23.25,47.23,0,Tuesday,4,15,6,1,1,0,13,13.33,0.133,Low,0,0,Low Load
2026-01-06 04:30:00,BLDG_B,1,B103,Meeting Room,18,0,23.02,55.37,0,Tuesday,4,30,6,1,1,0,18,0.0,0.0,Low,0,0,Low Load
2026-01-06 04:45:00,BLDG_B,2,B201,Training Room,35,0,22.58,53.24,0,Tuesday,4,45,6,1,1,0,35,0.0,0.0,Low,0,0,Low Load
2026-01-06 05:00:00,BLDG_B,2,B202,Conference,25,1,24.47,37.03,0,Tuesday,5,0,6,1,1,0,24,4.0,0.04,Low,0,0,Low Load
2026-01-06 05:15:00,BLDG_C,1,C101,Office,10,0,22.91,57.07,0,Tuesday,5,15,6,1,1,0,10,0.0,0.0,Low,0,0,Low Load
2026-01-06 05:30:00,BLDG_C,1,C102,Office,14,0,20.59,57.3,0,Tuesday,5,30,6,1,1,0,14,0.0,0.0,Low,0,0,Low Load
2026-01-06 05:45:00,BLDG_C,1,C103,Meeting Room,20,4,20.86,61.05,0,Tuesday,5,45,6,1,1,0,16,20.0,0.2,Low,0,0,Low Load
2026-01-06 06:00:00,BLDG_C,2,C201,Lab,30,0,22.63,47.63,0,Tuesday,6,0,6,1,1,0,30,0.0,0.0,Low,0,0,Low Load
2026-01-06 06:15:00,BLDG_C,2,C202,Training Room,40,0,24.26,59.08,0,Tuesday,6,15,6,1,1,0,40,0.0,0.0,Low,0,0,Low Load
2026-01-06 06:30:00,BLDG_A,1,A101,Office,10,2,24.11,58.07,0,Tuesday,6,30,6,1,1,0,8,20.0,0.2,Low,0,0,Low Load
2026-01-06 06:45:00,BLDG_A,1,A102,Office,12,3,23.23,60.8,0,Tuesday,6,45,6,1,1,0,9,25.0,0.25,Low,0,0,Low Load
2026-01-06 07:00:00,BLDG_A,1,A103,Meeting Room,20,0,22.78,50.12,0,Tuesday,7,0,6,1,1,0,20,0.0,0.0,Low,0,0,Low Load
2026-01-06 07:15:00,BLDG_A,2,A201,Lab,30,4,21.29,60.48,0,Tuesday,7,15,6,1,1,0,26,13.33,0.133,Low,0,0,Low Load
2026-01-06 07:30:00,BLDG_A,2,A202,Conference,25,0,24.11,60.26,0,Tuesday,7,30,6,1,1,0,25,0.0,0.0,Low,0,0,Low Load
2026-01-06 07:45:00,BLDG_B,1,B101,Office,8,2,23.58,44.0,0,Tuesday,7,45,6,1,1,0,6,25.0,0.25,Low,0,0,Low Load
2026-01-06 08:00:00,BLDG_B,1,B102,Office,15,4,23.18,65.58,1,Tuesday,8,0,6,1,1,0,11,26.67,0.267,Low,0,0,Low Load
2026-01-06 08:15:00,BLDG_B,1,B103,Meeting Room,18,5,22.58,55.23,1,Tuesday,8,15,6,1,1,0,13,27.78,0.278,Low,0,0,Low Load
2026-01-06 08:30:00,BLDG_B,2,B201,Training Room,35,2,24.17,63.09,1,Tuesday,8,30,6,1,1,0,33,5.71,0.057,Low,0,0,Low Load
2026-01-06 08:45:00,BLDG_B,2,B202,Conference,25,6,24.17,55.5,1,Tuesday,8,45,6,1,1,0,19,24.0,0.24,Low,0,0,Low Load
2026-01-06 09:00:00,BLDG_C,1,C101,Office,10,6,21.32,50.86,1,Tuesday,9,0,6,1,1,0,4,60.0,0.6,Normal,0,1,Moderate Load
2026-01-06 09:15:00,BLDG_C,1,C102,Office,14,9,25.57,57.58,1,Tuesday,9,15,6,1,1,0,5,64.29,0.643,Normal,0,1,Moderate Load
2026-01-06 09:30:00,BLDG_C,1,C103,Meeting Room,20,12,24.78,62.48,1,Tuesday,9,30,6,1,1,0,8,60.0,0.6,Normal,0,1,Moderate Load
2026-01-06 09:45:00,BLDG_C,2,C201,Lab,30,15,24.12,48.96,1,Tuesday,9,45,6,1,1,0,15,50.0,0.5,Normal,0,1,Moderate Load
2026-01-06 10:00:00,BLDG_C,2,C202,Training Room,40,16,24.26,62.0,1,Tuesday,10,0,6,1,1,0,24,40.0,0.4,Low,0,1,Low Load
2026-01-06 10:15:00,BLDG_A,1,A101,Office,10,5,25.58,49.79,1,Tuesday,10,15,6,1,1,0,5,50.0,0.5,Normal,0,1,Moderate Load
2026-01-06 10:30:00,BLDG_A,1,A102,Office,12,6,24.81,55.08,1,Tuesday,10,30,6,1,1,0,6,50.0,0.5,Normal,0,1,Moderate Load
2026-01-06 10:45:00,BLDG_A,1,A103,Meeting Room,20,13,24.81,58.88,1,Tuesday,10,45,6,1,1,0,7,65.0,0.65,Normal,0,1,Moderate Load
2026-01-06 11:00:00,BLDG_A,2,A201,Lab,30,22,21.4,66.23,1,Tuesday,11,0,6,1,1,0,8,73.33,0.733,Normal,0,1,Moderate Load
2026-01-06 11:15:00,BLDG_A,2,A202,Conference,25,26,21.88,46.24,1,Tuesday,11,15,6,1,1,0,-1,104.0,1.04,Overcrowded,1,1,Overloaded
2026-01-06 11:30:00,BLDG_B,1,B101,Office,8,3,24.33,58.67,1,Tuesday,11,30,6,1,1,0,5,37.5,0.375,Low,0,1,Low Load
2026-01-06 11:45:00,BLDG_B,1,B102,Office,15,9,21.03,55.38,1,Tuesday,11,45,6,1,1,0,6,60.0,0.6,Normal,0,1,Moderate Load
2026-01-06 12:00:00,BLDG_B,1,B103,Meeting Room,18,5,24.64,55.97,1,Tuesday,12,0,6,1,1,0,13,27.78,0.278,Low,0,0,Low Load
2026-01-06 12:15:00,BLDG_B,2,B201,Training Room,35,12,24.44,50.07,1,Tuesday,12,15,6,1,1,0,23,34.29,0.343,Low,0,0,Low Load
2026-01-06 12:30:00,BLDG_B,2,B202,Conference,25,7,24.78,52.24,1,Tuesday,12,30,6,1,1,0,18,28.0,0.28,Low,0,0,Low Load
2026-01-06 12:45:00,BLDG_C,1,C101,Office,10,9,24.8,41.05,1,Tuesday,12,45,6,1,1,0,1,90.0,0.9,Critical,0,0,High Load
2026-01-06 13:00:00,BLDG_C,1,C102,Office,14,4,21.0,50.25,1,Tuesday,13,0,6,1,1,0,10,28.57,0.286,Low,0,0,Low Load
2026-01-06 13:15:00,BLDG_C,1,C103,Meeting Room,20,8,24.04,62.62,1,Tuesday,13,15,6,1,1,0,12,40.0,0.4,Low,0,0,Low Load
2026-01-06 13:30:00,BLDG_C,2,C201,Lab,30,29,25.42,55.64,1,Tuesday,13,30,6,1,1,0,1,96.67,0.967,Critical,0,0,High Load
2026-01-06 13:45:00,BLDG_C,2,C202,Training Room,40,7,22.02,48.78,1,Tuesday,13,45,6,1,1,0,33,17.5,0.175,Low,0,0,Low Load
2026-01-06 14:00:00,BLDG_A,1,A101,Office,10,5,25.86,45.32,1,Tuesday,14,0,6,1,1,0,5,50.0,0.5,Normal,0,1,Moderate Load
2026-01-06 14:15:00,BLDG_A,1,A102,Office,12,7,24.37,54.08,1,Tuesday,14,15,6,1,1,0,5,58.33,0.583,Normal,0,1,Moderate Load
2026-01-06 14:30:00,BLDG_A,1,A103,Meeting Room,20,6,23.07,51.26,1,Tuesday,14,30,6,1,1,0,14,30.0,0.3,Low,0,1,Low Load
2026-01-06 14:45:00,BLDG_A,2,A201,Lab,30,10,24.31,53.68,1,Tuesday,14,45,6,1,1,0,20,33.33,0.333,Low,0,1,Low Load
2026-01-06 15:00:00,BLDG_A,2,A202,Conference,25,11,25.38,52.6,1,Tuesday,15,0,6,1,1,0,14,44.0,0.44,Low,0,1,Low Load
2026-01-06 15:15:00,BLDG_B,1,B101,Office,8,3,23.4,62.8,1,Tuesday,15,15,6,1,1,0,5,37.5,0.375,Low,0,1,Low Load
2026-01-06 15:30:00,BLDG_B,1,B102,Office,15,9,24.22,68.66,1,Tuesday,15,30,6,1,1,0,6,60.0,0.6,Normal,0,1,Moderate Load
2026-01-06 15:45:00,BLDG_B,1,B103,Meeting Room,18,13,23.99,62.53,1,Tuesday,15,45,6,1,1,0,5,72.22,0.722,Normal,0,1,Moderate Load
2026-01-06 16:00:00,BLDG_B,2,B201,Training Room,35,11,23.77,57.2,1,Tuesday,16,0,6,1,1,0,24,31.43,0.314,Low,0,1,Low Load
2026-01-06 16:15:00,BLDG_B,2,B202,Conference,25,8,21.31,47.18,1,Tuesday,16,15,6,1,1,0,17,32.0,0.32,Low,0,1,Low Load
2026-01-06 16:30:00,BLDG_C,1,C101,Office,10,5,26.12,62.74,1,Tuesday,16,30,6,1,1,0,5,50.0,0.5,Normal,0,1,Moderate Load
2026-01-06 16:45:00,BLDG_C,1,C102,Office,14,6,23.31,53.01,1,Tuesday,16,45,6,1,1,0,8,42.86,0.429,Low,0,1,Low Load
2026-01-06 17:00:00,BLDG_C,1,C103,Meeting Room,20,5,23.39,62.45,1,Tuesday,17,0,6,1,1,0,15,25.0,0.25,Low,0,0,Low Load
2026-01-06 17:15:00,BLDG_C,2,C201,Lab,30,3,26.92,56.56,1,Tuesday,17,15,6,1,1,0,27,10.0,0.1,Low,0,0,Low Load
2026-01-06 17:30:00,BLDG_C,2,C202,Training Room,40,13,24.5,54.6,1,Tuesday,17,30,6,1,1,0,27,32.5,0.325,Low,0,0,Low Load
2026-01-06 17:45:00,BLDG_A,1,A101,Office,10,2,24.32,49.04,1,Tuesday,17,45,6,1,1,0,8,20.0,0.2,Low,0,0,Low Load
2026-01-06 18:00:00,BLDG_A,1,A102,Office,12,1,24.0,57.57,0,Tuesday,18,0,6,1,1,0,11,8.33,0.083,Low,0,0,Low Load
2026-01-06 18:15:00,BLDG_A,1,A103,Meeting Room,20,0,23.24,52.84,0,Tuesday,18,15,6,1,1,0,20,0.0,0.0,Low,0,0,Low Load
2026-01-06 18:30:00,BLDG_A,2,A201,Lab,30,4,20.5,52.65,0,Tuesday,18,30,6,1,1,0,26,13.33,0.133,Low,0,0,Low Load
2026-01-06 18:45:00,BLDG_A,2,A202,Conference,25,0,20.91,64.55,0,Tuesday,18,45,6,1,1,0,25,0.0,0.0,Low,0,0,Low Load
2026-01-06 19:00:00,BLDG_B,1,B101,Office,8,1,21.84,44.48,0,Tuesday,19,0,6,1,1,0,7,12.5,0.125,Low,0,0,Low Load
2026-01-06 19:15:00,BLDG_B,1,B102,Office,15,0,22.05,71.94,0,Tuesday,19,15,6,1,1,0,15,0.0,0.0,Low,0,0,Low Load
2026-01-06 19:30:00,BLDG_B,1,B103,Meeting Room,18,1,22.03,58.26,0,Tuesday,19,30,6,1,1,0,17,5.56,0.056,Low,0,0,Low Load
2026-01-06 19:45:00,BLDG_B,2,B201,Training Room,35,0,22.34,55.7,0,Tuesday,19,45,6,1,1,0,35,0.0,0.0,Low,0,0,Low Load
2026-01-06 20:00:00,BLDG_B,2,B202,Conference,25,1,23.65,57.41,0,Tuesday,20,0,6,1,1,0,24,4.0,0.04,Low,0,0,Low Load
2026-01-06 20:15:00,BLDG_C,1,C101,Office,10,1,21.87,61.28,0,Tuesday,20,15,6,1,1,0,9,10.0,0.1,Low,0,0,Low Load
2026-01-06 20:30:00,BLDG_C,1,C102,Office,14,3,21.54,48.79,0,Tuesday,20,30,6,1,1,0,11,21.43,0.214,Low,0,0,Low Load
2026-01-06 20:45:00,BLDG_C,1,C103,Meeting Room,20,3,22.47,64.83,0,Tuesday,20,45,6,1,1,0,17,15.0,0.15,Low,0,0,Low Load
2026-01-06 21:00:00,BLDG_C,2,C201,Lab,30,0,24.45,55.92,0,Tuesday,21,0,6,1,1,0,30,0.0,0.0,Low,0,0,Low Load
2026-01-06 21:15:00,BLDG_C,2,C202,Training Room,40,2,24.58,52.47,0,Tuesday,21,15,6,1,1,0,38,5.0,0.05,Low,0,0,Low Load
2026-01-06 21:30:00,BLDG_A,1,A101,Office,10,0,22.16,58.17,0,Tuesday,21,30,6,1,1,0,10,0.0,0.0,Low,0,0,Low Load
2026-01-06 21:45:00,BLDG_A,1,A102,Office,12,0,23.46,51.23,0,Tuesday,21,45,6,1,1,0,12,0.0,0.0,Low,0,0,Low Load
2026-01-06 22:00:00,BLDG_A,1,A103,Meeting Room,20,3,19.83,49.49,0,Tuesday,22,0,6,1,1,0,17,15.0,0.15,Low,0,0,Low Load
2026-01-06 22:15:00,BLDG_A,2,A201,Lab,30,0,21.71,56.73,0,Tuesday,22,15,6,1,1,0,30,0.0,0.0,Low,0,0,Low Load
2026-01-06 22:30:00,BLDG_A,2,A202,Conference,25,0,22.4,53.89,0,Tuesday,22,30,6,1,1,0,25,0.0,0.0,Low,0,0,Low Load
2026-01-06 22:45:00,BLDG_B,1,B101,Office,8,1,21.49,59.95,0,Tuesday,22,45,6,1,1,0,7,12.5,0.125,Low,0,0,Low Load
2026-01-06 23:00:00,BLDG_B,1,B102,Office,15,2,23.16,58.9,0,Tuesday,23,0,6,1,1,0,13,13.33,0.133,Low,0,0,Low Load
2026-01-06 23:15:00,BLDG_B,1,B103,Meeting Room,18,1,25.14,54.39,0,Tuesday,23,15,6,1,1,0,17,5.56,0.056,Low,0,0,Low Load
2026-01-06 23:30:00,BLDG_B,2,B201,Training Room,35,0,21.8,47.77,0,Tuesday,23,30,6,1,1,0,35,0.0,0.0,Low,0,0,Low Load
2026-01-06 23:45:00,BLDG_B,2,B202,Conference,25,0,21.63,54.51,0,Tuesday,23,45,6,1,1,0,25,0.0,0.0,Low,0,0,Low Load
2026-01-07 00:00:00,BLDG_C,1,C101,Office,10,1,22.76,49.64,0,Wednesday,0,0,7,1,2,0,9,10.0,0.1,Low,0,0,Low Load
2026-01-07 00:15:00,BLDG_C,1,C102,Office,14,2,23.59,53.88,0,Wednesday,0,15,7,1,2,0,12,14.29,0.143,Low,0,0,Low Load
2026-01-07 00:30:00,BLDG_C,1,C103,Meeting Room,20,0,23.36,56.32,0,Wednesday,0,30,7,1,2,0,20,0.0,0.0,Low,0,0,Low Load
2026-01-07 00:45:00,BLDG_C,2,C201,Lab,30,0,22.62,56.83,0,Wednesday,0,45,7,1,2,0,30,0.0,0.0,Low,0,0,Low Load
2026-01-07 01:00:00,BLDG_C,2,C202,Training Room,40,0,22.93,44.82,0,Wednesday,1,0,7,1,2,0,40,0.0,0.0,Low,0,0,Low Load
2026-01-07 01:15:00,BLDG_A,1,A101,Office,10,2,24.2,53.23,0,Wednesday,1,15,7,1,2,0,8,20.0,0.2,Low,0,0,Low Load
2026-01-07 01:30:00,BLDG_A,1,A102,Office,12,1,19.81,46.91,0,Wednesday,1,30,7,1,2,0,11,8.33,0.083,Low,0,0,Low Load
2026-01-07 01:45:00,BLDG_A,1,A103,Meeting Room,20,0,21.41,60.0,0,Wednesday,1,45,7,1,2,0,20,0.0,0.0,Low,0,0,Low Load
2026-01-07 02:00:00,BLDG_A,2,A201,Lab,30,7,21.29,49.14,0,Wednesday,2,0,7,1,2,0,23,23.33,0.233,Low,0,0,Low Load
2026-01-07 02:15:00,BLDG_A,2,A202,Conference,25,1,24.63,46.44,0,Wednesday,2,15,7,1,2,0,24,4.0,0.04,Low,0,0,Low Load
2026-01-07 02:30:00,BLDG_B,1,B101,Office,8,1,24.89,43.44,0,Wednesday,2,30,7,1,2,0,7,12.5,0.125,Low,0,0,Low Load
2026-01-07 02:45:00,BLDG_B,1,B102,Office,15,0,22.19,51.36,0,Wednesday,2,45,7,1,2,0,15,0.0,0.0,Low,0,0,Low Load
2026-01-07 03:00:00,BLDG_B,1,B103,Meeting Room,18,2,22.99,42.58,0,Wednesday,3,0,7,1,2,0,16,11.11,0.111,Low,0,0,Low Load
2026-01-07 03:15:00,BLDG_B,2,B201,Training Room,35,3,22.01,63.92,0,Wednesday,3,15,7,1,2,0,32,8.57,0.086,Low,0,0,Low Load
2026-01-07 03:30:00,BLDG_B,2,B202,Conference,25,0,21.94,58.79,0,Wednesday,3,30,7,1,2,0,25,0.0,0.0,Low,0,0,Low Load
2026-01-07 03:45:00,BLDG_C,1,C101,Office,10,1,23.24,43.2,0,Wednesday,3,45,7,1,2,0,9,10.0,0.1,Low,0,0,Low Load
2026-01-07 04:00:00,BLDG_C,1,C102,Office,14,1,21.46,56.65,0,Wednesday,4,0,7,1,2,0,13,7.14,0.071,Low,0,0,Low Load
2026-01-07 04:15:00,BLDG_C,1,C103,Meeting Room,20,0,23.24,49.35,0,Wednesday,4,15,7,1,2,0,20,0.0,0.0,Low,0,0,Low Load
2026-01-07 04:30:00,BLDG_C,2,C201,Lab,30,0,23.56,56.69,0,Wednesday,4,30,7,1,2,0,30,0.0,0.0,Low,0,0,Low Load
2026-01-07 04:45:00,BLDG_C,2,C202,Training Room,40,0,24.44,51.92,0,Wednesday,4,45,7,1,2,0,40,0.0,0.0,Low,0,0,Low Load
2026-01-07 05:00:00,BLDG_A,1,A101,Office,10,0,23.02,50.66,0,Wednesday,5,0,7,1,2,0,10,0.0,0.0,Low,0,0,Low Load
2026-01-07 05:15:00,BLDG_A,1,A102,Office,12,1,22.06,52.12,0,Wednesday,5,15,7,1,2,0,11,8.33,0.083,Low,0,0,Low Load
2026-01-07 05:30:00,BLDG_A,1,A103,Meeting Room,20,3,21.45,38.11,0,Wednesday,5,30,7,1,2,0,17,15.0,0.15,Low,0,0,Low Load
2026-01-07 05:45:00,BLDG_A,2,A201,Lab,30,6,25.76,52.16,0,Wednesday,5,45,7,1,2,0,24,20.0,0.2,Low,0,0,Low Load
2026-01-07 06:00:00,BLDG_A,2,A202,Conference,25,0,22.33,53.0,0,Wednesday,6,0,7,1,2,0,25,0.0,0.0,Low,0,0,Low Load
2026-01-07 06:15:00,BLDG_B,1,B101,Office,8,0,21.36,59.06,0,Wednesday,6,15,7,1,2,0,8,0.0,0.0,Low,0,0,Low Load
2026-01-07 06:30:00,BLDG_B,1,B102,Office,15,1,20.91,59.89,0,Wednesday,6,30,7,1,2,0,14,6.67,0.067,Low,0,0,Low Load
2026-01-07 06:45:00,BLDG_B,1,B103,Meeting Room,18,4,22.91,52.64,0,Wednesday,6,45,7,1,2,0,14,22.22,0.222,Low,0,0,Low Load
2026-01-07 07:00:00,BLDG_B,2,B201,Training Room,35,1,23.44,42.89,0,Wednesday,7,0,7,1,2,0,34,2.86,0.029,Low,0,0,Low Load
2026-01-07 07:15:00,BLDG_B,2,B202,Conference,25,1,22.23,67.93,0,Wednesday,7,15,7,1,2,0,24,4.0,0.04,Low,0,0,Low Load
2026-01-07 07:30:00,BLDG_C,1,C101,Office,10,0,24.7,47.27,0,Wednesday,7,30,7,1,2,0,10,0.0,0.0,Low,0,0,Low Load
2026-01-07 07:45:00,BLDG_C,1,C102,Office,14,1,23.08,48.92,0,Wednesday,7,45,7,1,2,0,13,7.14,0.071,Low,0,0,Low Load
2026-01-07 08:00:00,BLDG_C,1,C103,Meeting Room,20,5,23.41,43.16,1,Wednesday,8,0,7,1,2,0,15,25.0,0.25,Low,0,0,Low Load
2026-01-07 08:15:00,BLDG_C,2,C201,Lab,30,6,23.39,54.43,1,Wednesday,8,15,7,1,2,0,24,20.0,0.2,Low,0,0,Low Load
2026-01-07 08:30:00,BLDG_C,2,C202,Training Room,40,0,24.38,51.34,1,Wednesday,8,30,7,1,2,0,40,0.0,0.0,Low,0,0,Low Load
2026-01-07 08:45:00,BLDG_A,1,A101,Office,10,0,24.13,50.0,1,Wednesday,8,45,7,1,2,0,10,0.0,0.0,Low,0,0,Low Load
2026-01-07 09:00:00,BLDG_A,1,A102,Office,12,6,24.22,71.68,1,Wednesday,9,0,7,1,2,0,6,50.0,0.5,Normal,0,1,Moderate Load
2026-01-07 09:15:00,BLDG_A,1,A103,Meeting Room,20,11,23.6,60.72,1,Wednesday,9,15,7,1,2,0,9,55.0,0.55,Normal,0,1,Moderate Load
2026-01-07 09:30:00,BLDG_A,2,A201,Lab,30,17,23.17,51.95,1,Wednesday,9,30,7,1,2,0,13,56.67,0.567,Normal,0,1,Moderate Load
2026-01-07 09:45:00,BLDG_A,2,A202,Conference,25,10,25.6,51.79,1,Wednesday,9,45,7,1,2,0,15,40.0,0.4,Low,0,1,Low Load
2026-01-07 10:00:00,BLDG_B,1,B101,Office,8,4,23.51,61.66,1,Wednesday,10,0,7,1,2,0,4,50.0,0.5,Normal,0,1,Moderate Load
2026-01-07 10:15:00,BLDG_B,1,B102,Office,15,6,22.86,38.76,1,Wednesday,10,15,7,1,2,0,9,40.0,0.4,Low,0,1,Low Load
2026-01-07 10:30:00,BLDG_B,1,B103,Meeting Room,18,8,23.56,62.79,1,Wednesday,10,30,7,1,2,0,10,44.44,0.444,Low,0,1,Low Load
2026-01-07 10:45:00,BLDG_B,2,B201,Training Room,35,14,23.73,62.34,1,Wednesday,10,45,7,1,2,0,21,40.0,0.4,Low,0,1,Low Load
2026-01-07 11:00:00,BLDG_B,2,B202,Conference,25,9,24.47,53.45,1,Wednesday,11,0,7,1,2,0,16,36.0,0.36,Low,0,1,Low Load
2026-01-07 11:15:00,BLDG_C,1,C101,Office,10,10,22.56,54.92,1,Wednesday,11,15,7,1,2,0,0,100.0,1.0,Critical,0,1,High Load
2026-01-07 11:30:00,BLDG_C,1,C102,Office,14,8,21.92,59.8,1,Wednesday,11,30,7,1,2,0,6,57.14,0.571,Normal,0,1,Moderate Load
2026-01-07 11:45:00,BLDG_C,1,C103,Meeting Room,20,10,23.68,62.9,1,Wednesday,11,45,7,1,2,0,10,50.0,0.5,Normal,0,1,Moderate Load
2026-01-07 12:00:00,BLDG_C,2,C201,Lab,30,3,22.69,65.23,1,Wednesday,12,0,7,1,2,0,27,10.0,0.1,Low,0,0,Low Load
2026-01-07 12:15:00,BLDG_C,2,C202,Training Room,40,12,22.43,47.16,1,Wednesday,12,15,7,1,2,0,28,30.0,0.3,Low,0,0,Low Load
2026-01-07 12:30:00,BLDG_A,1,A101,Office,10,4,24.46,53.69,1,Wednesday,12,30,7,1,2,0,6,40.0,0.4,Low,0,0,Low Load
2026-01-07 12:45:00,BLDG_A,1,A102,Office,12,12,24.77,43.66,1,Wednesday,12,45,7,1,2,0,0,100.0,1.0,Critical,0,0,High Load
2026-01-07 13:00:00,BLDG_A,1,A103,Meeting Room,20,2,25.23,47.86,1,Wednesday,13,0,7,1,2,0,18,10.0,0.1,Low,0,0,Low Load
2026-01-07 13:15:00,BLDG_A,2,A201,Lab,30,35,25.96,58.61,1,Wednesday,13,15,7,1,2,0,-5,116.67,1.167,Overcrowded,1,0,Overloaded
2026-01-07 13:30:00,BLDG_A,2,A202,Conference,25,6,23.81,52.91,1,Wednesday,13,30,7,1,2,0,19,24.0,0.24,Low,0,0,Low Load
2026-01-07 13:45:00,BLDG_B,1,B101,Office,8,2,25.94,62.95,1,Wednesday,13,45,7,1,2,0,6,25.0,0.25,Low,0,0,Low Load
2026-01-07 14:00:00,BLDG_B,1,B102,Office,15,7,24.57,58.1,1,Wednesday,14,0,7,1,2,0,8,46.67,0.467,Low,0,1,Low Load
2026-01-07 14:15:00,BLDG_B,1,B103,Meeting Room,18,11,24.69,59.46,1,Wednesday,14,15,7,1,2,0,7,61.11,0.611,Normal,0,1,Moderate Load
2026-01-07 14:30:00,BLDG_B,2,B201,Training Room,35,15,23.9,51.11,1,Wednesday,14,30,7,1,2,0,20,42.86,0.429,Low,0,1,Low Load
2026-01-07 14:45:00,BLDG_B,2,B202,Conference,25,7,25.87,64.51,1,Wednesday,14,45,7,1,2,0,18,28.0,0.28,Low,0,1,Low Load
2026-01-07 15:00:00,BLDG_C,1,C101,Office,10,6,23.81,56.42,1,Wednesday,15,0,7,1,2,0,4,60.0,0.6,Normal,0,1,Moderate Load
2026-01-07 15:15:00,BLDG_C,1,C102,Office,14,6,23.87,45.88,1,Wednesday,15,15,7,1,2,0,8,42.86,0.429,Low,0,1,Low Load
2026-01-07 15:30:00,BLDG_C,1,C103,Meeting Room,20,24,24.87,55.08,1,Wednesday,15,30,7,1,2,0,-4,120.0,1.2,Overcrowded,1,1,Overloaded
2026-01-07 15:45:00,BLDG_C,2,C201,Lab,30,14,23.56,47.42,1,Wednesday,15,45,7,1,2,0,16,46.67,0.467,Low,0,1,Low Load
2026-01-07 16:00:00,BLDG_C,2,C202,Training Room,40,43,24.41,57.74,1,Wednesday,16,0,7,1,2,0,-3,107.5,1.075,Overcrowded,1,1,Overloaded
2026-01-07 16:15:00,BLDG_A,1,A101,Office,10,11,25.07,62.18,1,Wednesday,16,15,7,1,2,0,-1,110.0,1.1,Overcrowded,1,1,Overloaded
2026-01-07 16:30:00,BLDG_A,1,A102,Office,12,7,22.5,57.41,1,Wednesday,16,30,7,1,2,0,5,58.33,0.583,Normal,0,1,Moderate Load
2026-01-07 16:45:00,BLDG_A,1,A103,Meeting Room,20,11,25.12,54.07,1,Wednesday,16,45,7,1,2,0,9,55.0,0.55,Normal,0,1,Moderate Load
2026-01-07 17:00:00,BLDG_A,2,A201,Lab,30,3,24.06,53.59,1,Wednesday,17,0,7,1,2,0,27,10.0,0.1,Low,0,0,Low Load
2026-01-07 17:15:00,BLDG_A,2,A202,Conference,25,3,23.2,50.6,1,Wednesday,17,15,7,1,2,0,22,12.0,0.12,Low,0,0,Low Load
2026-01-07 17:30:00,BLDG_B,1,B101,Office,8,2,24.09,56.91,1,Wednesday,17,30,7,1,2,0,6,25.0,0.25,Low,0,0,Low Load
2026-01-07 17:45:00,BLDG_B,1,B102,Office,15,2,25.53,46.87,1,Wednesday,17,45,7,1,2,0,13,13.33,0.133,Low,0,0,Low Load
2026-01-07 18:00:00,BLDG_B,1,B103,Meeting Room,18,0,20.47,55.2,0,Wednesday,18,0,7,1,2,0,18,0.0,0.0,Low,0,0,Low Load
2026-01-07 18:15:00,BLDG_B,2,B201,Training Room,35,1,22.56,63.5,0,Wednesday,18,15,7,1,2,0,34,2.86,0.029,Low,0,0,Low Load
2026-01-07 18:30:00,BLDG_B,2,B202,Conference,25,0,23.18,65.93,0,Wednesday,18,30,7,1,2,0,25,0.0,0.0,Low,0,0,Low Load
2026-01-07 18:45:00,BLDG_C,1,C101,Office,10,0,22.24,49.73,0,Wednesday,18,45,7,1,2,0,10,0.0,0.0,Low,0,0,Low Load
2026-01-07 19:00:00,BLDG_C,1,C102,Office,14,0,22.31,64.99,0,Wednesday,19,0,7,1,2,0,14,0.0,0.0,Low,0,0,Low Load
2026-01-07 19:15:00,BLDG_C,1,C103,Meeting Room,20,4,22.3,68.34,0,Wednesday,19,15,7,1,2,0,16,20.0,0.2,Low,0,0,Low Load
2026-01-07 19:30:00,BLDG_C,2,C201,Lab,30,1,24.8,54.35,0,Wednesday,19,30,7,1,2,0,29,3.33,0.033,Low,0,0,Low Load
2026-01-07 19:45:00,BLDG_C,2,C202,Training Room,40,2,23.14,77.25,0,Wednesday,19,45,7,1,2,0,38,5.0,0.05,Low,0,0,Low Load
2026-01-07 20:00:00,BLDG_A,1,A101,Office,10,1,21.85,61.78,0,Wednesday,20,0,7,1,2,0,9,10.0,0.1,Low,0,0,Low Load
2026-01-07 20:15:00,BLDG_A,1,A102,Office,12,0,22.11,61.36,0,Wednesday,20,15,7,1,2,0,12,0.0,0.0,Low,0,0,Low Load
2026-01-07 20:30:00,BLDG_A,1,A103,Meeting Room,20,1,23.03,55.1,0,Wednesday,20,30,7,1,2,0,19,5.0,0.05,Low,0,0,Low Load
2026-01-07 20:45:00,BLDG_A,2,A201,Lab,30,2,23.21,41.44,0,Wednesday,20,45,7,1,2,0,28,6.67,0.067,Low,0,0,Low Load
2026-01-07 21:00:00,BLDG_A,2,A202,Conference,25,2,21.52,44.9,0,Wednesday,21,0,7,1,2,0,23,8.0,0.08,Low,0,0,Low Load
2026-01-07 21:15:00,BLDG_B,1,B101,Office,8,0,22.8,50.15,0,Wednesday,21,15,7,1,2,0,8,0.0,0.0,Low,0,0,Low Load
2026-01-07 21:30:00,BLDG_B,1,B102,Office,15,2,21.09,52.15,0,Wednesday,21,30,7,1,2,0,13,13.33,0.133,Low,0,0,Low Load
2026-01-07 21:45:00,BLDG_B,1,B103,Meeting Room,18,0,22.64,56.95,0,Wednesday,21,45,7,1,2,0,18,0.0,0.0,Low,0,0,Low Load
2026-01-07 22:00:00,BLDG_B,2,B201,Training Room,35,0,23.57,55.44,0,Wednesday,22,0,7,1,2,0,35,0.0,0.0,Low,0,0,Low Load
2026-01-07 22:15:00,BLDG_B,2,B202,Conference,25,0,20.35,54.91,0,Wednesday,22,15,7,1,2,0,25,0.0,0.0,Low,0,0,Low Load
2026-01-07 22:30:00,BLDG_C,1,C101,Office,10,0,22.58,54.8,0,Wednesday,22,30,7,1,2,0,10,0.0,0.0,Low,0,0,Low Load
2026-01-07 22:45:00,BLDG_C,1,C102,Office,14,1,23.84,47.22,0,Wednesday,22,45,7,1,2,0,13,7.14,0.071,Low,0,0,Low Load
2026-01-07 23:00:00,BLDG_C,1,C103,Meeting Room,20,0,21.39,57.02,0,Wednesday,23,0,7,1,2,0,20,0.0,0.0,Low,0,0,Low Load
2026-01-07 23:15:00,BLDG_C,2,C201,Lab,30,5,22.18,37.49,0,Wednesday,23,15,7,1,2,0,25,16.67,0.167,Low,0,0,Low Load
2026-01-07 23:30:00,BLDG_C,2,C202,Training Room,40,0,21.7,51.1,0,Wednesday,23,30,7,1,2,0,40,0.0,0.0,Low,0,0,Low Load
2026-01-07 23:45:00,BLDG_A,1,A101,Office,10,0,22.75,52.82,0,Wednesday,23,45,7,1,2,0,10,0.0,0.0,Low,0,0,Low Load
2026-01-08 00:00:00,BLDG_A,1,A102,Office,12,2,21.89,48.96,0,Thursday,0,0,8,1,3,0,10,16.67,0.167,Low,0,0,Low Load
2026-01-08 00:15:00,BLDG_A,1,A103,Meeting Room,20,2,20.86,57.73,0,Thursday,0,15,8,1,3,0,18,10.0,0.1,Low,0,0,Low Load
2026-01-08 00:30:00,BLDG_A,2,A201,Lab,30,1,22.52,66.12,0,Thursday,0,30,8,1,3,0,29,3.33,0.033,Low,0,0,Low Load
2026-01-08 00:45:00,BLDG_A,2,A202,Conference,25,0,25.17,53.42,0,Thursday,0,45,8,1,3,0,25,0.0,0.0,Low,0,0,Low Load
2026-01-08 01:00:00,BLDG_B,1,B101,Office,8,0,22.78,47.47,0,Thursday,1,0,8,1,3,0,8,0.0,0.0,Low,0,0,Low Load
2026-01-08 01:15:00,BLDG_B,1,B102,Office,15,0,23.18,58.89,0,Thursday,1,15,8,1,3,0,15,0.0,0.0,Low,0,0,Low Load
2026-01-08 01:30:00,BLDG_B,1,B103,Meeting Room,18,0,23.88,63.1,0,Thursday,1,30,8,1,3,0,18,0.0,0.0,Low,0,0,Low Load
2026-01-08 01:45:00,BLDG_B,2,B201,Training Room,35,6,23.34,64.54,0,Thursday,1,45,8,1,3,0,29,17.14,0.171,Low,0,0,Low Load
2026-01-08 02:00:00,BLDG_B,2,B202,Conference,25,0,22.32,48.93,0,Thursday,2,0,8,1,3,0,25,0.0,0.0,Low,0,0,Low Load
2026-01-08 02:15:00,BLDG_C,1,C101,Office,10,1,22.01,53.84,0,Thursday,2,15,8,1,3,0,9,10.0,0.1,Low,0,0,Low Load
2026-01-08 02:30:00,BLDG_C,1,C102,Office,14,3,22.5,57.9,0,Thursday,2,30,8,1,3,0,11,21.43,0.214,Low,0,0,Low Load
2026-01-08 02:45:00,BLDG_C,1,C103,Meeting Room,20,0,22.79,55.04,0,Thursday,2,45,8,1,3,0,20,0.0,0.0,Low,0,0,Low Load
2026-01-08 03:00:00,BLDG_C,2,C201,Lab,30,2,24.1,66.53,0,Thursday,3,0,8,1,3,0,28,6.67,0.067,Low,0,0,Low Load
2026-01-08 03:15:00,BLDG_C,2,C202,Training Room,40,2,23.41,46.94,0,Thursday,3,15,8,1,3,0,38,5.0,0.05,Low,0,0,Low Load
2026-01-08 03:30:00,BLDG_A,1,A101,Office,10,0,23.83,61.06,0,Thursday,3,30,8,1,3,0,10,0.0,0.0,Low,0,0,Low Load
2026-01-08 03:45:00,BLDG_A,1,A102,Office,12,1,23.76,58.44,0,Thursday,3,45,8,1,3,0,11,8.33,0.083,Low,0,0,Low Load
2026-01-08 04:00:00,BLDG_A,1,A103,Meeting Room,20,3,23.05,52.51,0,Thursday,4,0,8,1,3,0,17,15.0,0.15,Low,0,0,Low Load
2026-01-08 04:15:00,BLDG_A,2,A201,Lab,30,2,19.18,57.68,0,Thursday,4,15,8,1,3,0,28,6.67,0.067,Low,0,0,Low Load
2026-01-08 04:30:00,BLDG_A,2,A202,Conference,25,0,20.63,58.16,0,Thursday,4,30,8,1,3,0,25,0.0,0.0,Low,0,0,Low Load
2026-01-08 04:45:00,BLDG_B,1,B101,Office,8,1,21.31,50.02,0,Thursday,4,45,8,1,3,0,7,12.5,0.125,Low,0,0,Low Load
2026-01-08 05:00:00,BLDG_B,1,B102,Office,15,3,22.12,70.7,0,Thursday,5,0,8,1,3,0,12,20.0,0.2,Low,0,0,Low Load
2026-01-08 05:15:00,BLDG_B,1,B103,Meeting Room,18,1,23.19,66.32,0,Thursday,5,15,8,1,3,0,17,5.56,0.056,Low,0,0,Low Load
2026-01-08 05:30:00,BLDG_B,2,B201,Training Room,35,2,21.5,54.23,0,Thursday,5,30,8,1,3,0,33,5.71,0.057,Low,0,0,Low Load
2026-01-08 05:45:00,BLDG_B,2,B202,Conference,25,1,21.06,53.21,0,Thursday,5,45,8,1,3,0,24,4.0,0.04,Low,0,0,Low Load
2026-01-08 06:00:00,BLDG_C,1,C101,Office,10,0,23.81,55.24,0,Thursday,6,0,8,1,3,0,10,0.0,0.0,Low,0,0,Low Load
2026-01-08 06:15:00,BLDG_C,1,C102,Office,14,0,22.57,56.56,0,Thursday,6,15,8,1,3,0,14,0.0,0.0,Low,0,0,Low Load
2026-01-08 06:30:00,BLDG_C,1,C103,Meeting Room,20,2,21.5,47.71,0,Thursday,6,30,8,1,3,0,18,10.0,0.1,Low,0,0,Low Load
2026-01-08 06:45:00,BLDG_C,2,C201,Lab,30,4,22.21,45.08,0,Thursday,6,45,8,1,3,0,26,13.33,0.133,Low,0,0,Low Load
2026-01-08 07:00:00,BLDG_C,2,C202,Training Room,40,3,23.26,44.28,0,Thursday,7,0,8,1,3,0,37,7.5,0.075,Low,0,0,Low Load
2026-01-08 07:15:00,BLDG_A,1,A101,Office,10,1,23.58,57.62,0,Thursday,7,15,8,1,3,0,9,10.0,0.1,Low,0,0,Low Load
2026-01-08 07:30:00,BLDG_A,1,A102,Office,12,1,21.01,57.32,0,Thursday,7,30,8,1,3,0,11,8.33,0.083,Low,0,0,Low Load
2026-01-08 07:45:00,BLDG_A,1,A103,Meeting Room,20,0,22.12,61.09,0,Thursday,7,45,8,1,3,0,20,0.0,0.0,Low,0,0,Low Load
2026-01-08 08:00:00,BLDG_A,2,A201,Lab,30,11,25.38,54.23,1,Thursday,8,0,8,1,3,0,19,36.67,0.367,Low,0,0,Low Load
2026-01-08 08:15:00,BLDG_A,2,A202,Conference,25,6,23.95,55.92,1,Thursday,8,15,8,1,3,0,19,24.0,0.24,Low,0,0,Low Load
2026-01-08 08:30:00,BLDG_B,1,B101,Office,8,3,22.92,52.1,1,Thursday,8,30,8,1,3,0,5,37.5,0.375,Low,0,0,Low Load
2026-01-08 08:45:00,BLDG_B,1,B102,Office,15,5,24.21,59.69,1,Thursday,8,45,8,1,3,0,10,33.33,0.333,Low,0,0,Low Load
2026-01-08 09:00:00,BLDG_B,1,B103,Meeting Room,18,9,24.25,46.36,1,Thursday,9,0,8,1,3,0,9,50.0,0.5,Normal,0,1,Moderate Load
2026-01-08 09:15:00,BLDG_B,2,B201,Training Room,35,20,21.81,47.68,1,Thursday,9,15,8,1,3,0,15,57.14,0.571,Normal,0,1,Moderate Load
2026-01-08 09:30:00,BLDG_B,2,B202,Conference,25,9,23.47,52.64,1,Thursday,9,30,8,1,3,0,16,36.0,0.36,Low,0,1,Low Load
2026-01-08 09:45:00,BLDG_C,1,C101,Office,10,7,24.18,57.87,1,Thursday,9,45,8,1,3,0,3,70.0,0.7,Normal,0,1,Moderate Load
2026-01-08 10:00:00,BLDG_C,1,C102,Office,14,9,23.36,39.74,1,Thursday,10,0,8,1,3,0,5,64.29,0.643,Normal,0,1,Moderate Load
2026-01-08 10:15:00,BLDG_C,1,C103,Meeting Room,20,11,25.05,63.31,1,Thursday,10,15,8,1,3,0,9,55.0,0.55,Normal,0,1,Moderate Load
2026-01-08 10:30:00,BLDG_C,2,C201,Lab,30,15,24.38,51.3,1,Thursday,10,30,8,1,3,0,15,50.0,0.5,Normal,0,1,Moderate Load
2026-01-08 10:45:00,BLDG_C,2,C202,Training Room,40,17,23.13,60.64,1,Thursday,10,45,8,1,3,0,23,42.5,0.425,Low,0,1,Low Load
2026-01-08 11:00:00,BLDG_A,1,A101,Office,10,7,24.97,59.89,1,Thursday,11,0,8,1,3,0,3,70.0,0.7,Normal,0,1,Moderate Load
2026-01-08 11:15:00,BLDG_A,1,A102,Office,12,7,22.77,51.24,1,Thursday,11,15,8,1,3,0,5,58.33,0.583,Normal,0,1,Moderate Load
2026-01-08 11:30:00,BLDG_A,1,A103,Meeting Room,20,12,24.33,46.31,1,Thursday,11,30,8,1,3,0,8,60.0,0.6,Normal,0,1,Moderate Load
2026-01-08 11:45:00,BLDG_A,2,A201,Lab,30,14,26.73,45.36,1,Thursday,11,45,8,1,3,0,16,46.67,0.467,Low,0,1,Low Load
2026-01-08 12:00:00,BLDG_A,2,A202,Conference,25,11,24.29,55.83,1,Thursday,12,0,8,1,3,0,14,44.0,0.44,Low,0,0,Low Load
2026-01-08 12:15:00,BLDG_B,1,B101,Office,8,3,25.54,51.8,1,Thursday,12,15,8,1,3,0,5,37.5,0.375,Low,0,0,Low Load
2026-01-08 12:30:00,BLDG_B,1,B102,Office,15,7,23.73,47.5,1,Thursday,12,30,8,1,3,0,8,46.67,0.467,Low,0,0,Low Load
2026-01-08 12:45:00,BLDG_B,1,B103,Meeting Room,18,7,23.71,53.62,1,Thursday,12,45,8,1,3,0,11,38.89,0.389,Low,0,0,Low Load
2026-01-08 13:00:00,BLDG_B,2,B201,Training Room,35,6,21.89,48.61,1,Thursday,13,0,8,1,3,0,29,17.14,0.171,Low,0,0,Low Load
2026-01-08 13:15:00,BLDG_B,2,B202,Conference,25,8,27.17,50.89,1,Thursday,13,15,8,1,3,0,17,32.0,0.32,Low,0,0,Low Load
2026-01-08 13:30:00,BLDG_C,1,C101,Office,10,5,23.62,58.03,1,Thursday,13,30,8,1,3,0,5,50.0,0.5,Normal,0,0,Moderate Load
2026-01-08 13:45:00,BLDG_C,1,C102,Office,14,5,23.31,45.21,1,Thursday,13,45,8,1,3,0,9,35.71,0.357,Low,0,0,Low Load
2026-01-08 14:00:00,BLDG_C,1,C103,Meeting Room,20,7,23.47,50.83,1,Thursday,14,0,8,1,3,0,13,35.0,0.35,Low,0,1,Low Load
2026-01-08 14:15:00,BLDG_C,2,C201,Lab,30,14,24.02,50.41,1,Thursday,14,15,8,1,3,0,16,46.67,0.467,Low,0,1,Low Load
2026-01-08 14:30:00,BLDG_C,2,C202,Training Room,40,21,24.39,61.82,1,Thursday,14,30,8,1,3,0,19,52.5,0.525,Normal,0,1,Moderate Load
2026-01-08 14:45:00,BLDG_A,1,A101,Office,10,7,24.54,59.19,1,Thursday,14,45,8,1,3,0,3,70.0,0.7,Normal,0,1,Moderate Load
2026-01-08 15:00:00,BLDG_A,1,A102,Office,12,7,24.64,45.51,1,Thursday,15,0,8,1,3,0,5,58.33,0.583,Normal,0,1,Moderate Load
2026-01-08 15:15:00,BLDG_A,1,A103,Meeting Room,20,8,24.81,65.41,1,Thursday,15,15,8,1,3,0,12,40.0,0.4,Low,0,1,Low Load
2026-01-08 15:30:00,BLDG_A,2,A201,Lab,30,13,23.51,55.71,1,Thursday,15,30,8,1,3,0,17,43.33,0.433,Low,0,1,Low Load
2026-01-08 15:45:00,BLDG_A,2,A202,Conference,25,11,23.37,57.46,1,Thursday,15,45,8,1,3,0,14,44.0,0.44,Low,0,1,Low Load
2026-01-08 16:00:00,BLDG_B,1,B101,Office,8,7,22.9,53.35,1,Thursday,16,0,8,1,3,0,1,87.5,0.875,High,0,1,High Load
2026-01-08 16:15:00,BLDG_B,1,B102,Office,15,8,25.93,54.31,1,Thursday,16,15,8,1,3,0,7,53.33,0.533,Normal,0,1,Moderate Load
2026-01-08 16:30:00,BLDG_B,1,B103,Meeting Room,18,8,22.73,53.16,1,Thursday,16,30,8,1,3,0,10,44.44,0.444,Low,0,1,Low Load
2026-01-08 16:45:00,BLDG_B,2,B201,Training Room,35,11,23.6,64.02,1,Thursday,16,45,8,1,3,0,24,31.43,0.314,Low,0,1,Low Load
2026-01-08 17:00:00,BLDG_B,2,B202,Conference,25,5,23.69,55.03,1,Thursday,17,0,8,1,3,0,20,20.0,0.2,Low,0,0,Low Load
2026-01-08 17:15:00,BLDG_C,1,C101,Office,10,4,21.4,51.2,1,Thursday,17,15,8,1,3,0,6,40.0,0.4,Low,0,0,Low Load
2026-01-08 17:30:00,BLDG_C,1,C102,Office,14,4,24.37,52.31,1,Thursday,17,30,8,1,3,0,10,28.57,0.286,Low,0,0,Low Load
2026-01-08 17:45:00,BLDG_C,1,C103,Meeting Room,20,7,24.02,61.74,1,Thursday,17,45,8,1,3,0,13,35.0,0.35,Low,0,0,Low Load
2026-01-08 18:00:00,BLDG_C,2,C201,Lab,30,2,22.03,59.88,0,Thursday,18,0,8,1,3,0,28,6.67,0.067,Low,0,0,Low Load
2026-01-08 18:15:00,BLDG_C,2,C202,Training Room,40,2,22.7,65.31,0,Thursday,18,15,8,1,3,0,38,5.0,0.05,Low,0,0,Low Load
2026-01-08 18:30:00,BLDG_A,1,A101,Office,10,0,21.0,46.69,0,Thursday,18,30,8,1,3,0,10,0.0,0.0,Low,0,0,Low Load
2026-01-08 18:45:00,BLDG_A,1,A102,Office,12,0,22.39,44.45,0,Thursday,18,45,8,1,3,0,12,0.0,0.0,Low,0,0,Low Load
2026-01-08 19:00:00,BLDG_A,1,A103,Meeting Room,20,0,21.67,72.2,0,Thursday,19,0,8,1,3,0,20,0.0,0.0,Low,0,0,Low Load
2026-01-08 19:15:00,BLDG_A,2,A201,Lab,30,6,22.21,52.45,0,Thursday,19,15,8,1,3,0,24,20.0,0.2,Low,0,0,Low Load
2026-01-08 19:30:00,BLDG_A,2,A202,Conference,25,0,20.41,54.18,0,Thursday,19,30,8,1,3,0,25,0.0,0.0,Low,0,0,Low Load
2026-01-08 19:45:00,BLDG_B,1,B101,Office,8,0,22.6,43.8,0,Thursday,19,45,8,1,3,0,8,0.0,0.0,Low,0,0,Low Load
2026-01-08 20:00:00,BLDG_B,1,B102,Office,15,0,22.88,57.56,0,Thursday,20,0,8,1,3,0,15,0.0,0.0,Low,0,0,Low Load
2026-01-08 20:15:00,BLDG_B,1,B103,Meeting Room,18,1,21.12,60.98,0,Thursday,20,15,8,1,3,0,17,5.56,0.056,Low,0,0,Low Load
2026-01-08 20:30:00,BLDG_B,2,B201,Training Room,35,0,23.46,54.93,0,Thursday,20,30,8,1,3,0,35,0.0,0.0,Low,0,0,Low Load
2026-01-08 20:45:00,BLDG_B,2,B202,Conference,25,0,22.32,57.56,0,Thursday,20,45,8,1,3,0,25,0.0,0.0,Low,0,0,Low Load
2026-01-08 21:00:00,BLDG_C,1,C101,Office,10,1,22.53,65.72,0,Thursday,21,0,8,1,3,0,9,10.0,0.1,Low,0,0,Low Load
2026-01-08 21:15:00,BLDG_C,1,C102,Office,14,2,22.39,60.25,0,Thursday,21,15,8,1,3,0,12,14.29,0.143,Low,0,0,Low Load
2026-01-08 21:30:00,BLDG_C,1,C103,Meeting Room,20,5,25.05,46.4,0,Thursday,21,30,8,1,3,0,15,25.0,0.25,Low,0,0,Low Load
2026-01-08 21:45:00,BLDG_C,2,C201,Lab,30,0,24.48,47.59,0,Thursday,21,45,8,1,3,0,30,0.0,0.0,Low,0,0,Low Load
2026-01-08 22:00:00,BLDG_C,2,C202,Training Room,40,0,22.12,57.94,0,Thursday,22,0,8,1,3,0,40,0.0,0.0,Low,0,0,Low Load
2026-01-08 22:15:00,BLDG_A,1,A101,Office,10,0,21.92,50.28,0,Thursday,22,15,8,1,3,0,10,0.0,0.0,Low,0,0,Low Load
2026-01-08 22:30:00,BLDG_A,1,A102,Office,12,0,21.64,70.97,0,Thursday,22,30,8,1,3,0,12,0.0,0.0,Low,0,0,Low Load
2026-01-08 22:45:00,BLDG_A,1,A103,Meeting Room,20,1,23.76,51.58,0,Thursday,22,45,8,1,3,0,19,5.0,0.05,Low,0,0,Low Load
2026-01-08 23:00:00,BLDG_A,2,A201,Lab,30,0,21.84,36.44,0,Thursday,23,0,8,1,3,0,30,0.0,0.0,Low,0,0,Low Load
2026-01-08 23:15:00,BLDG_A,2,A202,Conference,25,0,20.53,39.25,0,Thursday,23,15,8,1,3,0,25,0.0,0.0,Low,0,0,Low Load
2026-01-08 23:30:00,BLDG_B,1,B101,Office,8,0,24.29,54.69,0,Thursday,23,30,8,1,3,0,8,0.0,0.0,Low,0,0,Low Load
2026-01-08 23:45:00,BLDG_B,1,B102,Office,15,3,23.19,60.48,0,Thursday,23,45,8,1,3,0,12,20.0,0.2,Low,0,0,Low Load
2026-01-09 00:00:00,BLDG_B,1,B103,Meeting Room,18,0,23.33,60.1,0,Friday,0,0,9,1,4,0,18,0.0,0.0,Low,0,0,Low Load
2026-01-09 00:15:00,BLDG_B,2,B201,Training Room,35,0,23.37,58.96,0,Friday,0,15,9,1,4,0,35,0.0,0.0,Low,0,0,Low Load
2026-01-09 00:30:00,BLDG_B,2,B202,Conference,25,0,21.35,46.71,0,Friday,0,30,9,1,4,0,25,0.0,0.0,Low,0,0,Low Load
2026-01-09 00:45:00,BLDG_C,1,C101,Office,10,1,23.09,49.45,0,Friday,0,45,9,1,4,0,9,10.0,0.1,Low,0,0,Low Load
2026-01-09 01:00:00,BLDG_C,1,C102,Office,14,1,23.38,59.33,0,Friday,1,0,9,1,4,0,13,7.14,0.071,Low,0,0,Low Load
2026-01-09 01:15:00,BLDG_C,1,C103,Meeting Room,20,4,24.23,47.99,0,Friday,1,15,9,1,4,0,16,20.0,0.2,Low,0,0,Low Load
2026-01-09 01:30:00,BLDG_C,2,C201,Lab,30,6,22.06,62.31,0,Friday,1,30,9,1,4,0,24,20.0,0.2,Low,0,0,Low Load
2026-01-09 01:45:00,BLDG_C,2,C202,Training Room,40,1,22.21,42.35,0,Friday,1,45,9,1,4,0,39,2.5,0.025,Low,0,0,Low Load
2026-01-09 02:00:00,BLDG_A,1,A101,Office,10,0,20.83,61.77,0,Friday,2,0,9,1,4,0,10,0.0,0.0,Low,0,0,Low Load
2026-01-09 02:15:00,BLDG_A,1,A102,Office,12,2,21.74,57.11,0,Friday,2,15,9,1,4,0,10,16.67,0.167,Low,0,0,Low Load
2026-01-09 02:30:00,BLDG_A,1,A103,Meeting Room,20,0,21.95,60.42,0,Friday,2,30,9,1,4,0,20,0.0,0.0,Low,0,0,Low Load
2026-01-09 02:45:00,BLDG_A,2,A201,Lab,30,1,24.79,51.62,0,Friday,2,45,9,1,4,0,29,3.33,0.033,Low,0,0,Low Load
2026-01-09 03:00:00,BLDG_A,2,A202,Conference,25,3,22.82,60.57,0,Friday,3,0,9,1,4,0,22,12.0,0.12,Low,0,0,Low Load
2026-01-09 03:15:00,BLDG_B,1,B101,Office,8,0,22.64,54.19,0,Friday,3,15,9,1,4,0,8,0.0,0.0,Low,0,0,Low Load
2026-01-09 03:30:00,BLDG_B,1,B102,Office,15,0,23.49,59.55,0,Friday,3,30,9,1,4,0,15,0.0,0.0,Low,0,0,Low Load
2026-01-09 03:45:00,BLDG_B,1,B103,Meeting Room,18,2,24.54,65.15,0,Friday,3,45,9,1,4,0,16,11.11,0.111,Low,0,0,Low Load
2026-01-09 04:00:00,BLDG_B,2,B201,Training Room,35,0,23.15,50.63,0,Friday,4,0,9,1,4,0,35,0.0,0.0,Low,0,0,Low Load
2026-01-09 04:15:00,BLDG_B,2,B202,Conference,25,1,21.98,66.34,0,Friday,4,15,9,1,4,0,24,4.0,0.04,Low,0,0,Low Load
2026-01-09 04:30:00,BLDG_C,1,C101,Office,10,1,22.44,63.36,0,Friday,4,30,9,1,4,0,9,10.0,0.1,Low,0,0,Low Load
2026-01-09 04:45:00,BLDG_C,1,C102,Office,14,0,20.28,60.57,0,Friday,4,45,9,1,4,0,14,0.0,0.0,Low,0,0,Low Load
2026-01-09 05:00:00,BLDG_C,1,C103,Meeting Room,20,1,23.0,45.72,0,Friday,5,0,9,1,4,0,19,5.0,0.05,Low,0,0,Low Load
2026-01-09 05:15:00,BLDG_C,2,C201,Lab,30,1,25.1,60.77,0,Friday,5,15,9,1,4,0,29,3.33,0.033,Low,0,0,Low Load
2026-01-09 05:30:00,BLDG_C,2,C202,Training Room,40,2,22.17,52.24,0,Friday,5,30,9,1,4,0,38,5.0,0.05,Low,0,0,Low Load
2026-01-09 05:45:00,BLDG_A,1,A101,Office,10,0,23.01,60.92,0,Friday,5,45,9,1,4,0,10,0.0,0.0,Low,0,0,Low Load
2026-01-09 06:00:00,BLDG_A,1,A102,Office,12,0,21.91,46.9,0,Friday,6,0,9,1,4,0,12,0.0,0.0,Low,0,0,Low Load
2026-01-09 06:15:00,BLDG_A,1,A103,Meeting Room,20,0,22.76,40.41,0,Friday,6,15,9,1,4,0,20,0.0,0.0,Low,0,0,Low Load
2026-01-09 06:30:00,BLDG_A,2,A201,Lab,30,3,23.6,53.24,0,Friday,6,30,9,1,4,0,27,10.0,0.1,Low,0,0,Low Load
2026-01-09 06:45:00,BLDG_A,2,A202,Conference,25,0,21.5,63.63,0,Friday,6,45,9,1,4,0,25,0.0,0.0,Low,0,0,Low Load
2026-01-09 07:00:00,BLDG_B,1,B101,Office,8,0,22.28,46.74,0,Friday,7,0,9,1,4,0,8,0.0,0.0,Low,0,0,Low Load
2026-01-09 07:15:00,BLDG_B,1,B102,Office,15,2,21.89,57.83,0,Friday,7,15,9,1,4,0,13,13.33,0.133,Low,0,0,Low Load
2026-01-09 07:30:00,BLDG_B,1,B103,Meeting Room,18,2,24.9,53.58,0,Friday,7,30,9,1,4,0,16,11.11,0.111,Low,0,0,Low Load
2026-01-09 07:45:00,BLDG_B,2,B201,Training Room,35,2,20.92,63.33,0,Friday,7,45,9,1,4,0,33,5.71,0.057,Low,0,0,Low Load
2026-01-09 08:00:00,BLDG_B,2,B202,Conference,25,3,23.77,44.06,1,Friday,8,0,9,1,4,0,22,12.0,0.12,Low,0,0,Low Load
2026-01-09 08:15:00,BLDG_C,1,C101,Office,10,3,24.15,43.88,1,Friday,8,15,9,1,4,0,7,30.0,0.3,Low,0,0,Low Load
2026-01-09 08:30:00,BLDG_C,1,C102,Office,14,3,21.55,47.48,1,Friday,8,30,9,1,4,0,11,21.43,0.214,Low,0,0,Low Load
2026-01-09 08:45:00,BLDG_C,1,C103,Meeting Room,20,6,24.29,68.02,1,Friday,8,45,9,1,4,0,14,30.0,0.3,Low,0,0,Low Load
2026-01-09 09:00:00,BLDG_C,2,C201,Lab,30,16,27.05,53.5,1,Friday,9,0,9,1,4,0,14,53.33,0.533,Normal,0,1,Moderate Load
2026-01-09 09:15:00,BLDG_C,2,C202,Training Room,40,14,24.33,51.31,1,Friday,9,15,9,1,4,0,26,35.0,0.35,Low,0,1,Low Load
2026-01-09 09:30:00,BLDG_A,1,A101,Office,10,5,24.19,49.87,1,Friday,9,30,9,1,4,0,5,50.0,0.5,Normal,0,1,Moderate Load
2026-01-09 09:45:00,BLDG_A,1,A102,Office,12,8,23.5,58.94,1,Friday,9,45,9,1,4,0,4,66.67,0.667,Normal,0,1,Moderate Load
2026-01-09 10:00:00,BLDG_A,1,A103,Meeting Room,20,8,24.67,68.39,1,Friday,10,0,9,1,4,0,12,40.0,0.4,Low,0,1,Low Load
2026-01-09 10:15:00,BLDG_A,2,A201,Lab,30,16,23.19,52.13,1,Friday,10,15,9,1,4,0,14,53.33,0.533,Normal,0,1,Moderate Load
2026-01-09 10:30:00,BLDG_A,2,A202,Conference,25,11,24.9,42.87,1,Friday,10,30,9,1,4,0,14,44.0,0.44,Low,0,1,Low Load
2026-01-09 10:45:00,BLDG_B,1,B101,Office,8,5,24.25,47.11,1,Friday,10,45,9,1,4,0,3,62.5,0.625,Normal,0,1,Moderate Load
2026-01-09 11:00:00,BLDG_B,1,B102,Office,15,11,24.95,44.4,1,Friday,11,0,9,1,4,0,4,73.33,0.733,Normal,0,1,Moderate Load
2026-01-09 11:15:00,BLDG_B,1,B103,Meeting Room,18,11,21.87,54.83,1,Friday,11,15,9,1,4,0,7,61.11,0.611,Normal,0,1,Moderate Load
2026-01-09 11:30:00,BLDG_B,2,B201,Training Room,35,16,24.01,57.04,1,Friday,11,30,9,1,4,0,19,45.71,0.457,Low,0,1,Low Load
2026-01-09 11:45:00,BLDG_B,2,B202,Conference,25,15,20.36,52.78,1,Friday,11,45,9,1,4,0,10,60.0,0.6,Normal,0,1,Moderate Load
2026-01-09 12:00:00,BLDG_C,1,C101,Office,10,4,23.91,63.74,1,Friday,12,0,9,1,4,0,6,40.0,0.4,Low,0,0,Low Load
2026-01-09 12:15:00,BLDG_C,1,C102,Office,14,4,22.7,50.3,1,Friday,12,15,9,1,4,0,10,28.57,0.286,Low,0,0,Low Load
2026-01-09 12:30:00,BLDG_C,1,C103,Meeting Room,20,19,21.55,68.04,1,Friday,12,30,9,1,4,0,1,95.0,0.95,Critical,0,0,High Load
2026-01-09 12:45:00,BLDG_C,2,C201,Lab,30,11,24.49,45.13,1,Friday,12,45,9,1,4,0,19,36.67,0.367,Low,0,0,Low Load
2026-01-09 13:00:00,BLDG_C,2,C202,Training Room,40,39,23.21,50.94,1,Friday,13,0,9,1,4,0,1,97.5,0.975,Critical,0,0,High Load
2026-01-09 13:15:00,BLDG_A,1,A101,Office,10,5,24.58,54.94,1,Friday,13,15,9,1,4,0,5,50.0,0.5,Normal,0,0,Moderate Load
2026-01-09 13:30:00,BLDG_A,1,A102,Office,12,5,26.48,44.02,1,Friday,13,30,9,1,4,0,7,41.67,0.417,Low,0,0,Low Load
2026-01-09 13:45:00,BLDG_A,1,A103,Meeting Room,20,9,22.78,70.6,1,Friday,13,45,9,1,4,0,11,45.0,0.45,Low,0,0,Low Load
2026-01-09 14:00:00,BLDG_A,2,A201,Lab,30,17,23.83,53.48,1,Friday,14,0,9,1,4,0,13,56.67,0.567,Normal,0,1,Moderate Load
2026-01-09 14:15:00,BLDG_A,2,A202,Conference,25,10,25.48,56.27,1,Friday,14,15,9,1,4,0,15,40.0,0.4,Low,0,1,Low Load
2026-01-09 14:30:00,BLDG_B,1,B101,Office,8,4,24.91,59.58,1,Friday,14,30,9,1,4,0,4,50.0,0.5,Normal,0,1,Moderate Load
2026-01-09 14:45:00,BLDG_B,1,B102,Office,15,9,22.69,48.92,1,Friday,14,45,9,1,4,0,6,60.0,0.6,Normal,0,1,Moderate Load
2026-01-09 15:00:00,BLDG_B,1,B103,Meeting Room,18,6,23.7,51.92,1,Friday,15,0,9,1,4,0,12,33.33,0.333,Low,0,1,Low Load
2026-01-09 15:15:00,BLDG_B,2,B201,Training Room,35,3,25.15,50.35,1,Friday,15,15,9,1,4,0,32,8.57,0.086,Low,0,1,Low Load
2026-01-09 15:30:00,BLDG_B,2,B202,Conference,25,11,25.53,53.99,1,Friday,15,30,9,1,4,0,14,44.0,0.44,Low,0,1,Low Load
2026-01-09 15:45:00,BLDG_C,1,C101,Office,10,6,25.62,52.85,1,Friday,15,45,9,1,4,0,4,60.0,0.6,Normal,0,1,Moderate Load
2026-01-09 16:00:00,BLDG_C,1,C102,Office,14,7,24.41,54.26,1,Friday,16,0,9,1,4,0,7,50.0,0.5,Normal,0,1,Moderate Load
2026-01-09 16:15:00,BLDG_C,1,C103,Meeting Room,20,9,23.66,71.1,1,Friday,16,15,9,1,4,0,11,45.0,0.45,Low,0,1,Low Load
2026-01-09 16:30:00,BLDG_C,2,C201,Lab,30,14,24.23,61.74,1,Friday,16,30,9,1,4,0,16,46.67,0.467,Low,0,1,Low Load
2026-01-09 16:45:00,BLDG_C,2,C202,Training Room,40,13,24.35,61.92,1,Friday,16,45,9,1,4,0,27,32.5,0.325,Low,0,1,Low Load
2026-01-09 17:00:00,BLDG_A,1,A101,Office,10,3,22.17,45.01,1,Friday,17,0,9,1,4,0,7,30.0,0.3,Low,0,0,Low Load
2026-01-09 17:15:00,BLDG_A,1,A102,Office,12,1,25.15,54.91,1,Friday,17,15,9,1,4,0,11,8.33,0.083,Low,0,0,Low Load
2026-01-09 17:30:00,BLDG_A,1,A103,Meeting Room,20,0,23.6,69.67,1,Friday,17,30,9,1,4,0,20,0.0,0.0,Low,0,0,Low Load
2026-01-09 17:45:00,BLDG_A,2,A201,Lab,30,2,25.85,58.15,1,Friday,17,45,9,1,4,0,28,6.67,0.067,Low,0,0,Low Load
2026-01-09 18:00:00,BLDG_A,2,A202,Conference,25,2,22.84,57.31,0,Friday,18,0,9,1,4,0,23,8.0,0.08,Low,0,0,Low Load
2026-01-09 18:15:00,BLDG_B,1,B101,Office,8,1,21.73,61.15,0,Friday,18,15,9,1,4,0,7,12.5,0.125,Low,0,0,Low Load
2026-01-09 18:30:00,BLDG_B,1,B102,Office,15,0,23.09,56.25,0,Friday,18,30,9,1,4,0,15,0.0,0.0,Low,0,0,Low Load
2026-01-09 18:45:00,BLDG_B,1,B103,Meeting Room,18,0,22.67,50.64,0,Friday,18,45,9,1,4,0,18,0.0,0.0,Low,0,0,Low Load
2026-01-09 19:00:00,BLDG_B,2,B201,Training Room,35,0,22.28,47.27,0,Friday,19,0,9,1,4,0,35,0.0,0.0,Low,0,0,Low Load
2026-01-09 19:15:00,BLDG_B,2,B202,Conference,25,2,21.32,59.98,0,Friday,19,15,9,1,4,0,23,8.0,0.08,Low,0,0,Low Load
2026-01-09 19:30:00,BLDG_C,1,C101,Office,10,0,22.02,50.63,0,Friday,19,30,9,1,4,0,10,0.0,0.0,Low,0,0,Low Load
2026-01-09 19:45:00,BLDG_C,1,C102,Office,14,2,23.1,53.52,0,Friday,19,45,9,1,4,0,12,14.29,0.143,Low,0,0,Low Load
2026-01-09 20:00:00,BLDG_C,1,C103,Meeting Room,20,2,20.17,54.7,0,Friday,20,0,9,1,4,0,18,10.0,0.1,Low,0,0,Low Load
2026-01-09 20:15:00,BLDG_C,2,C201,Lab,30,7,22.86,55.48,0,Friday,20,15,9,1,4,0,23,23.33,0.233,Low,0,0,Low Load
2026-01-09 20:30:00,BLDG_C,2,C202,Training Room,40,3,23.77,41.02,0,Friday,20,30,9,1,4,0,37,7.5,0.075,Low,0,0,Low Load
2026-01-09 20:45:00,BLDG_A,1,A101,Office,10,0,22.95,50.0,0,Friday,20,45,9,1,4,0,10,0.0,0.0,Low,0,0,Low Load
2026-01-09 21:00:00,BLDG_A,1,A102,Office,12,2,22.32,41.46,0,Friday,21,0,9,1,4,0,10,16.67,0.167,Low,0,0,Low Load
2026-01-09 21:15:00,BLDG_A,1,A103,Meeting Room,20,0,19.4,53.36,0,Friday,21,15,9,1,4,0,20,0.0,0.0,Low,0,0,Low Load
2026-01-09 21:30:00,BLDG_A,2,A201,Lab,30,0,22.19,62.55,0,Friday,21,30,9,1,4,0,30,0.0,0.0,Low,0,0,Low Load
2026-01-09 21:45:00,BLDG_A,2,A202,Conference,25,4,22.5,40.06,0,Friday,21,45,9,1,4,0,21,16.0,0.16,Low,0,0,Low Load
2026-01-09 22:00:00,BLDG_B,1,B101,Office,8,1,23.37,57.17,0,Friday,22,0,9,1,4,0,7,12.5,0.125,Low,0,0,Low Load
2026-01-09 22:15:00,BLDG_B,1,B102,Office,15,2,21.3,69.06,0,Friday,22,15,9,1,4,0,13,13.33,0.133,Low,0,0,Low Load
2026-01-09 22:30:00,BLDG_B,1,B103,Meeting Room,18,0,23.6,43.19,0,Friday,22,30,9,1,4,0,18,0.0,0.0,Low,0,0,Low Load
2026-01-09 22:45:00,BLDG_B,2,B201,Training Room,35,0,24.52,53.17,0,Friday,22,45,9,1,4,0,35,0.0,0.0,Low,0,0,Low Load
2026-01-09 23:00:00,BLDG_B,2,B202,Conference,25,3,22.98,54.27,0,Friday,23,0,9,1,4,0,22,12.0,0.12,Low,0,0,Low Load
2026-01-09 23:15:00,BLDG_C,1,C101,Office,10,2,22.42,42.53,0,Friday,23,15,9,1,4,0,8,20.0,0.2,Low,0,0,Low Load
2026-01-09 23:30:00,BLDG_C,1,C102,Office,14,0,23.36,57.77,0,Friday,23,30,9,1,4,0,14,0.0,0.0,Low,0,0,Low Load
2026-01-09 23:45:00,BLDG_C,1,C103,Meeting Room,20,0,21.83,50.93,0,Friday,23,45,9,1,4,0,20,0.0,0.0,Low,0,0,Low Load
2026-01-10 00:00:00,BLDG_C,2,C201,Lab,30,0,21.05,50.6,0,Saturday,0,0,10,1,5,1,30,0.0,0.0,Low,0,0,Low Load
2026-01-10 00:15:00,BLDG_C,2,C202,Training Room,40,0,23.63,60.66,0,Saturday,0,15,10,1,5,1,40,0.0,0.0,Low,0,0,Low Load
2026-01-10 00:30:00,BLDG_A,1,A101,Office,10,0,22.23,55.98,0,Saturday,0,30,10,1,5,1,10,0.0,0.0,Low,0,0,Low Load
2026-01-10 00:45:00,BLDG_A,1,A102,Office,12,0,21.32,48.42,0,Saturday,0,45,10,1,5,1,12,0.0,0.0,Low,0,0,Low Load
2026-01-10 01:00:00,BLDG_A,1,A103,Meeting Room,20,0,21.3,56.13,0,Saturday,1,0,10,1,5,1,20,0.0,0.0,Low,0,0,Low Load
2026-01-10 01:15:00,BLDG_A,2,A201,Lab,30,3,20.8,55.18,0,Saturday,1,15,10,1,5,1,27,10.0,0.1,Low,0,0,Low Load
2026-01-10 01:30:00,BLDG_A,2,A202,Conference,25,0,23.11,54.91,0,Saturday,1,30,10,1,5,1,25,0.0,0.0,Low,0,0,Low Load
2026-01-10 01:45:00,BLDG_B,1,B101,Office,8,0,21.19,55.21,0,Saturday,1,45,10,1,5,1,8,0.0,0.0,Low,0,0,Low Load
2026-01-10 02:00:00,BLDG_B,1,B102,Office,15,2,20.04,57.42,0,Saturday,2,0,10,1,5,1,13,13.33,0.133,Low,0,0,Low Load
2026-01-10 02:15:00,BLDG_B,1,B103,Meeting Room,18,3,22.52,58.85,0,Saturday,2,15,10,1,5,1,15,16.67,0.167,Low,0,0,Low Load
2026-01-10 02:30:00,BLDG_B,2,B201,Training Room,35,0,22.56,43.65,0,Saturday,2,30,10,1,5,1,35,0.0,0.0,Low,0,0,Low Load
2026-01-10 02:45:00,BLDG_B,2,B202,Conference,25,0,23.83,48.11,0,Saturday,2,45,10,1,5,1,25,0.0,0.0,Low,0,0,Low Load
2026-01-10 03:00:00,BLDG_C,1,C101,Office,10,0,21.04,45.13,0,Saturday,3,0,10,1,5,1,10,0.0,0.0,Low,0,0,Low Load
2026-01-10 03:15:00,BLDG_C,1,C102,Office,14,0,21.82,57.65,0,Saturday,3,15,10,1,5,1,14,0.0,0.0,Low,0,0,Low Load
2026-01-10 03:30:00,BLDG_C,1,C103,Meeting Room,20,2,23.09,56.67,0,Saturday,3,30,10,1,5,1,18,10.0,0.1,Low,0,0,Low Load
2026-01-10 03:45:00,BLDG_C,2,C201,Lab,30,6,21.42,54.62,0,Saturday,3,45,10,1,5,1,24,20.0,0.2,Low,0,0,Low Load
2026-01-10 04:00:00,BLDG_C,2,C202,Training Room,40,6,24.22,45.05,0,Saturday,4,0,10,1,5,1,34,15.0,0.15,Low,0,0,Low Load
2026-01-10 04:15:00,BLDG_A,1,A101,Office,10,0,24.33,58.56,0,Saturday,4,15,10,1,5,1,10,0.0,0.0,Low,0,0,Low Load
2026-01-10 04:30:00,BLDG_A,1,A102,Office,12,1,22.44,52.31,0,Saturday,4,30,10,1,5,1,11,8.33,0.083,Low,0,0,Low Load
2026-01-10 04:45:00,BLDG_A,1,A103,Meeting Room,20,1,22.4,54.7,0,Saturday,4,45,10,1,5,1,19,5.0,0.05,Low,0,0,Low Load
2026-01-10 05:00:00,BLDG_A,2,A201,Lab,30,1,21.89,58.72,0,Saturday,5,0,10,1,5,1,29,3.33,0.033,Low,0,0,Low Load
2026-01-10 05:15:00,BLDG_A,2,A202,Conference,25,8,20.57,57.27,0,Saturday,5,15,10,1,5,1,17,32.0,0.32,Low,0,0,Low Load
2026-01-10 05:30:00,BLDG_B,1,B101,Office,8,0,23.39,55.33,0,Saturday,5,30,10,1,5,1,8,0.0,0.0,Low,0,0,Low Load
2026-01-10 05:45:00,BLDG_B,1,B102,Office,15,2,24.11,56.35,0,Saturday,5,45,10,1,5,1,13,13.33,0.133,Low,0,0,Low Load
2026-01-10 06:00:00,BLDG_B,1,B103,Meeting Room,18,3,19.89,66.13,0,Saturday,6,0,10,1,5,1,15,16.67,0.167,Low,0,0,Low Load
2026-01-10 06:15:00,BLDG_B,2,B201,Training Room,35,2,23.99,46.46,0,Saturday,6,15,10,1,5,1,33,5.71,0.057,Low,0,0,Low Load
2026-01-10 06:30:00,BLDG_B,2,B202,Conference,25,0,22.88,54.88,0,Saturday,6,30,10,1,5,1,25,0.0,0.0,Low,0,0,Low Load
2026-01-10 06:45:00,BLDG_C,1,C101,Office,10,1,24.0,42.64,0,Saturday,6,45,10,1,5,1,9,10.0,0.1,Low,0,0,Low Load
2026-01-10 07:00:00,BLDG_C,1,C102,Office,14,2,22.71,53.57,0,Saturday,7,0,10,1,5,1,12,14.29,0.143,Low,0,0,Low Load
2026-01-10 07:15:00,BLDG_C,1,C103,Meeting Room,20,0,23.3,38.1,0,Saturday,7,15,10,1,5,1,20,0.0,0.0,Low,0,0,Low Load
2026-01-10 07:30:00,BLDG_C,2,C201,Lab,30,3,20.91,55.37,0,Saturday,7,30,10,1,5,1,27,10.0,0.1,Low,0,0,Low Load
2026-01-10 07:45:00,BLDG_C,2,C202,Training Room,40,1,24.1,53.75,0,Saturday,7,45,10,1,5,1,39,2.5,0.025,Low,0,0,Low Load
2026-01-10 08:00:00,BLDG_A,1,A101,Office,10,0,22.09,63.91,0,Saturday,8,0,10,1,5,1,10,0.0,0.0,Low,0,0,Low Load
2026-01-10 08:15:00,BLDG_A,1,A102,Office,12,1,22.24,53.34,0,Saturday,8,15,10,1,5,1,11,8.33,0.083,Low,0,0,Low Load
2026-01-10 08:30:00,BLDG_A,1,A103,Meeting Room,20,0,23.17,42.68,0,Saturday,8,30,10,1,5,1,20,0.0,0.0,Low,0,0,Low Load
2026-01-10 08:45:00,BLDG_A,2,A201,Lab,30,3,22.85,71.71,0,Saturday,8,45,10,1,5,1,27,10.0,0.1,Low,0,0,Low Load
2026-01-10 09:00:00,BLDG_A,2,A202,Conference,25,0,22.58,67.59,0,Saturday,9,0,10,1,5,1,25,0.0,0.0,Low,0,1,Low Load
2026-01-10 09:15:00,BLDG_B,1,B101,Office,8,1,21.86,56.57,0,Saturday,9,15,10,1,5,1,7,12.5,0.125,Low,0,1,Low Load
2026-01-10 09:30:00,BLDG_B,1,B102,Office,15,1,23.04,50.11,0,Saturday,9,30,10,1,5,1,14,6.67,0.067,Low,0,1,Low Load
2026-01-10 09:45:00,BLDG_B,1,B103,Meeting Room,18,1,20.78,55.95,0,Saturday,9,45,10,1,5,1,17,5.56,0.056,Low,0,1,Low Load
2026-01-10 10:00:00,BLDG_B,2,B201,Training Room,35,3,22.43,43.69,0,Saturday,10,0,10,1,5,1,32,8.57,0.086,Low,0,1,Low Load
2026-01-10 10:15:00,BLDG_B,2,B202,Conference,25,3,23.14,49.92,0,Saturday,10,15,10,1,5,1,22,12.0,0.12,Low,0,1,Low Load
2026-01-10 10:30:00,BLDG_C,1,C101,Office,10,0,20.9,47.82,0,Saturday,10,30,10,1,5,1,10,0.0,0.0,Low,0,1,Low Load
2026-01-10 10:45:00,BLDG_C,1,C102,Office,14,0,24.17,50.52,0,Saturday,10,45,10,1,5,1,14,0.0,0.0,Low,0,1,Low Load
2026-01-10 11:00:00,BLDG_C,1,C103,Meeting Room,20,2,22.05,56.74,0,Saturday,11,0,10,1,5,1,18,10.0,0.1,Low,0,1,Low Load
2026-01-10 11:15:00,BLDG_C,2,C201,Lab,30,1,23.75,51.26,0,Saturday,11,15,10,1,5,1,29,3.33,0.033,Low,0,1,Low Load
2026-01-10 11:30:00,BLDG_C,2,C202,Training Room,40,0,21.04,51.28,0,Saturday,11,30,10,1,5,1,40,0.0,0.0,Low,0,1,Low Load
2026-01-10 11:45:00,BLDG_A,1,A101,Office,10,0,23.19,51.74,0,Saturday,11,45,10,1,5,1,10,0.0,0.0,Low,0,1,Low Load
2026-01-10 12:00:00,BLDG_A,1,A102,Office,12,3,20.61,56.43,0,Saturday,12,0,10,1,5,1,9,25.0,0.25,Low,0,0,Low Load
2026-01-10 12:15:00,BLDG_A,1,A103,Meeting Room,20,0,22.11,55.99,0,Saturday,12,15,10,1,5,1,20,0.0,0.0,Low,0,0,Low Load
2026-01-10 12:30:00,BLDG_A,2,A201,Lab,30,0,22.98,68.32,0,Saturday,12,30,10,1,5,1,30,0.0,0.0,Low,0,0,Low Load
2026-01-10 12:45:00,BLDG_A,2,A202,Conference,25,0,23.01,62.17,0,Saturday,12,45,10,1,5,1,25,0.0,0.0,Low,0,0,Low Load
2026-01-10 13:00:00,BLDG_B,1,B101,Office,8,0,22.0,39.07,0,Saturday,13,0,10,1,5,1,8,0.0,0.0,Low,0,0,Low Load
2026-01-10 13:15:00,BLDG_B,1,B102,Office,15,2,22.56,47.91,0,Saturday,13,15,10,1,5,1,13,13.33,0.133,Low,0,0,Low Load
2026-01-10 13:30:00,BLDG_B,1,B103,Meeting Room,18,1,22.0,51.3,0,Saturday,13,30,10,1,5,1,17,5.56,0.056,Low,0,0,Low Load
2026-01-10 13:45:00,BLDG_B,2,B201,Training Room,35,3,21.09,62.33,0,Saturday,13,45,10,1,5,1,32,8.57,0.086,Low,0,0,Low Load
2026-01-10 14:00:00,BLDG_B,2,B202,Conference,25,0,21.9,68.46,0,Saturday,14,0,10,1,5,1,25,0.0,0.0,Low,0,1,Low Load
2026-01-10 14:15:00,BLDG_C,1,C101,Office,10,2,22.82,48.42,0,Saturday,14,15,10,1,5,1,8,20.0,0.2,Low,0,1,Low Load
2026-01-10 14:30:00,BLDG_C,1,C102,Office,14,0,22.79,55.26,0,Saturday,14,30,10,1,5,1,14,0.0,0.0,Low,0,1,Low Load
2026-01-10 14:45:00,BLDG_C,1,C103,Meeting Room,20,1,22.66,53.5,0,Saturday,14,45,10,1,5,1,19,5.0,0.05,Low,0,1,Low Load
2026-01-10 15:00:00,BLDG_C,2,C201,Lab,30,0,22.08,61.4,0,Saturday,15,0,10,1,5,1,30,0.0,0.0,Low,0,1,Low Load
2026-01-10 15:15:00,BLDG_C,2,C202,Training Room,40,0,22.47,49.26,0,Saturday,15,15,10,1,5,1,40,0.0,0.0,Low,0,1,Low Load
2026-01-10 15:30:00,BLDG_A,1,A101,Office,10,1,22.23,65.34,0,Saturday,15,30,10,1,5,1,9,10.0,0.1,Low,0,1,Low Load
2026-01-10 15:45:00,BLDG_A,1,A102,Office,12,1,21.13,59.7,0,Saturday,15,45,10,1,5,1,11,8.33,0.083,Low,0,1,Low Load
2026-01-10 16:00:00,BLDG_A,1,A103,Meeting Room,20,0,22.01,57.2,0,Saturday,16,0,10,1,5,1,20,0.0,0.0,Low,0,1,Low Load
2026-01-10 16:15:00,BLDG_A,2,A201,Lab,30,0,23.77,49.58,0,Saturday,16,15,10,1,5,1,30,0.0,0.0,Low,0,1,Low Load
2026-01-10 16:30:00,BLDG_A,2,A202,Conference,25,0,21.91,51.04,0,Saturday,16,30,10,1,5,1,25,0.0,0.0,Low,0,1,Low Load
2026-01-10 16:45:00,BLDG_B,1,B101,Office,8,1,23.45,66.97,0,Saturday,16,45,10,1,5,1,7,12.5,0.125,Low,0,1,Low Load
2026-01-10 17:00:00,BLDG_B,1,B102,Office,15,4,21.46,55.49,0,Saturday,17,0,10,1,5,1,11,26.67,0.267,Low,0,0,Low Load
2026-01-10 17:15:00,BLDG_B,1,B103,Meeting Room,18,0,21.77,50.59,0,Saturday,17,15,10,1,5,1,18,0.0,0.0,Low,0,0,Low Load
2026-01-10 17:30:00,BLDG_B,2,B201,Training Room,35,0,21.44,53.99,0,Saturday,17,30,10,1,5,1,35,0.0,0.0,Low,0,0,Low Load
2026-01-10 17:45:00,BLDG_B,2,B202,Conference,25,0,23.71,48.58,0,Saturday,17,45,10,1,5,1,25,0.0,0.0,Low,0,0,Low Load
2026-01-10 18:00:00,BLDG_C,1,C101,Office,10,3,22.16,55.5,0,Saturday,18,0,10,1,5,1,7,30.0,0.3,Low,0,0,Low Load
2026-01-10 18:15:00,BLDG_C,1,C102,Office,14,0,24.75,62.84,0,Saturday,18,15,10,1,5,1,14,0.0,0.0,Low,0,0,Low Load
2026-01-10 18:30:00,BLDG_C,1,C103,Meeting Room,20,1,21.08,56.47,0,Saturday,18,30,10,1,5,1,19,5.0,0.05,Low,0,0,Low Load
2026-01-10 18:45:00,BLDG_C,2,C201,Lab,30,0,24.45,60.66,0,Saturday,18,45,10,1,5,1,30,0.0,0.0,Low,0,0,Low Load
2026-01-10 19:00:00,BLDG_C,2,C202,Training Room,40,2,19.78,48.12,0,Saturday,19,0,10,1,5,1,38,5.0,0.05,Low,0,0,Low Load
2026-01-10 19:15:00,BLDG_A,1,A101,Office,10,1,24.16,62.76,0,Saturday,19,15,10,1,5,1,9,10.0,0.1,Low,0,0,Low Load
2026-01-10 19:30:00,BLDG_A,1,A102,Office,12,0,23.06,62.11,0,Saturday,19,30,10,1,5,1,12,0.0,0.0,Low,0,0,Low Load
2026-01-10 19:45:00,BLDG_A,1,A103,Meeting Room,20,0,22.69,56.92,0,Saturday,19,45,10,1,5,1,20,0.0,0.0,Low,0,0,Low Load
2026-01-10 20:00:00,BLDG_A,2,A201,Lab,30,0,20.48,52.72,0,Saturday,20,0,10,1,5,1,30,0.0,0.0,Low,0,0,Low Load
2026-01-10 20:15:00,BLDG_A,2,A202,Conference,25,0,22.52,51.06,0,Saturday,20,15,10,1,5,1,25,0.0,0.0,Low,0,0,Low Load
2026-01-10 20:30:00,BLDG_B,1,B101,Office,8,0,22.65,58.1,0,Saturday,20,30,10,1,5,1,8,0.0,0.0,Low,0,0,Low Load
2026-01-10 20:45:00,BLDG_B,1,B102,Office,15,0,22.21,55.65,0,Saturday,20,45,10,1,5,1,15,0.0,0.0,Low,0,0,Low Load
2026-01-10 21:00:00,BLDG_B,1,B103,Meeting Room,18,0,23.27,55.0,0,Saturday,21,0,10,1,5,1,18,0.0,0.0,Low,0,0,Low Load
2026-01-10 21:15:00,BLDG_B,2,B201,Training Room,35,1,23.85,41.33,0,Saturday,21,15,10,1,5,1,34,2.86,0.029,Low,0,0,Low Load
2026-01-10 21:30:00,BLDG_B,2,B202,Conference,25,0,23.03,54.95,0,Saturday,21,30,10,1,5,1,25,0.0,0.0,Low,0,0,Low Load
2026-01-10 21:45:00,BLDG_C,1,C101,Office,10,1,22.15,59.65,0,Saturday,21,45,10,1,5,1,9,10.0,0.1,Low,0,0,Low Load
2026-01-10 22:00:00,BLDG_C,1,C102,Office,14,2,23.28,53.17,0,Saturday,22,0,10,1,5,1,12,14.29,0.143,Low,0,0,Low Load
2026-01-10 22:15:00,BLDG_C,1,C103,Meeting Room,20,0,23.62,63.55,0,Saturday,22,15,10,1,5,1,20,0.0,0.0,Low,0,0,Low Load
2026-01-10 22:30:00,BLDG_C,2,C201,Lab,30,3,21.64,59.72,0,Saturday,22,30,10,1,5,1,27,10.0,0.1,Low,0,0,Low Load
2026-01-10 22:45:00,BLDG_C,2,C202,Training Room,40,5,24.57,48.87,0,Saturday,22,45,10,1,5,1,35,12.5,0.125,Low,0,0,Low Load
2026-01-10 23:00:00,BLDG_A,1,A101,Office,10,0,23.6,55.4,0,Saturday,23,0,10,1,5,1,10,0.0,0.0,Low,0,0,Low Load
2026-01-10 23:15:00,BLDG_A,1,A102,Office,12,0,23.2,59.05,0,Saturday,23,15,10,1,5,1,12,0.0,0.0,Low,0,0,Low Load
2026-01-10 23:30:00,BLDG_A,1,A103,Meeting Room,20,1,22.96,53.19,0,Saturday,23,30,10,1,5,1,19,5.0,0.05,Low,0,0,Low Load
2026-01-10 23:45:00,BLDG_A,2,A201,Lab,30,5,21.62,50.89,0,Saturday,23,45,10,1,5,1,25,16.67,0.167,Low,0,0,Low Load
2026-01-11 00:00:00,BLDG_A,2,A202,Conference,25,1,23.75,44.52,0,Sunday,0,0,11,1,6,1,24,4.0,0.04,Low,0,0,Low Load
2026-01-11 00:15:00,BLDG_B,1,B101,Office,8,0,20.25,55.23,0,Sunday,0,15,11,1,6,1,8,0.0,0.0,Low,0,0,Low Load
2026-01-11 00:30:00,BLDG_B,1,B102,Office,15,0,22.24,59.63,0,Sunday,0,30,11,1,6,1,15,0.0,0.0,Low,0,0,Low Load
2026-01-11 00:45:00,BLDG_B,1,B103,Meeting Room,18,0,22.98,52.9,0,Sunday,0,45,11,1,6,1,18,0.0,0.0,Low,0,0,Low Load
2026-01-11 01:00:00,BLDG_B,2,B201,Training Room,35,3,23.27,50.16,0,Sunday,1,0,11,1,6,1,32,8.57,0.086,Low,0,0,Low Load
2026-01-11 01:15:00,BLDG_B,2,B202,Conference,25,0,23.95,57.75,0,Sunday,1,15,11,1,6,1,25,0.0,0.0,Low,0,0,Low Load
2026-01-11 01:30:00,BLDG_C,1,C101,Office,10,0,23.49,47.41,0,Sunday,1,30,11,1,6,1,10,0.0,0.0,Low,0,0,Low Load
2026-01-11 01:45:00,BLDG_C,1,C102,Office,14,3,23.93,57.03,0,Sunday,1,45,11,1,6,1,11,21.43,0.214,Low,0,0,Low Load
2026-01-11 02:00:00,BLDG_C,1,C103,Meeting Room,20,1,22.45,59.75,0,Sunday,2,0,11,1,6,1,19,5.0,0.05,Low,0,0,Low Load
2026-01-11 02:15:00,BLDG_C,2,C201,Lab,30,0,22.98,61.1,0,Sunday,2,15,11,1,6,1,30,0.0,0.0,Low,0,0,Low Load
2026-01-11 02:30:00,BLDG_C,2,C202,Training Room,40,0,21.96,46.64,0,Sunday,2,30,11,1,6,1,40,0.0,0.0,Low,0,0,Low Load
2026-01-11 02:45:00,BLDG_A,1,A101,Office,10,0,20.51,60.11,0,Sunday,2,45,11,1,6,1,10,0.0,0.0,Low,0,0,Low Load
2026-01-11 03:00:00,BLDG_A,1,A102,Office,12,3,24.41,43.62,0,Sunday,3,0,11,1,6,1,9,25.0,0.25,Low,0,0,Low Load
2026-01-11 03:15:00,BLDG_A,1,A103,Meeting Room,20,2,24.41,51.8,0,Sunday,3,15,11,1,6,1,18,10.0,0.1,Low,0,0,Low Load
2026-01-11 03:30:00,BLDG_A,2,A201,Lab,30,1,20.29,56.87,0,Sunday,3,30,11,1,6,1,29,3.33,0.033,Low,0,0,Low Load
2026-01-11 03:45:00,BLDG_A,2,A202,Conference,25,0,22.94,44.07,0,Sunday,3,45,11,1,6,1,25,0.0,0.0,Low,0,0,Low Load
2026-01-11 04:00:00,BLDG_B,1,B101,Office,8,1,23.93,49.52,0,Sunday,4,0,11,1,6,1,7,12.5,0.125,Low,0,0,Low Load
2026-01-11 04:15:00,BLDG_B,1,B102,Office,15,0,20.11,53.14,0,Sunday,4,15,11,1,6,1,15,0.0,0.0,Low,0,0,Low Load
2026-01-11 04:30:00,BLDG_B,1,B103,Meeting Room,18,0,20.84,58.17,0,Sunday,4,30,11,1,6,1,18,0.0,0.0,Low,0,0,Low Load
2026-01-11 04:45:00,BLDG_B,2,B201,Training Room,35,0,21.41,51.12,0,Sunday,4,45,11,1,6,1,35,0.0,0.0,Low,0,0,Low Load
2026-01-11 05:00:00,BLDG_B,2,B202,Conference,25,3,23.42,54.09,0,Sunday,5,0,11,1,6,1,22,12.0,0.12,Low,0,0,Low Load
2026-01-11 05:15:00,BLDG_C,1,C101,Office,10,1,21.31,55.23,0,Sunday,5,15,11,1,6,1,9,10.0,0.1,Low,0,0,Low Load
2026-01-11 05:30:00,BLDG_C,1,C102,Office,14,1,22.14,58.05,0,Sunday,5,30,11,1,6,1,13,7.14,0.071,Low,0,0,Low Load
2026-01-11 05:45:00,BLDG_C,1,C103,Meeting Room,20,0,23.31,58.86,0,Sunday,5,45,11,1,6,1,20,0.0,0.0,Low,0,0,Low Load
2026-01-11 06:00:00,BLDG_C,2,C201,Lab,30,0,24.13,33.67,0,Sunday,6,0,11,1,6,1,30,0.0,0.0,Low,0,0,Low Load
2026-01-11 06:15:00,BLDG_C,2,C202,Training Room,40,0,23.93,52.78,0,Sunday,6,15,11,1,6,1,40,0.0,0.0,Low,0,0,Low Load
2026-01-11 06:30:00,BLDG_A,1,A101,Office,10,0,21.39,62.19,0,Sunday,6,30,11,1,6,1,10,0.0,0.0,Low,0,0,Low Load
2026-01-11 06:45:00,BLDG_A,1,A102,Office,12,0,24.05,54.61,0,Sunday,6,45,11,1,6,1,12,0.0,0.0,Low,0,0,Low Load
2026-01-11 07:00:00,BLDG_A,1,A103,Meeting Room,20,0,22.0,47.88,0,Sunday,7,0,11,1,6,1,20,0.0,0.0,Low,0,0,Low Load
2026-01-11 07:15:00,BLDG_A,2,A201,Lab,30,4,23.58,42.97,0,Sunday,7,15,11,1,6,1,26,13.33,0.133,Low,0,0,Low Load
2026-01-11 07:30:00,BLDG_A,2,A202,Conference,25,0,21.66,64.05,0,Sunday,7,30,11,1,6,1,25,0.0,0.0,Low,0,0,Low Load
2026-01-11 07:45:00,BLDG_B,1,B101,Office,8,0,24.63,54.77,0,Sunday,7,45,11,1,6,1,8,0.0,0.0,Low,0,0,Low Load
2026-01-11 08:00:00,BLDG_B,1,B102,Office,15,0,21.89,49.39,0,Sunday,8,0,11,1,6,1,15,0.0,0.0,Low,0,0,Low Load
2026-01-11 08:15:00,BLDG_B,1,B103,Meeting Room,18,0,22.81,46.4,0,Sunday,8,15,11,1,6,1,18,0.0,0.0,Low,0,0,Low Load
2026-01-11 08:30:00,BLDG_B,2,B201,Training Room,35,0,22.24,42.38,0,Sunday,8,30,11,1,6,1,35,0.0,0.0,Low,0,0,Low Load
2026-01-11 08:45:00,BLDG_B,2,B202,Conference,25,0,21.61,48.9,0,Sunday,8,45,11,1,6,1,25,0.0,0.0,Low,0,0,Low Load
2026-01-11 09:00:00,BLDG_C,1,C101,Office,10,2,22.77,56.72,0,Sunday,9,0,11,1,6,1,8,20.0,0.2,Low,0,1,Low Load
2026-01-11 09:15:00,BLDG_C,1,C102,Office,14,0,21.92,56.51,0,Sunday,9,15,11,1,6,1,14,0.0,0.0,Low,0,1,Low Load
2026-01-11 09:30:00,BLDG_C,1,C103,Meeting Room,20,0,23.79,46.58,0,Sunday,9,30,11,1,6,1,20,0.0,0.0,Low,0,1,Low Load
2026-01-11 09:45:00,BLDG_C,2,C201,Lab,30,0,22.0,56.15,0,Sunday,9,45,11,1,6,1,30,0.0,0.0,Low,0,1,Low Load
2026-01-11 10:00:00,BLDG_C,2,C202,Training Room,40,0,22.37,53.35,0,Sunday,10,0,11,1,6,1,40,0.0,0.0,Low,0,1,Low Load
2026-01-11 10:15:00,BLDG_A,1,A101,Office,10,0,23.28,56.67,0,Sunday,10,15,11,1,6,1,10,0.0,0.0,Low,0,1,Low Load
2026-01-11 10:30:00,BLDG_A,1,A102,Office,12,0,22.18,60.58,0,Sunday,10,30,11,1,6,1,12,0.0,0.0,Low,0,1,Low Load
2026-01-11 10:45:00,BLDG_A,1,A103,Meeting Room,20,0,22.33,55.73,0,Sunday,10,45,11,1,6,1,20,0.0,0.0,Low,0,1,Low Load
2026-01-11 11:00:00,BLDG_A,2,A201,Lab,30,6,21.09,60.39,0,Sunday,11,0,11,1,6,1,24,20.0,0.2,Low,0,1,Low Load
2026-01-11 11:15:00,BLDG_A,2,A202,Conference,25,0,22.96,66.03,0,Sunday,11,15,11,1,6,1,25,0.0,0.0,Low,0,1,Low Load
2026-01-11 11:30:00,BLDG_B,1,B101,Office,8,1,22.9,51.08,0,Sunday,11,30,11,1,6,1,7,12.5,0.125,Low,0,1,Low Load
2026-01-11 11:45:00,BLDG_B,1,B102,Office,15,1,22.4,49.5,0,Sunday,11,45,11,1,6,1,14,6.67,0.067,Low,0,1,Low Load
2026-01-11 12:00:00,BLDG_B,1,B103,Meeting Room,18,0,22.94,49.63,0,Sunday,12,0,11,1,6,1,18,0.0,0.0,Low,0,0,Low Load
2026-01-11 12:15:00,BLDG_B,2,B201,Training Room,35,0,21.07,57.74,0,Sunday,12,15,11,1,6,1,35,0.0,0.0,Low,0,0,Low Load
2026-01-11 12:30:00,BLDG_B,2,B202,Conference,25,2,22.98,61.76,0,Sunday,12,30,11,1,6,1,23,8.0,0.08,Low,0,0,Low Load
2026-01-11 12:45:00,BLDG_C,1,C101,Office,10,1,23.17,57.13,0,Sunday,12,45,11,1,6,1,9,10.0,0.1,Low,0,0,Low Load
2026-01-11 13:00:00,BLDG_C,1,C102,Office,14,0,22.06,70.5,0,Sunday,13,0,11,1,6,1,14,0.0,0.0,Low,0,0,Low Load
2026-01-11 13:15:00,BLDG_C,1,C103,Meeting Room,20,0,21.9,58.04,0,Sunday,13,15,11,1,6,1,20,0.0,0.0,Low,0,0,Low Load
2026-01-11 13:30:00,BLDG_C,2,C201,Lab,30,2,21.01,62.86,0,Sunday,13,30,11,1,6,1,28,6.67,0.067,Low,0,0,Low Load
2026-01-11 13:45:00,BLDG_C,2,C202,Training Room,40,1,21.37,63.32,0,Sunday,13,45,11,1,6,1,39,2.5,0.025,Low,0,0,Low Load
2026-01-11 14:00:00,BLDG_A,1,A101,Office,10,1,21.18,67.44,0,Sunday,14,0,11,1,6,1,9,10.0,0.1,Low,0,1,Low Load
2026-01-11 14:15:00,BLDG_A,1,A102,Office,12,1,22.69,66.13,0,Sunday,14,15,11,1,6,1,11,8.33,0.083,Low,0,1,Low Load
2026-01-11 14:30:00,BLDG_A,1,A103,Meeting Room,20,1,22.67,50.38,0,Sunday,14,30,11,1,6,1,19,5.0,0.05,Low,0,1,Low Load
2026-01-11 14:45:00,BLDG_A,2,A201,Lab,30,3,23.27,55.1,0,Sunday,14,45,11,1,6,1,27,10.0,0.1,Low,0,1,Low Load
2026-01-11 15:00:00,BLDG_A,2,A202,Conference,25,0,22.86,54.51,0,Sunday,15,0,11,1,6,1,25,0.0,0.0,Low,0,1,Low Load
2026-01-11 15:15:00,BLDG_B,1,B101,Office,8,0,20.93,58.96,0,Sunday,15,15,11,1,6,1,8,0.0,0.0,Low,0,1,Low Load
2026-01-11 15:30:00,BLDG_B,1,B102,Office,15,0,22.95,51.65,0,Sunday,15,30,11,1,6,1,15,0.0,0.0,Low,0,1,Low Load
2026-01-11 15:45:00,BLDG_B,1,B103,Meeting Room,18,3,22.11,59.62,0,Sunday,15,45,11,1,6,1,15,16.67,0.167,Low,0,1,Low Load
2026-01-11 16:00:00,BLDG_B,2,B201,Training Room,35,0,22.84,60.16,0,Sunday,16,0,11,1,6,1,35,0.0,0.0,Low,0,1,Low Load
2026-01-11 16:15:00,BLDG_B,2,B202,Conference,25,0,23.9,48.04,0,Sunday,16,15,11,1,6,1,25,0.0,0.0,Low,0,1,Low Load
2026-01-11 16:30:00,BLDG_C,1,C101,Office,10,1,23.81,59.62,0,Sunday,16,30,11,1,6,1,9,10.0,0.1,Low,0,1,Low Load
2026-01-11 16:45:00,BLDG_C,1,C102,Office,14,3,21.78,45.35,0,Sunday,16,45,11,1,6,1,11,21.43,0.214,Low,0,1,Low Load
2026-01-11 17:00:00,BLDG_C,1,C103,Meeting Room,20,0,23.49,58.49,0,Sunday,17,0,11,1,6,1,20,0.0,0.0,Low,0,0,Low Load
2026-01-11 17:15:00,BLDG_C,2,C201,Lab,30,1,21.35,60.37,0,Sunday,17,15,11,1,6,1,29,3.33,0.033,Low,0,0,Low Load
2026-01-11 17:30:00,BLDG_C,2,C202,Training Room,40,0,24.09,75.0,0,Sunday,17,30,11,1,6,1,40,0.0,0.0,Low,0,0,Low Load
2026-01-11 17:45:00,BLDG_A,1,A101,Office,10,1,23.4,51.55,0,Sunday,17,45,11,1,6,1,9,10.0,0.1,Low,0,0,Low Load
2026-01-11 18:00:00,BLDG_A,1,A102,Office,12,0,21.98,47.35,0,Sunday,18,0,11,1,6,1,12,0.0,0.0,Low,0,0,Low Load
2026-01-11 18:15:00,BLDG_A,1,A103,Meeting Room,20,0,24.77,56.91,0,Sunday,18,15,11,1,6,1,20,0.0,0.0,Low,0,0,Low Load
2026-01-11 18:30:00,BLDG_A,2,A201,Lab,30,2,22.33,53.79,0,Sunday,18,30,11,1,6,1,28,6.67,0.067,Low,0,0,Low Load
2026-01-11 18:45:00,BLDG_A,2,A202,Conference,25,3,22.66,58.71,0,Sunday,18,45,11,1,6,1,22,12.0,0.12,Low,0,0,Low Load
2026-01-11 19:00:00,BLDG_B,1,B101,Office,8,0,22.29,45.15,0,Sunday,19,0,11,1,6,1,8,0.0,0.0,Low,0,0,Low Load
2026-01-11 19:15:00,BLDG_B,1,B102,Office,15,0,22.39,55.4,0,Sunday,19,15,11,1,6,1,15,0.0,0.0,Low,0,0,Low Load
2026-01-11 19:30:00,BLDG_B,1,B103,Meeting Room,18,0,22.66,55.38,0,Sunday,19,30,11,1,6,1,18,0.0,0.0,Low,0,0,Low Load
2026-01-11 19:45:00,BLDG_B,2,B201,Training Room,35,0,21.6,57.85,0,Sunday,19,45,11,1,6,1,35,0.0,0.0,Low,0,0,Low Load
2026-01-11 20:00:00,BLDG_B,2,B202,Conference,25,2,21.32,56.11,0,Sunday,20,0,11,1,6,1,23,8.0,0.08,Low,0,0,Low Load
2026-01-11 20:15:00,BLDG_C,1,C101,Office,10,1,23.63,54.33,0,Sunday,20,15,11,1,6,1,9,10.0,0.1,Low,0,0,Low Load
2026-01-11 20:30:00,BLDG_C,1,C102,Office,14,0,21.94,58.27,0,Sunday,20,30,11,1,6,1,14,0.0,0.0,Low,0,0,Low Load
2026-01-11 20:45:00,BLDG_C,1,C103,Meeting Room,20,1,23.46,55.92,0,Sunday,20,45,11,1,6,1,19,5.0,0.05,Low,0,0,Low Load
2026-01-11 21:00:00,BLDG_C,2,C201,Lab,30,4,22.81,60.49,0,Sunday,21,0,11,1,6,1,26,13.33,0.133,Low,0,0,Low Load
2026-01-11 21:15:00,BLDG_C,2,C202,Training Room,40,5,21.73,42.34,0,Sunday,21,15,11,1,6,1,35,12.5,0.125,Low,0,0,Low Load
2026-01-11 21:30:00,BLDG_A,1,A101,Office,10,2,23.01,43.0,0,Sunday,21,30,11,1,6,1,8,20.0,0.2,Low,0,0,Low Load
2026-01-11 21:45:00,BLDG_A,1,A102,Office,12,0,23.63,53.04,0,Sunday,21,45,11,1,6,1,12,0.0,0.0,Low,0,0,Low Load
2026-01-11 22:00:00,BLDG_A,1,A103,Meeting Room,20,0,24.38,47.67,0,Sunday,22,0,11,1,6,1,20,0.0,0.0,Low,0,0,Low Load
2026-01-11 22:15:00,BLDG_A,2,A201,Lab,30,0,22.95,57.73,0,Sunday,22,15,11,1,6,1,30,0.0,0.0,Low,0,0,Low Load
2026-01-11 22:30:00,BLDG_A,2,A202,Conference,25,2,23.79,56.39,0,Sunday,22,30,11,1,6,1,23,8.0,0.08,Low,0,0,Low Load
2026-01-11 22:45:00,BLDG_B,1,B101,Office,8,1,22.39,55.44,0,Sunday,22,45,11,1,6,1,7,12.5,0.125,Low,0,0,Low Load
2026-01-11 23:00:00,BLDG_B,1,B102,Office,15,1,22.96,60.41,0,Sunday,23,0,11,1,6,1,14,6.67,0.067,Low,0,0,Low Load
2026-01-11 23:15:00,BLDG_B,1,B103,Meeting Room,18,2,22.75,49.34,0,Sunday,23,15,11,1,6,1,16,11.11,0.111,Low,0,0,Low Load
2026-01-11 23:30:00,BLDG_B,2,B201,Training Room,35,1,22.67,56.35,0,Sunday,23,30,11,1,6,1,34,2.86,0.029,Low,0,0,Low Load
2026-01-11 23:45:00,BLDG_B,2,B202,Conference,25,6,22.07,57.96,0,Sunday,23,45,11,1,6,1,19,24.0,0.24,Low,0,0,Low Load
2026-01-12 00:00:00,BLDG_C,1,C101,Office,10,1,22.82,71.36,0,Monday,0,0,12,1,0,0,9,10.0,0.1,Low,0,0,Low Load
2026-01-12 00:15:00,BLDG_C,1,C102,Office,14,0,23.09,49.41,0,Monday,0,15,12,1,0,0,14,0.0,0.0,Low,0,0,Low Load
2026-01-12 00:30:00,BLDG_C,1,C103,Meeting Room,20,0,23.0,60.92,0,Monday,0,30,12,1,0,0,20,0.0,0.0,Low,0,0,Low Load
2026-01-12 00:45:00,BLDG_C,2,C201,Lab,30,2,24.21,54.34,0,Monday,0,45,12,1,0,0,28,6.67,0.067,Low,0,0,Low Load
2026-01-12 01:00:00,BLDG_C,2,C202,Training Room,40,0,25.94,57.76,0,Monday,1,0,12,1,0,0,40,0.0,0.0,Low,0,0,Low Load
2026-01-12 01:15:00,BLDG_A,1,A101,Office,10,0,21.87,48.4,0,Monday,1,15,12,1,0,0,10,0.0,0.0,Low,0,0,Low Load
2026-01-12 01:30:00,BLDG_A,1,A102,Office,12,2,22.26,55.89,0,Monday,1,30,12,1,0,0,10,16.67,0.167,Low,0,0,Low Load
2026-01-12 01:45:00,BLDG_A,1,A103,Meeting Room,20,1,23.58,49.07,0,Monday,1,45,12,1,0,0,19,5.0,0.05,Low,0,0,Low Load
2026-01-12 02:00:00,BLDG_A,2,A201,Lab,30,0,22.97,59.21,0,Monday,2,0,12,1,0,0,30,0.0,0.0,Low,0,0,Low Load
2026-01-12 02:15:00,BLDG_A,2,A202,Conference,25,2,21.73,59.74,0,Monday,2,15,12,1,0,0,23,8.0,0.08,Low,0,0,Low Load
2026-01-12 02:30:00,BLDG_B,1,B101,Office,8,0,22.07,48.39,0,Monday,2,30,12,1,0,0,8,0.0,0.0,Low,0,0,Low Load
2026-01-12 02:45:00,BLDG_B,1,B102,Office,15,3,23.46,59.23,0,Monday,2,45,12,1,0,0,12,20.0,0.2,Low,0,0,Low Load
2026-01-12 03:00:00,BLDG_B,1,B103,Meeting Room,18,3,26.08,43.04,0,Monday,3,0,12,1,0,0,15,16.67,0.167,Low,0,0,Low Load
2026-01-12 03:15:00,BLDG_B,2,B201,Training Room,35,0,21.96,49.04,0,Monday,3,15,12,1,0,0,35,0.0,0.0,Low,0,0,Low Load
2026-01-12 03:30:00,BLDG_B,2,B202,Conference,25,0,22.34,46.48,0,Monday,3,30,12,1,0,0,25,0.0,0.0,Low,0,0,Low Load
2026-01-12 03:45:00,BLDG_C,1,C101,Office,10,1,22.76,58.37,0,Monday,3,45,12,1,0,0,9,10.0,0.1,Low,0,0,Low Load
2026-01-12 04:00:00,BLDG_C,1,C102,Office,14,1,23.42,52.39,0,Monday,4,0,12,1,0,0,13,7.14,0.071,Low,0,0,Low Load
2026-01-12 04:15:00,BLDG_C,1,C103,Meeting Room,20,5,22.98,41.96,0,Monday,4,15,12,1,0,0,15,25.0,0.25,Low,0,0,Low Load
2026-01-12 04:30:00,BLDG_C,2,C201,Lab,30,0,20.61,55.12,0,Monday,4,30,12,1,0,0,30,0.0,0.0,Low,0,0,Low Load
2026-01-12 04:45:00,BLDG_C,2,C202,Training Room,40,1,22.14,69.08,0,Monday,4,45,12,1,0,0,39,2.5,0.025,Low,0,0,Low Load
2026-01-12 05:00:00,BLDG_A,1,A101,Office,10,1,23.57,48.48,0,Monday,5,0,12,1,0,0,9,10.0,0.1,Low,0,0,Low Load
2026-01-12 05:15:00,BLDG_A,1,A102,Office,12,0,22.74,56.21,0,Monday,5,15,12,1,0,0,12,0.0,0.0,Low,0,0,Low Load
2026-01-12 05:30:00,BLDG_A,1,A103,Meeting Room,20,0,22.48,55.1,0,Monday,5,30,12,1,0,0,20,0.0,0.0,Low,0,0,Low Load
2026-01-12 05:45:00,BLDG_A,2,A201,Lab,30,0,21.72,51.22,0,Monday,5,45,12,1,0,0,30,0.0,0.0,Low,0,0,Low Load
2026-01-12 06:00:00,BLDG_A,2,A202,Conference,25,0,22.81,59.23,0,Monday,6,0,12,1,0,0,25,0.0,0.0,Low,0,0,Low Load
2026-01-12 06:15:00,BLDG_B,1,B101,Office,8,1,22.35,51.81,0,Monday,6,15,12,1,0,0,7,12.5,0.125,Low,0,0,Low Load
2026-01-12 06:30:00,BLDG_B,1,B102,Office,15,1,23.43,51.96,0,Monday,6,30,12,1,0,0,14,6.67,0.067,Low,0,0,Low Load
2026-01-12 06:45:00,BLDG_B,1,B103,Meeting Room,18,2,23.88,64.04,0,Monday,6,45,12,1,0,0,16,11.11,0.111,Low,0,0,Low Load
2026-01-12 07:00:00,BLDG_B,2,B201,Training Room,35,7,21.66,55.1,0,Monday,7,0,12,1,0,0,28,20.0,0.2,Low,0,0,Low Load
2026-01-12 07:15:00,BLDG_B,2,B202,Conference,25,1,22.58,50.46,0,Monday,7,15,12,1,0,0,24,4.0,0.04,Low,0,0,Low Load
2026-01-12 07:30:00,BLDG_C,1,C101,Office,10,0,22.81,49.62,0,Monday,7,30,12,1,0,0,10,0.0,0.0,Low,0,0,Low Load
2026-01-12 07:45:00,BLDG_C,1,C102,Office,14,1,21.75,47.3,0,Monday,7,45,12,1,0,0,13,7.14,0.071,Low,0,0,Low Load
2026-01-12 08:00:00,BLDG_C,1,C103,Meeting Room,20,5,24.5,70.3,1,Monday,8,0,12,1,0,0,15,25.0,0.25,Low,0,0,Low Load
2026-01-12 08:15:00,BLDG_C,2,C201,Lab,30,7,22.51,45.99,1,Monday,8,15,12,1,0,0,23,23.33,0.233,Low,0,0,Low Load
2026-01-12 08:30:00,BLDG_C,2,C202,Training Room,40,14,22.55,54.73,1,Monday,8,30,12,1,0,0,26,35.0,0.35,Low,0,0,Low Load
2026-01-12 08:45:00,BLDG_A,1,A101,Office,10,2,23.43,63.61,1,Monday,8,45,12,1,0,0,8,20.0,0.2,Low,0,0,Low Load
2026-01-12 09:00:00,BLDG_A,1,A102,Office,12,6,24.93,58.45,1,Monday,9,0,12,1,0,0,6,50.0,0.5,Normal,0,1,Moderate Load
2026-01-12 09:15:00,BLDG_A,1,A103,Meeting Room,20,9,22.91,54.62,1,Monday,9,15,12,1,0,0,11,45.0,0.45,Low,0,1,Low Load
2026-01-12 09:30:00,BLDG_A,2,A201,Lab,30,18,23.7,59.73,1,Monday,9,30,12,1,0,0,12,60.0,0.6,Normal,0,1,Moderate Load
2026-01-12 09:45:00,BLDG_A,2,A202,Conference,25,5,22.38,57.32,1,Monday,9,45,12,1,0,0,20,20.0,0.2,Low,0,1,Low Load
2026-01-12 10:00:00,BLDG_B,1,B101,Office,8,5,24.46,38.36,1,Monday,10,0,12,1,0,0,3,62.5,0.625,Normal,0,1,Moderate Load
2026-01-12 10:15:00,BLDG_B,1,B102,Office,15,8,23.57,58.34,1,Monday,10,15,12,1,0,0,7,53.33,0.533,Normal,0,1,Moderate Load
2026-01-12 10:30:00,BLDG_B,1,B103,Meeting Room,18,11,23.54,42.08,1,Monday,10,30,12,1,0,0,7,61.11,0.611,Normal,0,1,Moderate Load
2026-01-12 10:45:00,BLDG_B,2,B201,Training Room,35,33,24.56,61.36,1,Monday,10,45,12,1,0,0,2,94.29,0.943,Critical,0,1,High Load
2026-01-12 11:00:00,BLDG_B,2,B202,Conference,25,12,22.27,68.2,1,Monday,11,0,12,1,0,0,13,48.0,0.48,Low,0,1,Low Load
2026-01-12 11:15:00,BLDG_C,1,C101,Office,10,5,25.28,55.09,1,Monday,11,15,12,1,0,0,5,50.0,0.5,Normal,0,1,Moderate Load
2026-01-12 11:30:00,BLDG_C,1,C102,Office,14,10,24.35,57.54,1,Monday,11,30,12,1,0,0,4,71.43,0.714,Normal,0,1,Moderate Load
2026-01-12 11:45:00,BLDG_C,1,C103,Meeting Room,20,12,24.97,43.94,1,Monday,11,45,12,1,0,0,8,60.0,0.6,Normal,0,1,Moderate Load
2026-01-12 12:00:00,BLDG_C,2,C201,Lab,30,11,25.24,52.01,1,Monday,12,0,12,1,0,0,19,36.67,0.367,Low,0,0,Low Load
2026-01-12 12:15:00,BLDG_C,2,C202,Training Room,40,15,26.89,49.75,1,Monday,12,15,12,1,0,0,25,37.5,0.375,Low,0,0,Low Load
2026-01-12 12:30:00,BLDG_A,1,A101,Office,10,9,22.73,35.66,1,Monday,12,30,12,1,0,0,1,90.0,0.9,Critical,0,0,High Load
2026-01-12 12:45:00,BLDG_A,1,A102,Office,12,4,23.21,68.55,1,Monday,12,45,12,1,0,0,8,33.33,0.333,Low,0,0,Low Load
2026-01-12 13:00:00,BLDG_A,1,A103,Meeting Room,20,7,24.11,60.78,1,Monday,13,0,12,1,0,0,13,35.0,0.35,Low,0,0,Low Load
2026-01-12 13:15:00,BLDG_A,2,A201,Lab,30,10,23.87,58.47,1,Monday,13,15,12,1,0,0,20,33.33,0.333,Low,0,0,Low Load
2026-01-12 13:30:00,BLDG_A,2,A202,Conference,25,8,24.29,70.64,1,Monday,13,30,12,1,0,0,17,32.0,0.32,Low,0,0,Low Load
2026-01-12 13:45:00,BLDG_B,1,B101,Office,8,3,25.31,62.98,1,Monday,13,45,12,1,0,0,5,37.5,0.375,Low,0,0,Low Load
2026-01-12 14:00:00,BLDG_B,1,B102,Office,15,8,24.42,39.46,1,Monday,14,0,12,1,0,0,7,53.33,0.533,Normal,0,1,Moderate Load
2026-01-12 14:15:00,BLDG_B,1,B103,Meeting Room,18,11,25.0,48.69,1,Monday,14,15,12,1,0,0,7,61.11,0.611,Normal,0,1,Moderate Load
2026-01-12 14:30:00,BLDG_B,2,B201,Training Room,35,8,23.76,51.56,1,Monday,14,30,12,1,0,0,27,22.86,0.229,Low,0,1,Low Load
2026-01-12 14:45:00,BLDG_B,2,B202,Conference,25,11,24.8,62.35,1,Monday,14,45,12,1,0,0,14,44.0,0.44,Low,0,1,Low Load
2026-01-12 15:00:00,BLDG_C,1,C101,Office,10,6,23.57,40.62,1,Monday,15,0,12,1,0,0,4,60.0,0.6,Normal,0,1,Moderate Load
2026-01-12 15:15:00,BLDG_C,1,C102,Office,14,7,22.64,53.77,1,Monday,15,15,12,1,0,0,7,50.0,0.5,Normal,0,1,Moderate Load
2026-01-12 15:30:00,BLDG_C,1,C103,Meeting Room,20,8,24.7,59.56,1,Monday,15,30,12,1,0,0,12,40.0,0.4,Low,0,1,Low Load
2026-01-12 15:45:00,BLDG_C,2,C201,Lab,30,16,24.04,46.7,1,Monday,15,45,12,1,0,0,14,53.33,0.533,Normal,0,1,Moderate Load
2026-01-12 16:00:00,BLDG_C,2,C202,Training Room,40,7,24.19,63.46,1,Monday,16,0,12,1,0,0,33,17.5,0.175,Low,0,1,Low Load
2026-01-12 16:15:00,BLDG_A,1,A101,Office,10,7,22.6,52.53,1,Monday,16,15,12,1,0,0,3,70.0,0.7,Normal,0,1,Moderate Load
2026-01-12 16:30:00,BLDG_A,1,A102,Office,12,7,25.58,62.84,1,Monday,16,30,12,1,0,0,5,58.33,0.583,Normal,0,1,Moderate Load
2026-01-12 16:45:00,BLDG_A,1,A103,Meeting Room,20,9,24.75,47.3,1,Monday,16,45,12,1,0,0,11,45.0,0.45,Low,0,1,Low Load
2026-01-12 17:00:00,BLDG_A,2,A201,Lab,30,6,25.71,52.52,1,Monday,17,0,12,1,0,0,24,20.0,0.2,Low,0,0,Low Load
2026-01-12 17:15:00,BLDG_A,2,A202,Conference,25,0,22.96,55.3,1,Monday,17,15,12,1,0,0,25,0.0,0.0,Low,0,0,Low Load
2026-01-12 17:30:00,BLDG_B,1,B101,Office,8,2,24.75,44.27,1,Monday,17,30,12,1,0,0,6,25.0,0.25,Low,0,0,Low Load
2026-01-12 17:45:00,BLDG_B,1,B102,Office,15,3,23.06,43.74,1,Monday,17,45,12,1,0,0,12,20.0,0.2,Low,0,0,Low Load
2026-01-12 18:00:00,BLDG_B,1,B103,Meeting Room,18,2,24.05,54.69,0,Monday,18,0,12,1,0,0,16,11.11,0.111,Low,0,0,Low Load
2026-01-12 18:15:00,BLDG_B,2,B201,Training Room,35,0,23.55,43.38,0,Monday,18,15,12,1,0,0,35,0.0,0.0,Low,0,0,Low Load
2026-01-12 18:30:00,BLDG_B,2,B202,Conference,25,2,21.64,46.88,0,Monday,18,30,12,1,0,0,23,8.0,0.08,Low,0,0,Low Load
2026-01-12 18:45:00,BLDG_C,1,C101,Office,10,0,22.48,50.49,0,Monday,18,45,12,1,0,0,10,0.0,0.0,Low,0,0,Low Load
2026-01-12 19:00:00,BLDG_C,1,C102,Office,14,1,22.16,61.86,0,Monday,19,0,12,1,0,0,13,7.14,0.071,Low,0,0,Low Load
2026-01-12 19:15:00,BLDG_C,1,C103,Meeting Room,20,1,21.86,48.94,0,Monday,19,15,12,1,0,0,19,5.0,0.05,Low,0,0,Low Load
2026-01-12 19:30:00,BLDG_C,2,C201,Lab,30,0,23.05,52.52,0,Monday,19,30,12,1,0,0,30,0.0,0.0,Low,0,0,Low Load
2026-01-12 19:45:00,BLDG_C,2,C202,Training Room,40,0,22.06,48.69,0,Monday,19,45,12,1,0,0,40,0.0,0.0,Low,0,0,Low Load
2026-01-12 20:00:00,BLDG_A,1,A101,Office,10,2,20.66,44.91,0,Monday,20,0,12,1,0,0,8,20.0,0.2,Low,0,0,Low Load
2026-01-12 20:15:00,BLDG_A,1,A102,Office,12,2,24.33,49.79,0,Monday,20,15,12,1,0,0,10,16.67,0.167,Low,0,0,Low Load
2026-01-12 20:30:00,BLDG_A,1,A103,Meeting Room,20,0,23.44,38.71,0,Monday,20,30,12,1,0,0,20,0.0,0.0,Low,0,0,Low Load
2026-01-12 20:45:00,BLDG_A,2,A201,Lab,30,0,22.36,65.85,0,Monday,20,45,12,1,0,0,30,0.0,0.0,Low,0,0,Low Load
2026-01-12 21:00:00,BLDG_A,2,A202,Conference,25,0,22.82,62.94,0,Monday,21,0,12,1,0,0,25,0.0,0.0,Low,0,0,Low Load
2026-01-12 21:15:00,BLDG_B,1,B101,Office,8,2,22.01,54.88,0,Monday,21,15,12,1,0,0,6,25.0,0.25,Low,0,0,Low Load
2026-01-12 21:30:00,BLDG_B,1,B102,Office,15,3,20.87,62.19,0,Monday,21,30,12,1,0,0,12,20.0,0.2,Low,0,0,Low Load
2026-01-12 21:45:00,BLDG_B,1,B103,Meeting Room,18,0,22.82,53.3,0,Monday,21,45,12,1,0,0,18,0.0,0.0,Low,0,0,Low Load
2026-01-12 22:00:00,BLDG_B,2,B201,Training Room,35,0,21.52,56.93,0,Monday,22,0,12,1,0,0,35,0.0,0.0,Low,0,0,Low Load
2026-01-12 22:15:00,BLDG_B,2,B202,Conference,25,3,22.54,55.49,0,Monday,22,15,12,1,0,0,22,12.0,0.12,Low,0,0,Low Load
2026-01-12 22:30:00,BLDG_C,1,C101,Office,10,1,21.53,60.18,0,Monday,22,30,12,1,0,0,9,10.0,0.1,Low,0,0,Low Load
2026-01-12 22:45:00,BLDG_C,1,C102,Office,14,2,25.82,52.37,0,Monday,22,45,12,1,0,0,12,14.29,0.143,Low,0,0,Low Load
2026-01-12 23:00:00,BLDG_C,1,C103,Meeting Room,20,0,23.62,60.73,0,Monday,23,0,12,1,0,0,20,0.0,0.0,Low,0,0,Low Load
2026-01-12 23:15:00,BLDG_C,2,C201,Lab,30,0,22.22,58.79,0,Monday,23,15,12,1,0,0,30,0.0,0.0,Low,0,0,Low Load
2026-01-12 23:30:00,BLDG_C,2,C202,Training Room,40,0,22.21,55.63,0,Monday,23,30,12,1,0,0,40,0.0,0.0,Low,0,0,Low Load
2026-01-12 23:45:00,BLDG_A,1,A101,Office,10,1,21.97,42.1,0,Monday,23,45,12,1,0,0,9,10.0,0.1,Low,0,0,Low Load
2026-01-13 00:00:00,BLDG_A,1,A102,Office,12,0,21.19,45.81,0,Tuesday,0,0,13,1,1,0,12,0.0,0.0,Low,0,0,Low Load
2026-01-13 00:15:00,BLDG_A,1,A103,Meeting Room,20,0,21.27,50.08,0,Tuesday,0,15,13,1,1,0,20,0.0,0.0,Low,0,0,Low Load
2026-01-13 00:30:00,BLDG_A,2,A201,Lab,30,0,22.17,64.26,0,Tuesday,0,30,13,1,1,0,30,0.0,0.0,Low,0,0,Low Load
2026-01-13 00:45:00,BLDG_A,2,A202,Conference,25,2,22.72,51.77,0,Tuesday,0,45,13,1,1,0,23,8.0,0.08,Low,0,0,Low Load
2026-01-13 01:00:00,BLDG_B,1,B101,Office,8,0,23.09,59.09,0,Tuesday,1,0,13,1,1,0,8,0.0,0.0,Low,0,0,Low Load
2026-01-13 01:15:00,BLDG_B,1,B102,Office,15,0,22.74,40.78,0,Tuesday,1,15,13,1,1,0,15,0.0,0.0,Low,0,0,Low Load
2026-01-13 01:30:00,BLDG_B,1,B103,Meeting Room,18,1,23.61,53.04,0,Tuesday,1,30,13,1,1,0,17,5.56,0.056,Low,0,0,Low Load
2026-01-13 01:45:00,BLDG_B,2,B201,Training Room,35,7,21.64,56.52,0,Tuesday,1,45,13,1,1,0,28,20.0,0.2,Low,0,0,Low Load
2026-01-13 02:00:00,BLDG_B,2,B202,Conference,25,1,22.58,54.2,0,Tuesday,2,0,13,1,1,0,24,4.0,0.04,Low,0,0,Low Load
2026-01-13 02:15:00,BLDG_C,1,C101,Office,10,1,23.72,64.64,0,Tuesday,2,15,13,1,1,0,9,10.0,0.1,Low,0,0,Low Load
2026-01-13 02:30:00,BLDG_C,1,C102,Office,14,1,23.68,50.09,0,Tuesday,2,30,13,1,1,0,13,7.14,0.071,Low,0,0,Low Load
2026-01-13 02:45:00,BLDG_C,1,C103,Meeting Room,20,2,21.79,62.63,0,Tuesday,2,45,13,1,1,0,18,10.0,0.1,Low,0,0,Low Load
2026-01-13 03:00:00,BLDG_C,2,C201,Lab,30,8,22.55,39.65,0,Tuesday,3,0,13,1,1,0,22,26.67,0.267,Low,0,0,Low Load
2026-01-13 03:15:00,BLDG_C,2,C202,Training Room,40,0,24.18,58.87,0,Tuesday,3,15,13,1,1,0,40,0.0,0.0,Low,0,0,Low Load
2026-01-13 03:30:00,BLDG_A,1,A101,Office,10,1,23.91,58.39,0,Tuesday,3,30,13,1,1,0,9,10.0,0.1,Low,0,0,Low Load
2026-01-13 03:45:00,BLDG_A,1,A102,Office,12,2,23.8,65.65,0,Tuesday,3,45,13,1,1,0,10,16.67,0.167,Low,0,0,Low Load
2026-01-13 04:00:00,BLDG_A,1,A103,Meeting Room,20,1,23.79,52.85,0,Tuesday,4,0,13,1,1,0,19,5.0,0.05,Low,0,0,Low Load
2026-01-13 04:15:00,BLDG_A,2,A201,Lab,30,0,24.75,56.51,0,Tuesday,4,15,13,1,1,0,30,0.0,0.0,Low,0,0,Low Load
2026-01-13 04:30:00,BLDG_A,2,A202,Conference,25,3,22.85,50.89,0,Tuesday,4,30,13,1,1,0,22,12.0,0.12,Low,0,0,Low Load
2026-01-13 04:45:00,BLDG_B,1,B101,Office,8,0,24.42,58.89,0,Tuesday,4,45,13,1,1,0,8,0.0,0.0,Low,0,0,Low Load
2026-01-13 05:00:00,BLDG_B,1,B102,Office,15,0,22.44,67.48,0,Tuesday,5,0,13,1,1,0,15,0.0,0.0,Low,0,0,Low Load
2026-01-13 05:15:00,BLDG_B,1,B103,Meeting Room,18,0,20.54,68.25,0,Tuesday,5,15,13,1,1,0,18,0.0,0.0,Low,0,0,Low Load
2026-01-13 05:30:00,BLDG_B,2,B201,Training Room,35,3,22.62,52.4,0,Tuesday,5,30,13,1,1,0,32,8.57,0.086,Low,0,0,Low Load
2026-01-13 05:45:00,BLDG_B,2,B202,Conference,25,4,22.05,63.04,0,Tuesday,5,45,13,1,1,0,21,16.0,0.16,Low,0,0,Low Load
2026-01-13 06:00:00,BLDG_C,1,C101,Office,10,1,22.99,56.02,0,Tuesday,6,0,13,1,1,0,9,10.0,0.1,Low,0,0,Low Load
2026-01-13 06:15:00,BLDG_C,1,C102,Office,14,0,23.95,48.94,0,Tuesday,6,15,13,1,1,0,14,0.0,0.0,Low,0,0,Low Load
2026-01-13 06:30:00,BLDG_C,1,C103,Meeting Room,20,0,23.44,59.42,0,Tuesday,6,30,13,1,1,0,20,0.0,0.0,Low,0,0,Low Load
2026-01-13 06:45:00,BLDG_C,2,C201,Lab,30,2,23.19,52.76,0,Tuesday,6,45,13,1,1,0,28,6.67,0.067,Low,0,0,Low Load
2026-01-13 07:00:00,BLDG_C,2,C202,Training Room,40,4,22.65,51.59,0,Tuesday,7,0,13,1,1,0,36,10.0,0.1,Low,0,0,Low Load
2026-01-13 07:15:00,BLDG_A,1,A101,Office,10,0,25.12,42.86,0,Tuesday,7,15,13,1,1,0,10,0.0,0.0,Low,0,0,Low Load
2026-01-13 07:30:00,BLDG_A,1,A102,Office,12,1,20.69,54.24,0,Tuesday,7,30,13,1,1,0,11,8.33,0.083,Low,0,0,Low Load
2026-01-13 07:45:00,BLDG_A,1,A103,Meeting Room,20,0,20.2,57.72,0,Tuesday,7,45,13,1,1,0,20,0.0,0.0,Low,0,0,Low Load
2026-01-13 08:00:00,BLDG_A,2,A201,Lab,30,5,24.81,65.05,1,Tuesday,8,0,13,1,1,0,25,16.67,0.167,Low,0,0,Low Load
2026-01-13 08:15:00,BLDG_A,2,A202,Conference,25,9,23.86,64.3,1,Tuesday,8,15,13,1,1,0,16,36.0,0.36,Low,0,0,Low Load
2026-01-13 08:30:00,BLDG_B,1,B101,Office,8,3,22.67,56.41,1,Tuesday,8,30,13,1,1,0,5,37.5,0.375,Low,0,0,Low Load
2026-01-13 08:45:00,BLDG_B,1,B102,Office,15,4,24.36,70.91,1,Tuesday,8,45,13,1,1,0,11,26.67,0.267,Low,0,0,Low Load
2026-01-13 09:00:00,BLDG_B,1,B103,Meeting Room,18,11,24.02,54.49,1,Tuesday,9,0,13,1,1,0,7,61.11,0.611,Normal,0,1,Moderate Load
2026-01-13 09:15:00,BLDG_B,2,B201,Training Room,35,16,22.64,63.86,1,Tuesday,9,15,13,1,1,0,19,45.71,0.457,Low,0,1,Low Load
2026-01-13 09:30:00,BLDG_B,2,B202,Conference,25,15,24.96,54.39,1,Tuesday,9,30,13,1,1,0,10,60.0,0.6,Normal,0,1,Moderate Load
2026-01-13 09:45:00,BLDG_C,1,C101,Office,10,6,24.99,55.58,1,Tuesday,9,45,13,1,1,0,4,60.0,0.6,Normal,0,1,Moderate Load
2026-01-13 10:00:00,BLDG_C,1,C102,Office,14,10,24.55,49.17,1,Tuesday,10,0,13,1,1,0,4,71.43,0.714,Normal,0,1,Moderate Load
2026-01-13 10:15:00,BLDG_C,1,C103,Meeting Room,20,15,24.66,43.74,1,Tuesday,10,15,13,1,1,0,5,75.0,0.75,High,0,1,High Load
2026-01-13 10:30:00,BLDG_C,2,C201,Lab,30,12,24.14,41.6,1,Tuesday,10,30,13,1,1,0,18,40.0,0.4,Low,0,1,Low Load
2026-01-13 10:45:00,BLDG_C,2,C202,Training Room,40,21,25.49,54.39,1,Tuesday,10,45,13,1,1,0,19,52.5,0.525,Normal,0,1,Moderate Load
2026-01-13 11:00:00,BLDG_A,1,A101,Office,10,6,22.72,48.05,1,Tuesday,11,0,13,1,1,0,4,60.0,0.6,Normal,0,1,Moderate Load
2026-01-13 11:15:00,BLDG_A,1,A102,Office,12,7,22.2,43.32,1,Tuesday,11,15,13,1,1,0,5,58.33,0.583,Normal,0,1,Moderate Load
2026-01-13 11:30:00,BLDG_A,1,A103,Meeting Room,20,12,23.33,42.0,1,Tuesday,11,30,13,1,1,0,8,60.0,0.6,Normal,0,1,Moderate Load
2026-01-13 11:45:00,BLDG_A,2,A201,Lab,30,13,24.92,49.6,1,Tuesday,11,45,13,1,1,0,17,43.33,0.433,Low,0,1,Low Load
2026-01-13 12:00:00,BLDG_A,2,A202,Conference,25,11,22.98,65.76,1,Tuesday,12,0,13,1,1,0,14,44.0,0.44,Low,0,0,Low Load
2026-01-13 12:15:00,BLDG_B,1,B101,Office,8,3,23.61,64.47,1,Tuesday,12,15,13,1,1,0,5,37.5,0.375,Low,0,0,Low Load
2026-01-13 12:30:00,BLDG_B,1,B102,Office,15,8,23.75,55.63,1,Tuesday,12,30,13,1,1,0,7,53.33,0.533,Normal,0,0,Moderate Load
2026-01-13 12:45:00,BLDG_B,1,B103,Meeting Room,18,4,23.81,62.98,1,Tuesday,12,45,13,1,1,0,14,22.22,0.222,Low,0,0,Low Load
2026-01-13 13:00:00,BLDG_B,2,B201,Training Room,35,36,24.6,50.9,1,Tuesday,13,0,13,1,1,0,-1,102.86,1.029,Overcrowded,1,0,Overloaded
2026-01-13 13:15:00,BLDG_B,2,B202,Conference,25,9,22.64,48.3,1,Tuesday,13,15,13,1,1,0,16,36.0,0.36,Low,0,0,Low Load
2026-01-13 13:30:00,BLDG_C,1,C101,Office,10,5,25.77,51.4,1,Tuesday,13,30,13,1,1,0,5,50.0,0.5,Normal,0,0,Moderate Load
2026-01-13 13:45:00,BLDG_C,1,C102,Office,14,6,22.53,41.72,1,Tuesday,13,45,13,1,1,0,8,42.86,0.429,Low,0,0,Low Load
2026-01-13 14:00:00,BLDG_C,1,C103,Meeting Room,20,12,23.78,50.9,1,Tuesday,14,0,13,1,1,0,8,60.0,0.6,Normal,0,1,Moderate Load
2026-01-13 14:15:00,BLDG_C,2,C201,Lab,30,14,23.58,58.15,1,Tuesday,14,15,13,1,1,0,16,46.67,0.467,Low,0,1,Low Load
2026-01-13 14:30:00,BLDG_C,2,C202,Training Room,40,12,23.38,45.0,1,Tuesday,14,30,13,1,1,0,28,30.0,0.3,Low,0,1,Low Load
2026-01-13 14:45:00,BLDG_A,1,A101,Office,10,5,23.32,53.1,1,Tuesday,14,45,13,1,1,0,5,50.0,0.5,Normal,0,1,Moderate Load
2026-01-13 15:00:00,BLDG_A,1,A102,Office,12,7,24.63,65.05,1,Tuesday,15,0,13,1,1,0,5,58.33,0.583,Normal,0,1,Moderate Load
2026-01-13 15:15:00,BLDG_A,1,A103,Meeting Room,20,9,23.51,57.56,1,Tuesday,15,15,13,1,1,0,11,45.0,0.45,Low,0,1,Low Load
2026-01-13 15:30:00,BLDG_A,2,A201,Lab,30,18,21.67,58.18,1,Tuesday,15,30,13,1,1,0,12,60.0,0.6,Normal,0,1,Moderate Load
2026-01-13 15:45:00,BLDG_A,2,A202,Conference,25,14,24.99,50.17,1,Tuesday,15,45,13,1,1,0,11,56.0,0.56,Normal,0,1,Moderate Load
2026-01-13 16:00:00,BLDG_B,1,B101,Office,8,3,21.69,53.32,1,Tuesday,16,0,13,1,1,0,5,37.5,0.375,Low,0,1,Low Load
2026-01-13 16:15:00,BLDG_B,1,B102,Office,15,10,22.26,47.78,1,Tuesday,16,15,13,1,1,0,5,66.67,0.667,Normal,0,1,Moderate Load
2026-01-13 16:30:00,BLDG_B,1,B103,Meeting Room,18,9,25.48,61.68,1,Tuesday,16,30,13,1,1,0,9,50.0,0.5,Normal,0,1,Moderate Load
2026-01-13 16:45:00,BLDG_B,2,B201,Training Room,35,15,24.27,48.97,1,Tuesday,16,45,13,1,1,0,20,42.86,0.429,Low,0,1,Low Load
2026-01-13 17:00:00,BLDG_B,2,B202,Conference,25,7,24.8,63.3,1,Tuesday,17,0,13,1,1,0,18,28.0,0.28,Low,0,0,Low Load
2026-01-13 17:15:00,BLDG_C,1,C101,Office,10,3,24.28,34.97,1,Tuesday,17,15,13,1,1,0,7,30.0,0.3,Low,0,0,Low Load
2026-01-13 17:30:00,BLDG_C,1,C102,Office,14,4,23.74,59.95,1,Tuesday,17,30,13,1,1,0,10,28.57,0.286,Low,0,0,Low Load
2026-01-13 17:45:00,BLDG_C,1,C103,Meeting Room,20,4,23.63,55.47,1,Tuesday,17,45,13,1,1,0,16,20.0,0.2,Low,0,0,Low Load
2026-01-13 18:00:00,BLDG_C,2,C201,Lab,30,1,22.89,62.28,0,Tuesday,18,0,13,1,1,0,29,3.33,0.033,Low,0,0,Low Load
2026-01-13 18:15:00,BLDG_C,2,C202,Training Room,40,0,22.91,64.03,0,Tuesday,18,15,13,1,1,0,40,0.0,0.0,Low,0,0,Low Load
2026-01-13 18:30:00,BLDG_A,1,A101,Office,10,0,22.92,50.9,0,Tuesday,18,30,13,1,1,0,10,0.0,0.0,Low,0,0,Low Load
2026-01-13 18:45:00,BLDG_A,1,A102,Office,12,0,21.61,53.81,0,Tuesday,18,45,13,1,1,0,12,0.0,0.0,Low,0,0,Low Load
2026-01-13 19:00:00,BLDG_A,1,A103,Meeting Room,20,4,21.18,46.81,0,Tuesday,19,0,13,1,1,0,16,20.0,0.2,Low,0,0,Low Load
2026-01-13 19:15:00,BLDG_A,2,A201,Lab,30,0,24.77,51.76,0,Tuesday,19,15,13,1,1,0,30,0.0,0.0,Low,0,0,Low Load
2026-01-13 19:30:00,BLDG_A,2,A202,Conference,25,1,22.22,48.39,0,Tuesday,19,30,13,1,1,0,24,4.0,0.04,Low,0,0,Low Load
2026-01-13 19:45:00,BLDG_B,1,B101,Office,8,0,25.65,64.74,0,Tuesday,19,45,13,1,1,0,8,0.0,0.0,Low,0,0,Low Load
2026-01-13 20:00:00,BLDG_B,1,B102,Office,15,0,23.48,49.18,0,Tuesday,20,0,13,1,1,0,15,0.0,0.0,Low,0,0,Low Load
2026-01-13 20:15:00,BLDG_B,1,B103,Meeting Room,18,0,23.92,63.12,0,Tuesday,20,15,13,1,1,0,18,0.0,0.0,Low,0,0,Low Load
2026-01-13 20:30:00,BLDG_B,2,B201,Training Room,35,5,22.14,53.83,0,Tuesday,20,30,13,1,1,0,30,14.29,0.143,Low,0,0,Low Load
2026-01-13 20:45:00,BLDG_B,2,B202,Conference,25,3,23.17,52.24,0,Tuesday,20,45,13,1,1,0,22,12.0,0.12,Low,0,0,Low Load
2026-01-13 21:00:00,BLDG_C,1,C101,Office,10,0,22.84,62.55,0,Tuesday,21,0,13,1,1,0,10,0.0,0.0,Low,0,0,Low Load
2026-01-13 21:15:00,BLDG_C,1,C102,Office,14,0,23.47,57.32,0,Tuesday,21,15,13,1,1,0,14,0.0,0.0,Low,0,0,Low Load
2026-01-13 21:30:00,BLDG_C,1,C103,Meeting Room,20,2,23.75,50.14,0,Tuesday,21,30,13,1,1,0,18,10.0,0.1,Low,0,0,Low Load
2026-01-13 21:45:00,BLDG_C,2,C201,Lab,30,0,22.06,61.22,0,Tuesday,21,45,13,1,1,0,30,0.0,0.0,Low,0,0,Low Load
2026-01-13 22:00:00,BLDG_C,2,C202,Training Room,40,0,21.87,42.25,0,Tuesday,22,0,13,1,1,0,40,0.0,0.0,Low,0,0,Low Load
2026-01-13 22:15:00,BLDG_A,1,A101,Office,10,2,23.69,60.39,0,Tuesday,22,15,13,1,1,0,8,20.0,0.2,Low,0,0,Low Load
2026-01-13 22:30:00,BLDG_A,1,A102,Office,12,2,23.39,53.29,0,Tuesday,22,30,13,1,1,0,10,16.67,0.167,Low,0,0,Low Load
2026-01-13 22:45:00,BLDG_A,1,A103,Meeting Room,20,0,22.19,73.44,0,Tuesday,22,45,13,1,1,0,20,0.0,0.0,Low,0,0,Low Load
2026-01-13 23:00:00,BLDG_A,2,A201,Lab,30,3,22.14,58.26,0,Tuesday,23,0,13,1,1,0,27,10.0,0.1,Low,0,0,Low Load
2026-01-13 23:15:00,BLDG_A,2,A202,Conference,25,0,24.51,50.37,0,Tuesday,23,15,13,1,1,0,25,0.0,0.0,Low,0,0,Low Load
2026-01-13 23:30:00,BLDG_B,1,B101,Office,8,1,23.98,57.69,0,Tuesday,23,30,13,1,1,0,7,12.5,0.125,Low,0,0,Low Load
2026-01-13 23:45:00,BLDG_B,1,B102,Office,15,1,22.71,54.6,0,Tuesday,23,45,13,1,1,0,14,6.67,0.067,Low,0,0,Low Load
2026-01-14 00:00:00,BLDG_B,1,B103,Meeting Room,18,0,22.16,65.36,0,Wednesday,0,0,14,1,2,0,18,0.0,0.0,Low,0,0,Low Load
2026-01-14 00:15:00,BLDG_B,2,B201,Training Room,35,1,21.76,51.39,0,Wednesday,0,15,14,1,2,0,34,2.86,0.029,Low,0,0,Low Load
2026-01-14 00:30:00,BLDG_B,2,B202,Conference,25,4,23.51,58.92,0,Wednesday,0,30,14,1,2,0,21,16.0,0.16,Low,0,0,Low Load
2026-01-14 00:45:00,BLDG_C,1,C101,Office,10,0,23.39,50.5,0,Wednesday,0,45,14,1,2,0,10,0.0,0.0,Low,0,0,Low Load
2026-01-14 01:00:00,BLDG_C,1,C102,Office,14,0,23.86,61.12,0,Wednesday,1,0,14,1,2,0,14,0.0,0.0,Low,0,0,Low Load
2026-01-14 01:15:00,BLDG_C,1,C103,Meeting Room,20,0,21.67,55.76,0,Wednesday,1,15,14,1,2,0,20,0.0,0.0,Low,0,0,Low Load
2026-01-14 01:30:00,BLDG_C,2,C201,Lab,30,6,20.4,56.95,0,Wednesday,1,30,14,1,2,0,24,20.0,0.2,Low,0,0,Low Load
2026-01-14 01:45:00,BLDG_C,2,C202,Training Room,40,0,21.94,52.45,0,Wednesday,1,45,14,1,2,0,40,0.0,0.0,Low,0,0,Low Load
2026-01-14 02:00:00,BLDG_A,1,A101,Office,10,0,22.06,55.05,0,Wednesday,2,0,14,1,2,0,10,0.0,0.0,Low,0,0,Low Load
2026-01-14 02:15:00,BLDG_A,1,A102,Office,12,0,20.95,60.46,0,Wednesday,2,15,14,1,2,0,12,0.0,0.0,Low,0,0,Low Load
2026-01-14 02:30:00,BLDG_A,1,A103,Meeting Room,20,2,23.71,44.21,0,Wednesday,2,30,14,1,2,0,18,10.0,0.1,Low,0,0,Low Load
2026-01-14 02:45:00,BLDG_A,2,A201,Lab,30,2,23.51,47.78,0,Wednesday,2,45,14,1,2,0,28,6.67,0.067,Low,0,0,Low Load
2026-01-14 03:00:00,BLDG_A,2,A202,Conference,25,1,22.56,67.9,0,Wednesday,3,0,14,1,2,0,24,4.0,0.04,Low,0,0,Low Load
2026-01-14 03:15:00,BLDG_B,1,B101,Office,8,2,20.7,72.46,0,Wednesday,3,15,14,1,2,0,6,25.0,0.25,Low,0,0,Low Load
2026-01-14 03:30:00,BLDG_B,1,B102,Office,15,0,23.88,61.79,0,Wednesday,3,30,14,1,2,0,15,0.0,0.0,Low,0,0,Low Load
2026-01-14 03:45:00,BLDG_B,1,B103,Meeting Room,18,0,23.29,54.25,0,Wednesday,3,45,14,1,2,0,18,0.0,0.0,Low,0,0,Low Load
2026-01-14 04:00:00,BLDG_B,2,B201,Training Room,35,3,22.98,63.37,0,Wednesday,4,0,14,1,2,0,32,8.57,0.086,Low,0,0,Low Load
2026-01-14 04:15:00,BLDG_B,2,B202,Conference,25,1,22.5,62.67,0,Wednesday,4,15,14,1,2,0,24,4.0,0.04,Low,0,0,Low Load
2026-01-14 04:30:00,BLDG_C,1,C101,Office,10,1,23.58,50.35,0,Wednesday,4,30,14,1,2,0,9,10.0,0.1,Low,0,0,Low Load
2026-01-14 04:45:00,BLDG_C,1,C102,Office,14,0,22.02,50.65,0,Wednesday,4,45,14,1,2,0,14,0.0,0.0,Low,0,0,Low Load
2026-01-14 05:00:00,BLDG_C,1,C103,Meeting Room,20,2,23.87,53.91,0,Wednesday,5,0,14,1,2,0,18,10.0,0.1,Low,0,0,Low Load
2026-01-14 05:15:00,BLDG_C,2,C201,Lab,30,5,24.34,56.7,0,Wednesday,5,15,14,1,2,0,25,16.67,0.167,Low,0,0,Low Load
2026-01-14 05:30:00,BLDG_C,2,C202,Training Room,40,0,24.59,54.57,0,Wednesday,5,30,14,1,2,0,40,0.0,0.0,Low,0,0,Low Load
2026-01-14 05:45:00,BLDG_A,1,A101,Office,10,1,22.29,48.77,0,Wednesday,5,45,14,1,2,0,9,10.0,0.1,Low,0,0,Low Load
2026-01-14 06:00:00,BLDG_A,1,A102,Office,12,0,23.46,49.52,0,Wednesday,6,0,14,1,2,0,12,0.0,0.0,Low,0,0,Low Load
2026-01-14 06:15:00,BLDG_A,1,A103,Meeting Room,20,7,21.4,46.2,0,Wednesday,6,15,14,1,2,0,13,35.0,0.35,Low,0,0,Low Load
2026-01-14 06:30:00,BLDG_A,2,A201,Lab,30,3,24.54,55.45,0,Wednesday,6,30,14,1,2,0,27,10.0,0.1,Low,0,0,Low Load
2026-01-14 06:45:00,BLDG_A,2,A202,Conference,25,2,20.49,50.26,0,Wednesday,6,45,14,1,2,0,23,8.0,0.08,Low,0,0,Low Load
2026-01-14 07:00:00,BLDG_B,1,B101,Office,8,0,20.43,55.82,0,Wednesday,7,0,14,1,2,0,8,0.0,0.0,Low,0,0,Low Load
2026-01-14 07:15:00,BLDG_B,1,B102,Office,15,0,21.11,51.24,0,Wednesday,7,15,14,1,2,0,15,0.0,0.0,Low,0,0,Low Load
2026-01-14 07:30:00,BLDG_B,1,B103,Meeting Room,18,0,23.18,57.14,0,Wednesday,7,30,14,1,2,0,18,0.0,0.0,Low,0,0,Low Load
2026-01-14 07:45:00,BLDG_B,2,B201,Training Room,35,4,23.6,62.99,0,Wednesday,7,45,14,1,2,0,31,11.43,0.114,Low,0,0,Low Load
2026-01-14 08:00:00,BLDG_B,2,B202,Conference,25,5,24.41,55.99,1,Wednesday,8,0,14,1,2,0,20,20.0,0.2,Low,0,0,Low Load
2026-01-14 08:15:00,BLDG_C,1,C101,Office,10,2,22.82,57.95,1,Wednesday,8,15,14,1,2,0,8,20.0,0.2,Low,0,0,Low Load
2026-01-14 08:30:00,BLDG_C,1,C102,Office,14,3,23.03,50.36,1,Wednesday,8,30,14,1,2,0,11,21.43,0.214,Low,0,0,Low Load
2026-01-14 08:45:00,BLDG_C,1,C103,Meeting Room,20,3,24.97,55.55,1,Wednesday,8,45,14,1,2,0,17,15.0,0.15,Low,0,0,Low Load
2026-01-14 09:00:00,BLDG_C,2,C201,Lab,30,12,23.13,45.15,1,Wednesday,9,0,14,1,2,0,18,40.0,0.4,Low,0,1,Low Load
2026-01-14 09:15:00,BLDG_C,2,C202,Training Room,40,21,23.31,55.29,1,Wednesday,9,15,14,1,2,0,19,52.5,0.525,Normal,0,1,Moderate Load
2026-01-14 09:30:00,BLDG_A,1,A101,Office,10,7,22.36,58.81,1,Wednesday,9,30,14,1,2,0,3,70.0,0.7,Normal,0,1,Moderate Load
2026-01-14 09:45:00,BLDG_A,1,A102,Office,12,7,23.8,39.35,1,Wednesday,9,45,14,1,2,0,5,58.33,0.583,Normal,0,1,Moderate Load
2026-01-14 10:00:00,BLDG_A,1,A103,Meeting Room,20,11,25.69,67.82,1,Wednesday,10,0,14,1,2,0,9,55.0,0.55,Normal,0,1,Moderate Load
2026-01-14 10:15:00,BLDG_A,2,A201,Lab,30,12,22.93,56.57,1,Wednesday,10,15,14,1,2,0,18,40.0,0.4,Low,0,1,Low Load
2026-01-14 10:30:00,BLDG_A,2,A202,Conference,25,8,22.99,61.29,1,Wednesday,10,30,14,1,2,0,17,32.0,0.32,Low,0,1,Low Load
2026-01-14 10:45:00,BLDG_B,1,B101,Office,8,5,22.18,52.82,1,Wednesday,10,45,14,1,2,0,3,62.5,0.625,Normal,0,1,Moderate Load
2026-01-14 11:00:00,BLDG_B,1,B102,Office,15,8,25.21,62.39,1,Wednesday,11,0,14,1,2,0,7,53.33,0.533,Normal,0,1,Moderate Load
2026-01-14 11:15:00,BLDG_B,1,B103,Meeting Room,18,8,21.68,64.95,1,Wednesday,11,15,14,1,2,0,10,44.44,0.444,Low,0,1,Low Load
2026-01-14 11:30:00,BLDG_B,2,B201,Training Room,35,13,25.77,63.86,1,Wednesday,11,30,14,1,2,0,22,37.14,0.371,Low,0,1,Low Load
2026-01-14 11:45:00,BLDG_B,2,B202,Conference,25,11,23.64,56.59,1,Wednesday,11,45,14,1,2,0,14,44.0,0.44,Low,0,1,Low Load
2026-01-14 12:00:00,BLDG_C,1,C101,Office,10,5,24.67,63.18,1,Wednesday,12,0,14,1,2,0,5,50.0,0.5,Normal,0,0,Moderate Load
2026-01-14 12:15:00,BLDG_C,1,C102,Office,14,4,23.45,37.39,1,Wednesday,12,15,14,1,2,0,10,28.57,0.286,Low,0,0,Low Load
2026-01-14 12:30:00,BLDG_C,1,C103,Meeting Room,20,2,24.44,55.8,1,Wednesday,12,30,14,1,2,0,18,10.0,0.1,Low,0,0,Low Load
2026-01-14 12:45:00,BLDG_C,2,C201,Lab,30,10,22.28,54.81,1,Wednesday,12,45,14,1,2,0,20,33.33,0.333,Low,0,0,Low Load
2026-01-14 13:00:00,BLDG_C,2,C202,Training Room,40,12,23.83,43.8,1,Wednesday,13,0,14,1,2,0,28,30.0,0.3,Low,0,0,Low Load
2026-01-14 13:15:00,BLDG_A,1,A101,Office,10,5,26.24,54.77,1,Wednesday,13,15,14,1,2,0,5,50.0,0.5,Normal,0,0,Moderate Load
2026-01-14 13:30:00,BLDG_A,1,A102,Office,12,6,23.76,50.91,1,Wednesday,13,30,14,1,2,0,6,50.0,0.5,Normal,0,0,Moderate Load
2026-01-14 13:45:00,BLDG_A,1,A103,Meeting Room,20,7,22.86,54.12,1,Wednesday,13,45,14,1,2,0,13,35.0,0.35,Low,0,0,Low Load
2026-01-14 14:00:00,BLDG_A,2,A201,Lab,30,12,23.69,65.82,1,Wednesday,14,0,14,1,2,0,18,40.0,0.4,Low,0,1,Low Load
2026-01-14 14:15:00,BLDG_A,2,A202,Conference,25,10,22.21,51.87,1,Wednesday,14,15,14,1,2,0,15,40.0,0.4,Low,0,1,Low Load
2026-01-14 14:30:00,BLDG_B,1,B101,Office,8,5,24.07,64.69,1,Wednesday,14,30,14,1,2,0,3,62.5,0.625,Normal,0,1,Moderate Load
2026-01-14 14:45:00,BLDG_B,1,B102,Office,15,9,23.73,71.73,1,Wednesday,14,45,14,1,2,0,6,60.0,0.6,Normal,0,1,Moderate Load
2026-01-14 15:00:00,BLDG_B,1,B103,Meeting Room,18,8,22.35,71.32,1,Wednesday,15,0,14,1,2,0,10,44.44,0.444,Low,0,1,Low Load
2026-01-14 15:15:00,BLDG_B,2,B201,Training Room,35,42,24.63,68.76,1,Wednesday,15,15,14,1,2,0,-7,120.0,1.2,Overcrowded,1,1,Overloaded
2026-01-14 15:30:00,BLDG_B,2,B202,Conference,25,7,23.24,41.18,1,Wednesday,15,30,14,1,2,0,18,28.0,0.28,Low,0,1,Low Load
2026-01-14 15:45:00,BLDG_C,1,C101,Office,10,7,24.69,71.52,1,Wednesday,15,45,14,1,2,0,3,70.0,0.7,Normal,0,1,Moderate Load
2026-01-14 16:00:00,BLDG_C,1,C102,Office,14,7,23.94,61.91,1,Wednesday,16,0,14,1,2,0,7,50.0,0.5,Normal,0,1,Moderate Load
2026-01-14 16:15:00,BLDG_C,1,C103,Meeting Room,20,9,25.07,57.65,1,Wednesday,16,15,14,1,2,0,11,45.0,0.45,Low,0,1,Low Load
2026-01-14 16:30:00,BLDG_C,2,C201,Lab,30,8,25.6,57.81,1,Wednesday,16,30,14,1,2,0,22,26.67,0.267,Low,0,1,Low Load
2026-01-14 16:45:00,BLDG_C,2,C202,Training Room,40,13,23.82,60.15,1,Wednesday,16,45,14,1,2,0,27,32.5,0.325,Low,0,1,Low Load
2026-01-14 17:00:00,BLDG_A,1,A101,Office,10,1,24.13,54.3,1,Wednesday,17,0,14,1,2,0,9,10.0,0.1,Low,0,0,Low Load
2026-01-14 17:15:00,BLDG_A,1,A102,Office,12,4,24.23,62.64,1,Wednesday,17,15,14,1,2,0,8,33.33,0.333,Low,0,0,Low Load
2026-01-14 17:30:00,BLDG_A,1,A103,Meeting Room,20,5,23.68,49.16,1,Wednesday,17,30,14,1,2,0,15,25.0,0.25,Low,0,0,Low Load
2026-01-14 17:45:00,BLDG_A,2,A201,Lab,30,6,23.66,48.77,1,Wednesday,17,45,14,1,2,0,24,20.0,0.2,Low,0,0,Low Load
2026-01-14 18:00:00,BLDG_A,2,A202,Conference,25,0,22.94,52.39,0,Wednesday,18,0,14,1,2,0,25,0.0,0.0,Low,0,0,Low Load
2026-01-14 18:15:00,BLDG_B,1,B101,Office,8,1,23.33,61.22,0,Wednesday,18,15,14,1,2,0,7,12.5,0.125,Low,0,0,Low Load
2026-01-14 18:30:00,BLDG_B,1,B102,Office,15,3,23.9,48.46,0,Wednesday,18,30,14,1,2,0,12,20.0,0.2,Low,0,0,Low Load
2026-01-14 18:45:00,BLDG_B,1,B103,Meeting Room,18,0,22.61,51.84,0,Wednesday,18,45,14,1,2,0,18,0.0,0.0,Low,0,0,Low Load
2026-01-14 19:00:00,BLDG_B,2,B201,Training Room,35,0,22.17,51.68,0,Wednesday,19,0,14,1,2,0,35,0.0,0.0,Low,0,0,Low Load
2026-01-14 19:15:00,BLDG_B,2,B202,Conference,25,0,22.32,63.25,0,Wednesday,19,15,14,1,2,0,25,0.0,0.0,Low,0,0,Low Load
2026-01-14 19:30:00,BLDG_C,1,C101,Office,10,1,25.67,56.19,0,Wednesday,19,30,14,1,2,0,9,10.0,0.1,Low,0,0,Low Load
2026-01-14 19:45:00,BLDG_C,1,C102,Office,14,0,22.7,56.8,0,Wednesday,19,45,14,1,2,0,14,0.0,0.0,Low,0,0,Low Load
2026-01-14 20:00:00,BLDG_C,1,C103,Meeting Room,20,2,25.19,49.08,0,Wednesday,20,0,14,1,2,0,18,10.0,0.1,Low,0,0,Low Load
2026-01-14 20:15:00,BLDG_C,2,C201,Lab,30,4,22.95,44.0,0,Wednesday,20,15,14,1,2,0,26,13.33,0.133,Low,0,0,Low Load
2026-01-14 20:30:00,BLDG_C,2,C202,Training Room,40,4,24.22,49.0,0,Wednesday,20,30,14,1,2,0,36,10.0,0.1,Low,0,0,Low Load
2026-01-14 20:45:00,BLDG_A,1,A101,Office,10,0,20.63,46.19,0,Wednesday,20,45,14,1,2,0,10,0.0,0.0,Low,0,0,Low Load
2026-01-14 21:00:00,BLDG_A,1,A102,Office,12,2,22.14,47.24,0,Wednesday,21,0,14,1,2,0,10,16.67,0.167,Low,0,0,Low Load
2026-01-14 21:15:00,BLDG_A,1,A103,Meeting Room,20,1,22.07,51.7,0,Wednesday,21,15,14,1,2,0,19,5.0,0.05,Low,0,0,Low Load
2026-01-14 21:30:00,BLDG_A,2,A201,Lab,30,3,21.31,48.66,0,Wednesday,21,30,14,1,2,0,27,10.0,0.1,Low,0,0,Low Load
2026-01-14 21:45:00,BLDG_A,2,A202,Conference,25,1,23.86,63.67,0,Wednesday,21,45,14,1,2,0,24,4.0,0.04,Low,0,0,Low Load
2026-01-14 22:00:00,BLDG_B,1,B101,Office,8,0,23.82,49.51,0,Wednesday,22,0,14,1,2,0,8,0.0,0.0,Low,0,0,Low Load
2026-01-14 22:15:00,BLDG_B,1,B102,Office,15,3,21.34,64.3,0,Wednesday,22,15,14,1,2,0,12,20.0,0.2,Low,0,0,Low Load
2026-01-14 22:30:00,BLDG_B,1,B103,Meeting Room,18,0,25.12,59.14,0,Wednesday,22,30,14,1,2,0,18,0.0,0.0,Low,0,0,Low Load
2026-01-14 22:45:00,BLDG_B,2,B201,Training Room,35,0,22.07,60.47,0,Wednesday,22,45,14,1,2,0,35,0.0,0.0,Low,0,0,Low Load
2026-01-14 23:00:00,BLDG_B,2,B202,Conference,25,3,22.62,55.31,0,Wednesday,23,0,14,1,2,0,22,12.0,0.12,Low,0,0,Low Load
2026-01-14 23:15:00,BLDG_C,1,C101,Office,10,1,22.86,45.95,0,Wednesday,23,15,14,1,2,0,9,10.0,0.1,Low,0,0,Low Load
2026-01-14 23:30:00,BLDG_C,1,C102,Office,14,0,22.98,63.51,0,Wednesday,23,30,14,1,2,0,14,0.0,0.0,Low,0,0,Low Load
2026-01-14 23:45:00,BLDG_C,1,C103,Meeting Room,20,4,23.64,57.01,0,Wednesday,23,45,14,1,2,0,16,20.0,0.2,Low,0,0,Low Load
2026-01-15 00:00:00,BLDG_C,2,C201,Lab,30,3,21.9,53.93,0,Thursday,0,0,15,1,3,0,27,10.0,0.1,Low,0,0,Low Load
2026-01-15 00:15:00,BLDG_C,2,C202,Training Room,40,0,21.2,57.33,0,Thursday,0,15,15,1,3,0,40,0.0,0.0,Low,0,0,Low Load
2026-01-15 00:30:00,BLDG_A,1,A101,Office,10,1,23.53,58.82,0,Thursday,0,30,15,1,3,0,9,10.0,0.1,Low,0,0,Low Load
2026-01-15 00:45:00,BLDG_A,1,A102,Office,12,1,23.37,54.7,0,Thursday,0,45,15,1,3,0,11,8.33,0.083,Low,0,0,Low Load
2026-01-15 01:00:00,BLDG_A,1,A103,Meeting Room,20,2,21.83,57.59,0,Thursday,1,0,15,1,3,0,18,10.0,0.1,Low,0,0,Low Load
2026-01-15 01:15:00,BLDG_A,2,A201,Lab,30,3,21.9,55.36,0,Thursday,1,15,15,1,3,0,27,10.0,0.1,Low,0,0,Low Load
2026-01-15 01:30:00,BLDG_A,2,A202,Conference,25,0,22.07,47.13,0,Thursday,1,30,15,1,3,0,25,0.0,0.0,Low,0,0,Low Load
2026-01-15 01:45:00,BLDG_B,1,B101,Office,8,1,23.98,58.76,0,Thursday,1,45,15,1,3,0,7,12.5,0.125,Low,0,0,Low Load
2026-01-15 02:00:00,BLDG_B,1,B102,Office,15,4,22.47,76.22,0,Thursday,2,0,15,1,3,0,11,26.67,0.267,Low,0,0,Low Load
2026-01-15 02:15:00,BLDG_B,1,B103,Meeting Room,18,0,23.01,52.22,0,Thursday,2,15,15,1,3,0,18,0.0,0.0,Low,0,0,Low Load
2026-01-15 02:30:00,BLDG_B,2,B201,Training Room,35,2,23.7,54.2,0,Thursday,2,30,15,1,3,0,33,5.71,0.057,Low,0,0,Low Load
2026-01-15 02:45:00,BLDG_B,2,B202,Conference,25,5,22.99,56.89,0,Thursday,2,45,15,1,3,0,20,20.0,0.2,Low,0,0,Low Load
2026-01-15 03:00:00,BLDG_C,1,C101,Office,10,0,23.2,54.06,0,Thursday,3,0,15,1,3,0,10,0.0,0.0,Low,0,0,Low Load
2026-01-15 03:15:00,BLDG_C,1,C102,Office,14,0,21.77,73.7,0,Thursday,3,15,15,1,3,0,14,0.0,0.0,Low,0,0,Low Load
2026-01-15 03:30:00,BLDG_C,1,C103,Meeting Room,20,0,20.95,50.11,0,Thursday,3,30,15,1,3,0,20,0.0,0.0,Low,0,0,Low Load
2026-01-15 03:45:00,BLDG_C,2,C201,Lab,30,1,23.36,58.88,0,Thursday,3,45,15,1,3,0,29,3.33,0.033,Low,0,0,Low Load
2026-01-15 04:00:00,BLDG_C,2,C202,Training Room,40,4,21.93,57.38,0,Thursday,4,0,15,1,3,0,36,10.0,0.1,Low,0,0,Low Load
2026-01-15 04:15:00,BLDG_A,1,A101,Office,10,0,21.96,48.58,0,Thursday,4,15,15,1,3,0,10,0.0,0.0,Low,0,0,Low Load
2026-01-15 04:30:00,BLDG_A,1,A102,Office,12,0,23.98,59.82,0,Thursday,4,30,15,1,3,0,12,0.0,0.0,Low,0,0,Low Load
2026-01-15 04:45:00,BLDG_A,1,A103,Meeting Room,20,3,22.75,60.44,0,Thursday,4,45,15,1,3,0,17,15.0,0.15,Low,0,0,Low Load
2026-01-15 05:00:00,BLDG_A,2,A201,Lab,30,0,23.74,56.24,0,Thursday,5,0,15,1,3,0,30,0.0,0.0,Low,0,0,Low Load
2026-01-15 05:15:00,BLDG_A,2,A202,Conference,25,2,23.16,48.09,0,Thursday,5,15,15,1,3,0,23,8.0,0.08,Low,0,0,Low Load
2026-01-15 05:30:00,BLDG_B,1,B101,Office,8,0,21.85,58.95,0,Thursday,5,30,15,1,3,0,8,0.0,0.0,Low,0,0,Low Load
2026-01-15 05:45:00,BLDG_B,1,B102,Office,15,2,21.06,48.13,0,Thursday,5,45,15,1,3,0,13,13.33,0.133,Low,0,0,Low Load
2026-01-15 06:00:00,BLDG_B,1,B103,Meeting Room,18,0,22.27,45.47,0,Thursday,6,0,15,1,3,0,18,0.0,0.0,Low,0,0,Low Load
2026-01-15 06:15:00,BLDG_B,2,B201,Training Room,35,0,21.71,55.6,0,Thursday,6,15,15,1,3,0,35,0.0,0.0,Low,0,0,Low Load
2026-01-15 06:30:00,BLDG_B,2,B202,Conference,25,0,22.56,62.41,0,Thursday,6,30,15,1,3,0,25,0.0,0.0,Low,0,0,Low Load
2026-01-15 06:45:00,BLDG_C,1,C101,Office,10,0,22.45,62.17,0,Thursday,6,45,15,1,3,0,10,0.0,0.0,Low,0,0,Low Load
2026-01-15 07:00:00,BLDG_C,1,C102,Office,14,0,22.01,63.14,0,Thursday,7,0,15,1,3,0,14,0.0,0.0,Low,0,0,Low Load
2026-01-15 07:15:00,BLDG_C,1,C103,Meeting Room,20,0,24.03,58.0,0,Thursday,7,15,15,1,3,0,20,0.0,0.0,Low,0,0,Low Load
2026-01-15 07:30:00,BLDG_C,2,C201,Lab,30,0,23.28,57.24,0,Thursday,7,30,15,1,3,0,30,0.0,0.0,Low,0,0,Low Load
2026-01-15 07:45:00,BLDG_C,2,C202,Training Room,40,5,22.04,55.29,0,Thursday,7,45,15,1,3,0,35,12.5,0.125,Low,0,0,Low Load
2026-01-15 08:00:00,BLDG_A,1,A101,Office,10,2,22.57,62.12,1,Thursday,8,0,15,1,3,0,8,20.0,0.2,Low,0,0,Low Load
2026-01-15 08:15:00,BLDG_A,1,A102,Office,12,4,25.25,70.64,1,Thursday,8,15,15,1,3,0,8,33.33,0.333,Low,0,0,Low Load
2026-01-15 08:30:00,BLDG_A,1,A103,Meeting Room,20,7,23.9,43.37,1,Thursday,8,30,15,1,3,0,13,35.0,0.35,Low,0,0,Low Load
2026-01-15 08:45:00,BLDG_A,2,A201,Lab,30,36,22.7,54.56,1,Thursday,8,45,15,1,3,0,-6,120.0,1.2,Overcrowded,1,0,Overloaded
2026-01-15 09:00:00,BLDG_A,2,A202,Conference,25,13,23.26,65.57,1,Thursday,9,0,15,1,3,0,12,52.0,0.52,Normal,0,1,Moderate Load
2026-01-15 09:15:00,BLDG_B,1,B101,Office,8,4,23.22,58.82,1,Thursday,9,15,15,1,3,0,4,50.0,0.5,Normal,0,1,Moderate Load
2026-01-15 09:30:00,BLDG_B,1,B102,Office,15,11,24.89,46.94,1,Thursday,9,30,15,1,3,0,4,73.33,0.733,Normal,0,1,Moderate Load
2026-01-15 09:45:00,BLDG_B,1,B103,Meeting Room,18,11,24.11,56.81,1,Thursday,9,45,15,1,3,0,7,61.11,0.611,Normal,0,1,Moderate Load
2026-01-15 10:00:00,BLDG_B,2,B201,Training Room,35,16,22.79,45.55,1,Thursday,10,0,15,1,3,0,19,45.71,0.457,Low,0,1,Low Load
2026-01-15 10:15:00,BLDG_B,2,B202,Conference,25,14,25.18,54.69,1,Thursday,10,15,15,1,3,0,11,56.0,0.56,Normal,0,1,Moderate Load
2026-01-15 10:30:00,BLDG_C,1,C101,Office,10,5,23.36,57.39,1,Thursday,10,30,15,1,3,0,5,50.0,0.5,Normal,0,1,Moderate Load
2026-01-15 10:45:00,BLDG_C,1,C102,Office,14,7,22.75,52.64,1,Thursday,10,45,15,1,3,0,7,50.0,0.5,Normal,0,1,Moderate Load
2026-01-15 11:00:00,BLDG_C,1,C103,Meeting Room,20,11,24.2,66.28,1,Thursday,11,0,15,1,3,0,9,55.0,0.55,Normal,0,1,Moderate Load
2026-01-15 11:15:00,BLDG_C,2,C201,Lab,30,13,20.5,54.73,1,Thursday,11,15,15,1,3,0,17,43.33,0.433,Low,0,1,Low Load
2026-01-15 11:30:00,BLDG_C,2,C202,Training Room,40,16,25.1,52.72,1,Thursday,11,30,15,1,3,0,24,40.0,0.4,Low,0,1,Low Load
2026-01-15 11:45:00,BLDG_A,1,A101,Office,10,10,22.44,61.73,1,Thursday,11,45,15,1,3,0,0,100.0,1.0,Critical,0,1,High Load
2026-01-15 12:00:00,BLDG_A,1,A102,Office,12,2,23.32,67.21,1,Thursday,12,0,15,1,3,0,10,16.67,0.167,Low,0,0,Low Load
2026-01-15 12:15:00,BLDG_A,1,A103,Meeting Room,20,8,25.37,49.82,1,Thursday,12,15,15,1,3,0,12,40.0,0.4,Low,0,0,Low Load
2026-01-15 12:30:00,BLDG_A,2,A201,Lab,30,12,25.09,52.16,1,Thursday,12,30,15,1,3,0,18,40.0,0.4,Low,0,0,Low Load
2026-01-15 12:45:00,BLDG_A,2,A202,Conference,25,5,24.13,51.54,1,Thursday,12,45,15,1,3,0,20,20.0,0.2,Low,0,0,Low Load
2026-01-15 13:00:00,BLDG_B,1,B101,Office,8,9,24.33,54.57,1,Thursday,13,0,15,1,3,0,-1,112.5,1.125,Overcrowded,1,0,Overloaded
2026-01-15 13:15:00,BLDG_B,1,B102,Office,15,18,26.27,61.58,1,Thursday,13,15,15,1,3,0,-3,120.0,1.2,Overcrowded,1,0,Overloaded
2026-01-15 13:30:00,BLDG_B,1,B103,Meeting Room,18,8,24.42,58.39,1,Thursday,13,30,15,1,3,0,10,44.44,0.444,Low,0,0,Low Load
2026-01-15 13:45:00,BLDG_B,2,B201,Training Room,35,12,23.27,51.46,1,Thursday,13,45,15,1,3,0,23,34.29,0.343,Low,0,0,Low Load
2026-01-15 14:00:00,BLDG_B,2,B202,Conference,25,12,23.97,62.61,1,Thursday,14,0,15,1,3,0,13,48.0,0.48,Low,0,1,Low Load
2026-01-15 14:15:00,BLDG_C,1,C101,Office,10,11,25.16,60.42,1,Thursday,14,15,15,1,3,0,-1,110.0,1.1,Overcrowded,1,1,Overloaded
2026-01-15 14:30:00,BLDG_C,1,C102,Office,14,5,24.0,60.45,1,Thursday,14,30,15,1,3,0,9,35.71,0.357,Low,0,1,Low Load
2026-01-15 14:45:00,BLDG_C,1,C103,Meeting Room,20,12,24.5,55.45,1,Thursday,14,45,15,1,3,0,8,60.0,0.6,Normal,0,1,Moderate Load
2026-01-15 15:00:00,BLDG_C,2,C201,Lab,30,12,23.82,54.76,1,Thursday,15,0,15,1,3,0,18,40.0,0.4,Low,0,1,Low Load
2026-01-15 15:15:00,BLDG_C,2,C202,Training Room,40,8,23.87,53.03,1,Thursday,15,15,15,1,3,0,32,20.0,0.2,Low,0,1,Low Load
2026-01-15 15:30:00,BLDG_A,1,A101,Office,10,5,22.51,43.6,1,Thursday,15,30,15,1,3,0,5,50.0,0.5,Normal,0,1,Moderate Load
2026-01-15 15:45:00,BLDG_A,1,A102,Office,12,6,25.83,60.47,1,Thursday,15,45,15,1,3,0,6,50.0,0.5,Normal,0,1,Moderate Load
2026-01-15 16:00:00,BLDG_A,1,A103,Meeting Room,20,7,24.11,56.24,1,Thursday,16,0,15,1,3,0,13,35.0,0.35,Low,0,1,Low Load
2026-01-15 16:15:00,BLDG_A,2,A201,Lab,30,15,23.88,57.94,1,Thursday,16,15,15,1,3,0,15,50.0,0.5,Normal,0,1,Moderate Load
2026-01-15 16:30:00,BLDG_A,2,A202,Conference,25,13,23.39,36.07,1,Thursday,16,30,15,1,3,0,12,52.0,0.52,Normal,0,1,Moderate Load
2026-01-15 16:45:00,BLDG_B,1,B101,Office,8,4,22.58,56.16,1,Thursday,16,45,15,1,3,0,4,50.0,0.5,Normal,0,1,Moderate Load
2026-01-15 17:00:00,BLDG_B,1,B102,Office,15,4,24.06,48.5,1,Thursday,17,0,15,1,3,0,11,26.67,0.267,Low,0,0,Low Load
2026-01-15 17:15:00,BLDG_B,1,B103,Meeting Room,18,5,23.84,53.02,1,Thursday,17,15,15,1,3,0,13,27.78,0.278,Low,0,0,Low Load
2026-01-15 17:30:00,BLDG_B,2,B201,Training Room,35,7,23.49,44.25,1,Thursday,17,30,15,1,3,0,28,20.0,0.2,Low,0,0,Low Load
2026-01-15 17:45:00,BLDG_B,2,B202,Conference,25,1,23.79,50.74,1,Thursday,17,45,15,1,3,0,24,4.0,0.04,Low,0,0,Low Load
