Record_ID,Timestamp,Building_ID,Energy_Cost,Maintenance_Cost,Security_Cost,Administrative_Cost,Total_Operational_Cost,Budget,Budget_Compliance_Percent,Savings_Opportunity,Cost_Reduction_Percent,Investment_Amount,ROI_Generated_Percent,Facility_Health_Score,Optimization_Count,Resource_Utilization_Percent,Vendor_Utilization_Percent,Year,Month,Day,Hour,Day_of_Week,Day_of_Week_Num,Is_Weekend,Energy_Cost_Percent,Maintenance_Cost_Percent,Security_Cost_Percent,Administrative_Cost_Percent,Budget_Status,Savings_Category,Cost_Reduction_Category,ROI_Category,Facility_Health_Category,Resource_Utilization_Category,Vendor_Utilization_Category,Optimization_Category,Savings_Opportunity_Percent,Cost_Efficiency_Score
1,2026-01-01 00:00:00,BLDG_C,4009.86,2159.0,1877.07,2126.81,10172.74,10323.97,1.46,1383.81,9.92,11781.94,57.36,84.24,13,55.43,85.8,2026,1,1,0,Thursday,3,0,39.41769867312052,21.223387209345763,18.45196082864597,20.906953288887753,Within Budget,High,Moderate,Very High,Good,Moderate,Very High,Very High,13.603119710127261,51.74
2,2026-01-01 06:00:00,BLDG_A,5298.11,1680.57,1106.08,1985.66,10070.42,12038.92,16.35,1262.26,14.29,730.17,61.85,70.73,7,69.58,69.56,2026,1,1,6,Thursday,3,0,52.6106160418334,16.68818182359822,10.983454513317218,19.71774762125115,Within Budget,High,High,Very High,Fair,Moderate,Moderate,Moderate,12.534333225426547,54.11
3,2026-01-01 12:00:00,BLDG_C,5897.61,2596.93,1205.59,1823.18,11523.31,13467.49,14.44,602.12,8.42,6784.37,45.88,92.91,8,87.82,41.35,2026,1,1,12,Thursday,3,0,51.17982593543001,22.53631985948482,10.462184910412025,15.821669294673146,Within Budget,Moderate,Moderate,High,Excellent,Very High,Low,High,5.225234763275482,58.76
4,2026-01-01 18:00:00,BLDG_C,3838.18,2823.81,1714.0,972.67,9348.66,9681.94,3.44,1354.79,15.73,4429.58,35.47,73.6,15,54.67,51.32,2026,1,1,18,Thursday,3,0,41.05593742846568,30.205505387937947,18.334178374226894,10.40437880936947,Within Budget,High,Very High,High,Fair,Moderate,Moderate,Very High,14.49180952136456,44.87
5,2026-01-02 00:00:00,BLDG_A,2005.21,740.96,1043.96,695.71,4485.84,5297.42,15.32,180.56,18.98,3685.38,28.08,78.8,5,57.09,62.8,2026,1,2,0,Friday,4,0,44.70088099441799,16.517753642573073,23.272341412087812,15.509023950921122,Within Budget,Low,Very High,Moderate,Good,Moderate,Moderate,Moderate,4.025110124302249,45.74
6,2026-01-02 06:00:00,BLDG_A,2559.86,1280.28,515.02,1652.32,6007.48,6416.79,6.38,924.91,12.27,4360.62,35.98,62.41,15,48.14,70.55,2026,1,2,6,Friday,4,0,42.611211356508896,21.311431748420304,8.572979019489036,27.504377875581774,Within Budget,Moderate,High,High,Fair,Low,High,Very High,15.39597302030136,39.7
7,2026-01-02 12:00:00,BLDG_C,1898.05,2697.06,533.8,1607.36,6736.27,7244.34,7.01,466.75,16.23,7847.09,18.85,70.47,9,52.33,65.81,2026,1,2,12,Friday,4,0,28.176572494867337,40.03788446721999,7.9242666935856185,23.861276344327052,Within Budget,Low,Very High,Moderate,Fair,Moderate,Moderate,High,6.928908728420921,39.47
8,2026-01-02 18:00:00,BLDG_B,4870.34,1782.54,607.65,876.77,8137.3,9612.42,15.35,1084.93,15.73,2693.23,27.86,85.72,7,52.33,87.63,2026,1,2,18,Friday,4,0,59.85203937423962,21.905791847418676,7.4674646381477885,10.774704140193922,Within Budget,High,Very High,Moderate,Good,Moderate,Very High,Moderate,13.332800806164208,45.41
9,2026-01-03 00:00:00,BLDG_C,3361.88,2554.96,1965.43,612.49,8494.76,9395.4,9.59,1431.82,4.7,10997.9,48.92,87.98,13,55.17,88.81,2026,1,3,0,Saturday,5,1,39.57592680664315,30.07689446199775,23.136969143330713,7.210209588028385,Within Budget,High,Low,High,Good,Moderate,Very High,Very High,16.85533199289915,49.19
10,2026-01-03 06:00:00,BLDG_C,4349.65,1671.5,1250.01,661.42,7932.58,8151.14,2.68,642.33,7.3,5860.32,20.39,69.23,13,59.31,45.57,2026,1,3,6,Saturday,5,1,54.83272781364953,21.071328621961584,15.757924912197547,8.338018652191343,Within Budget,Moderate,Moderate,Moderate,Fair,Moderate,Low,Very High,8.097365548157095,39.06
11,2026-01-03 12:00:00,BLDG_C,4118.4,1794.11,1683.19,2485.54,10081.24,10825.35,6.87,1062.91,20.08,4244.13,23.05,79.15,7,85.75,47.2,2026,1,3,12,Saturday,5,1,40.85211739825656,17.79652106288512,16.696259587114284,24.655101951744033,Within Budget,High,Very High,Moderate,Good,Very High,Low,Moderate,10.54344505239435,52.01
12,2026-01-03 18:00:00,BLDG_C,2183.17,1144.3,1107.24,2067.17,6501.88,7440.88,12.62,646.73,20.9,9303.61,50.71,91.07,8,90.79,58.62,2026,1,3,18,Saturday,5,1,33.57751911754754,17.599525060444055,17.029536072643605,31.793419749364798,Within Budget,Moderate,Very High,Very High,Excellent,Very High,Moderate,High,9.946815382627793,63.37
13,2026-01-04 00:00:00,BLDG_A,3695.33,1423.05,865.68,2343.97,8328.03,8618.15,3.37,446.73,18.05,687.99,18.14,74.44,12,65.31,61.9,2026,1,4,0,Sunday,6,1,44.37219846710446,17.08747446875191,10.394775234959527,28.14555182918409,Within Budget,Low,Very High,Moderate,Fair,Moderate,Moderate,High,5.364173760180979,43.98
14,2026-01-04 06:00:00,BLDG_C,2836.64,2395.15,1024.95,890.11,7146.85,7990.51,10.56,847.24,20.58,5466.31,22.02,65.08,4,51.41,70.48,2026,1,4,6,Sunday,6,1,39.69077285797239,33.51336602839013,14.341283222678522,12.454577890958953,Within Budget,Moderate,Very High,Moderate,Fair,Moderate,High,Moderate,11.854733204138885,39.77
15,2026-01-04 12:00:00,BLDG_B,3766.48,1912.86,1829.53,2421.14,9930.01,11310.83,12.21,1404.6,9.51,4585.99,9.0,76.41,10,56.19,80.2,2026,1,4,12,Sunday,6,1,37.93027398763949,19.263424709542086,18.424251335094326,24.382049967724097,Within Budget,High,Moderate,Low,Good,Moderate,High,High,14.145000861026322,37.78
16,2026-01-04 18:00:00,BLDG_A,2756.82,2868.05,1525.39,785.31,7935.57,8481.3,6.43,1329.46,8.46,4389.41,49.04,82.82,13,81.81,47.06,2026,1,4,18,Sunday,6,1,34.74003757764093,36.14170122625092,19.22218567790342,9.896075518204741,Within Budget,High,Moderate,High,Good,High,Low,Very High,16.75317589032672,55.53
17,2026-01-05 00:00:00,BLDG_B,5750.13,3087.24,2087.75,1518.16,12443.28,14170.11,12.19,1961.31,10.92,4376.32,43.22,60.28,13,78.87,81.74,2026,1,5,0,Monday,0,0,46.210725789341716,24.81050012536887,16.778132453822465,12.200641631466945,Within Budget,High,High,High,Fair,High,High,Very High,15.762001658726637,48.32
18,2026-01-05 06:00:00,BLDG_B,2618.71,2216.61,1623.47,2159.39,8618.18,10142.23,15.03,917.86,5.0,859.62,47.58,73.25,6,93.36,71.72,2026,1,5,6,Monday,0,0,30.385881937949776,25.720163654042967,18.837736041716465,25.056218366290793,Within Budget,Moderate,Low,High,Fair,Very High,High,Moderate,10.650276508497154,54.8
19,2026-01-05 12:00:00,BLDG_B,6315.67,2823.15,1426.33,1199.61,11764.76,12875.63,8.63,1621.8,18.58,2249.34,20.22,83.08,5,45.72,91.01,2026,1,5,12,Monday,0,0,53.68294805843893,23.99666461534277,12.123749230753537,10.19663809546476,Within Budget,High,Very High,Moderate,Good,Low,Very High,Moderate,13.785236587911696,41.9
20,2026-01-05 18:00:00,BLDG_B,3754.76,1559.33,1498.35,1349.66,8162.1,8787.17,7.11,1225.27,21.72,2131.68,47.18,96.17,1,82.54,73.86,2026,1,5,18,Monday,0,0,46.00237683929381,19.104519670182917,18.357408019994853,16.53569547052842,Within Budget,High,Very High,High,Excellent,High,High,Low,15.01170042023499,61.9
21,2026-01-06 00:00:00,BLDG_A,5777.35,1861.92,2096.27,756.37,10491.91,11018.94,4.78,1091.4,18.83,11869.02,41.99,75.52,15,70.29,77.24,2026,1,6,0,Tuesday,1,0,55.06480707516553,17.746244487419354,19.97987020475776,7.209078232657353,Within Budget,High,Very High,High,Good,High,High,Very High,10.402300439100221,51.66
22,2026-01-06 06:00:00,BLDG_A,4755.19,2695.78,1818.76,745.84,10015.57,11225.86,10.78,473.88,13.99,754.91,28.87,66.19,14,90.13,50.15,2026,1,6,6,Tuesday,1,0,47.47797679013775,26.915891956224165,18.159325929527725,7.44680532411036,Within Budget,Low,High,Moderate,Fair,Very High,Moderate,Very High,4.731433158572104,49.8
23,2026-01-06 12:00:00,BLDG_B,5256.15,1781.39,443.27,1739.14,9219.95,10842.39,14.96,882.25,9.32,2421.35,32.96,80.3,13,73.81,79.98,2026,1,6,12,Tuesday,1,0,57.00844364665751,19.3210375327415,4.807726723029951,18.862792097571027,Within Budget,Moderate,Moderate,High,Good,High,High,Very High,9.56892390956567,49.1
24,2026-01-06 18:00:00,BLDG_B,5408.3,2347.81,1361.45,1851.06,10968.62,11680.84,6.1,1715.18,7.56,11703.01,40.37,70.86,9,67.33,44.12,2026,1,6,18,Tuesday,1,0,49.30702312597209,21.4047892989273,12.412226879953904,16.8759606951467,Within Budget,High,Moderate,High,Fair,Moderate,Low,High,15.637153990201135,46.53
25,2026-01-07 00:00:00,BLDG_A,4172.77,1219.04,1639.01,2054.67,9085.49,9805.49,7.34,1085.68,10.55,7724.95,36.12,68.16,2,78.29,74.14,2026,1,7,0,Wednesday,2,0,45.92784758994837,13.417438134872198,18.03986356266971,22.61485071250973,Within Budget,High,High,High,Fair,High,High,Low,11.949603158442748,48.28
26,2026-01-07 06:00:00,BLDG_A,4353.51,2379.36,1747.66,1613.36,10093.89,10914.78,7.52,1399.71,16.01,5682.67,44.58,82.44,6,86.68,42.89,2026,1,7,6,Wednesday,2,0,43.13015101214695,23.572279864353586,17.314038492593046,15.98353063090642,Within Budget,High,Very High,High,Good,Very High,Low,Moderate,13.866903641708006,57.43
27,2026-01-07 12:00:00,BLDG_A,4215.78,3112.24,783.66,1791.52,9903.2,11013.97,10.09,572.31,12.05,1405.75,18.32,94.8,15,59.12,45.99,2026,1,7,12,Wednesday,2,0,42.56987640358672,31.42660958074157,7.913199773810485,18.090314241861215,Within Budget,Moderate,High,Moderate,Excellent,Moderate,Low,Very High,5.779041118022456,46.07
28,2026-01-07 18:00:00,BLDG_C,4563.87,3132.19,1960.92,527.03,10184.01,10649.23,4.37,1778.64,20.81,8201.1,38.82,91.74,15,50.38,45.61,2026,1,7,18,Wednesday,2,0,44.814076184135715,30.755959587628055,19.25489075521332,5.175073473022905,Within Budget,High,Very High,High,Excellent,Moderate,Low,Very High,17.465026055551792,50.44
29,2026-01-08 00:00:00,BLDG_C,1938.15,2728.16,2120.52,824.34,7611.17,8862.77,14.12,689.66,19.38,2084.73,33.67,66.93,8,66.65,42.73,2026,1,8,0,Thursday,3,0,25.464547500581386,35.84416062182292,27.86063115132102,10.830660726274672,Within Budget,Moderate,Very High,High,Fair,Moderate,Low,High,9.061156169156646,46.66
30,2026-01-08 06:00:00,BLDG_C,3658.92,2788.11,826.09,2469.83,9742.95,10318.96,5.58,1247.54,5.84,8218.64,34.28,89.1,3,55.73,56.7,2026,1,8,6,Thursday,3,0,37.55453943620772,28.616692069650362,8.478848808625724,25.34991968551619,Within Budget,High,Moderate,High,Good,Moderate,Moderate,Low,12.804540719186694,46.24
31,2026-01-08 12:00:00,BLDG_B,4649.09,2262.2,1988.71,651.99,9551.99,10899.51,12.36,313.6,6.37,11760.53,34.75,68.74,5,66.48,91.71,2026,1,8,12,Thursday,3,0,48.6714286761188,23.683023118742792,20.81985010453319,6.825698100605214,Within Budget,Low,Moderate,High,Fair,Moderate,Very High,Moderate,3.2830855141180013,44.08
32,2026-01-08 18:00:00,BLDG_C,4609.3,2337.07,574.56,1857.58,9378.51,10341.15,9.31,460.47,16.17,6617.69,58.24,71.05,14,94.55,58.11,2026,1,8,18,Thursday,3,0,49.14746585545039,24.919416837002895,6.126346295946797,19.80677101159992,Within Budget,Low,Very High,Very High,Fair,Very High,Moderate,Very High,4.909841755246836,60.0
33,2026-01-09 00:00:00,BLDG_B,5526.89,1074.22,500.27,852.17,7953.55,8885.54,10.49,1171.6,8.15,2961.97,54.66,94.96,7,73.71,79.56,2026,1,9,0,Friday,4,0,69.48959898410145,13.506170200727977,6.289895706948469,10.714335108222114,Within Budget,High,Moderate,Very High,Excellent,High,High,Moderate,14.730529134788867,57.87
34,2026-01-09 06:00:00,BLDG_B,4878.54,1942.81,632.6,1933.44,9387.39,9724.6,3.47,1644.63,18.24,7690.76,43.89,94.62,4,79.68,46.88,2026,1,9,6,Friday,4,0,51.96907766695536,20.6959548926805,6.738827299174745,20.596140141189405,Within Budget,High,Very High,High,Excellent,High,Low,Moderate,17.519566141387543,59.11
35,2026-01-09 12:00:00,BLDG_C,6463.03,1962.17,503.93,1911.98,10841.11,12434.8,12.82,845.7,14.64,6398.69,48.84,66.41,14,78.9,63.63,2026,1,9,12,Friday,4,0,59.61594338587099,18.099345915685756,4.648324756413319,17.636385942029918,Within Budget,Moderate,High,High,Fair,High,Moderate,Very High,7.800861719879237,52.2
36,2026-01-09 18:00:00,BLDG_B,3134.12,3383.79,1921.02,968.4,9407.33,9762.21,3.64,334.69,8.14,6631.11,10.44,62.44,12,86.04,49.63,2026,1,9,18,Friday,4,0,33.315722952208546,35.96971723113785,20.42045936519714,10.29410045145647,Within Budget,Low,Moderate,Low,Fair,Very High,Low,High,3.557757620919007,41.76
37,2026-01-10 00:00:00,BLDG_C,3488.01,1907.04,506.29,1039.27,6940.61,7098.13,2.22,583.91,12.62,5998.23,50.41,71.14,5,92.21,49.99,2026,1,10,0,Saturday,5,1,50.255092852069204,27.476547450440236,7.2946037884278185,14.97375590906275,Within Budget,Moderate,High,Very High,Fair,Very High,Low,Moderate,8.41294929408222,56.6
38,2026-01-10 06:00:00,BLDG_C,3604.08,2238.16,889.0,1809.54,8540.78,9474.59,9.86,278.6,11.31,8248.02,35.71,82.11,1,77.94,45.18,2026,1,10,6,Saturday,5,1,42.1984877259454,26.205569046386863,10.408885371125354,21.187057856542374,Within Budget,Low,High,High,Good,High,Low,Low,3.261997147801489,51.77
39,2026-01-10 12:00:00,BLDG_A,3989.32,2193.1,586.76,1280.17,8049.35,9191.23,12.42,473.75,19.72,7077.37,26.11,93.32,4,68.8,62.47,2026,1,10,12,Saturday,5,1,49.56077198780026,27.245678222465163,7.289532695186568,15.904017094548006,Within Budget,Low,Very High,Moderate,Excellent,Moderate,Moderate,Moderate,5.885568399932914,51.99
40,2026-01-10 18:00:00,BLDG_C,5729.19,2482.93,931.76,889.1,10032.98,10133.38,0.99,1433.42,4.58,11850.44,15.97,64.52,14,60.89,43.93,2026,1,10,18,Saturday,5,1,57.103572418164894,24.747682144288138,9.286971567769497,8.861773869777474,Within Budget,High,Low,Moderate,Fair,Moderate,Low,Very High,14.287081206182012,36.49
41,2026-01-11 00:00:00,BLDG_A,2908.22,2795.05,563.01,1963.36,8229.64,8343.86,1.37,1403.67,20.13,9997.43,12.29,75.77,14,63.01,87.31,2026,1,11,0,Sunday,6,1,35.33836230989448,33.96321102745686,6.841247004729248,23.85717965791942,Within Budget,High,Very High,Low,Good,Moderate,Very High,Very High,17.056274636557617,42.8
42,2026-01-11 06:00:00,BLDG_C,5447.2,1330.12,1602.41,808.3,9188.03,10663.04,13.83,396.16,15.74,3544.03,10.56,70.33,7,61.72,63.29,2026,1,11,6,Sunday,6,1,59.2858316744721,14.47666148238523,17.440191205296458,8.797315637846197,Within Budget,Low,Very High,Low,Fair,Moderate,Moderate,Moderate,4.311696849052518,39.59
43,2026-01-11 12:00:00,BLDG_C,3704.96,2180.43,639.99,2211.29,8736.67,10150.32,13.93,993.23,17.28,8846.2,17.22,60.57,12,61.22,83.61,2026,1,11,12,Sunday,6,1,42.40700404158564,24.957220542838403,7.325331047183882,25.310444368392076,Within Budget,Moderate,Very High,Moderate,Fair,Moderate,High,High,11.36851912685268,39.07
44,2026-01-11 18:00:00,BLDG_A,4628.72,3012.57,1933.32,1529.34,11103.95,11648.72,4.68,755.98,4.05,2964.45,9.72,89.96,10,79.73,90.93,2026,1,11,18,Sunday,6,1,41.68534620562953,27.130615681806923,17.411101454887675,13.77293665767587,Within Budget,Moderate,Low,Low,Good,High,Very High,High,6.808207889985095,45.86
45,2026-01-12 00:00:00,BLDG_A,4772.94,1996.72,1870.94,711.4,9352.0,10502.72,10.96,475.63,15.31,9496.98,49.76,90.9,7,74.39,75.24,2026,1,12,0,Monday,0,0,51.03656971770744,21.350727117194182,20.005774165953806,7.606928999144567,Within Budget,Low,Very High,High,Excellent,High,High,Moderate,5.085863986313088,57.59
46,2026-01-12 06:00:00,BLDG_C,3552.39,1479.68,424.59,1888.14,7344.8,7995.81,8.14,461.6,14.59,2196.91,22.17,68.41,10,55.1,86.88,2026,1,12,6,Monday,0,0,48.366054895980824,20.145953599825727,5.7808245289184175,25.707166975275026,Within Budget,Low,High,Moderate,Fair,Moderate,Very High,High,6.284718440257054,40.07
47,2026-01-12 12:00:00,BLDG_B,4209.29,2533.19,2012.31,1538.33,10293.12,11595.6,11.23,1200.84,13.67,5945.87,29.02,65.75,10,93.48,47.04,2026,1,12,12,Monday,0,0,40.89420894733569,24.610516539202884,19.550048964745383,14.945225548716035,Within Budget,High,High,Moderate,Fair,Very High,Low,High,11.66643350121246,50.48
48,2026-01-12 18:00:00,BLDG_A,3741.25,3006.55,452.1,1096.12,8296.02,9727.71,14.72,329.93,18.15,9591.97,54.89,65.49,4,66.39,83.16,2026,1,12,18,Monday,0,0,45.096925995838966,36.24087212904501,5.449601134037767,13.212600741078251,Within Budget,Low,Very High,Very High,Fair,Moderate,High,Moderate,3.976967268642072,51.23
49,2026-01-13 00:00:00,BLDG_B,2124.92,876.79,831.36,1345.08,5178.15,5260.85,1.57,492.61,14.01,3721.3,14.54,77.63,12,73.3,54.1,2026,1,13,0,Tuesday,1,0,41.03627743499126,16.93249519616079,16.055154833289883,25.976072535558064,Within Budget,Low,High,Low,Good,High,Moderate,High,9.513243146683662,44.87
50,2026-01-13 06:00:00,BLDG_B,3854.68,2875.01,458.3,1096.68,8284.67,9573.74,13.46,416.59,19.43,10126.87,55.63,69.37,6,80.13,64.58,2026,1,13,6,Tuesday,1,0,46.527864115287635,34.70277029742887,5.531904107224548,13.237461480058954,Within Budget,Low,Very High,Very High,Fair,High,Moderate,Moderate,5.028444102179084,56.14
51,2026-01-13 12:00:00,BLDG_B,2257.75,3000.61,1004.52,1026.05,7288.93,8007.66,8.98,516.8,8.19,7907.73,44.45,79.43,13,75.68,73.62,2026,1,13,12,Tuesday,1,0,30.975053951677406,41.166673297726824,13.781446659523414,14.07682609107235,Within Budget,Moderate,Moderate,High,Good,High,High,Very High,7.090203911959642,51.94
52,2026-01-13 18:00:00,BLDG_A,3703.6,1992.26,1324.96,827.22,7848.04,8733.5,10.14,460.0,18.51,5071.51,27.5,74.62,5,60.55,86.98,2026,1,13,18,Tuesday,1,0,47.19140065545028,25.385446557356993,16.882686632585973,10.540466154606756,Within Budget,Low,Very High,Moderate,Fair,Moderate,Very High,Moderate,5.861336078817132,45.3
53,2026-01-14 00:00:00,BLDG_B,4586.72,3453.26,1833.96,1225.53,11099.47,12551.13,11.57,1803.07,7.23,5369.29,14.72,68.01,1,84.89,87.37,2026,1,14,0,Wednesday,2,0,41.32377491898262,31.111935975321348,16.522951095863135,11.041338009832902,Within Budget,High,Moderate,Low,Fair,High,Very High,Low,16.244649519301372,43.71
54,2026-01-14 06:00:00,BLDG_A,4523.25,2902.78,1008.37,1001.97,9436.37,11177.61,15.58,1285.25,18.64,11148.9,13.22,88.55,8,50.51,44.79,2026,1,14,6,Wednesday,2,0,47.93421622933395,30.761617020104126,10.685994720427452,10.618172030134469,Within Budget,High,Very High,Low,Good,Moderate,Low,High,13.620173859227647,42.73
55,2026-01-14 12:00:00,BLDG_B,4914.32,2866.26,1669.88,1866.87,11317.33,11445.71,1.12,1813.82,20.93,3004.6,27.12,65.71,12,73.45,58.96,2026,1,14,12,Wednesday,2,0,43.42296283664079,25.326291625321524,14.755070321356717,16.495675216680965,Within Budget,High,Very High,Moderate,Fair,High,Moderate,High,16.02692507861837,46.8
56,2026-01-14 18:00:00,BLDG_C,2247.73,2793.95,737.51,1867.75,7646.94,7692.02,0.59,669.26,10.04,8473.67,16.0,90.36,7,58.67,81.25,2026,1,14,18,Wednesday,2,0,29.39384904288513,36.53683695700502,9.644511399330975,24.424802600778875,Within Budget,Moderate,High,Moderate,Excellent,Moderate,High,Moderate,8.75199753103856,43.77
57,2026-01-15 00:00:00,BLDG_C,4864.98,1121.7,1751.08,1503.68,9241.44,9570.92,3.44,711.7,13.54,8633.88,23.26,81.33,15,75.79,76.56,2026,1,15,0,Thursday,3,0,52.64309458266243,12.137718797070587,18.948129295867307,16.27105732439966,Within Budget,Moderate,High,Moderate,Good,High,High,Very High,7.701180768365104,48.48
58,2026-01-15 06:00:00,BLDG_A,3267.1,1308.25,824.79,2055.89,7456.03,8927.03,16.48,649.33,15.85,11108.17,11.02,91.62,5,55.9,41.37,2026,1,15,6,Thursday,3,0,43.81822498031794,17.54620086024332,11.062053130151032,27.5735210292877,Within Budget,Moderate,Very High,Low,Excellent,Moderate,Low,Moderate,8.708790066563573,43.6
59,2026-01-15 12:00:00,BLDG_C,3675.52,1999.17,658.38,2182.68,8515.75,9733.63,12.51,279.17,5.43,8701.39,41.92,60.18,13,83.61,63.39,2026,1,15,12,Thursday,3,0,43.161436162404954,23.476147139124564,7.731321375099082,25.6310953233714,Within Budget,Low,Moderate,High,Fair,High,Moderate,Very High,3.2782784839855563,47.78
60,2026-01-15 18:00:00,BLDG_C,5832.54,1439.21,733.74,1659.53,9665.02,10853.12,10.95,1340.59,12.89,7221.38,16.28,88.47,10,56.38,83.12,2026,1,15,18,Thursday,3,0,60.346900472011434,14.890915900846558,7.591707001123639,17.170476626018363,Within Budget,High,High,Moderate,Good,Moderate,High,High,13.870535187718183,43.5
61,2026-01-16 00:00:00,BLDG_B,1842.44,1862.67,727.71,1737.87,6170.69,6228.74,0.93,508.87,10.49,10879.01,51.13,61.96,10,89.52,78.36,2026,1,16,0,Friday,4,0,29.85792512668762,30.18576528718831,11.793008561441267,28.163301024682813,Within Budget,Moderate,High,Very High,Fair,Very High,High,High,8.246565619079876,53.28
62,2026-01-16 06:00:00,BLDG_A,4565.54,3187.7,1323.15,1065.77,10142.16,11925.38,14.95,780.93,19.7,10035.02,20.44,96.1,7,88.08,61.42,2026,1,16,6,Friday,4,0,45.01546021754735,31.43018844112102,13.046037530466883,10.508313810864747,Within Budget,Moderate,Very High,Moderate,Excellent,Very High,Moderate,Moderate,7.69983908753165,56.08
63,2026-01-16 12:00:00,BLDG_B,4613.96,3008.12,1920.64,2289.74,11832.46,13755.84,13.98,1416.6,19.78,8742.93,53.48,86.7,15,63.12,78.23,2026,1,16,12,Friday,4,0,38.99408914122676,25.42260865449788,16.23195852764345,19.351343676631906,Within Budget,High,Very High,Very High,Good,Moderate,High,Very High,11.97215118411556,55.77
64,2026-01-16 18:00:00,BLDG_B,3664.3,2464.11,543.29,548.41,7220.11,8180.1,11.74,689.07,16.61,874.65,18.82,72.17,10,64.29,68.66,2026,1,16,18,Friday,4,0,50.75130434300863,34.12842740623066,7.524677601864791,7.59559064889593,Within Budget,Moderate,Very High,Moderate,Fair,Moderate,Moderate,High,9.543760413622508,42.97
65,2026-01-17 00:00:00,BLDG_B,2914.03,3102.74,1672.52,1197.2,8886.49,9489.23,6.35,1574.03,15.8,4795.48,49.12,72.15,3,80.08,87.46,2026,1,17,0,Saturday,5,1,32.79168715657138,34.9152477524872,18.820929298294377,13.472135792647041,Within Budget,High,Very High,High,Fair,High,Very High,Low,17.712617692699816,54.29
66,2026-01-17 06:00:00,BLDG_B,2902.97,2894.56,1577.82,1943.6,9318.95,9450.36,1.39,777.55,17.21,7766.73,26.99,92.74,8,49.52,70.53,2026,1,17,6,Saturday,5,1,31.151256311065083,31.061010092338726,16.931306638623447,20.85642695797273,Within Budget,Moderate,Very High,Moderate,Excellent,Low,High,High,8.34375117368373,46.62
67,2026-01-17 12:00:00,BLDG_B,5953.44,1901.16,1970.54,660.18,10485.32,11701.7,10.39,1280.09,10.59,6505.88,41.24,94.31,5,49.05,60.84,2026,1,17,12,Saturday,5,1,56.77881075637177,18.131635467491694,18.793322473706095,6.296231302430446,Within Budget,High,High,High,Excellent,Low,Moderate,Moderate,12.208401841813126,48.8
68,2026-01-17 18:00:00,BLDG_B,3877.51,1262.98,839.47,866.34,6846.3,7831.75,12.58,525.44,11.28,4172.16,10.2,93.88,2,51.82,84.87,2026,1,17,18,Saturday,5,1,56.6365774213809,18.447628646130028,12.261659582548237,12.654134349940843,Within Budget,Moderate,High,Low,Excellent,Moderate,High,Low,7.674802448037626,41.79
69,2026-01-18 00:00:00,BLDG_B,3355.18,2139.76,1210.2,1678.57,8383.71,8541.73,1.85,1497.24,13.97,2160.88,36.23,90.73,2,73.12,42.59,2026,1,18,0,Sunday,6,1,40.02022970737299,25.522829391760933,14.435136711551333,20.021804189314757,Within Budget,High,High,High,Excellent,High,Low,Low,17.858919261281702,53.51
70,2026-01-18 06:00:00,BLDG_A,3909.25,2761.44,2066.49,1619.99,10357.17,11669.98,11.25,1002.23,20.88,6859.46,16.48,91.12,4,52.45,86.83,2026,1,18,6,Sunday,6,1,37.744383842304416,26.66210943723044,19.95226495268495,15.641241767780196,Within Budget,High,Very High,Moderate,Excellent,Moderate,Very High,Moderate,9.676678088705698,45.23
71,2026-01-18 12:00:00,BLDG_C,4946.13,1921.97,1587.99,1977.86,10433.95,11031.54,5.42,1305.49,17.03,3788.05,35.72,81.77,7,58.88,76.21,2026,1,18,12,Sunday,6,1,47.40419495972282,18.42034895701053,15.21945188543169,18.95600419783495,Within Budget,High,Very High,High,Good,Moderate,High,Moderate,12.511944182212872,48.35
72,2026-01-18 18:00:00,BLDG_B,2485.06,2566.96,1099.78,2125.23,8277.03,9542.16,13.26,405.64,13.92,3179.51,16.06,61.07,14,77.35,88.91,2026,1,18,18,Sunday,6,1,30.02357125683971,31.013056615718437,13.287133186662365,25.676238940779484,Within Budget,Low,High,Moderate,Fair,High,Very High,Very High,4.900791709103386,42.1
73,2026-01-19 00:00:00,BLDG_B,3912.34,964.12,636.54,757.16,6270.16,6946.86,9.74,877.53,17.87,5088.02,32.91,63.3,10,45.78,53.03,2026,1,19,0,Monday,0,0,62.39617489824821,15.376322135320311,10.151894050550544,12.075608915880935,Within Budget,Moderate,Very High,High,Fair,Low,Moderate,High,13.995336642127153,39.97
74,2026-01-19 06:00:00,BLDG_B,4563.06,2794.41,872.47,536.76,8766.7,8992.95,2.52,617.01,10.68,9533.15,14.31,84.68,4,54.01,76.14,2026,1,19,6,Monday,0,0,52.0499161600146,31.875278040767903,9.952091436914689,6.122714362302804,Within Budget,Moderate,High,Low,Good,Moderate,High,Moderate,7.038110121254292,40.92
75,2026-01-19 12:00:00,BLDG_B,6258.34,2975.6,1446.19,1879.28,12559.41,13881.96,9.53,1221.93,17.15,6110.32,20.54,75.24,9,91.5,82.09,2026,1,19,12,Monday,0,0,49.82988850590912,23.692195732124357,11.514792494233408,14.963123267733117,Within Budget,High,Very High,Moderate,Good,Very High,High,High,9.729199062694825,51.11
76,2026-01-19 18:00:00,BLDG_B,2986.88,2679.15,1692.7,1102.78,8461.51,9131.22,7.33,1374.74,11.39,2989.66,41.92,81.56,2,78.18,76.51,2026,1,19,18,Monday,0,0,35.29960964414153,31.662788320287987,20.004703652185015,13.032898383385472,Within Budget,High,High,High,Good,High,High,Low,16.246981921666464,53.26
77,2026-01-20 00:00:00,BLDG_B,3488.48,3408.34,623.96,1751.97,9272.75,9607.23,3.48,1628.14,9.03,1844.39,63.67,68.78,6,60.28,50.94,2026,1,20,0,Tuesday,1,0,37.62077053732711,36.756517753632956,6.728963899598285,18.893747809441646,Within Budget,High,Moderate,Very High,Fair,Moderate,Moderate,Moderate,17.55832951389825,50.44
78,2026-01-20 06:00:00,BLDG_C,3582.99,3014.63,1479.28,801.09,8877.99,10372.18,14.41,831.74,14.98,6238.35,33.6,84.68,4,47.27,54.33,2026,1,20,6,Tuesday,1,0,40.35812160184907,33.956222072789,16.662330099493243,9.023326225868693,Within Budget,Moderate,High,High,Good,Low,Moderate,Moderate,9.368562028116726,45.13
79,2026-01-20 12:00:00,BLDG_C,4646.03,3228.66,1390.63,1438.08,10703.4,10727.01,0.22,1661.39,16.36,9635.21,47.17,69.23,6,74.3,69.47,2026,1,20,12,Tuesday,1,0,43.407048227665975,30.164807444363472,12.992413625576921,13.43573070239363,Within Budget,High,Very High,High,Fair,High,Moderate,Moderate,15.522077096997217,51.76
80,2026-01-20 18:00:00,BLDG_B,3476.64,3314.0,1325.12,1508.85,9624.61,10225.43,5.88,365.76,12.27,8007.41,38.75,77.51,10,56.14,63.23,2026,1,20,18,Tuesday,1,0,36.122398725766544,34.4325640207759,13.768038393243984,15.676998860213553,Within Budget,Low,High,High,Good,Moderate,Moderate,High,3.800257880579057,46.17
81,2026-01-21 00:00:00,BLDG_C,4307.51,2943.77,1642.22,1670.16,10563.66,10590.27,0.25,1659.93,14.18,3169.71,36.41,78.19,9,93.01,78.23,2026,1,21,0,Wednesday,2,0,40.77668156680544,27.866951416459823,15.545937676903648,15.810429339831083,Within Budget,High,High,High,Good,Very High,High,High,15.713587904192297,55.45
82,2026-01-21 06:00:00,BLDG_A,5474.41,2587.92,1907.41,1526.34,11496.08,11716.82,1.88,1430.42,16.49,5522.13,11.69,66.75,10,79.35,59.69,2026,1,21,6,Wednesday,2,0,47.619797357012125,22.511325599682674,16.591829562772702,13.277047480532495,Within Budget,High,Very High,Low,Fair,High,Moderate,High,12.442676112205204,43.57
83,2026-01-21 12:00:00,BLDG_B,5115.31,716.01,981.38,1491.38,8304.08,8797.5,5.61,857.86,17.82,10335.15,16.22,93.3,12,93.71,84.69,2026,1,21,12,Wednesday,2,0,61.59996050134392,8.622388030943826,11.818046068920337,17.95960539879192,Within Budget,Moderate,Very High,Moderate,Excellent,Very High,High,High,10.330584483771833,55.26
84,2026-01-21 18:00:00,BLDG_A,3897.93,2004.31,2000.22,1165.47,9067.93,9166.36,1.07,1482.56,20.12,2543.04,58.33,79.98,9,87.44,62.46,2026,1,21,18,Wednesday,2,0,42.98588542258266,22.103280462023854,22.058176452619286,12.852657662774195,Within Budget,High,Very High,Very High,Good,Very High,Moderate,High,16.349486597271923,61.47
85,2026-01-22 00:00:00,BLDG_A,5861.82,2299.25,689.14,642.36,9492.57,10625.28,10.66,1488.44,10.38,6618.93,31.38,92.94,9,69.15,42.08,2026,1,22,0,Thursday,3,0,61.75166472304128,24.221575400550115,7.25978317779063,6.766976698617973,Within Budget,High,High,High,Excellent,Moderate,Low,High,15.68005292560392,50.96
86,2026-01-22 06:00:00,BLDG_B,4423.26,1551.28,711.44,679.04,7365.02,7492.97,1.71,549.0,21.13,4596.66,43.02,69.98,9,78.48,40.9,2026,1,22,6,Thursday,3,0,60.05767805111187,21.062807704527618,9.6597157916747,9.219798452685803,Within Budget,Moderate,Very High,High,Fair,High,Low,High,7.454154910645185,53.15
87,2026-01-22 12:00:00,BLDG_C,4337.56,1590.69,880.19,1367.56,8176.0,9323.44,12.31,1215.96,15.47,1928.07,38.11,66.55,3,85.61,73.63,2026,1,22,12,Thursday,3,0,53.05234833659491,19.455601761252446,10.765533268101763,16.72651663405088,Within Budget,High,Very High,High,Fair,Very High,High,Low,14.872309197651665,51.44
88,2026-01-22 18:00:00,BLDG_A,1960.68,3391.25,615.16,1211.59,7178.68,7254.26,1.04,322.49,18.18,1073.9,29.6,60.68,12,73.91,68.11,2026,1,22,18,Thursday,3,0,27.312542138666164,47.240579047958676,8.569263430045634,16.877615383329527,Within Budget,Low,Very High,Moderate,Fair,High,Moderate,High,4.492330066251735,45.59
89,2026-01-23 00:00:00,BLDG_B,6437.46,3196.79,814.57,1532.27,11981.09,12123.21,1.17,1838.07,16.6,6892.52,30.11,63.57,11,48.07,68.22,2026,1,23,0,Friday,4,0,53.73016979256479,26.681962993350357,6.798797104437075,12.789070109647788,Within Budget,High,Very High,High,Fair,Low,Moderate,High,15.341425529730598,39.59
90,2026-01-23 06:00:00,BLDG_A,2377.96,3077.7,591.54,1109.68,7156.88,7593.92,5.76,939.83,7.7,738.61,39.66,65.6,14,68.52,81.08,2026,1,23,6,Friday,4,0,33.22621030393132,43.003375772683064,8.265333497278144,15.505080426107467,Within Budget,Moderate,Moderate,High,Fair,Moderate,High,Very High,13.131839572551169,45.37
91,2026-01-23 12:00:00,BLDG_A,2886.32,1836.83,1879.15,1875.82,8478.12,9998.37,15.2,366.08,5.29,1689.63,16.05,63.0,9,51.53,59.54,2026,1,23,12,Friday,4,0,34.044340018777746,21.665534340160317,22.164701608375438,22.12542403268649,Within Budget,Low,Moderate,Moderate,Fair,Moderate,Moderate,High,4.317938410874108,33.97
92,2026-01-23 18:00:00,BLDG_A,2042.98,738.36,650.14,2227.91,5659.39,6385.37,11.37,749.65,17.07,4496.99,30.07,94.08,3,80.74,91.76,2026,1,23,18,Friday,4,0,36.09894352571567,13.046635768165826,11.487810523749024,39.36661018236947,Within Budget,Moderate,Very High,High,Excellent,High,Very High,Low,13.24612723279364,55.49
93,2026-01-24 00:00:00,BLDG_A,4808.01,924.62,1745.14,1097.73,8575.5,9896.35,13.35,1004.0,13.2,1000.48,33.48,94.63,10,79.03,89.17,2026,1,24,0,Saturday,5,1,56.06681826132587,10.782111830213982,20.3503002740365,12.800769634423649,Within Budget,High,High,High,Excellent,High,Very High,High,11.707772141566089,55.08
94,2026-01-24 06:00:00,BLDG_C,2856.1,1574.15,486.24,885.97,5802.46,5966.73,2.75,691.55,16.64,5105.12,64.15,95.62,3,94.65,40.67,2026,1,24,6,Saturday,5,1,49.22222643499481,27.12901079886807,8.37989404493956,15.268868721197562,Within Budget,Moderate,Very High,Very High,Excellent,Very High,Low,Low,11.918220892518,67.77
95,2026-01-24 12:00:00,BLDG_A,2646.05,744.08,2107.34,732.36,6229.83,7269.12,14.3,458.7,12.58,1999.2,28.03,96.47,5,76.44,86.58,2026,1,24,12,Saturday,5,1,42.47387167868145,11.943825112402747,33.82660522036717,11.755697988548643,Within Budget,Low,High,Moderate,Excellent,High,Very High,Moderate,7.3629617501601174,53.38
96,2026-01-24 18:00:00,BLDG_A,2216.21,748.02,1680.09,1732.51,6376.83,6387.22,0.16,446.22,9.62,4523.54,44.74,78.69,6,85.01,75.39,2026,1,24,18,Saturday,5,1,34.75410195975116,11.73027977851064,26.34678986267471,27.168828399063482,Within Budget,Low,Moderate,High,Good,Very High,High,Moderate,6.997520711701583,54.52
97,2026-01-25 00:00:00,BLDG_A,2285.55,3266.49,412.23,1387.71,7351.98,7665.26,4.09,1061.48,9.13,9598.34,15.83,80.14,9,58.41,66.11,2026,1,25,0,Sunday,6,1,31.0875437637208,44.430071898998634,5.6070609550080395,18.875323382272533,Within Budget,High,Moderate,Moderate,Good,Moderate,Moderate,High,14.4380153373649,40.88
98,2026-01-25 06:00:00,BLDG_C,4547.95,2677.24,1774.94,876.03,9876.16,11093.09,10.97,676.73,17.15,7703.19,11.73,64.97,1,62.0,70.3,2026,1,25,6,Sunday,6,1,46.049780481482685,27.108106794543623,17.971964812234713,8.870147911738975,Within Budget,Moderate,Very High,Low,Fair,Moderate,High,Low,6.852157113696011,38.96
99,2026-01-25 12:00:00,BLDG_A,5034.58,1565.08,1325.35,1806.27,9731.28,10461.61,6.98,943.34,8.98,5622.11,57.68,65.21,15,90.85,83.78,2026,1,25,12,Sunday,6,1,51.73605116695851,16.082981889330075,13.619482740194504,18.561484203516905,Within Budget,Moderate,Moderate,Very High,Fair,Very High,High,Very High,9.693894328392565,55.68
100,2026-01-25 18:00:00,BLDG_A,3667.68,1071.4,1802.86,796.97,7338.91,8783.49,16.45,985.02,16.86,1556.08,49.65,89.36,8,82.76,89.45,2026,1,25,18,Sunday,6,1,49.975813847015424,14.59889820150404,24.565773391416435,10.859514560064097,Within Budget,Moderate,Very High,High,Good,High,Very High,High,13.421884176260507,59.66
101,2026-01-26 00:00:00,BLDG_C,4055.52,2132.58,1340.49,1608.6,9137.19,9192.63,0.6,383.24,10.91,7620.22,26.1,92.52,14,77.76,69.14,2026,1,26,0,Monday,0,0,44.38476161708358,23.339560630784735,14.670702918512147,17.604974833619526,Within Budget,Low,High,Moderate,Excellent,High,Moderate,Very High,4.194287302770326,51.82
102,2026-01-26 06:00:00,BLDG_C,5024.05,714.97,1553.84,1554.3,8847.16,10614.11,16.65,1054.42,17.88,2382.66,36.76,89.82,14,57.7,49.43,2026,1,26,6,Monday,0,0,56.78714977461694,8.08135039945022,17.56315020865453,17.56834961727831,Within Budget,High,Very High,High,Good,Moderate,Low,Very High,11.918174871936307,50.54
103,2026-01-26 12:00:00,BLDG_C,1881.69,3327.56,1815.4,1968.46,8993.11,10114.78,11.09,1064.84,6.57,1380.74,15.74,91.71,4,79.93,73.27,2026,1,26,12,Monday,0,0,20.923684909892128,37.00121537488143,20.186565048131293,21.88853466709514,Within Budget,High,Moderate,Moderate,Excellent,High,High,Moderate,11.840620208137116,48.49
104,2026-01-26 18:00:00,BLDG_A,3318.71,1861.48,1129.19,610.22,6919.6,7692.81,10.05,917.78,7.69,8135.95,48.31,70.51,10,89.34,43.96,2026,1,26,18,Monday,0,0,47.96100930689635,26.90155500317937,16.318717844962137,8.818717844962135,Within Budget,Moderate,Moderate,High,Fair,Very High,Low,High,13.263483438349036,53.96
105,2026-01-27 00:00:00,BLDG_C,6373.56,1826.54,404.87,2275.75,10880.72,11010.23,1.18,930.18,16.35,10988.69,12.01,77.71,7,56.54,73.03,2026,1,27,0,Tuesday,1,0,58.576638310700034,16.786940570109333,3.720985375967767,20.915435743222876,Within Budget,Moderate,Very High,Low,Good,Moderate,High,Moderate,8.548882794520951,40.65
106,2026-01-27 06:00:00,BLDG_C,4526.53,1793.66,1929.9,1905.98,10156.07,10711.26,5.18,988.66,14.08,5796.82,51.15,77.45,6,80.31,82.05,2026,1,27,6,Tuesday,1,0,44.56970068146438,17.660965314339112,19.002429089204785,18.766904914991724,Within Budget,Moderate,High,Very High,Good,High,High,Moderate,9.734670989861236,55.75
107,2026-01-27 12:00:00,BLDG_A,2994.86,894.12,1085.6,932.25,5906.83,6999.2,15.61,469.57,7.67,971.45,39.17,97.82,15,64.68,58.37,2026,1,27,12,Tuesday,1,0,50.70164538339515,15.137053207896622,18.3787242903554,15.782577118352823,Within Budget,Low,Moderate,High,Excellent,Moderate,Moderate,Very High,7.949610874191403,52.34
108,2026-01-27 18:00:00,BLDG_C,4252.13,2487.3,1292.88,866.81,8899.12,9529.62,6.62,1345.77,20.25,10623.42,23.89,96.07,6,50.94,43.7,2026,1,27,18,Tuesday,1,0,47.78146603259648,27.94995460225281,14.52817806704483,9.740401298105878,Within Budget,High,Very High,Moderate,Excellent,Moderate,Low,Moderate,15.122506495024227,47.79
109,2026-01-28 00:00:00,BLDG_A,3410.47,2752.41,413.98,1363.32,7940.18,8990.91,11.69,393.77,8.97,1270.2,57.17,82.74,7,83.17,76.0,2026,1,28,0,Wednesday,2,0,42.95204894599367,34.664327508948155,5.21373570876227,17.169887836295903,Within Budget,Low,Moderate,Very High,Good,High,High,Moderate,4.959207473885982,58.01
110,2026-01-28 06:00:00,BLDG_B,4301.55,2593.15,1285.77,2135.13,10315.6,12377.68,16.66,1799.49,11.58,10476.4,64.21,65.24,4,53.36,57.65,2026,1,28,6,Wednesday,2,0,41.6994648881306,25.138140292372718,12.464325875373222,20.698068944123463,Within Budget,High,High,Very High,Fair,Moderate,Moderate,Moderate,17.44435612082671,48.6
111,2026-01-28 12:00:00,BLDG_C,2390.99,1087.62,2175.68,2185.9,7840.19,8252.69,5.0,981.79,7.64,5005.92,22.5,69.83,6,57.64,52.95,2026,1,28,12,Wednesday,2,0,30.496582353233787,13.872367889043504,27.750347886977227,27.880701870745483,Within Budget,Moderate,Moderate,Moderate,Fair,Moderate,Moderate,Moderate,12.5225281530167,39.4
112,2026-01-28 18:00:00,BLDG_B,2423.76,2320.75,900.88,1540.91,7186.3,8014.28,10.33,1171.63,10.98,4702.04,53.96,73.82,3,84.15,75.84,2026,1,28,18,Wednesday,2,0,33.7275092885073,32.29408736067239,12.536075588272128,21.44232776254818,Within Budget,High,High,Very High,Fair,High,High,Low,16.303661132989163,55.73
113,2026-01-29 00:00:00,BLDG_A,2474.65,2294.56,1111.75,2221.62,8102.58,9231.17,12.23,761.11,12.85,6742.17,50.76,93.18,5,82.11,90.42,2026,1,29,0,Thursday,3,0,30.541506532487183,28.318881146499013,13.720938269045169,27.418674051968633,Within Budget,Moderate,High,Very High,Excellent,High,Very High,Moderate,9.393427772388547,59.73
114,2026-01-29 06:00:00,BLDG_C,6217.15,3131.55,1636.94,510.89,11496.53,11875.06,3.19,917.9,9.31,11506.48,50.59,66.48,13,57.71,78.76,2026,1,29,6,Thursday,3,0,54.07849151004693,27.239088664144745,14.238557199433219,4.443862626375088,Within Budget,Moderate,Moderate,Very High,Fair,Moderate,High,Very High,7.9841482603881335,46.02
115,2026-01-29 12:00:00,BLDG_A,5244.62,1761.56,1866.63,570.35,9443.16,9723.95,2.89,1559.15,17.84,10835.52,62.56,68.35,13,92.05,65.55,2026,1,29,12,Thursday,3,0,55.53882386828138,18.654348756136717,19.767005959869365,6.039821415712537,Within Budget,High,Very High,Very High,Fair,Very High,Moderate,Very High,16.510892540209,60.2
116,2026-01-29 18:00:00,BLDG_B,2563.19,1740.16,1151.3,2323.64,7778.29,8488.15,8.36,348.71,11.09,5908.8,35.74,73.28,14,55.76,71.23,2026,1,29,18,Thursday,3,0,32.95312980102311,22.37201235747189,14.80145378997183,29.873404051533175,Within Budget,Low,High,High,Fair,Moderate,High,Very High,4.483119040303203,43.97
117,2026-01-30 00:00:00,BLDG_A,2685.24,2431.88,957.4,2050.66,8125.18,8752.14,7.16,386.48,17.13,8501.97,46.43,95.22,15,94.68,47.4,2026,1,30,0,Friday,4,0,33.04837554368026,29.930167700900167,11.783123573877747,25.238333181541822,Within Budget,Low,Very High,High,Excellent,Very High,Low,Very High,4.7565715467226575,63.36
118,2026-01-30 06:00:00,BLDG_C,5234.9,2472.6,2088.09,1401.41,11197.0,12796.41,12.5,838.68,7.73,7174.94,54.96,79.14,13,81.89,82.29,2026,1,30,6,Friday,4,0,46.75270161650442,22.082700723408056,18.648655889970527,12.515941770116996,Within Budget,Moderate,Moderate,Very High,Good,High,High,Very High,7.490220594802179,55.93
119,2026-01-30 12:00:00,BLDG_C,2533.97,2014.0,1618.86,2007.22,8174.05,8287.68,1.37,1422.01,10.79,8474.81,35.33,84.58,2,64.63,71.42,2026,1,30,12,Friday,4,0,31.00017739064478,24.638948868675868,19.80487029073715,24.556003449942196,Within Budget,High,High,High,Good,Moderate,High,Low,17.39663936481915,48.83
120,2026-01-30 18:00:00,BLDG_B,2902.44,1940.57,614.24,2411.28,7868.53,9398.43,16.28,983.25,4.15,10037.27,35.44,74.71,3,51.52,90.22,2026,1,30,18,Friday,4,0,36.886686585677374,24.662421062129773,7.80628656178473,30.644605790408125,Within Budget,Moderate,Low,High,Fair,Moderate,Very High,Low,12.495980824880887,41.46
121,2026-01-31 00:00:00,BLDG_A,6327.73,2083.61,524.07,2044.18,10979.59,11010.94,0.28,1242.11,17.66,896.68,26.16,67.16,13,61.03,90.93,2026,1,31,0,Saturday,5,1,57.63175127668701,18.977120274982948,4.773129051266943,18.617999397063095,Within Budget,High,Very High,Moderate,Fair,Moderate,Very High,Very High,11.312899662009237,43.0
122,2026-01-31 06:00:00,BLDG_C,2999.94,3110.93,1270.39,2184.74,9566.0,10716.44,10.74,1299.1,15.27,4246.24,52.51,68.47,9,54.69,58.44,2026,1,31,6,Saturday,5,1,31.36044323646247,32.5206983065022,13.280263432991848,22.838595024043485,Within Budget,High,Very High,Very High,Fair,Moderate,Moderate,High,13.580388877273677,47.74
123,2026-01-31 12:00:00,BLDG_B,4909.67,1991.27,796.16,2021.21,9718.31,10811.88,10.11,900.12,18.72,11532.28,47.11,90.5,6,76.09,91.4,2026,1,31,12,Saturday,5,1,50.51979202145229,20.489879413190152,8.19237089576274,20.79795766959482,Within Budget,Moderate,Very High,High,Excellent,High,Very High,Moderate,9.262104213592695,58.1
124,2026-01-31 18:00:00,BLDG_C,6399.57,3331.81,857.17,836.42,11424.97,11732.79,2.62,1641.89,12.2,11417.37,33.71,93.95,3,62.84,89.76,2026,1,31,18,Saturday,5,1,56.013888876732274,29.16252734142847,7.502601757378794,7.320982024460458,Within Budget,High,High,High,Excellent,Moderate,Very High,Low,14.371066182230678,50.68
125,2026-02-01 00:00:00,BLDG_C,3559.19,2111.21,1979.85,2167.15,9817.4,10113.72,2.93,873.6,18.4,629.04,31.9,78.74,2,59.75,73.27,2026,2,1,0,Sunday,6,1,36.253896143581805,21.504777232261088,20.16674475930491,22.074581864852203,Within Budget,Moderate,Very High,High,Good,Moderate,High,Low,8.898486360950965,47.2
126,2026-02-01 06:00:00,BLDG_A,1882.33,3357.76,561.22,890.22,6691.53,7752.38,13.68,1030.19,15.66,2816.56,12.14,73.57,5,82.86,57.34,2026,2,1,6,Sunday,6,1,28.13003901947686,50.17925646302117,8.387020606647509,13.303683910854469,Within Budget,High,Very High,Low,Fair,High,Moderate,Moderate,15.395432733619966,46.06
127,2026-02-01 12:00:00,BLDG_C,2947.49,3031.93,1687.66,2285.22,9952.3,11718.96,15.08,697.6,4.07,11928.36,8.37,90.7,10,56.53,79.17,2026,2,1,12,Sunday,6,1,29.616169126734526,30.46461621936638,16.957487214010833,22.961727439888264,Within Budget,Moderate,Low,Low,Excellent,Moderate,High,High,7.009435004973725,39.92
128,2026-02-01 18:00:00,BLDG_A,5705.12,1714.81,888.06,1417.3,9725.29,10275.77,5.36,696.64,8.57,6167.49,38.15,85.58,14,74.34,54.1,2026,2,1,18,Sunday,6,1,58.6627236822758,17.632481910565133,9.131450064728146,14.57334434243092,Within Budget,Moderate,Moderate,High,Good,High,Moderate,Very High,7.163179709808139,51.66
129,2026-02-02 00:00:00,BLDG_C,5863.66,3118.2,1768.59,1853.95,12604.4,13708.45,8.05,1365.78,12.89,7087.96,31.8,61.55,5,54.73,72.75,2026,2,2,0,Monday,0,0,46.52073878962902,24.738980038716637,14.031528672527054,14.70875249912729,Within Budget,High,High,High,Fair,Moderate,High,Moderate,10.835739900352257,40.24
130,2026-02-02 06:00:00,BLDG_B,5412.04,1008.18,1700.34,1494.48,9615.04,10297.7,6.63,909.72,15.14,2413.83,53.37,73.33,1,80.74,41.28,2026,2,2,6,Monday,0,0,56.287233334442696,10.485447798449094,17.684169800645652,15.543149066462542,Within Budget,Moderate,Very High,Very High,Fair,High,Low,Low,9.461427097547176,55.64
131,2026-02-02 12:00:00,BLDG_C,2331.62,3290.13,413.31,687.98,6723.04,6820.59,1.43,855.29,5.18,10784.86,38.93,85.92,3,76.26,72.69,2026,2,2,12,Monday,0,0,34.68103714986078,48.938129179656826,6.147665341869154,10.233168328613248,Within Budget,Moderate,Moderate,High,Good,High,High,Low,12.721774673362049,51.57
132,2026-02-02 18:00:00,BLDG_A,5538.9,2468.6,1316.44,1081.44,10405.38,11806.37,11.87,880.75,16.69,3159.54,61.39,81.8,7,84.91,89.48,2026,2,2,18,Monday,0,0,53.23111697987003,23.724265716389024,12.651532188156514,10.393085115584439,Within Budget,Moderate,Very High,Very High,Good,High,Very High,Moderate,8.464371315607888,61.2
133,2026-02-03 00:00:00,BLDG_A,6117.79,852.29,650.78,2467.46,10088.32,11753.28,14.17,651.53,13.78,2680.95,19.18,97.17,9,48.42,52.23,2026,2,3,0,Tuesday,1,0,60.64230714331028,8.448284749095984,6.450826302099855,24.45858180549388,Within Budget,Moderate,High,Moderate,Excellent,Low,Moderate,High,6.458260642009769,44.64
134,2026-02-03 06:00:00,BLDG_B,4622.86,2503.92,1959.21,2421.43,11507.42,12209.09,5.75,1156.17,13.46,3123.41,64.44,92.91,5,55.51,80.47,2026,2,3,6,Tuesday,1,0,40.1728623792301,21.75917799124391,17.025623467293276,21.042336162232715,Within Budget,High,High,Very High,Excellent,Moderate,High,Moderate,10.04716956537608,56.58
135,2026-02-03 12:00:00,BLDG_C,6222.11,3427.89,1968.85,1140.97,12759.82,15286.71,16.53,1456.45,9.26,11075.65,24.98,62.27,4,52.72,55.26,2026,2,3,12,Tuesday,1,0,48.76330543847797,26.864720662203702,15.430076599826641,8.941897299491686,Within Budget,High,Moderate,Moderate,Fair,Moderate,Moderate,Moderate,11.414345970397703,37.31
136,2026-02-03 18:00:00,BLDG_C,5686.14,895.44,1153.02,2492.59,10227.19,10382.34,1.49,525.58,14.71,8582.74,44.62,87.58,3,54.53,76.81,2026,2,3,18,Tuesday,1,0,55.59826306150565,8.755484155471835,11.274064527988624,24.372188255033887,Within Budget,Moderate,High,High,Good,Moderate,High,Low,5.139046013616644,50.36
137,2026-02-04 00:00:00,BLDG_B,4934.77,2253.13,1199.91,2191.1,10578.91,11979.11,11.69,1200.79,4.49,9338.86,36.61,72.78,10,50.15,76.4,2026,2,4,0,Wednesday,2,0,46.64724437583835,21.29831901396269,11.342472901272437,20.711963708926532,Within Budget,High,Low,High,Fair,Moderate,High,High,11.35079133861617,41.01
138,2026-02-04 06:00:00,BLDG_C,4512.77,2793.82,945.91,1721.92,9974.42,10868.58,8.23,776.89,5.16,4835.92,28.5,85.92,13,73.1,49.61,2026,2,4,6,Wednesday,2,0,45.24343270084877,28.009849194238868,9.483358430866156,17.26335967404621,Within Budget,Moderate,Moderate,Moderate,Good,High,Low,Very High,7.78882381130933,48.17
139,2026-02-04 12:00:00,BLDG_C,3438.3,2968.72,1689.89,580.25,8677.16,9452.21,8.2,771.12,17.21,10955.54,15.94,83.45,9,74.67,71.05,2026,2,4,12,Wednesday,2,0,39.62471592087734,34.21303744543145,19.475150855809968,6.687095777881242,Within Budget,Moderate,Very High,Moderate,Good,High,High,High,8.886778623420566,47.82
140,2026-02-04 18:00:00,BLDG_A,2548.65,1858.72,1045.59,2302.89,7755.85,8465.74,8.39,557.63,9.79,9578.19,15.69,79.12,14,87.17,84.68,2026,2,4,18,Wednesday,2,0,32.861001695494366,23.965393863986538,13.481307658090344,29.692296782428745,Within Budget,Moderate,Moderate,Moderate,Good,Very High,High,Very High,7.189798668102141,47.94
141,2026-02-05 00:00:00,BLDG_C,4643.28,1271.67,882.03,1614.86,8411.84,8847.04,4.92,1427.59,10.25,9131.87,48.56,92.41,7,65.89,59.89,2026,2,5,0,Thursday,3,0,55.19933807585499,15.117619926199263,10.485577471754098,19.197464526191652,Within Budget,High,High,High,Excellent,Moderate,Moderate,Moderate,16.971197740327916,54.28
142,2026-02-05 06:00:00,BLDG_C,3295.12,818.56,1178.02,2236.95,7528.65,8606.09,12.52,997.55,7.75,11665.81,29.53,86.93,12,71.62,76.93,2026,2,5,6,Thursday,3,0,43.76774056437741,10.872600001328259,15.64716117763477,29.712498256659558,Within Budget,Moderate,Moderate,Moderate,Good,High,High,High,13.250051470051073,48.96
143,2026-02-05 12:00:00,BLDG_B,5872.26,2323.23,564.68,2168.86,10929.03,12506.26,12.61,758.14,12.02,4711.26,62.79,93.8,7,94.57,75.07,2026,2,5,12,Thursday,3,0,53.730843450882645,21.257421747401185,5.166789733398113,19.844945068318047,Within Budget,Moderate,High,Very High,Excellent,Very High,High,Moderate,6.936937678824195,65.8
144,2026-02-05 18:00:00,BLDG_B,6468.68,1968.15,1743.89,2166.01,12346.73,13044.07,5.35,1565.01,4.94,7526.2,26.56,70.7,14,71.59,53.39,2026,2,5,18,Thursday,3,0,52.391847881989804,15.940657971786862,14.124306597779333,17.543187548444003,Within Budget,High,Low,Moderate,Fair,High,Moderate,Very High,12.675501934520314,43.45
145,2026-02-06 00:00:00,BLDG_A,5336.41,3356.48,422.67,1896.35,11011.91,12851.57,14.31,1732.02,9.41,10964.19,64.06,73.23,13,73.68,87.77,2026,2,6,0,Friday,4,0,48.460348840482716,30.480452528217178,3.838298714755206,17.220899916544905,Within Budget,High,Moderate,Very High,Fair,High,Very High,Very High,15.728606572338496,55.1
146,2026-02-06 06:00:00,BLDG_C,2225.26,869.69,1560.07,1082.83,5737.85,6101.45,5.96,517.81,13.49,9595.22,19.71,83.63,8,94.8,69.3,2026,2,6,6,Friday,4,0,38.78212222348092,15.157071028346856,27.189103932657698,18.871702815514517,Within Budget,Moderate,High,Moderate,Good,Very High,Moderate,High,9.02446038150178,52.91
147,2026-02-06 12:00:00,BLDG_C,3156.82,2619.11,729.16,1172.32,7677.41,8790.78,12.67,1186.11,12.38,6978.86,13.86,96.73,10,94.71,58.48,2026,2,6,12,Friday,4,0,41.11829379960169,34.11449955128097,9.497473757426008,15.269732891691337,Within Budget,High,High,Low,Excellent,Very High,Moderate,High,15.449350757612269,54.42
148,2026-02-06 18:00:00,BLDG_C,2312.82,769.91,818.33,1116.94,5018.0,5139.44,2.36,266.77,21.99,1376.46,25.82,74.12,1,66.2,48.55,2026,2,6,18,Friday,4,0,46.09047429254684,15.34296532483061,16.307891590275013,22.25866879234755,Within Budget,Low,Very High,Moderate,Fair,Moderate,Low,Low,5.316261458748505,47.03
149,2026-02-07 00:00:00,BLDG_A,4857.4,1180.02,1544.14,540.09,8121.65,8395.68,3.26,1246.0,11.0,8006.32,58.48,61.23,11,76.75,64.62,2026,2,7,0,Saturday,5,1,59.808043931959645,14.52931362469449,19.01263905733441,6.650003386011464,Within Budget,High,High,Very High,Fair,High,Moderate,High,15.341710120480446,51.86
150,2026-02-07 06:00:00,BLDG_A,5396.4,1970.02,2187.3,1665.14,11218.86,11927.43,5.94,1245.79,10.97,6555.39,37.75,76.94,4,69.04,77.97,2026,2,7,6,Saturday,5,1,48.101143966499265,17.559894677355807,19.496633347773304,14.842328008371616,Within Budget,High,High,High,Good,Moderate,High,Moderate,11.104425939890506,48.68
151,2026-02-07 12:00:00,BLDG_B,6150.67,1973.64,1799.89,1897.67,11821.87,13226.01,10.62,750.05,13.06,2618.08,15.73,80.67,13,81.04,72.43,2026,2,7,12,Saturday,5,1,52.02789406413706,16.69482070095509,15.225087063214197,16.05219817169365,Within Budget,Moderate,High,Moderate,Good,High,High,Very High,6.3445969207917186,47.62
152,2026-02-07 18:00:00,BLDG_A,3859.41,2619.96,806.51,2207.73,9493.61,10719.26,11.43,864.59,7.43,10645.91,19.54,90.44,13,91.92,77.81,2026,2,7,18,Saturday,5,1,40.65271271939757,27.597088989330715,8.495293149813401,23.254905141458305,Within Budget,Moderate,Moderate,Moderate,Excellent,Very High,High,Very High,9.107073073361976,52.33
153,2026-02-08 00:00:00,BLDG_C,6036.47,3248.6,716.84,780.33,10782.24,11636.96,7.34,1921.38,19.77,4447.36,25.74,87.69,5,60.48,81.17,2026,2,8,0,Sunday,6,1,55.98530546528365,30.129175384706702,6.648340233569278,7.237178916440369,Within Budget,High,Very High,Moderate,Good,Moderate,High,Moderate,17.819859324222058,48.42
154,2026-02-08 06:00:00,BLDG_C,5926.09,2489.29,1959.22,1588.37,11962.97,12149.21,1.53,1764.94,14.3,4956.02,41.64,96.66,5,85.94,62.93,2026,2,8,6,Sunday,6,1,49.53694609281809,20.808294261374893,16.377371171205816,13.277388474601207,Within Budget,High,High,High,Excellent,Very High,Moderate,Moderate,14.753359742605726,59.64
155,2026-02-08 12:00:00,BLDG_A,3290.82,3369.9,1199.53,516.02,8376.27,9002.2,6.95,973.85,7.46,8232.62,26.95,89.74,1,77.74,67.05,2026,2,8,12,Sunday,6,1,39.28741552027334,40.23151116188948,14.320574671064804,6.1604986467723695,Within Budget,Moderate,Moderate,Moderate,Good,High,Moderate,Low,11.626296669042425,50.47
156,2026-02-08 18:00:00,BLDG_C,5883.83,3168.52,646.7,690.19,10389.24,11820.39,12.11,491.15,18.28,6121.19,50.58,71.35,3,59.01,91.29,2026,2,8,18,Sunday,6,1,56.63388274791996,30.49809225698896,6.224709410890498,6.643315584200578,Within Budget,Low,Very High,Very High,Fair,Moderate,Very High,Low,4.7274872849217076,49.8
157,2026-02-09 00:00:00,BLDG_C,3565.66,2336.6,1951.98,608.42,8462.66,9598.34,11.83,784.25,4.62,1526.73,43.13,84.37,2,84.86,90.34,2026,2,9,0,Monday,0,0,42.134033507195134,27.610703963056533,23.065797278869766,7.189465250878565,Within Budget,Moderate,Low,High,Good,High,Very High,Low,9.267180768221813,54.24
158,2026-02-09 06:00:00,BLDG_A,3195.29,3034.62,1868.97,1950.96,10049.84,10371.83,3.1,698.04,21.69,4955.58,57.81,85.55,12,66.36,61.57,2026,2,9,6,Monday,0,0,31.79443652834274,30.195704608232564,18.59701248975108,19.412846373673613,Within Budget,Moderate,Very High,Very High,Good,Moderate,Moderate,High,6.9457822214085,57.85
159,2026-02-09 12:00:00,BLDG_A,4850.65,2499.22,2171.03,662.12,10183.02,10198.87,0.16,413.94,19.57,1586.36,36.55,97.92,7,51.02,75.63,2026,2,9,12,Monday,0,0,47.63468990535224,24.54301376212557,21.320099538250933,6.5021967942712475,Within Budget,Low,Very High,High,Excellent,Moderate,High,Moderate,4.065002327403854,51.26
160,2026-02-09 18:00:00,BLDG_C,3343.39,919.96,2037.54,1932.91,8233.8,9473.78,13.09,916.67,14.43,2693.63,26.88,65.27,13,94.67,53.91,2026,2,9,18,Monday,0,0,40.605674172314124,11.172969953120067,24.746046782773448,23.475309091792372,Within Budget,Moderate,High,Moderate,Fair,Very High,Moderate,Very High,11.133012703733392,50.31
161,2026-02-10 00:00:00,BLDG_C,4761.98,2773.58,1933.22,999.25,10468.03,10690.72,2.08,1710.24,6.0,582.51,64.79,67.27,14,66.28,47.94,2026,2,10,0,Tuesday,1,0,45.4906988229877,26.495720780318738,18.46784925148285,9.545731145210704,Within Budget,High,Moderate,Very High,Fair,Moderate,Low,Very High,16.337744542191796,51.08
162,2026-02-10 06:00:00,BLDG_C,4666.21,965.74,494.63,2255.43,8382.01,8520.06,1.62,1100.89,7.87,2585.1,28.27,65.91,5,72.08,79.96,2026,2,10,6,Tuesday,1,0,55.669344226504144,11.521580146050887,5.901090549880041,26.907985077564927,Within Budget,High,Moderate,Moderate,Fair,High,High,Moderate,13.13396190173956,43.53
163,2026-02-10 12:00:00,BLDG_B,4448.16,2363.43,587.95,2126.3,9525.84,9530.99,0.05,642.54,9.03,4300.14,32.43,82.38,3,85.4,62.68,2026,2,10,12,Tuesday,1,0,46.69572447154267,24.810725353354663,6.172159095680802,22.32139107942187,Within Budget,Moderate,Moderate,High,Good,Very High,Moderate,Low,6.74523191655539,52.31
164,2026-02-10 18:00:00,BLDG_B,3587.97,2667.39,1424.17,2415.66,10095.19,10968.63,7.96,1171.42,8.34,6689.51,54.12,65.14,11,93.04,49.21,2026,2,10,18,Tuesday,1,0,35.541381588657565,26.422385314194187,14.107411549460682,23.92882154768756,Within Budget,High,Moderate,Very High,Fair,Very High,Low,High,11.603743961233024,55.16
165,2026-02-11 00:00:00,BLDG_B,4377.95,886.28,1356.66,2267.52,8888.41,9783.05,9.14,1524.23,12.96,11071.69,13.05,84.93,8,88.64,79.46,2026,2,11,0,Wednesday,2,0,49.25459109109503,9.971187197710277,15.26324730744869,25.510974403746,Within Budget,High,High,Low,Good,Very High,High,High,17.148511376050386,49.9
166,2026-02-11 06:00:00,BLDG_A,4603.48,1346.23,1224.33,2366.66,9540.7,10757.45,11.31,1320.79,21.0,6713.76,30.03,90.54,1,71.25,87.59,2026,2,11,6,Wednesday,2,0,48.25096691018478,14.110390222939614,12.832706195562169,24.80593667131342,Within Budget,High,Very High,High,Excellent,High,Very High,Low,13.843743121573887,53.2
167,2026-02-11 12:00:00,BLDG_B,4364.73,3263.88,1114.22,2217.48,10960.31,11609.3,5.59,1462.34,12.0,8614.44,12.89,76.45,1,72.28,88.53,2026,2,11,12,Wednesday,2,0,39.8230524501588,29.77908471566954,10.165953335261504,20.23190949891016,Within Budget,High,High,Low,Good,High,Very High,Low,13.342140870103126,43.4
168,2026-02-11 18:00:00,BLDG_A,3888.77,2425.68,1176.18,1886.76,9377.39,10709.78,12.44,1643.14,15.91,4613.29,15.94,81.31,14,59.04,71.01,2026,2,11,18,Wednesday,2,0,41.46964133943454,25.86732555647147,12.542722441958798,20.120310662135203,Within Budget,High,Very High,Moderate,Good,Moderate,High,Very High,17.52235963311753,43.05
169,2026-02-12 00:00:00,BLDG_A,1868.94,1389.6,1424.74,840.52,5523.8,5710.87,3.28,827.64,16.39,9143.75,8.26,94.68,6,68.14,64.94,2026,2,12,0,Thursday,3,0,33.83431695571889,25.15659509757775,25.7927513668127,15.216336579890655,Within Budget,Moderate,Very High,Low,Excellent,Moderate,Moderate,Moderate,14.983163764075455,46.87
170,2026-02-12 06:00:00,BLDG_B,4559.19,2633.9,403.74,1043.42,8640.25,10077.97,14.27,436.28,19.69,7635.39,8.54,81.64,1,92.34,47.38,2026,2,12,6,Thursday,3,0,52.76687595845028,30.48407164144556,4.672781458869824,12.076270941234341,Within Budget,Low,Very High,Low,Good,Very High,Low,Low,5.049390931975347,50.55
171,2026-02-12 12:00:00,BLDG_B,2591.69,2370.97,869.28,925.45,6757.39,7530.23,10.26,555.09,4.61,5787.63,29.68,67.93,4,81.35,81.23,2026,2,12,12,Thursday,3,0,38.353417517710234,35.08706764002078,12.864138372951686,13.695376469317297,Within Budget,Moderate,Low,Moderate,Fair,High,High,Moderate,8.214562131237061,45.89
172,2026-02-12 18:00:00,BLDG_B,4820.11,2104.41,1332.9,1707.17,9964.59,11128.23,10.46,1741.52,11.28,2728.34,54.12,73.04,6,45.59,89.16,2026,2,12,18,Thursday,3,0,48.37238662102504,21.118881961023984,13.37636571098259,17.132365706968375,Within Budget,High,High,Very High,Fair,Low,Very High,Moderate,17.477086362810713,46.01
173,2026-02-13 00:00:00,BLDG_C,5368.92,3433.32,1699.99,1507.24,12009.47,12513.33,4.03,1242.45,18.13,3990.72,41.46,80.13,1,50.83,86.25,2026,2,13,0,Friday,4,0,44.70571973617487,28.588438956923163,14.155412353750831,12.550428953151139,Within Budget,High,Very High,High,Good,Moderate,Very High,Low,10.345585608690476,47.64
174,2026-02-13 06:00:00,BLDG_B,4152.09,2613.67,713.48,2234.16,9713.4,9857.37,1.46,454.06,18.67,7640.88,44.19,65.89,13,91.19,79.09,2026,2,13,6,Friday,4,0,42.74600037062203,26.907879836102705,7.345316778882781,23.00080301439249,Within Budget,Low,Very High,High,Fair,Very High,High,Very High,4.674573269915787,54.98
175,2026-02-13 12:00:00,BLDG_C,4349.11,1751.24,1384.39,2405.35,9890.09,10809.32,8.5,977.05,20.69,5399.65,37.6,83.28,9,87.44,40.24,2026,2,13,12,Friday,4,0,43.9744228818949,17.70701783300253,13.997749262140182,24.320810022962377,Within Budget,Moderate,Very High,High,Good,Very High,Low,High,9.879080979040635,57.25
176,2026-02-13 18:00:00,BLDG_A,6271.95,2940.21,1686.03,1309.72,12207.91,13710.98,10.96,1642.56,16.65,10727.95,54.73,97.97,15,69.31,61.2,2026,2,13,18,Friday,4,0,51.37611597726392,24.08446654668981,13.81096354740492,10.728453928641349,Within Budget,High,Very High,Very High,Excellent,Moderate,Moderate,Very High,13.454882940650775,59.66
177,2026-02-14 00:00:00,BLDG_C,5781.69,3176.83,1200.33,1512.7,11671.55,11893.42,1.87,2096.59,8.41,3200.66,58.18,84.8,4,75.85,61.36,2026,2,14,0,Saturday,5,1,49.5366082482618,27.218578509281116,10.284238168880739,12.960575073576347,Within Budget,Very High,Moderate,Very High,Good,High,Moderate,Moderate,17.963252524300547,56.81
178,2026-02-14 06:00:00,BLDG_B,6096.91,1050.62,448.75,2443.03,10039.31,11947.85,15.97,788.95,13.1,1340.34,56.44,74.15,9,59.48,86.51,2026,2,14,6,Saturday,5,1,60.73036891977635,10.465061841899493,4.469928710240047,24.334640528084105,Within Budget,Moderate,High,Very High,Fair,Moderate,Very High,High,7.858607812688323,50.79
179,2026-02-14 12:00:00,BLDG_A,5624.7,1261.55,1208.68,1052.48,9147.41,10941.06,16.39,979.81,4.58,7277.51,54.29,72.61,9,84.64,43.41,2026,2,14,12,Saturday,5,1,61.48953638242956,13.791335470914717,13.21335766080235,11.505770485853372,Within Budget,Moderate,Low,Very High,Fair,High,Low,High,10.711337963423526,54.03
180,2026-02-14 18:00:00,BLDG_A,2311.92,1305.44,933.6,2084.78,6635.74,7359.64,9.84,1074.67,15.64,10689.58,18.41,95.4,13,75.17,67.62,2026,2,14,18,Saturday,5,1,34.840424730323974,19.672862408714025,14.069267331149202,31.417445529812802,Within Budget,High,Very High,Moderate,Excellent,High,Moderate,Very High,16.195179437410147,51.16
181,2026-02-15 00:00:00,BLDG_A,2500.26,2635.39,2073.37,950.48,8159.5,9709.92,15.97,679.61,13.98,4694.5,41.85,93.12,6,79.74,47.08,2026,2,15,0,Sunday,6,1,30.64231876953245,32.29842514859979,25.41050309455236,11.6487529873154,Within Budget,Moderate,High,High,Excellent,High,Low,Moderate,8.329064280899564,57.17
182,2026-02-15 06:00:00,BLDG_C,4275.13,2388.51,624.3,1862.92,9150.86,9479.28,3.46,424.5,16.0,7948.68,41.18,77.95,13,63.75,74.44,2026,2,15,6,Sunday,6,1,46.71834122694479,26.101481172261405,6.82230959713076,20.357868003663043,Within Budget,Low,Very High,High,Good,Moderate,High,Very High,4.638908255617504,49.72
183,2026-02-15 12:00:00,BLDG_B,2956.53,2433.18,1574.46,1007.23,7971.4,8011.93,0.51,1373.79,20.74,3161.25,38.09,73.43,7,66.52,81.2,2026,2,15,12,Sunday,6,1,37.089218957774044,30.523872845422385,19.751361115989667,12.635547080813911,Within Budget,High,Very High,High,Fair,Moderate,High,Moderate,17.233986501743733,49.69
184,2026-02-15 18:00:00,BLDG_A,4040.47,3334.17,494.9,2267.47,10137.01,10216.91,0.78,1046.81,16.37,6922.43,35.41,87.0,15,55.38,73.38,2026,2,15,18,Sunday,6,1,39.85859735760347,32.89105959252284,4.882110208039649,22.36823284183403,Within Budget,High,Very High,High,Good,Moderate,High,Very High,10.326615047237794,48.54
185,2026-02-16 00:00:00,BLDG_A,3653.52,2872.55,1203.11,1622.96,9352.14,10451.04,10.51,985.88,9.77,9548.11,13.08,71.95,13,92.4,81.32,2026,2,16,0,Monday,0,0,39.066138873027995,30.715429837448973,12.864542233114559,17.35388905640848,Within Budget,Moderate,Moderate,Low,Fair,Very High,High,Very High,10.541758356910826,46.8
186,2026-02-16 06:00:00,BLDG_A,4382.25,1058.22,1397.16,871.87,7709.5,7804.55,1.22,949.66,7.58,10470.86,13.82,64.54,1,92.33,71.59,2026,2,16,6,Monday,0,0,56.84220766586678,13.726181983267397,18.122576042544914,11.309034308320904,Within Budget,Moderate,Moderate,Low,Fair,Very High,High,Low,12.318049160127115,44.57
187,2026-02-16 12:00:00,BLDG_C,5310.32,1673.02,936.32,948.74,8868.4,10568.55,16.09,270.76,19.38,1708.87,59.43,71.79,5,85.89,49.87,2026,2,16,12,Monday,0,0,59.87912137476884,18.864958729872356,10.557936042578143,10.69798385278066,Within Budget,Low,Very High,Very High,Fair,Very High,Low,Moderate,3.0530873663795046,59.12
188,2026-02-16 18:00:00,BLDG_C,5162.81,1919.1,1219.14,1487.7,9788.75,10066.62,2.76,1660.85,7.5,4598.31,43.92,76.5,3,91.78,59.9,2026,2,16,18,Monday,0,0,52.7422806793513,19.60515898352701,12.454501340824928,15.198058996296771,Within Budget,High,Moderate,High,Good,Very High,Moderate,Low,16.966926318477842,54.92
189,2026-02-17 00:00:00,BLDG_B,4249.8,1808.69,694.4,2423.2,9176.09,9735.32,5.74,772.79,6.91,7855.91,22.95,69.71,10,78.27,89.76,2026,2,17,0,Tuesday,1,0,46.31384391391104,19.710900830310077,7.567493344114977,26.407761911663897,Within Budget,Moderate,Moderate,Moderate,Fair,High,Very High,High,8.421778775055607,44.46
190,2026-02-17 06:00:00,BLDG_C,5665.25,2574.06,947.42,2039.28,11226.01,13072.73,14.13,1005.17,7.72,899.31,23.92,68.24,10,56.73,54.99,2026,2,17,6,Tuesday,1,0,50.465392423487955,22.929429066961458,8.439507892831024,18.165670616719567,Within Budget,High,Moderate,Moderate,Fair,Moderate,Moderate,High,8.953938220258133,39.15
191,2026-02-17 12:00:00,BLDG_A,3825.05,3197.3,1517.99,1476.62,10016.96,10455.18,4.19,562.12,13.16,8442.07,42.78,60.23,13,83.01,43.27,2026,2,17,12,Tuesday,1,0,38.185736990064854,31.918865603935732,15.154198479378975,14.741198926620452,Within Budget,Moderate,High,High,Fair,High,Low,Very High,5.611682586333579,49.8
192,2026-02-17 18:00:00,BLDG_B,6014.56,1556.94,943.24,1175.44,9690.18,10161.06,4.63,840.36,6.24,6572.39,31.2,83.97,6,61.26,60.01,2026,2,17,18,Tuesday,1,0,62.06860966462956,16.067193798257616,9.733978109797754,12.130218427315075,Within Budget,Moderate,Moderate,High,Good,Moderate,Moderate,Moderate,8.67228472536114,45.67
193,2026-02-18 00:00:00,BLDG_A,2135.02,2245.26,2019.54,1598.54,7998.36,9025.84,11.38,1204.49,20.89,3818.51,33.16,83.35,4,67.02,59.05,2026,2,18,0,Wednesday,2,0,26.69322211053266,28.071504658454987,25.249426132357133,19.985847098655224,Within Budget,High,Very High,High,Good,Moderate,Moderate,Moderate,15.05921213848839,51.1
194,2026-02-18 06:00:00,BLDG_A,6286.9,2910.35,1531.13,1996.72,12725.1,13427.74,5.23,1908.75,21.39,9868.53,11.46,67.14,15,58.72,64.46,2026,2,18,6,Wednesday,2,0,49.405505654179535,22.870940110490288,12.032361238811482,15.69119299651869,Within Budget,High,Very High,Low,Fair,Moderate,Moderate,Very High,14.99988212273381,39.68
195,2026-02-18 12:00:00,BLDG_C,4877.06,1865.41,1189.57,2067.86,9999.9,10434.79,4.17,1703.68,21.53,3835.58,15.91,95.86,13,66.18,69.14,2026,2,18,12,Wednesday,2,0,48.77108771087711,18.65428654286543,11.895818958189581,20.67880678806788,Within Budget,High,Very High,Moderate,Excellent,Moderate,Moderate,Very High,17.0369703697037,49.87
196,2026-02-18 18:00:00,BLDG_B,3586.35,1170.73,469.76,1149.22,6376.06,6700.19,4.84,576.93,4.7,11901.27,30.42,75.56,14,78.97,91.61,2026,2,18,18,Wednesday,2,0,56.24711812624097,18.36133913419886,7.367559276418352,18.023983463141814,Within Budget,Moderate,Low,High,Good,High,Very High,Very High,9.048377838351582,47.41
197,2026-02-19 00:00:00,BLDG_C,2726.62,2029.86,1299.19,1942.32,7997.99,8782.83,8.94,1090.19,21.03,9888.26,47.88,60.97,13,50.53,79.32,2026,2,19,0,Thursday,3,0,34.09131544300506,25.379626631191087,16.243956294018876,24.285101631784986,Within Budget,High,Very High,High,Fair,Moderate,High,Very High,13.630799738434282,45.1
198,2026-02-19 06:00:00,BLDG_C,4052.16,854.62,1776.6,1815.58,8498.96,10141.13,16.19,901.62,21.95,8641.78,10.74,68.35,9,50.26,41.87,2026,2,19,6,Thursday,3,0,47.67830416898068,10.055583271364968,20.903734103937424,21.362378455716936,Within Budget,Moderate,Very High,Low,Fair,Moderate,Low,High,10.608592110093472,37.82
199,2026-02-19 12:00:00,BLDG_B,2714.42,3338.67,878.0,2418.22,9349.31,10905.48,14.27,1408.04,20.96,1205.5,27.07,86.3,7,79.19,77.06,2026,2,19,12,Thursday,3,0,29.03337251626056,35.710335842965954,9.391067362190366,25.865224278583128,Within Budget,High,Very High,Moderate,Good,High,High,Moderate,15.060362743346836,53.38
200,2026-02-19 18:00:00,BLDG_A,2581.76,909.5,1852.19,2362.18,7705.63,8144.25,5.39,1054.76,16.08,10899.57,47.62,67.66,15,83.98,82.86,2026,2,19,18,Thursday,3,0,33.50485294518424,11.80305828335905,24.036840595772183,30.65524817568453,Within Budget,High,Very High,High,Fair,High,High,Very High,13.688173452397793,53.83
201,2026-02-20 00:00:00,BLDG_A,4701.55,1927.68,853.25,2078.76,9561.24,10256.1,6.78,814.48,16.62,9585.64,53.15,62.05,14,72.57,86.57,2026,2,20,0,Friday,4,0,49.173015215599655,20.161401659199015,8.924051692039944,21.74153143316139,Within Budget,Moderate,Very High,Very High,Fair,High,Very High,Very High,8.518560354096332,51.1
202,2026-02-20 06:00:00,BLDG_B,4258.5,2183.67,1882.74,1946.79,10271.7,11225.97,8.5,826.88,6.2,3133.79,18.84,83.47,15,54.08,62.05,2026,2,20,6,Friday,4,0,41.45857063582464,21.259090510820993,18.329390461170007,18.95294839218435,Within Budget,Moderate,Moderate,Moderate,Good,Moderate,Moderate,Very High,8.050079344217608,40.65
203,2026-02-20 12:00:00,BLDG_A,4949.45,3458.85,553.48,1048.08,10009.86,11969.65,16.37,679.33,19.74,5010.85,49.69,79.7,4,66.54,56.31,2026,2,20,12,Friday,4,0,49.44574649395695,34.55442933267798,5.529348062810069,10.47047611055499,Within Budget,Moderate,Very High,High,Good,Moderate,Moderate,Moderate,6.786608404113544,53.92
204,2026-02-20 18:00:00,BLDG_B,6169.15,1164.86,1959.13,2191.93,11485.07,11881.05,3.33,1337.75,5.07,3589.26,62.46,88.93,13,82.91,83.64,2026,2,20,18,Friday,4,0,53.714518065627814,10.142384852682657,17.05805885379889,19.085038227890642,Within Budget,High,Moderate,Very High,Good,High,High,Very High,11.64773048836446,59.84
205,2026-02-21 00:00:00,BLDG_B,4301.62,1020.41,1298.54,1355.01,7975.58,8545.81,6.67,1392.35,9.72,11820.78,59.69,89.36,11,79.29,80.44,2026,2,21,0,Saturday,5,1,53.93488624024836,12.794179232106003,16.281449123449327,16.98948540419631,Within Budget,High,Moderate,Very High,Good,High,High,High,17.4576645209502,59.52
206,2026-02-21 06:00:00,BLDG_C,4530.38,724.38,933.77,1044.48,7233.01,8288.2,12.73,434.05,21.84,10323.26,52.99,96.48,6,50.49,67.87,2026,2,21,6,Saturday,5,1,62.63478137041149,10.014917717520092,12.909839748597058,14.440461163471364,Within Budget,Low,Very High,Very High,Excellent,Moderate,Moderate,Moderate,6.000959489894249,55.45
207,2026-02-21 12:00:00,BLDG_B,2221.24,1135.6,877.2,1268.32,5502.36,6563.15,16.16,243.69,11.6,11197.59,48.6,62.17,2,93.46,46.13,2026,2,21,12,Saturday,5,1,40.36885990738519,20.6384169701728,15.942250234444858,23.05047288799715,Within Budget,Low,High,High,Fair,Very High,Low,Low,4.428826903365102,53.96
208,2026-02-21 18:00:00,BLDG_C,5172.89,1280.36,1177.62,2171.87,9802.74,10107.95,3.02,469.65,6.36,9570.9,21.4,61.48,14,56.17,73.89,2026,2,21,18,Saturday,5,1,52.76983782085417,13.061246141384958,12.013171827468645,22.155744210292223,Within Budget,Low,Moderate,Moderate,Fair,Moderate,High,Very High,4.79100741221332,36.35
209,2026-02-22 00:00:00,BLDG_A,3679.55,2465.63,2198.29,797.27,9140.74,9556.42,4.35,1347.94,21.45,5748.0,44.13,97.51,3,56.02,43.41,2026,2,22,0,Sunday,6,1,40.254399534392185,26.974074309082198,24.049365806269517,8.722160350256106,Within Budget,High,Very High,High,Excellent,Moderate,Low,Low,14.74650848837184,54.78
210,2026-02-22 06:00:00,BLDG_A,6390.61,1315.18,796.59,1412.32,9914.7,10362.24,4.32,818.12,21.71,2862.49,44.67,84.5,15,67.99,45.22,2026,2,22,6,Sunday,6,1,64.45590890294208,13.264950023702179,8.03443371962843,14.244707353727293,Within Budget,Moderate,Very High,High,Good,Moderate,Low,Very High,8.251586028825884,54.72
211,2026-02-22 12:00:00,BLDG_A,5668.92,757.46,585.79,1484.72,8496.89,8532.46,0.42,540.87,7.37,2892.92,31.19,87.18,11,61.36,57.22,2026,2,22,12,Sunday,6,1,66.7175872583969,8.914555796297234,6.894169513786809,17.473687431519064,Within Budget,Moderate,Moderate,High,Good,Moderate,Moderate,High,6.365505496717034,46.78
212,2026-02-22 18:00:00,BLDG_A,4255.66,3014.53,1453.06,573.26,9296.51,10419.74,10.78,770.93,19.57,2244.35,36.1,63.67,7,94.2,59.3,2026,2,22,18,Sunday,6,1,45.7769636132269,32.42646971820608,15.630166589397525,6.166400079169494,Within Budget,Moderate,Very High,High,Fair,Very High,Moderate,Moderate,8.292681877392697,53.39
213,2026-02-23 00:00:00,BLDG_C,2379.15,1723.67,1279.38,891.49,6273.69,7115.25,11.83,795.5,11.03,6786.47,47.56,62.65,11,48.82,64.02,2026,2,23,0,Monday,0,0,37.92265795727873,27.474580350638938,20.39278319457927,14.209978497503064,Within Budget,Moderate,High,High,Fair,Low,Moderate,High,12.679937963144496,42.52
214,2026-02-23 06:00:00,BLDG_A,5839.25,1690.35,1343.55,2153.48,11026.63,12355.4,10.75,1235.18,10.86,11079.62,62.27,66.09,12,60.32,57.64,2026,2,23,6,Monday,0,0,52.955889514747476,15.329706356339154,12.18459311684531,19.52981101206806,Within Budget,High,High,Very High,Fair,Moderate,Moderate,High,11.201790574273375,49.88
215,2026-02-23 12:00:00,BLDG_B,5558.97,1546.94,1600.48,2161.53,10867.92,11022.95,1.41,1538.23,8.73,11905.68,24.83,76.23,4,64.14,41.76,2026,2,23,12,Monday,0,0,51.15026610427754,14.234002458612135,14.726645024990983,19.88908641211934,Within Budget,High,Moderate,Moderate,Good,Moderate,Low,Moderate,14.153858327996527,43.48
216,2026-02-23 18:00:00,BLDG_B,2667.55,3431.05,880.86,1084.83,8064.29,8175.95,1.37,652.09,4.8,3803.95,22.04,64.19,14,69.67,48.19,2026,2,23,18,Monday,0,0,33.07854752247253,42.546212995812404,10.922970280086654,13.452269201628415,Within Budget,Moderate,Low,Moderate,Fair,Moderate,Low,Very High,8.086142735442301,40.17
217,2026-02-24 00:00:00,BLDG_B,3187.81,1176.32,2039.2,2249.79,8653.12,9017.22,4.04,846.31,8.82,8519.12,42.3,76.96,12,45.82,45.99,2026,2,24,0,Tuesday,1,0,36.84000684146296,13.594171813172586,23.566066343700307,25.999755001664138,Within Budget,Moderate,Moderate,High,Good,Low,Low,High,9.780402906697235,43.47
218,2026-02-24 06:00:00,BLDG_C,5529.01,3215.07,1184.21,2043.57,11971.86,12666.93,5.49,542.27,4.97,7366.63,15.46,81.34,10,49.12,62.42,2026,2,24,6,Tuesday,1,0,46.183383367329725,26.855225503806423,9.891612497974418,17.069778630889434,Within Budget,Moderate,Low,Moderate,Good,Low,Moderate,High,4.529538434295088,37.72
219,2026-02-24 12:00:00,BLDG_A,2670.57,2875.05,632.36,1335.81,7513.79,8695.77,13.59,307.76,20.64,6122.77,41.2,60.01,7,57.89,51.03,2026,2,24,12,Tuesday,1,0,35.54224965030963,38.26364590972066,8.415992461860126,17.77811197810958,Within Budget,Low,Very High,High,Fair,Moderate,Moderate,Moderate,4.095935606398369,44.94
220,2026-02-24 18:00:00,BLDG_A,6113.44,914.14,1736.14,1996.81,10760.53,11103.55,3.09,1068.93,15.91,8156.34,13.06,64.34,9,72.7,55.26,2026,2,24,18,Tuesday,1,0,56.813558439965306,8.49530645795328,16.13433539054303,18.55679971153837,Within Budget,High,Very High,Low,Fair,High,Moderate,High,9.933804375806767,41.5
221,2026-02-25 00:00:00,BLDG_A,3795.28,3462.84,1557.59,2422.67,11238.38,11337.49,0.87,845.57,19.96,4770.67,35.96,74.26,14,83.39,64.52,2026,2,25,0,Wednesday,2,0,33.770703606747595,30.81262601905257,13.859559829797533,21.55711054440231,Within Budget,Moderate,Very High,High,Fair,High,Moderate,Very High,7.523949181287695,53.39
222,2026-02-25 06:00:00,BLDG_C,2209.08,1459.82,968.34,1417.94,6055.18,6532.31,7.3,738.25,16.91,11361.57,43.36,62.03,13,79.32,52.25,2026,2,25,6,Wednesday,2,0,36.482482766821136,24.108614442510376,15.991927572755888,23.416975217912597,Within Budget,Moderate,Very High,High,Fair,High,Moderate,Very High,12.192040533889992,50.4
223,2026-02-25 12:00:00,BLDG_B,5634.02,976.03,1518.73,976.85,9105.63,9863.93,7.69,331.9,6.36,8612.66,12.0,65.07,5,73.35,52.79,2026,2,25,12,Wednesday,2,0,61.87402738745151,10.718972767397753,16.679021660225597,10.727978184925153,Within Budget,Low,Moderate,Low,Fair,High,Moderate,Moderate,3.6449976552967778,39.19
224,2026-02-25 18:00:00,BLDG_B,3555.5,3022.08,795.75,2383.63,9756.96,10636.86,8.27,470.92,20.93,9173.31,19.8,68.81,14,64.86,83.32,2026,2,25,18,Wednesday,2,0,36.44065364621768,30.973581935356915,8.155716534658337,24.430047883767077,Within Budget,Low,Very High,Moderate,Fair,Moderate,High,Very High,4.826503337105001,43.6
225,2026-02-26 00:00:00,BLDG_A,4274.55,2678.69,1200.71,1707.49,9861.44,11492.33,14.19,1575.65,20.2,3287.85,27.12,76.32,1,88.53,68.5,2026,2,26,0,Thursday,3,0,43.346103611642924,27.163274329104066,12.175807995586851,17.314814063666155,Within Budget,High,Very High,Moderate,Good,Very High,Moderate,Low,15.977889638835707,53.04
226,2026-02-26 06:00:00,BLDG_B,2327.83,2428.21,2018.94,710.53,7485.51,7632.23,1.92,860.43,10.27,2438.69,29.01,87.16,5,67.99,84.55,2026,2,26,6,Thursday,3,0,31.097814310581374,32.4388051047958,26.971308568153674,9.492072016469152,Within Budget,Moderate,High,Moderate,Good,Moderate,High,Moderate,11.494607581848129,48.61
227,2026-02-26 12:00:00,BLDG_B,1812.14,1136.75,640.36,1645.37,5234.62,5971.59,12.34,716.14,6.01,5034.92,46.54,65.04,6,59.96,66.76,2026,2,26,12,Thursday,3,0,34.61836771341569,21.71599848699619,12.233170698159562,31.432463101428564,Within Budget,Moderate,Moderate,High,Fair,Moderate,Moderate,Moderate,13.680840252014473,44.39
228,2026-02-26 18:00:00,BLDG_C,4798.53,2039.79,1096.05,1501.16,9435.53,10073.27,6.33,1474.73,16.67,9316.73,38.15,88.04,14,76.47,87.28,2026,2,26,18,Thursday,3,0,50.85596675544457,21.61818149059989,11.616199619947155,15.90965213400837,Within Budget,High,Very High,High,Good,High,Very High,Very High,15.62954068292931,54.83
229,2026-02-27 00:00:00,BLDG_C,4221.32,2885.56,1878.06,2211.18,11196.12,11890.23,5.84,1114.86,17.11,11296.15,29.78,92.49,11,79.61,53.25,2026,2,27,0,Friday,4,0,37.703418684329925,25.772857025469538,16.774203920643934,19.749520369556596,Within Budget,High,Very High,Moderate,Excellent,High,Moderate,High,9.957556725008306,54.75
230,2026-02-27 06:00:00,BLDG_C,4589.63,1550.15,2145.08,1561.39,9846.25,11682.66,15.72,1419.43,20.14,5414.29,33.69,84.76,2,64.92,72.07,2026,2,27,6,Friday,4,0,46.61297448267107,15.743557191824301,21.785755998476578,15.857712327028056,Within Budget,High,Very High,High,Good,Moderate,High,Low,14.415945156785579,50.88
231,2026-02-27 12:00:00,BLDG_C,5530.6,1572.73,1217.07,1010.46,9330.86,9794.55,4.73,1014.15,4.95,9402.8,8.74,61.66,8,46.41,66.17,2026,2,27,12,Friday,4,0,59.27213568738573,16.85514518490257,13.04349223972924,10.82922688798246,Within Budget,High,Low,Low,Fair,Low,Moderate,High,10.86877308200959,30.44
232,2026-02-27 18:00:00,BLDG_A,4839.05,708.79,1312.6,1851.29,8711.73,9831.24,11.39,552.43,6.55,5909.69,51.92,76.74,13,49.71,87.77,2026,2,27,18,Friday,4,0,55.54637253450234,8.136041865392981,15.06704179307669,21.250543807027995,Within Budget,Moderate,Moderate,Very High,Good,Low,Very High,Very High,6.34122040054042,46.23
233,2026-02-28 00:00:00,BLDG_C,2621.44,1187.88,1429.91,1585.15,6824.38,7199.9,5.22,550.38,14.77,3895.12,10.34,85.08,2,87.28,61.76,2026,2,28,0,Saturday,5,1,38.4128668098787,17.406416407058227,20.952965690656146,23.22775109240693,Within Budget,Moderate,High,Low,Good,Very High,Moderate,Low,8.064908460548798,49.37
234,2026-02-28 06:00:00,BLDG_B,3495.63,3151.14,2078.23,966.09,9691.09,10674.05,9.21,1003.54,15.14,9001.55,55.27,97.18,15,47.83,84.45,2026,2,28,6,Saturday,5,1,36.07055553090519,32.51584703062297,21.444749764990316,9.968847673481518,Within Budget,High,Very High,Very High,Excellent,Low,High,Very High,10.355285112407376,53.86
235,2026-02-28 12:00:00,BLDG_A,6057.69,1936.89,1944.77,1647.26,11586.61,13408.7,13.59,898.34,4.6,9679.32,38.84,96.17,14,74.6,69.32,2026,2,28,12,Saturday,5,1,52.281814957092706,16.716623757941278,16.784633296537983,14.216927988428022,Within Budget,Moderate,Low,High,Excellent,High,Moderate,Very High,7.753260013066806,53.55
236,2026-02-28 18:00:00,BLDG_B,5418.74,3455.86,707.08,2143.07,11724.75,13792.35,14.99,941.84,11.14,2832.67,38.09,75.04,9,54.19,76.84,2026,2,28,18,Saturday,5,1,46.216251945670486,29.47491417727457,6.030661634576431,18.27817224247852,Within Budget,Moderate,High,High,Good,Moderate,High,High,8.03292181069959,44.62
237,2026-03-01 00:00:00,BLDG_B,4416.19,1807.98,1186.16,557.14,7967.47,9303.93,14.36,642.25,14.51,4009.45,48.16,83.41,14,56.45,86.12,2026,3,1,0,Sunday,6,1,55.42775812146139,22.692021432148472,14.887536445069765,6.992684001320369,Within Budget,Moderate,High,High,Good,Moderate,Very High,Very High,8.060902645381782,50.63
238,2026-03-01 06:00:00,BLDG_B,3001.53,2702.52,1235.2,1761.7,8700.95,9714.06,10.43,421.35,17.28,6189.93,56.99,93.85,13,58.67,91.84,2026,3,1,6,Sunday,6,1,34.496577959877946,31.060056660479603,14.196150995006294,20.24721438463616,Within Budget,Low,Very High,Very High,Excellent,Moderate,Very High,Very High,4.84257466138755,56.7
239,2026-03-01 12:00:00,BLDG_C,3219.68,1489.37,1820.37,1199.17,7728.59,8113.19,4.74,329.98,9.69,2645.0,61.73,91.58,2,46.91,78.02,2026,3,1,12,Sunday,6,1,41.659345365713534,19.270914875805286,23.553714196250546,15.51602556223063,Within Budget,Low,Moderate,Very High,Excellent,Low,High,Low,4.269601570273491,52.48
240,2026-03-01 18:00:00,BLDG_C,5240.2,1718.67,1485.21,1085.34,9529.42,10789.65,11.68,352.34,12.71,11181.59,38.97,78.22,3,53.86,56.36,2026,3,1,18,Sunday,6,1,54.989705564451974,18.03541033976884,15.585523568066053,11.389360527713123,Within Budget,Low,High,High,Good,Moderate,Moderate,Low,3.697391866451473,45.94
241,2026-03-02 00:00:00,BLDG_A,5800.52,1234.03,1577.6,1285.18,9897.33,11302.56,12.43,461.65,18.65,7300.34,16.59,69.93,8,77.52,55.55,2026,3,2,0,Monday,0,0,58.60691721908838,12.46831216095654,15.939652411306888,12.985118208648192,Within Budget,Low,Very High,Moderate,Fair,High,Moderate,High,4.664389284786907,45.67
242,2026-03-02 06:00:00,BLDG_A,4955.7,1671.77,2196.76,1184.05,10008.28,10029.68,0.21,816.24,21.17,1893.84,58.08,65.21,11,69.94,56.07,2026,3,2,6,Monday,0,0,49.51600075137785,16.703869196305458,21.94942587537519,11.830704176941492,Within Budget,Moderate,Very High,Very High,Fair,Moderate,Moderate,High,8.155647124181177,53.6
243,2026-03-02 12:00:00,BLDG_C,5604.79,2232.27,534.93,2164.48,10536.47,11462.02,8.07,1254.69,8.15,2616.34,10.32,78.54,6,84.87,45.09,2026,3,2,12,Monday,0,0,53.19419122343631,21.186127801815978,5.076937532209554,20.542743442538157,Within Budget,High,Moderate,Low,Good,High,Low,Moderate,11.908067882317324,45.47
244,2026-03-02 18:00:00,BLDG_B,5403.28,3476.96,801.42,1049.6,10731.26,12541.11,14.43,624.8,8.55,11475.09,54.02,87.47,1,48.06,42.79,2026,3,2,18,Monday,0,0,50.35084416927742,32.400295957790604,7.468088556236639,9.780771316695336,Within Budget,Moderate,Moderate,Very High,Good,Low,Low,Low,5.8222426816608674,49.53
245,2026-03-03 00:00:00,BLDG_A,2503.61,2559.76,1134.21,1966.31,8163.89,8963.28,8.92,1332.36,20.92,8988.94,46.78,96.85,15,89.44,70.2,2026,3,3,0,Tuesday,1,0,30.666875717335728,31.354660584598765,13.893009337460452,24.085454360605052,Within Budget,High,Very High,High,Excellent,Very High,High,Very High,16.320161099671846,63.5
246,2026-03-03 06:00:00,BLDG_C,3792.54,1257.89,1026.01,688.12,6764.56,7185.82,5.86,1023.19,11.13,8945.66,59.57,92.75,4,94.82,82.15,2026,3,3,6,Tuesday,1,0,56.064843833153965,18.595296663788925,15.167431436782289,10.17242806627482,Within Budget,High,High,Very High,Excellent,Very High,High,Moderate,15.125743581252882,64.57
247,2026-03-03 12:00:00,BLDG_C,2519.02,825.89,438.96,2402.79,6186.66,7265.36,14.85,668.65,16.93,1333.73,59.16,67.76,5,45.79,41.88,2026,3,3,12,Tuesday,1,0,40.71696197948489,13.349529471475725,7.095266266450719,38.838242282588666,Within Budget,Moderate,Very High,Very High,Fair,Low,Low,Moderate,10.807931905099036,47.41
248,2026-03-03 18:00:00,BLDG_C,2905.61,1053.8,565.2,1744.63,6269.24,6464.69,3.02,869.11,15.02,10795.94,11.03,87.35,14,93.38,69.46,2026,3,3,18,Tuesday,1,0,46.347085133126185,16.809055005072384,9.015446848421819,27.828413013379617,Within Budget,Moderate,Very High,Low,Good,Very High,Moderate,Very High,13.86308388257588,51.69
249,2026-03-04 00:00:00,BLDG_B,5885.52,2275.15,1625.72,1913.44,11699.83,12182.9,3.97,993.89,9.14,5602.96,42.74,70.99,11,56.79,59.33,2026,3,4,0,Wednesday,2,0,50.30432066106943,19.446009044575863,13.895244631759606,16.354425662595098,Within Budget,Moderate,Moderate,High,Fair,Moderate,Moderate,High,8.494909755099005,44.92
250,2026-03-04 06:00:00,BLDG_C,4022.59,2842.45,1982.78,1096.08,9943.9,11310.93,12.09,353.17,15.76,8086.75,15.11,85.97,3,79.63,86.41,2026,3,4,6,Wednesday,2,0,40.45284043483945,28.5848610706061,19.939661501020726,11.022636993533725,Within Budget,Low,Very High,Moderate,Good,High,Very High,Low,3.5516246140850174,49.12
251,2026-03-04 12:00:00,BLDG_C,4316.18,3333.17,1325.61,1324.19,10299.15,11025.11,6.58,1706.05,15.8,11536.43,12.47,85.3,1,59.62,47.56,2026,3,4,12,Wednesday,2,0,41.90811863114918,32.363544564357255,12.871062175033861,12.857274629459713,Within Budget,High,Very High,Low,Good,Moderate,Low,Low,16.564959244209472,43.3
252,2026-03-04 18:00:00,BLDG_C,2638.7,744.3,1370.54,947.56,5701.1,6514.1,12.48,280.32,14.66,1650.14,33.55,70.35,3,71.09,69.3,2026,3,4,18,Wednesday,2,0,46.284050446405075,13.055375278455033,24.039922120292573,16.620652154847306,Within Budget,Low,High,High,Fair,High,Moderate,Low,4.916945852554769,47.41
253,2026-03-05 00:00:00,BLDG_C,3267.68,2163.73,859.17,2365.07,8655.65,8928.66,3.06,1490.42,5.79,6046.18,13.56,68.91,13,70.52,90.49,2026,3,5,0,Thursday,3,0,37.7519885854904,24.997891550605676,9.926117622593335,27.32400224131059,Within Budget,High,Moderate,Low,Fair,High,Very High,Very High,17.219041897488925,39.69
254,2026-03-05 06:00:00,BLDG_A,2882.16,2018.43,1782.18,1476.21,8158.98,8570.63,4.8,944.67,21.91,1070.55,49.49,63.95,9,63.06,57.94,2026,3,5,6,Thursday,3,0,35.32500386077672,24.738754108969506,21.843171572917207,18.09307045733658,Within Budget,Moderate,Very High,High,Fair,Moderate,Moderate,High,11.578285520984242,49.6
255,2026-03-05 12:00:00,BLDG_A,2769.07,2536.95,1753.23,1760.9,8820.15,9096.48,3.04,668.87,11.21,6244.77,63.23,61.92,2,80.88,78.57,2026,3,5,12,Thursday,3,0,31.394817548454395,28.763116273532763,19.877553102838387,19.964513075174462,Within Budget,Moderate,High,Very High,Fair,High,High,Low,7.583431120785929,54.31
256,2026-03-05 18:00:00,BLDG_C,4798.42,2266.82,1459.06,1968.54,10492.84,12492.59,16.01,1094.7,15.49,3400.98,40.47,92.62,1,74.98,85.89,2026,3,5,18,Thursday,3,0,45.73042188768722,21.603493429805468,13.905291608372947,18.76079307413436,Within Budget,High,Very High,High,Excellent,High,Very High,Low,10.432828481135708,55.89
257,2026-03-06 00:00:00,BLDG_B,3007.35,2623.71,782.8,1242.21,7656.07,8276.83,7.5,805.76,19.94,10977.25,21.4,61.89,7,70.41,49.68,2026,3,6,0,Friday,4,0,39.28059696423883,34.269670993081306,10.224566912266999,16.225165130412865,Within Budget,Moderate,Very High,Moderate,Fair,High,Low,Moderate,10.524459677092816,43.41
258,2026-03-06 06:00:00,BLDG_A,4770.47,2542.63,574.63,1940.2,9827.93,10490.76,6.32,329.17,11.62,5082.66,56.06,63.37,13,94.14,91.61,2026,3,6,6,Friday,4,0,48.53992651555312,25.871470391018253,5.84690774150813,19.741695351920498,Within Budget,Low,High,Very High,Fair,Very High,Very High,Very High,3.349331954948804,56.3
259,2026-03-06 12:00:00,BLDG_C,2074.74,1027.63,515.63,1851.98,5469.98,5485.52,0.28,455.75,17.93,7789.53,56.63,69.08,7,92.0,82.09,2026,3,6,12,Friday,4,0,37.92957195455925,18.786723169006105,9.4265426930263,33.85716218340835,Within Budget,Low,Very High,Very High,Fair,Very High,High,Moderate,8.331840335796475,58.91
260,2026-03-06 18:00:00,BLDG_A,2466.34,2939.21,1466.85,1911.32,8783.72,9053.24,2.98,1238.33,21.49,10393.3,49.77,93.73,5,92.77,47.15,2026,3,6,18,Friday,4,0,28.07853620106288,33.46201837034879,16.69964434203276,21.759801086555584,Within Budget,High,Very High,High,Excellent,Very High,Low,Moderate,14.098013142495436,64.44
261,2026-03-07 00:00:00,BLDG_A,3090.34,1045.05,1885.06,1478.46,7498.91,8130.52,7.77,798.71,10.46,11812.46,43.06,72.65,2,89.07,56.17,2026,3,7,0,Saturday,5,1,41.210522595950614,13.936025369020296,25.137786691665852,19.715665343363238,Within Budget,Moderate,High,High,Fair,Very High,Moderate,Low,10.65101461412392,53.81
262,2026-03-07 06:00:00,BLDG_B,4606.12,2655.89,1944.99,1265.87,10472.87,10616.35,1.35,697.85,11.29,6293.92,57.46,67.29,14,57.76,72.5,2026,3,7,6,Saturday,5,1,43.98144921115224,25.359715149715406,18.571700021102142,12.087135618030203,Within Budget,Moderate,High,Very High,Fair,Moderate,High,Very High,6.663407451825526,48.45
263,2026-03-07 12:00:00,BLDG_C,4976.45,1865.21,1234.52,944.16,9020.34,9941.75,9.27,724.03,20.3,5741.21,17.31,87.19,1,62.5,86.02,2026,3,7,12,Saturday,5,1,55.169206482239034,20.6778236740522,13.685958622402259,10.467011221306514,Within Budget,Moderate,Very High,Moderate,Good,Moderate,Very High,Low,8.026637576854087,46.82
264,2026-03-07 18:00:00,BLDG_C,3880.77,2138.78,1811.69,2149.25,9980.49,10888.75,8.34,1591.47,6.87,1371.01,61.1,72.12,13,56.55,50.13,2026,3,7,18,Saturday,5,1,38.88356182912863,21.429609167485765,18.152315166890602,21.534513836495,Within Budget,High,Moderate,Very High,Fair,Moderate,Moderate,Very High,15.94581027584818,49.16
265,2026-03-08 00:00:00,BLDG_B,3895.22,3229.23,2104.38,1716.7,10945.53,12624.94,13.3,1191.23,4.51,646.5,61.99,72.67,5,94.31,78.02,2026,3,8,0,Sunday,6,1,35.587312811714,29.502728511090826,19.225930585362246,15.684028091832921,Within Budget,High,Low,Very High,Fair,Very High,High,Moderate,10.883255539019125,58.37
266,2026-03-08 06:00:00,BLDG_B,5205.23,3191.67,895.31,1388.7,10680.91,12090.37,11.66,1166.92,20.36,7501.22,57.7,88.08,10,52.63,54.07,2026,3,8,6,Sunday,6,1,48.733956189126204,29.88200443595162,8.38233820901028,13.001701165911895,Within Budget,High,Very High,Very High,Good,Moderate,Moderate,High,10.925286328599343,54.69
267,2026-03-08 12:00:00,BLDG_C,1874.36,2990.0,1116.33,2387.99,8368.68,9115.08,8.19,1457.99,18.79,1252.84,22.29,69.56,4,63.33,81.88,2026,3,8,12,Sunday,6,1,22.397319529483738,35.72845418871316,13.339379687119116,28.534846594683984,Within Budget,High,Very High,Moderate,Fair,Moderate,High,Moderate,17.42198291725816,43.49
268,2026-03-08 18:00:00,BLDG_C,3403.12,2128.42,2076.66,595.68,8203.88,8572.5,4.3,640.99,21.51,4874.36,56.92,94.08,9,54.95,75.54,2026,3,8,18,Sunday,6,1,41.48183542421391,25.944065490962814,25.313144512108902,7.2609545727143745,Within Budget,Moderate,Very High,Very High,Excellent,Moderate,High,High,7.813254216297655,56.86
269,2026-03-09 00:00:00,BLDG_B,5647.92,2761.47,1008.82,2200.34,11618.55,13307.57,12.69,1184.29,5.05,541.47,36.37,81.33,5,56.17,67.19,2026,3,9,0,Monday,0,0,48.61122945634352,23.767767922847515,8.682839080608167,18.938163540200804,Within Budget,High,Moderate,High,Good,Moderate,Moderate,Moderate,10.193096384660736,44.73
270,2026-03-09 06:00:00,BLDG_A,4635.13,2136.11,2044.98,2495.17,11311.39,12912.77,12.4,1716.58,6.81,7575.12,41.91,80.44,11,57.35,73.79,2026,3,9,6,Monday,0,0,40.97754564204753,18.884593317001713,18.078945204789157,22.058915836161606,Within Budget,High,Moderate,High,Good,Moderate,High,High,15.175676906198088,46.63
271,2026-03-09 12:00:00,BLDG_A,3384.97,3134.9,2165.88,2273.88,10959.63,11295.64,2.97,1576.4,5.9,5392.27,55.91,70.06,10,76.98,85.58,2026,3,9,12,Monday,0,0,30.885805451461408,28.60406783805658,19.762345991607383,20.747780718874637,Within Budget,High,Moderate,Very High,Fair,High,Very High,High,14.38369725985275,52.21
272,2026-03-09 18:00:00,BLDG_B,6055.97,1827.77,1591.26,2120.87,11595.87,13717.34,15.47,810.2,16.3,1960.74,9.69,91.73,12,48.8,60.09,2026,3,9,18,Monday,0,0,52.2252319144661,15.762249835501777,13.722644355274765,18.289873894757356,Within Budget,Moderate,Very High,Low,Excellent,Low,Moderate,High,6.9869703609992175,41.63
273,2026-03-10 00:00:00,BLDG_A,5431.33,3416.66,1870.4,1248.61,11967.0,12121.15,1.27,630.23,14.91,3908.23,28.69,81.76,12,73.63,80.0,2026,3,10,0,Tuesday,1,0,45.38589454332748,28.55068103952536,15.629648199214508,10.433776217932648,Within Budget,Moderate,High,Moderate,Good,High,High,High,5.2663992646444395,49.75
274,2026-03-10 06:00:00,BLDG_B,3045.01,3310.5,1749.18,962.63,9067.32,9167.13,1.09,1225.05,10.47,7051.1,54.49,65.91,2,85.96,48.26,2026,3,10,6,Tuesday,1,0,33.58224922027678,36.51023676235095,19.291036381201945,10.616477636170336,Within Budget,High,High,Very High,Fair,Very High,Low,Low,13.510607323884013,54.21
275,2026-03-10 12:00:00,BLDG_A,4832.86,2776.49,1659.16,1969.7,11238.21,11659.31,3.61,771.49,5.03,8052.2,54.4,67.84,4,83.33,76.46,2026,3,10,12,Tuesday,1,0,43.00382356264921,24.705802792437588,14.763561100922656,17.526812543990548,Within Budget,Moderate,Moderate,Very High,Fair,High,High,Moderate,6.864883286573218,52.65
276,2026-03-10 18:00:00,BLDG_A,4600.03,1482.36,952.48,1109.15,8144.02,9625.35,15.39,1371.46,15.51,5816.86,56.38,77.79,13,52.56,79.03,2026,3,10,18,Tuesday,1,0,56.48353024673318,18.201821704760054,11.695452614310868,13.619195434195888,Within Budget,High,Very High,Very High,Good,Moderate,High,Very High,16.840086345563986,50.56
277,2026-03-11 00:00:00,BLDG_C,3685.58,1068.63,502.77,852.08,6109.06,6744.4,9.42,301.71,14.26,9745.53,17.65,89.63,12,90.74,63.04,2026,3,11,0,Wednesday,2,0,60.32973976356427,17.49254386108501,8.229907710842584,13.947808664508123,Within Budget,Low,High,Moderate,Good,Very High,Moderate,High,4.938730344766625,53.07
278,2026-03-11 06:00:00,BLDG_C,3524.69,3093.17,1017.49,2073.05,9708.4,11238.33,13.61,754.8,6.03,1793.06,48.24,95.69,9,83.5,81.27,2026,3,11,6,Wednesday,2,0,36.305570433851095,31.860759754439457,10.48051172180792,21.35315808990153,Within Budget,Moderate,Moderate,High,Excellent,High,High,High,7.774710559927485,58.36
279,2026-03-11 12:00:00,BLDG_A,3414.73,1162.85,1600.48,1125.09,7303.15,7635.94,4.36,279.11,20.36,1472.28,16.35,85.21,8,45.27,68.97,2026,3,11,12,Wednesday,2,0,46.75694734463896,15.922581351882407,21.914927120489107,15.40554418298953,Within Budget,Low,Very High,Moderate,Good,Low,Moderate,High,3.821775535214257,41.8
280,2026-03-11 18:00:00,BLDG_A,4700.63,3091.93,584.55,2328.88,10705.99,11755.65,8.93,1450.62,7.58,1008.81,52.75,79.23,3,81.87,88.69,2026,3,11,18,Wednesday,2,0,43.90654203861577,28.880374444586625,5.460027517305733,21.753055999491874,Within Budget,High,Moderate,Very High,Good,High,Very High,Low,13.54961101215301,55.36
281,2026-03-12 00:00:00,BLDG_C,3879.33,2074.14,421.45,2181.27,8556.19,9169.31,6.69,1400.56,17.38,6662.02,21.97,69.53,8,81.87,45.85,2026,3,12,0,Thursday,3,0,45.339455996185215,24.241397163924596,4.9256736935481795,25.493473146342005,Within Budget,High,Very High,Moderate,Fair,High,Low,High,16.36896796354452,47.69
282,2026-03-12 06:00:00,BLDG_C,5709.76,1838.36,651.45,2195.28,10394.85,12115.88,14.2,1303.32,19.93,8621.66,50.06,85.57,13,69.84,46.8,2026,3,12,6,Thursday,3,0,54.928738750438924,17.685296084118576,6.267045700515158,21.118919464927345,Within Budget,High,Very High,Very High,Good,Moderate,Low,Very High,12.538131863374652,56.35
283,2026-03-12 12:00:00,BLDG_C,4947.13,3228.93,1688.32,2043.14,11907.52,11961.35,0.45,2032.17,14.43,2001.0,33.94,97.33,2,47.3,83.81,2026,3,12,12,Thursday,3,0,41.546266560963154,27.116729596087175,14.178603101233506,17.15840074171616,Within Budget,Very High,High,High,Excellent,Low,High,Low,17.066274085619842,48.25
284,2026-03-12 18:00:00,BLDG_B,2128.68,2390.78,2151.03,2261.76,8932.25,9367.86,4.65,440.14,8.44,7847.87,64.22,78.1,3,74.0,83.8,2026,3,12,18,Thursday,3,0,23.83139746424473,26.765708528086428,24.081614374877553,25.321279632791295,Within Budget,Low,Moderate,Very High,Good,High,High,Low,4.927537854403986,56.19
285,2026-03-13 00:00:00,BLDG_A,4808.79,2314.52,2169.52,2111.49,11404.32,11752.32,2.96,492.21,9.57,5984.9,41.05,66.16,14,83.29,64.5,2026,3,13,0,Friday,4,0,42.16638957868597,20.29511623665418,19.023668223971267,18.51482596068858,Within Budget,Low,Moderate,High,Fair,High,Moderate,Very High,4.315996043604529,50.02
286,2026-03-13 06:00:00,BLDG_C,3074.39,2264.54,1289.16,1705.02,8333.11,9765.05,14.66,1297.98,19.94,11854.46,44.06,63.93,5,58.54,90.13,2026,3,13,6,Friday,4,0,36.893668750322504,27.17520829558232,15.470334604967412,20.460788349127753,Within Budget,High,Very High,High,Fair,Moderate,Very High,Moderate,15.576177441555433,46.62
287,2026-03-13 12:00:00,BLDG_A,4586.22,1739.27,1964.83,1091.65,9381.97,10259.27,8.55,1485.42,9.37,8750.95,28.99,70.23,11,78.35,75.33,2026,3,13,12,Friday,4,0,48.88333686848285,18.538430628109023,20.9426165293643,11.635615974043832,Within Budget,High,Moderate,Moderate,Fair,High,High,High,15.83270890868336,46.74
288,2026-03-13 18:00:00,BLDG_B,4996.62,2899.8,1726.29,2276.42,11899.13,12861.1,7.48,1840.27,17.43,8060.94,49.87,81.64,12,62.7,91.11,2026,3,13,18,Friday,4,0,41.99147332620116,24.369848888111992,14.507699302385973,19.130978483300883,Within Budget,High,Very High,High,Good,Moderate,Very High,High,15.465584458695721,52.91
289,2026-03-14 00:00:00,BLDG_B,2884.9,1407.84,1301.87,2181.21,7775.82,8474.84,8.25,1165.17,21.82,7060.17,36.21,95.98,14,73.69,67.68,2026,3,14,0,Saturday,5,1,37.1009102576963,18.10535737709978,16.742542908657864,28.051189456546066,Within Budget,High,Very High,High,Excellent,High,Moderate,Very High,14.984528962861795,56.92
290,2026-03-14 06:00:00,BLDG_C,3947.24,3328.91,1430.97,1445.76,10152.88,12126.45,16.27,856.24,22.0,11969.71,9.03,71.37,10,64.23,50.48,2026,3,14,6,Saturday,5,1,38.87803263704485,32.78783950957758,14.094227450733193,14.239900402644373,Within Budget,Moderate,Very High,Low,Fair,Moderate,Moderate,High,8.433469124031802,41.66
291,2026-03-14 12:00:00,BLDG_B,2694.53,3203.16,647.01,578.16,7122.86,8334.13,14.53,446.03,13.6,11775.28,42.69,71.6,10,60.19,63.11,2026,3,14,12,Saturday,5,1,37.82932698382392,44.97013839946314,9.083570363589907,8.116964253123044,Within Budget,Low,High,High,Fair,Moderate,Moderate,High,6.2619509579017425,47.02
292,2026-03-14 18:00:00,BLDG_A,2045.99,1644.94,2087.79,1777.09,7555.81,8623.25,12.38,1279.35,18.88,6688.32,55.34,78.28,8,87.8,90.99,2026,3,14,18,Saturday,5,1,27.078367507917743,21.77053155121688,27.631584171650687,23.519516769214682,Within Budget,High,Very High,Very High,Good,Very High,Very High,High,16.93200331929998,60.08
293,2026-03-15 00:00:00,BLDG_C,3578.84,2742.5,1033.47,601.19,7956.0,8418.21,5.49,605.05,21.82,5734.61,21.5,94.9,1,82.69,59.26,2026,3,15,0,Sunday,6,1,44.98290598290598,34.47083961789844,12.989819004524888,7.5564353946706895,Within Budget,Moderate,Very High,Moderate,Excellent,High,Moderate,Low,7.604952237305178,55.23
294,2026-03-15 06:00:00,BLDG_A,3505.84,2305.02,1203.07,2352.56,9366.49,9675.91,3.2,840.75,10.74,5814.32,20.6,75.92,4,62.27,89.76,2026,3,15,6,Sunday,6,1,37.42960276474966,24.609218608037803,12.844405962105334,25.116772665107206,Within Budget,Moderate,High,Moderate,Good,Moderate,Very High,Moderate,8.976147948697966,42.38
295,2026-03-15 12:00:00,BLDG_A,6478.76,1645.42,1608.99,2423.26,12156.43,14396.7,15.56,1640.31,8.54,5425.94,42.71,68.48,1,66.73,81.45,2026,3,15,12,Sunday,6,1,53.294922933788946,13.535388267772694,13.235711471213177,19.933977327225183,Within Budget,High,Moderate,High,Fair,Moderate,High,Low,13.493352900481472,46.62
296,2026-03-15 18:00:00,BLDG_B,3897.86,3467.86,1001.02,878.98,9245.72,10028.05,7.8,684.21,6.06,6611.08,54.62,66.2,1,79.59,62.99,2026,3,15,18,Sunday,6,1,42.158533894602044,37.50773330795222,10.826847449414432,9.506885348031306,Within Budget,Moderate,Moderate,Very High,Fair,High,Moderate,Low,7.400288998585293,51.62
297,2026-03-16 00:00:00,BLDG_B,3367.78,770.66,857.67,1852.78,6848.89,7230.72,5.28,1046.99,6.54,3646.22,22.23,77.37,12,85.55,68.18,2026,3,16,0,Monday,0,0,49.17263965401693,11.25233431986789,12.52275916243362,27.052266863681556,Within Budget,High,Moderate,Moderate,Good,Very High,Moderate,High,15.287002711388267,47.92
298,2026-03-16 06:00:00,BLDG_B,4528.23,1407.41,1535.89,684.54,8156.07,8924.24,8.61,330.36,19.36,11158.07,61.14,90.43,5,79.22,71.59,2026,3,16,6,Monday,0,0,55.51975399916872,17.255982354246594,18.831250835267475,8.393012811317215,Within Budget,Low,Very High,Very High,Excellent,High,High,Moderate,4.050480194505442,62.54
299,2026-03-16 12:00:00,BLDG_B,2217.21,2156.21,444.97,1959.03,6777.42,8021.55,15.51,1007.65,14.6,6137.65,60.86,71.07,6,72.05,74.62,2026,3,16,12,Monday,0,0,32.71466133130306,31.814613820598396,6.565477718659904,28.90524712943863,Within Budget,High,High,Very High,Fair,High,High,Moderate,14.867752035435315,54.64
300,2026-03-16 18:00:00,BLDG_B,6319.83,2161.47,1697.31,1194.58,11373.19,12253.63,7.19,1367.94,19.73,10183.09,19.43,79.48,15,92.72,43.99,2026,3,16,18,Monday,0,0,55.56778705007126,19.004958151582798,14.923781278603451,10.503473519742482,Within Budget,High,Very High,Moderate,Good,Very High,Low,Very High,12.027760021594645,52.84
301,2026-03-17 00:00:00,BLDG_C,4784.31,2349.01,1325.24,1862.1,10320.66,11482.03,10.11,1196.67,18.21,5965.99,23.04,82.91,1,83.71,88.55,2026,3,17,0,Tuesday,1,0,46.35662835516334,22.760269207589438,12.840651663750185,18.042450773497045,Within Budget,High,Very High,Moderate,Good,High,Very High,Low,11.594898000709259,51.97
302,2026-03-17 06:00:00,BLDG_A,5347.74,2804.69,1490.36,1245.75,10888.54,12637.17,13.84,1075.31,16.13,8760.34,47.93,77.12,11,50.78,71.04,2026,3,17,6,Tuesday,1,0,49.1134715949062,25.758182456050122,13.687418147887593,11.440927801156077,Within Budget,High,Very High,High,Good,Moderate,High,High,9.875612341048477,47.99
303,2026-03-17 12:00:00,BLDG_A,2601.25,2445.74,1537.38,791.14,7375.51,8005.57,7.87,527.77,14.97,4374.14,62.25,67.28,6,72.91,88.42,2026,3,17,12,Tuesday,1,0,35.26874751712084,33.16028315330058,20.844389065976454,10.72658026360211,Within Budget,Moderate,High,Very High,Fair,High,Very High,Moderate,7.155708554391492,54.35
304,2026-03-17 18:00:00,BLDG_A,3724.55,2380.79,1348.69,1312.22,8766.25,9175.71,4.46,873.21,4.87,7685.28,48.46,95.03,5,65.48,72.86,2026,3,17,18,Tuesday,1,0,42.487380578924856,27.158591187794094,15.385027805504064,14.969000427776985,Within Budget,Moderate,Low,High,Excellent,Moderate,High,Moderate,9.96104377584486,53.46
305,2026-03-18 00:00:00,BLDG_A,3786.64,849.84,1448.56,725.35,6810.39,8165.01,16.59,664.04,19.7,6231.27,33.36,81.49,4,84.75,62.41,2026,3,18,0,Wednesday,2,0,55.60092740650682,12.478580521820335,21.269853855652904,10.650638216019933,Within Budget,Moderate,Very High,High,Good,High,Moderate,Moderate,9.750396085980391,54.82
306,2026-03-18 06:00:00,BLDG_B,5662.49,1754.28,1630.82,1653.77,10701.36,12748.68,16.06,1258.09,11.52,4721.81,17.63,87.71,10,47.23,69.48,2026,3,18,6,Wednesday,2,0,52.913741804779946,16.393056583462286,15.239371444377161,15.453830167380595,Within Budget,High,High,Moderate,Good,Low,Moderate,High,11.756356201454766,41.02
307,2026-03-18 12:00:00,BLDG_A,1805.81,1349.76,1755.61,581.9,5493.08,6419.74,14.43,396.8,14.08,10637.9,34.28,84.17,5,65.54,83.13,2026,3,18,12,Wednesday,2,0,32.87427090084251,24.572006961486085,31.960393804568653,10.59332833310274,Within Budget,Low,High,High,Good,Moderate,High,Moderate,7.223634099630809,49.52
308,2026-03-18 18:00:00,BLDG_C,3214.01,1443.04,1709.41,1554.64,7921.1,9011.64,12.1,329.83,4.4,1796.18,42.59,97.93,8,60.91,56.96,2026,3,18,18,Wednesday,2,0,40.57529888525583,18.21767178800924,21.580462309527718,19.626567017207204,Within Budget,Low,Low,High,Excellent,Moderate,Moderate,High,4.163941876759541,51.46
309,2026-03-19 00:00:00,BLDG_C,6411.81,2252.14,1965.31,2272.74,12902.0,13662.87,5.57,667.85,20.85,6099.62,26.86,77.34,9,52.06,89.74,2026,3,19,0,Thursday,3,0,49.696248643621146,17.455743295613082,15.23259959696171,17.615408463804062,Within Budget,Moderate,Very High,Moderate,Good,Moderate,Very High,High,5.1763292512788714,44.28
310,2026-03-19 06:00:00,BLDG_A,4031.97,1258.61,741.0,2175.75,8207.33,9706.67,15.45,1106.98,20.25,2735.24,37.08,76.15,11,63.94,64.23,2026,3,19,6,Thursday,3,0,49.126451598753796,15.335194271462216,9.02851475449385,26.509839375290138,Within Budget,High,Very High,High,Good,Moderate,Moderate,High,13.487699410161405,49.36
311,2026-03-19 12:00:00,BLDG_A,3597.87,1523.06,1122.07,2265.56,8508.56,8977.48,5.22,283.96,13.78,10402.13,15.42,73.69,14,78.64,89.72,2026,3,19,12,Thursday,3,0,42.28529856991077,17.900326259672614,13.187542897975685,26.626832272440932,Within Budget,Low,High,Moderate,Fair,High,Very High,Very High,3.337344979644029,45.38
312,2026-03-19 18:00:00,BLDG_C,2363.2,1363.84,2106.03,2344.1,8177.17,9486.84,13.81,1295.81,14.39,3414.9,33.77,73.74,12,63.08,85.8,2026,3,19,18,Thursday,3,0,28.89997395186843,16.678630871071533,25.75499836740584,28.666396809654195,Within Budget,High,High,High,Fair,Moderate,Very High,High,15.846680453017365,46.24
313,2026-03-20 00:00:00,BLDG_C,6378.57,3355.81,1113.86,709.06,11557.3,13679.82,15.52,1550.52,16.69,7784.45,13.17,70.48,2,74.0,79.92,2026,3,20,0,Friday,4,0,55.190831768665696,29.036280100023365,9.637718152163567,6.135169979147379,Within Budget,High,Very High,Low,Fair,High,High,Low,13.415936248085627,43.58
314,2026-03-20 06:00:00,BLDG_B,1894.12,3345.06,624.77,757.49,6621.44,7419.99,10.76,961.52,8.76,2403.98,10.8,97.26,6,74.64,64.31,2026,3,20,6,Friday,4,0,28.605862168954182,50.518618306591925,9.435560844770926,11.43995867968297,Within Budget,Moderate,Moderate,Low,Excellent,High,Moderate,Moderate,14.521312584573748,47.86
315,2026-03-20 12:00:00,BLDG_C,5264.75,2407.84,1345.8,1614.01,10632.4,12340.08,13.84,1652.25,7.99,5156.51,56.86,93.09,3,74.36,70.52,2026,3,20,12,Friday,4,0,49.51610172679734,22.64625108159964,12.657537338700575,15.180109852902449,Within Budget,High,Moderate,Very High,Excellent,High,High,Low,15.539765245852303,58.08
316,2026-03-20 18:00:00,BLDG_B,5412.42,3288.66,597.08,2287.95,11586.11,13420.64,13.67,560.84,16.13,10842.61,19.69,72.03,15,71.48,83.58,2026,3,20,18,Friday,4,0,46.714729965450005,28.384505239463458,5.153412146095627,19.7473526489909,Within Budget,Moderate,Very High,Moderate,Fair,High,High,Very High,4.840623815931318,44.83
317,2026-03-21 00:00:00,BLDG_B,2945.19,2900.28,765.14,2448.7,9059.31,9409.29,3.72,1389.41,5.88,2409.74,40.78,71.6,2,50.85,68.29,2026,3,21,0,Saturday,5,1,32.510091828185594,32.01435870943814,8.44589709370802,27.029652368668255,Within Budget,High,Moderate,High,Fair,Moderate,Moderate,Low,15.336819250031187,42.28
318,2026-03-21 06:00:00,BLDG_B,4956.32,2351.85,2196.97,592.52,10097.66,11446.55,11.78,1067.29,12.17,8126.75,16.49,63.93,12,55.92,78.39,2026,3,21,6,Saturday,5,1,49.08384714874535,23.291039706228965,21.75721899925329,5.867894145772387,Within Budget,High,High,Moderate,Fair,Moderate,High,High,10.569676538920898,37.13
319,2026-03-21 12:00:00,BLDG_B,2236.77,718.02,1374.45,1211.55,5540.79,5644.37,1.84,902.2,12.87,2851.87,22.96,93.33,14,85.0,81.11,2026,3,21,12,Saturday,5,1,40.36915313520274,12.958801903699651,24.806029465112374,21.866015495985227,Within Budget,Moderate,High,Moderate,Excellent,High,High,Very High,16.282876629505903,53.54
320,2026-03-21 18:00:00,BLDG_B,3008.12,2863.05,911.31,925.79,7708.27,8491.2,9.22,1256.36,10.86,5281.11,28.6,74.13,13,70.12,66.68,2026,3,21,18,Saturday,5,1,39.024580093847256,37.14257544170093,11.822497136192684,12.010347328259128,Within Budget,High,High,Moderate,Fair,High,Moderate,Very High,16.298858239267695,45.93
321,2026-03-22 00:00:00,BLDG_A,5503.14,2666.97,2190.59,2011.93,12372.63,12774.09,3.14,416.05,7.33,6717.09,16.19,81.76,1,80.3,67.88,2026,3,22,0,Sunday,6,1,44.47833645716393,21.555400913144577,17.705128174042223,16.261134455649284,Within Budget,Low,Moderate,Moderate,Good,High,Moderate,Low,3.3626642031645657,46.4
322,2026-03-22 06:00:00,BLDG_C,5864.03,2422.71,2139.81,1780.39,12206.94,13223.41,7.69,1067.25,10.4,7139.02,10.62,94.21,4,73.5,50.29,2026,3,22,6,Sunday,6,1,48.0384928573418,19.846988680209783,17.5294545561787,14.585063906269713,Within Budget,High,High,Low,Excellent,High,Moderate,Moderate,8.742977355504328,47.18
323,2026-03-22 12:00:00,BLDG_B,4659.89,2829.19,1193.33,739.78,9422.19,10991.89,14.28,1026.64,10.08,7428.88,58.0,75.51,8,46.93,52.73,2026,3,22,12,Sunday,6,1,49.45654884904677,30.026883346652955,12.665102274524287,7.851465529775986,Within Budget,High,High,Very High,Good,Low,Moderate,High,10.895980658424422,47.63
324,2026-03-22 18:00:00,BLDG_C,4182.14,2136.18,868.73,1467.04,8654.09,10362.7,16.49,1140.21,12.99,7861.51,8.67,90.66,3,84.81,87.06,2026,3,22,18,Sunday,6,1,48.32558940339193,24.68405112495941,10.03837491868007,16.951984552968597,Within Budget,High,High,Low,Excellent,High,Very High,Low,13.175388746823756,49.28
325,2026-03-23 00:00:00,BLDG_C,2548.73,2671.43,1909.12,1870.88,9000.16,9572.5,5.98,656.36,16.14,3625.34,11.5,76.35,5,48.22,83.7,2026,3,23,0,Monday,0,0,28.31871877833283,29.682027875059998,21.212067341025048,20.787186005582125,Within Budget,Moderate,Very High,Low,Good,Low,High,Moderate,7.292759239835736,38.05
326,2026-03-23 06:00:00,BLDG_B,2096.61,3318.48,1688.12,2058.01,9161.22,10135.89,9.62,621.33,21.43,5115.73,53.89,86.64,14,92.16,40.53,2026,3,23,6,Monday,0,0,22.885707362119895,36.223123121156355,18.426803417012145,22.464366099711615,Within Budget,Moderate,Very High,Very High,Good,Very High,Low,Very High,6.782175299796317,63.53
327,2026-03-23 12:00:00,BLDG_A,2352.95,1752.25,1636.49,540.11,6281.8,6924.17,9.28,547.71,6.59,929.16,24.07,76.39,10,55.77,85.21,2026,3,23,12,Monday,0,0,37.45662071380814,27.89407494667134,26.051291031233088,8.598013308287433,Within Budget,Moderate,Moderate,Moderate,Good,Moderate,Very High,High,8.718997739501418,40.7
328,2026-03-23 18:00:00,BLDG_B,2868.58,2682.74,2007.6,2280.94,9839.86,11718.1,16.03,1034.57,19.71,9340.71,49.2,74.92,5,70.62,41.31,2026,3,23,18,Monday,0,0,29.152650545841098,27.264005788700242,20.402729307124286,23.180614358334363,Within Budget,High,Very High,High,Fair,High,Low,Moderate,10.514072354687972,53.61
329,2026-03-24 00:00:00,BLDG_A,3405.87,2031.93,1640.95,1638.56,8717.31,9551.7,8.74,1505.23,9.12,10126.64,16.33,97.65,5,48.18,63.83,2026,3,24,0,Tuesday,1,0,39.07019481927338,23.30914009023426,18.824040902526125,18.796624187966245,Within Budget,High,Moderate,Moderate,Excellent,Low,Moderate,Moderate,17.267138601242817,42.82
330,2026-03-24 06:00:00,BLDG_C,3590.27,2588.32,910.84,2123.82,9213.25,10501.46,12.27,1329.62,14.64,2791.22,21.53,83.27,11,89.75,43.51,2026,3,24,6,Tuesday,1,0,38.968550728570264,28.093452364800697,9.886196510460477,23.051800396168566,Within Budget,High,High,Moderate,Good,Very High,Low,High,14.431606653461046,52.3
331,2026-03-24 12:00:00,BLDG_A,3427.71,2836.1,1648.95,2115.88,10028.64,11877.5,15.57,946.69,13.84,2816.61,40.65,73.96,9,94.0,90.38,2026,3,24,12,Tuesday,1,0,34.17921074043939,28.28000606263661,16.44240894079357,21.098374256130445,Within Budget,Moderate,High,High,Fair,Very High,Very High,High,9.439864228848577,55.61
332,2026-03-24 18:00:00,BLDG_A,2923.56,827.27,950.46,879.71,5581.0,5997.77,6.95,212.94,14.03,983.42,64.35,69.8,15,52.31,90.56,2026,3,24,18,Tuesday,1,0,52.38416054470525,14.82297079376456,17.030281311592905,15.762587349937288,Within Budget,Low,High,Very High,Fair,Moderate,Very High,Very High,3.8154452607059666,50.12
333,2026-03-25 00:00:00,BLDG_A,4195.7,2510.48,1766.63,720.34,9193.15,10851.82,15.28,508.18,17.02,11659.41,12.19,61.51,8,59.79,71.77,2026,3,25,0,Wednesday,2,0,45.63941630453109,27.308158792144148,19.216808166950393,7.835616736374367,Within Budget,Moderate,Very High,Low,Fair,Moderate,High,High,5.527811468321523,37.63
334,2026-03-25 06:00:00,BLDG_C,5678.84,1334.88,1515.55,1942.57,10471.84,12393.33,15.5,1030.31,10.87,9782.65,30.83,86.85,8,45.79,60.39,2026,3,25,6,Wednesday,2,0,54.22962917691638,12.747329982123487,14.472623722287581,18.550417118672556,Within Budget,High,High,High,Good,Low,Moderate,High,9.838863084233525,43.58
335,2026-03-25 12:00:00,BLDG_C,3114.61,2576.09,539.34,812.85,7042.89,8353.8,15.69,1071.04,9.74,4648.09,10.46,74.14,13,84.35,66.62,2026,3,25,12,Wednesday,2,0,44.223465083225776,36.57717215518061,7.657935875755549,11.541426885838057,Within Budget,High,Moderate,Low,Fair,High,Moderate,Very High,15.207393555770429,44.67
336,2026-03-25 18:00:00,BLDG_A,6229.22,2011.32,1323.1,2199.87,11763.51,12399.79,5.13,1024.65,19.35,6041.95,19.36,91.21,13,60.57,79.64,2026,3,25,18,Wednesday,2,0,52.953752748966934,17.097958007431455,11.247493307694727,18.700795935906882,Within Budget,High,Very High,Moderate,Excellent,Moderate,High,Very High,8.710410413218504,47.62
337,2026-03-26 00:00:00,BLDG_A,5904.68,2865.95,1017.94,1952.38,11740.95,12681.06,7.41,1300.6,7.96,3857.62,59.73,73.83,1,74.44,51.61,2026,3,26,0,Thursday,3,0,50.291330769656625,24.40986461913218,8.6699968912226,16.628807719988586,Within Budget,High,Moderate,Very High,Fair,High,Moderate,Low,11.077468177617652,53.99
338,2026-03-26 06:00:00,BLDG_B,2560.29,1045.52,991.43,2183.65,6780.89,7961.3,14.83,1110.51,7.24,7368.31,13.5,74.19,1,46.96,62.97,2026,3,26,6,Thursday,3,0,37.75743302132906,15.41862498875516,14.620942088722867,32.20299990119291,Within Budget,High,Moderate,Low,Fair,Low,Moderate,Low,16.377053749581545,35.47
339,2026-03-26 12:00:00,BLDG_A,5495.5,2453.7,1484.06,1098.03,10531.29,11287.78,6.7,1759.46,4.28,8749.05,56.84,89.61,2,80.77,78.34,2026,3,26,12,Thursday,3,0,52.18259111656786,23.299139991397062,14.091910867519552,10.426358024515514,Within Budget,High,Low,Very High,Good,High,High,Low,16.70697511890756,57.88
340,2026-03-26 18:00:00,BLDG_B,4500.56,1479.72,980.18,1133.2,8093.66,9065.31,10.72,504.77,7.79,5644.74,18.13,78.6,14,71.47,60.56,2026,3,26,18,Thursday,3,0,55.60599283883929,18.282458121542046,12.110466710981187,14.001082328637477,Within Budget,Moderate,Moderate,Moderate,Good,High,Moderate,Very High,6.2366098897161475,44.0
341,2026-03-27 00:00:00,BLDG_A,4462.9,3088.35,1798.41,1842.44,11192.1,11456.36,2.31,408.95,13.33,10546.33,57.12,93.63,8,81.25,41.66,2026,3,27,0,Friday,4,0,39.87544786054449,27.594017208566758,16.068566220816468,16.461968710072284,Within Budget,Low,High,Very High,Excellent,High,Low,High,3.653916601888832,61.33
342,2026-03-27 06:00:00,BLDG_B,3637.9,3299.47,527.42,562.89,8027.68,8118.03,1.11,608.59,13.69,6445.8,38.67,82.43,10,84.48,66.38,2026,3,27,6,Friday,4,0,45.31695334143862,41.10116496920654,6.570017738624359,7.011863950730472,Within Budget,Moderate,High,High,Good,High,Moderate,High,7.5811442409263945,54.82
343,2026-03-27 12:00:00,BLDG_C,4155.42,3489.92,1588.7,1952.99,11187.03,12108.83,7.61,1503.21,8.58,2158.91,58.06,69.14,1,49.46,78.35,2026,3,27,12,Friday,4,0,37.14497949858005,31.19612622831976,14.201267002948951,17.45762727015124,Within Budget,High,Moderate,Very High,Fair,Low,High,Low,13.437078473911306,46.31
344,2026-03-27 18:00:00,BLDG_A,3666.74,2928.82,1856.55,2171.57,10623.68,11853.72,10.38,1834.36,5.3,7656.35,16.65,81.59,15,73.9,90.79,2026,3,27,18,Friday,4,0,34.514782071749146,27.568789722582004,17.47558284888099,20.440845356787857,Within Budget,High,Moderate,Moderate,Good,High,Very High,Very High,17.26670984065785,44.36
345,2026-03-28 00:00:00,BLDG_A,4336.74,2810.46,1611.1,1330.33,10088.63,10880.99,7.28,419.23,17.4,5815.66,51.44,60.15,4,77.5,41.93,2026,3,28,0,Saturday,5,1,42.98641143544763,27.85769722945534,15.969462652510796,13.186428682586238,Within Budget,Low,Very High,Very High,Fair,High,Low,Moderate,4.1554700687804,51.62
346,2026-03-28 06:00:00,BLDG_A,4751.37,1303.4,1295.01,2029.76,9379.54,10463.32,10.36,321.46,17.64,11260.23,46.8,71.87,9,70.84,68.08,2026,3,28,6,Saturday,5,1,50.6567486251991,13.896203865008305,13.806753849335893,21.640293660456695,Within Budget,Low,Very High,High,Fair,High,Moderate,High,3.427246965202984,51.79
347,2026-03-28 12:00:00,BLDG_A,4969.23,1640.82,2110.55,849.22,9569.82,10555.67,9.34,1556.26,21.96,5006.78,38.95,67.9,2,54.12,63.4,2026,3,28,12,Saturday,5,1,51.926055035517905,17.14577703655868,22.05422881517103,8.873939112752382,Within Budget,High,Very High,High,Fair,Moderate,Moderate,Low,16.262165850559363,45.73
348,2026-03-28 18:00:00,BLDG_B,4302.66,2003.91,939.89,1144.52,8390.98,9541.73,12.06,1193.38,20.2,5132.96,54.2,84.86,3,84.78,52.61,2026,3,28,18,Saturday,5,1,51.27720480802004,23.881715842488006,11.201194616123503,13.63988473336845,Within Budget,High,Very High,Very High,Good,High,Moderate,Low,14.222176670663023,61.01
349,2026-03-29 00:00:00,BLDG_A,5190.68,2865.47,434.5,2448.61,10939.26,12360.34,11.5,1956.35,20.67,7983.89,44.95,65.17,11,94.87,73.16,2026,3,29,0,Sunday,6,1,47.45001032976637,26.19436780915711,3.9719322879244117,22.383689573152115,Within Budget,High,Very High,High,Fair,Very High,High,High,17.883750820439406,56.42
350,2026-03-29 06:00:00,BLDG_C,2464.01,3261.9,1177.58,2472.66,9376.15,10171.71,7.82,839.34,18.37,6560.34,57.99,71.02,6,93.46,48.51,2026,3,29,6,Sunday,6,1,26.279549708569082,34.78933250854562,12.55931272430582,26.37180505857948,Within Budget,Moderate,Very High,Very High,Fair,Very High,Low,Moderate,8.951861904939662,60.21
351,2026-03-29 12:00:00,BLDG_C,2796.32,1229.59,459.42,1525.21,6010.54,6521.43,7.83,555.42,15.08,4806.17,29.72,72.59,13,83.88,54.76,2026,3,29,12,Sunday,6,1,46.52360686394235,20.457230132400746,7.64357279046475,25.37559021319216,Within Budget,Moderate,Very High,Moderate,Fair,High,Moderate,Very High,9.240767052544363,50.32
352,2026-03-29 18:00:00,BLDG_A,5648.05,3282.63,2117.09,2368.54,13416.31,13794.06,2.74,749.26,6.31,11882.41,41.63,60.13,15,65.91,80.65,2026,3,29,18,Sunday,6,1,42.09838621796902,24.467457892669447,15.779972287462055,17.65418360189948,Within Budget,Moderate,Moderate,High,Fair,Moderate,High,Very High,5.584695046551548,43.5
353,2026-03-30 00:00:00,BLDG_C,3315.88,2647.75,777.85,1545.46,8286.94,9137.58,9.31,392.61,15.2,3975.13,57.62,61.78,11,61.87,63.94,2026,3,30,0,Monday,0,0,40.013322167169065,31.95087692200016,9.386456279398669,18.649344631432108,Within Budget,Low,Very High,Very High,Fair,Moderate,Moderate,High,4.737695699498246,49.12
354,2026-03-30 06:00:00,BLDG_A,1907.6,2410.16,1820.07,1083.18,7221.01,8069.02,10.51,843.47,5.01,3691.58,20.24,71.82,10,48.43,91.67,2026,3,30,6,Monday,0,0,26.41735712871191,33.37704836304062,25.205199826617054,15.00039468163041,Within Budget,Moderate,Moderate,Moderate,Fair,Low,Very High,High,11.680775957933863,36.38
355,2026-03-30 12:00:00,BLDG_A,2522.82,1259.56,1794.23,1033.8,6610.41,7240.37,8.7,559.52,19.94,10440.92,35.69,68.45,3,65.81,60.1,2026,3,30,12,Monday,0,0,38.16434986634717,19.05418877195212,27.14249191805047,15.638969443650241,Within Budget,Moderate,Very High,High,Fair,Moderate,Moderate,Low,8.464225365748872,47.47
356,2026-03-30 18:00:00,BLDG_C,2850.99,855.47,791.91,2359.01,6857.38,7304.08,6.12,288.34,12.67,538.79,62.76,64.44,15,52.8,64.09,2026,3,30,18,Monday,0,0,41.57549968063604,12.475172733609629,11.548288121702457,34.40103946405187,Within Budget,Low,High,Very High,Fair,Moderate,Moderate,Very High,4.204812916886624,48.17
357,2026-03-31 00:00:00,BLDG_A,6299.42,2291.7,1518.21,844.89,10954.22,12535.24,12.61,1786.06,16.55,2814.41,35.0,65.86,15,57.72,55.61,2026,3,31,0,Tuesday,1,0,57.50678733857819,20.92070453213465,13.85959018533497,7.712917943952194,Within Budget,High,Very High,High,Fair,Moderate,Moderate,Very High,16.30476656484898,43.78
358,2026-03-31 06:00:00,BLDG_C,4493.29,2524.24,486.54,1659.26,9163.33,9300.16,1.47,547.54,4.94,7290.14,22.41,91.75,4,89.59,52.29,2026,3,31,6,Tuesday,1,0,49.03555803403348,27.547190813819867,5.309641800524481,18.107609351622173,Within Budget,Moderate,Low,Moderate,Excellent,Very High,Moderate,Moderate,5.975338659635743,52.17
359,2026-03-31 12:00:00,BLDG_B,6183.83,1290.19,1270.43,1611.05,10355.5,12249.4,15.46,1473.46,13.62,2368.18,28.01,85.97,9,93.43,87.96,2026,3,31,12,Tuesday,1,0,59.7154169282024,12.45898314905123,12.268166674713921,15.557433248032446,Within Budget,High,High,Moderate,Good,Very High,Very High,High,14.228767321713098,55.26
360,2026-03-31 18:00:00,BLDG_A,4503.27,2258.08,426.36,1979.24,9166.95,9204.8,0.41,663.08,9.42,11836.75,58.45,78.4,9,92.43,78.94,2026,3,31,18,Tuesday,1,0,49.12506340713105,24.632838621351702,4.651056240079852,21.59104173143739,Within Budget,Moderate,Moderate,Very High,Good,Very High,High,High,7.233376422910565,59.68
361,2026-04-01 00:00:00,BLDG_B,4052.97,3098.18,2058.06,1498.49,10707.7,12768.61,16.14,1626.88,9.13,5838.25,62.43,94.54,10,54.67,57.34,2026,4,1,0,Wednesday,2,0,37.850985739234375,28.934131512836554,19.22037412329445,13.994508624634609,Within Budget,High,Moderate,Very High,Excellent,Moderate,Moderate,High,15.19355230348254,55.19
362,2026-04-01 06:00:00,BLDG_C,3274.52,3038.18,2156.95,1044.57,9514.22,10394.01,8.46,454.39,11.01,7369.69,62.16,61.12,5,90.04,76.41,2026,4,1,6,Wednesday,2,0,34.417114592683376,31.93304338138071,22.670802230766157,10.979039795169756,Within Budget,Low,High,Very High,Fair,Very High,High,Moderate,4.775903857594212,56.08
363,2026-04-01 12:00:00,BLDG_B,4649.94,3296.59,800.11,838.79,9585.43,10376.55,7.62,1374.65,4.01,2344.29,47.84,73.11,7,52.08,90.22,2026,4,1,12,Wednesday,2,0,48.510499789785115,34.391675699473055,8.347147702294002,8.75067680844782,Within Budget,High,Low,High,Fair,Moderate,Very High,Moderate,14.341036343700805,44.26
364,2026-04-01 18:00:00,BLDG_B,2454.23,1724.48,774.59,1741.64,6694.94,7038.32,4.88,299.38,12.4,3827.85,37.05,91.29,9,70.38,43.85,2026,4,1,18,Wednesday,2,0,36.65798349201039,25.757960489563764,11.569782552196136,26.01427346622972,Within Budget,Low,High,High,Excellent,High,Low,High,4.471735370294581,52.78
365,2026-04-02 00:00:00,BLDG_C,6021.83,1590.54,1756.7,1937.98,11307.05,11329.82,0.2,1097.21,12.76,7568.19,18.41,83.87,8,77.18,53.75,2026,4,2,0,Thursday,3,0,53.257304071353715,14.066799032462049,15.536324682388422,17.13957221379582,Within Budget,High,High,Moderate,Good,High,Moderate,High,9.703768887552457,48.06
366,2026-04-02 06:00:00,BLDG_B,5697.86,2798.39,856.08,1639.04,10991.37,11595.43,5.21,1539.9,19.54,6819.86,15.02,97.3,11,68.12,50.43,2026,4,2,6,Thursday,3,0,51.83939763650937,25.4598835268033,7.7886560092145025,14.912062827472825,Within Budget,High,Very High,Moderate,Excellent,Moderate,Moderate,High,14.010082455599257,50.0
367,2026-04-02 12:00:00,BLDG_B,3292.4,1907.11,2011.14,1976.7,9187.35,9388.37,2.14,514.33,12.07,9520.19,11.41,95.89,7,92.59,85.23,2026,4,2,12,Thursday,3,0,35.8362313398314,20.757998770047944,21.89031657659717,21.515453313523487,Within Budget,Moderate,High,Low,Excellent,Very High,Very High,Moderate,5.598241059717982,52.99
368,2026-04-02 18:00:00,BLDG_C,6278.15,945.14,1433.07,783.04,9439.4,10685.06,11.66,687.66,10.54,3596.18,9.01,66.46,12,61.66,49.32,2026,4,2,18,Thursday,3,0,66.51005360510202,10.01271267241562,15.181791215543361,8.295442506939,Within Budget,Moderate,High,Low,Fair,Moderate,Low,High,7.284996927770833,36.92
369,2026-04-03 00:00:00,BLDG_B,5678.44,1491.84,1031.4,2264.94,10466.62,11134.55,6.0,1671.68,21.91,8015.73,58.05,96.94,8,71.37,56.02,2026,4,3,0,Friday,4,0,54.252853356671004,14.253311957441847,9.854184063241046,21.639650622646087,Within Budget,High,Very High,Very High,Excellent,High,Moderate,High,15.971536178823726,62.07
370,2026-04-03 06:00:00,BLDG_C,4931.64,1872.03,1898.85,1664.79,10367.31,11958.03,13.3,1687.47,14.28,3846.22,54.12,95.93,5,48.77,68.28,2026,4,3,6,Friday,4,0,47.569137992401124,18.057046620579495,18.31574439271132,16.05807099430807,Within Budget,High,High,Very High,Excellent,Low,Moderate,Moderate,16.27683555329203,53.28
371,2026-04-03 12:00:00,BLDG_B,2372.28,1519.05,1288.13,753.69,5933.15,6178.68,3.97,217.99,12.51,7247.66,40.37,74.2,5,87.61,72.3,2026,4,3,12,Friday,4,0,39.983482635699424,25.602757388570996,21.71072701684603,12.703032958883561,Within Budget,Low,High,High,Fair,Very High,High,Moderate,3.6741022896774904,53.67
372,2026-04-03 18:00:00,BLDG_C,4047.7,1630.18,2040.94,1423.85,9142.67,10788.78,15.26,504.8,12.93,7457.86,64.93,97.35,5,65.67,82.03,2026,4,3,18,Friday,4,0,44.27262495529205,17.830458717201868,22.32323817878147,15.573678148724607,Within Budget,Moderate,High,Very High,Excellent,Moderate,High,Moderate,5.5213630153992215,60.22
373,2026-04-04 00:00:00,BLDG_C,4178.71,1522.57,2070.43,2189.58,9961.29,11003.2,9.47,474.36,18.57,1901.15,62.32,61.36,1,80.03,61.18,2026,4,4,0,Saturday,5,1,41.94948646209477,15.284867722955559,20.784757797433866,21.980888017515802,Within Budget,Low,Very High,Very High,Fair,High,Moderate,Low,4.762033832967417,55.57
374,2026-04-04 06:00:00,BLDG_B,2892.99,816.2,697.76,2295.12,6702.07,6855.56,2.24,381.71,10.13,6809.28,45.34,85.11,6,79.11,67.78,2026,4,4,6,Saturday,5,1,43.16561898040456,12.178326994495732,10.411111790834772,34.24494223426493,Within Budget,Low,High,High,Good,High,Moderate,Moderate,5.69540455411537,54.92
375,2026-04-04 12:00:00,BLDG_B,2175.84,2483.87,404.18,1029.3,6093.19,6581.68,7.42,1069.53,11.0,637.29,34.48,70.11,5,78.81,90.2,2026,4,4,12,Saturday,5,1,35.709373907591925,40.76468976020771,6.633307019804077,16.8926293123963,Within Budget,High,High,High,Fair,High,Very High,Moderate,17.55287460263015,48.6
376,2026-04-04 18:00:00,BLDG_B,5450.6,2372.42,2171.08,1922.53,11916.63,12409.41,3.97,1343.58,17.61,6263.92,16.67,64.92,8,70.35,55.46,2026,4,4,18,Saturday,5,1,45.739441436043585,19.908480837283697,18.218909205035317,16.13316852163741,Within Budget,High,Very High,Moderate,Fair,High,Moderate,High,11.274831894587647,42.39
377,2026-04-05 00:00:00,BLDG_A,2373.56,2529.47,2031.05,699.97,7634.05,7938.93,3.84,765.06,5.31,8521.5,37.39,81.95,8,58.88,52.9,2026,4,5,0,Sunday,6,1,31.091753394331974,33.1340507332281,26.60514405852725,9.169051813912668,Within Budget,Moderate,Moderate,High,Good,Moderate,Moderate,High,10.021679187325207,45.88
378,2026-04-05 06:00:00,BLDG_A,4593.17,1238.47,499.8,567.09,6898.53,7597.17,9.2,1225.66,19.57,1337.58,16.99,71.64,2,76.25,76.95,2026,4,5,6,Sunday,6,1,66.58186599174027,17.952665277965014,7.245021765506565,8.22044696478815,Within Budget,High,Very High,Moderate,Fair,High,High,Low,17.766973543639008,46.11
379,2026-04-05 12:00:00,BLDG_A,6201.31,1527.83,1899.46,1620.8,11249.4,12761.08,11.85,1277.3,11.74,11295.17,30.71,85.34,11,93.09,80.1,2026,4,5,12,Sunday,6,1,55.125695592653834,13.581435454335342,16.884989421658045,14.407879531352782,Within Budget,High,High,High,Good,Very High,High,High,11.354383344889506,55.22
380,2026-04-05 18:00:00,BLDG_C,5917.69,2434.92,1224.05,1889.66,11466.32,13556.9,15.42,1481.08,14.46,5775.69,61.73,80.52,6,86.7,61.57,2026,4,5,18,Sunday,6,1,51.60932190973215,21.235409442611054,10.675177389083856,16.480091258572934,Within Budget,High,High,Very High,Good,Very High,Moderate,Moderate,12.916785856316586,60.85
381,2026-04-06 00:00:00,BLDG_B,3105.44,2378.96,866.13,2091.57,8442.1,9289.96,9.13,674.66,17.63,11291.79,27.49,74.92,12,50.44,51.07,2026,4,6,0,Monday,0,0,36.785160090498806,28.179718316532615,10.259651034695159,24.775470558273415,Within Budget,Moderate,Very High,Moderate,Fair,Moderate,Moderate,High,7.991613461105648,42.62
382,2026-04-06 06:00:00,BLDG_C,5801.81,2117.72,1981.74,1180.43,11081.7,13222.33,16.19,967.62,8.79,1735.08,16.71,66.91,11,46.16,80.5,2026,4,6,6,Monday,0,0,52.3548733497568,19.110064340308792,17.88299629118276,10.652066018751635,Within Budget,Moderate,Moderate,Moderate,Fair,Low,High,High,8.731692790817293,34.64
383,2026-04-06 12:00:00,BLDG_A,1801.56,1681.16,754.0,513.05,4749.77,5644.28,15.85,565.99,20.03,11423.88,41.2,82.85,10,69.95,74.87,2026,4,6,12,Monday,0,0,37.92941552959406,35.39455594691953,15.874452868244147,10.801575655242251,Within Budget,Moderate,Very High,High,Good,Moderate,High,High,11.916155940182366,53.51
384,2026-04-06 18:00:00,BLDG_B,1883.13,3256.21,2105.14,1459.04,8703.52,10209.34,14.75,352.21,21.63,1755.77,42.33,91.51,10,83.79,85.56,2026,4,6,18,Monday,0,0,21.63641836866004,37.41256411199147,24.18722539845947,16.76379212088902,Within Budget,Low,Very High,High,Excellent,High,Very High,High,4.04675349743552,59.82
385,2026-04-07 00:00:00,BLDG_C,4632.0,1651.36,770.12,531.71,7585.19,8343.67,9.09,518.69,12.9,5807.2,19.05,82.8,15,60.7,83.9,2026,4,7,0,Tuesday,1,0,61.06636748716908,21.770845555615615,10.152942774010935,7.009844183204376,Within Budget,Moderate,High,Moderate,Good,Moderate,High,Very High,6.838193901537075,43.86
386,2026-04-07 06:00:00,BLDG_B,3514.55,1975.73,1504.63,683.97,7678.88,7895.28,2.74,457.06,20.86,11286.91,19.21,83.2,6,80.06,50.67,2026,4,7,6,Tuesday,1,0,45.769044443981414,25.729403246306752,19.59439397412123,8.907158335590609,Within Budget,Low,Very High,Moderate,Good,High,Moderate,Moderate,5.952170108140771,50.83
387,2026-04-07 12:00:00,BLDG_C,3616.37,2598.72,801.56,1153.38,8170.03,8526.09,4.18,264.58,4.02,3176.14,64.4,79.45,3,91.6,83.28,2026,4,7,12,Tuesday,1,0,44.26385215231768,31.807961537472934,9.810979886242768,14.117206423966621,Within Budget,Low,Low,Very High,Good,Very High,High,Low,3.2384214011454056,59.87
388,2026-04-07 18:00:00,BLDG_B,4452.87,2220.46,1382.2,1374.34,9429.87,10651.36,11.47,1042.33,20.1,900.03,21.87,74.75,1,67.95,49.11,2026,4,7,18,Tuesday,1,0,47.22090548438101,23.547090256811597,14.657678207652916,14.574326051154468,Within Budget,High,Very High,Moderate,Fair,Moderate,Low,Low,11.053492784099884,46.17
389,2026-04-08 00:00:00,BLDG_A,2701.38,1671.28,1631.16,1058.94,7062.76,7658.51,7.78,806.27,9.6,9620.77,55.78,77.38,7,57.21,84.91,2026,4,8,0,Wednesday,2,0,38.24822024251143,23.663270449512655,23.095220565331402,14.99328874264452,Within Budget,Moderate,Moderate,Very High,Good,Moderate,High,Moderate,11.415792126590738,49.99
390,2026-04-08 06:00:00,BLDG_A,2795.25,1919.81,742.41,1663.73,7121.2,7330.28,2.85,623.75,9.61,7352.66,34.81,97.6,10,90.89,80.06,2026,4,8,6,Wednesday,2,0,39.252513621299784,26.959079930348818,10.425349660169635,23.36305678818177,Within Budget,Moderate,Moderate,High,Excellent,Very High,High,High,8.759057462225469,58.23
391,2026-04-08 12:00:00,BLDG_B,4077.63,2924.55,1337.59,610.7,8950.47,9807.91,8.74,629.3,8.11,6410.09,32.79,88.49,5,68.61,69.63,2026,4,8,12,Wednesday,2,0,45.55771931529853,32.67482042842443,14.944354877453364,6.823105378823683,Within Budget,Moderate,Moderate,High,Good,Moderate,Moderate,Moderate,7.030915694929988,49.5
392,2026-04-08 18:00:00,BLDG_C,5344.99,1478.76,1244.31,789.16,8857.22,8888.1,0.35,1132.03,9.71,894.95,24.81,76.36,12,65.39,73.4,2026,4,8,18,Wednesday,2,0,60.34613569494718,16.69553200665672,14.048538932080271,8.909793366315842,Within Budget,High,Moderate,Moderate,Good,Moderate,High,High,12.780872553690662,44.07
393,2026-04-09 00:00:00,BLDG_A,4711.64,1098.31,527.87,1890.52,8228.34,9436.09,12.8,413.05,7.84,8012.16,52.11,77.38,12,62.67,45.41,2026,4,9,0,Thursday,3,0,57.261124358011465,13.347892770595282,6.415267234946538,22.97571563644672,Within Budget,Low,Moderate,Very High,Good,Moderate,Low,High,5.019846044281106,50.0
394,2026-04-09 06:00:00,BLDG_A,3197.57,1576.86,1872.95,784.28,7431.66,7541.03,1.45,801.08,20.31,2473.67,58.2,78.99,10,66.15,42.07,2026,4,9,6,Thursday,3,0,43.026322517445635,21.218139688844754,25.20231011644774,10.553227677261876,Within Budget,Moderate,Very High,Very High,Good,Moderate,Low,High,10.779287534682696,55.91
395,2026-04-09 12:00:00,BLDG_A,3822.58,3078.7,1004.23,1779.55,9685.06,10903.66,11.18,1406.38,20.18,11208.76,22.88,85.05,5,78.68,57.19,2026,4,9,12,Thursday,3,0,39.468831375334794,31.788135540719413,10.36885677528069,18.3741763086651,Within Budget,High,Very High,Moderate,Good,High,Moderate,Moderate,14.521128418409388,51.7
396,2026-04-09 18:00:00,BLDG_B,2602.12,949.17,1434.25,609.37,5594.91,6482.27,13.69,305.73,5.84,8385.86,13.42,77.71,11,66.69,82.71,2026,4,9,18,Thursday,3,0,46.50870165918665,16.964884153632497,25.6349074426577,10.891506744523147,Within Budget,Low,Moderate,Low,Good,Moderate,High,High,5.464431063234262,40.92
397,2026-04-10 00:00:00,BLDG_B,2150.76,3476.75,1326.61,1314.76,8268.88,8488.24,2.58,1182.36,6.57,8630.89,15.8,86.07,8,61.21,64.22,2026,4,10,0,Friday,4,0,26.010294018053237,42.046202145877075,16.043406120296826,15.900097715772876,Within Budget,High,Moderate,Moderate,Good,Moderate,Moderate,High,14.298913516703593,42.41
398,2026-04-10 06:00:00,BLDG_C,5478.67,2214.81,1323.87,854.82,9872.17,10896.19,9.4,1422.77,19.52,3174.67,53.19,72.51,12,82.18,51.62,2026,4,10,6,Friday,4,0,55.49610673235975,22.43488513670247,13.410121584210968,8.658886546726809,Within Budget,High,Very High,Very High,Fair,High,Moderate,High,14.411927671423811,56.85
399,2026-04-10 12:00:00,BLDG_C,3047.32,3457.57,593.0,719.27,7817.16,9035.18,13.48,304.78,11.18,10628.67,32.84,75.6,5,55.15,83.4,2026,4,10,12,Friday,4,0,38.98244375195084,44.23051338337709,7.5858751771743185,9.201167687497762,Within Budget,Low,High,High,Good,Moderate,High,Moderate,3.898858408936237,43.69
400,2026-04-10 18:00:00,BLDG_C,2635.5,3329.19,1162.27,1634.07,8761.03,9217.71,4.95,287.52,7.05,6683.92,15.52,92.83,5,55.1,51.89,2026,4,10,18,Friday,4,0,30.082079390208683,37.99998402014374,13.266362516736043,18.65157407291152,Within Budget,Low,Moderate,Moderate,Excellent,Moderate,Moderate,Moderate,3.2818059063831533,42.62
401,2026-04-11 00:00:00,BLDG_B,5050.6,1967.88,1214.26,2356.67,10589.41,10934.45,3.16,1864.69,13.19,10356.47,27.4,72.5,1,79.82,82.41,2026,4,11,0,Saturday,5,1,47.694819635843736,18.583471600400777,11.466738940129808,22.254969823625682,Within Budget,High,High,Moderate,Fair,High,High,Low,17.609007489557964,48.23
402,2026-04-11 06:00:00,BLDG_B,4704.84,1255.78,1720.56,609.57,8290.75,8849.25,6.31,489.22,11.5,3615.9,37.31,96.65,2,88.34,63.55,2026,4,11,6,Saturday,5,1,56.748062599885415,15.146759943310315,20.752766637517713,7.352410819286555,Within Budget,Low,High,High,Excellent,Very High,Moderate,Low,5.900793052498266,58.45
403,2026-04-11 12:00:00,BLDG_C,4775.99,1161.68,1912.03,1343.11,9192.81,10212.66,9.99,1409.45,7.94,9187.81,56.57,66.56,5,57.06,64.1,2026,4,11,12,Saturday,5,1,51.95353760166913,12.63683248103681,20.79918980159494,14.610440115699117,Within Budget,High,Moderate,Very High,Fair,Moderate,Moderate,Moderate,15.332091058120422,47.03
404,2026-04-11 18:00:00,BLDG_C,2875.8,1371.97,1380.97,1915.07,7543.81,8411.77,10.32,862.09,16.97,7107.52,44.58,69.18,7,54.56,54.18,2026,4,11,18,Saturday,5,1,38.12132065892433,18.186698763622093,18.306001874384428,25.385978703069135,Within Budget,Moderate,Very High,High,Fair,Moderate,Moderate,Moderate,11.42777986190002,46.32
405,2026-04-12 00:00:00,BLDG_B,2893.43,2688.37,556.21,1425.38,7563.39,7761.36,2.55,526.95,15.36,1056.82,18.03,77.62,3,78.52,86.81,2026,4,12,0,Sunday,6,1,38.25572924310395,35.54451112530227,7.353977515373397,18.845782116220374,Within Budget,Moderate,Very High,Moderate,Good,High,Very High,Low,6.96711395287034,47.38
406,2026-04-12 06:00:00,BLDG_C,2837.77,1464.26,826.33,2112.99,7241.35,7904.03,8.38,358.41,5.79,5161.44,17.05,90.3,12,76.04,44.62,2026,4,12,6,Sunday,6,1,39.18841100071119,20.22081517949001,11.41126999799761,29.179503821801177,Within Budget,Low,Moderate,Moderate,Excellent,High,Low,High,4.949491462227347,47.3
407,2026-04-12 12:00:00,BLDG_A,2616.64,1655.99,696.88,859.29,5828.8,6141.55,5.09,609.12,20.66,2614.97,31.5,87.8,15,67.36,47.51,2026,4,12,12,Sunday,6,1,44.891572879494916,28.410479000823496,11.955805654680209,14.74214246500137,Within Budget,Moderate,Very High,High,Good,Moderate,Low,Very High,10.450178424375514,51.83
408,2026-04-12 18:00:00,BLDG_B,4881.9,1956.58,624.31,2419.19,9881.98,11546.15,14.41,900.28,14.05,4630.5,12.29,66.63,1,49.79,73.07,2026,4,12,18,Sunday,6,1,49.402042910428875,19.79947338488845,6.31766103554146,24.480822669141205,Within Budget,Moderate,High,Low,Fair,Low,High,Low,9.110319996599872,35.69
409,2026-04-13 00:00:00,BLDG_C,5785.67,3257.05,1058.62,1270.33,11371.67,12084.84,5.9,1533.28,8.5,4908.54,51.07,68.99,11,49.59,84.21,2026,4,13,0,Monday,0,0,50.877927340487375,28.641791399152456,9.309274715147378,11.171006545212796,Within Budget,High,Moderate,Very High,Fair,Low,High,High,13.483331823733893,44.54
410,2026-04-13 06:00:00,BLDG_B,5204.29,1230.3,812.91,1183.14,8430.64,9844.8,14.36,1396.33,7.71,5961.68,30.88,81.86,12,83.87,44.96,2026,4,13,6,Monday,0,0,61.7306633897308,14.593198143913156,9.642328459049372,14.033810007306682,Within Budget,High,Moderate,High,Good,High,Low,High,16.562562272852357,51.08
411,2026-04-13 12:00:00,BLDG_A,5522.84,714.07,792.95,2249.21,9279.07,10074.41,7.89,1399.17,6.45,7403.34,27.55,71.22,2,67.59,78.16,2026,4,13,12,Monday,0,0,59.51932682908956,7.695491035200727,8.545576226927915,24.239605908781808,Within Budget,High,Moderate,Moderate,Fair,Moderate,High,Low,15.078774058176089,43.2
412,2026-04-13 18:00:00,BLDG_B,3702.55,868.27,498.45,1627.73,6697.0,7670.19,12.69,476.61,11.64,7066.24,37.02,76.05,3,87.9,78.61,2026,4,13,18,Monday,0,0,55.28669553531432,12.965058981633568,7.4428848738241005,24.305360609228014,Within Budget,Low,High,High,Good,Very High,High,Low,7.1167687024040625,53.15
413,2026-04-14 00:00:00,BLDG_B,4874.16,3233.35,431.81,1532.89,10072.21,11099.7,9.26,1630.09,6.44,948.4,48.41,78.49,12,73.74,70.24,2026,4,14,0,Tuesday,1,0,48.39216021111554,32.10169367000887,4.287142543692,15.219003575183601,Within Budget,High,Moderate,High,Good,High,High,High,16.184035082668053,51.77
414,2026-04-14 06:00:00,BLDG_B,3464.91,2513.05,584.98,1953.96,8516.9,9576.34,11.06,1320.19,11.48,9132.93,40.45,82.58,9,75.94,65.31,2026,4,14,6,Tuesday,1,0,40.68276015921286,29.506627998450142,6.868461529429723,22.94215031290728,Within Budget,High,High,High,Good,High,Moderate,High,15.500827765971186,52.61
415,2026-04-14 12:00:00,BLDG_B,4269.87,1464.51,709.96,1659.67,8104.01,8744.8,7.33,1372.58,6.68,11415.61,53.74,69.54,8,91.71,56.7,2026,4,14,12,Tuesday,1,0,52.68836045365195,18.071423900019866,8.760601233216644,20.479614413111534,Within Budget,High,Moderate,Very High,Fair,Very High,Moderate,High,16.937047214897316,55.42
416,2026-04-14 18:00:00,BLDG_A,4063.68,1196.14,1175.77,825.03,7260.62,8376.15,13.32,717.34,15.82,4509.83,43.87,66.2,15,53.23,58.28,2026,4,14,18,Tuesday,1,0,55.968774016544046,16.474350675286686,16.193796122094255,11.36307918607502,Within Budget,Moderate,Very High,High,Fair,Moderate,Moderate,Very High,9.879872517773965,44.78
417,2026-04-15 00:00:00,BLDG_B,2631.37,1523.95,1318.94,1848.4,7322.66,7945.36,7.84,1063.88,18.13,2567.09,52.91,75.15,4,72.15,75.07,2026,4,15,0,Wednesday,2,0,35.93461938694409,20.81142644885875,18.011760753605934,25.242193410591234,Within Budget,High,Very High,Very High,Good,High,High,Moderate,14.528600262746053,54.58
418,2026-04-15 06:00:00,BLDG_B,3619.27,1021.43,653.07,766.94,6060.71,6615.22,8.38,719.7,13.89,6710.02,47.72,63.12,8,47.91,43.39,2026,4,15,6,Wednesday,2,0,59.71693085463584,16.853305965802686,10.775470200686058,12.654292978875414,Within Budget,Moderate,High,High,Fair,Low,Low,High,11.87484634638516,43.16
419,2026-04-15 12:00:00,BLDG_C,6329.96,3336.29,1164.61,2111.72,12942.58,14282.6,9.38,991.08,16.24,8606.5,19.01,80.02,13,62.95,70.42,2026,4,15,12,Wednesday,2,0,48.9080229753264,25.777627026450677,8.998283186196259,16.31606681202666,Within Budget,Moderate,Very High,Moderate,Good,Moderate,High,Very High,7.6575149622409135,44.56
420,2026-04-15 18:00:00,BLDG_B,2968.33,2895.78,1015.15,2479.47,9358.73,10915.69,14.26,1676.75,20.89,8307.41,10.98,91.9,9,52.4,54.49,2026,4,15,18,Wednesday,2,0,31.717230863589396,30.94201884230019,10.84709143227767,26.49365886183275,Within Budget,High,Very High,Low,Excellent,Moderate,Moderate,High,17.916426694647672,44.04
421,2026-04-16 00:00:00,BLDG_C,2428.88,1994.7,730.16,1254.78,6408.52,7253.65,11.65,229.08,15.49,7539.26,59.49,64.52,3,54.39,64.26,2026,4,16,0,Thursday,3,0,37.900794567232374,31.125751343523934,11.393582293571681,19.57987179567201,Within Budget,Low,Very High,Very High,Fair,Moderate,Moderate,Low,3.5746162920611932,48.47
422,2026-04-16 06:00:00,BLDG_A,3767.33,3121.9,412.31,1389.51,8691.05,9297.96,6.53,472.28,10.55,2181.67,61.9,64.28,6,91.74,69.07,2026,4,16,6,Thursday,3,0,43.34723652493082,35.92086111574551,4.744075802118272,15.987826557205404,Within Budget,Low,High,Very High,Fair,Very High,Moderate,Moderate,5.4340959953055155,57.12
423,2026-04-16 12:00:00,BLDG_A,5514.59,1398.48,1240.63,592.87,8746.57,9919.17,11.82,1433.4,12.09,10123.49,49.44,63.05,8,75.53,86.05,2026,4,16,12,Thursday,3,0,63.04860076578591,15.988896218746321,14.184188773427756,6.7783142420400235,Within Budget,High,High,High,Fair,High,Very High,High,16.38813843598119,50.03
424,2026-04-16 18:00:00,BLDG_A,4536.1,2707.94,1634.17,527.47,9405.68,10614.17,11.39,367.62,19.49,5394.65,49.28,92.22,10,89.61,70.11,2026,4,16,18,Thursday,3,0,48.227241411572585,28.790475542438188,17.374288727662435,5.607994318326798,Within Budget,Low,Very High,High,Excellent,Very High,High,High,3.9084893383572483,62.65
425,2026-04-17 00:00:00,BLDG_A,5000.58,3097.17,807.3,2342.84,11247.89,13342.29,15.7,1833.67,6.35,3046.89,23.4,63.07,7,67.18,51.81,2026,4,17,0,Friday,4,0,44.45793833332296,27.5355644480876,7.177346151144793,20.829151067444652,Within Budget,High,Moderate,Moderate,Fair,Moderate,Moderate,Moderate,16.30234648454066,40.0
426,2026-04-17 06:00:00,BLDG_C,2691.57,1698.95,637.25,757.25,5785.02,6758.54,14.4,794.19,9.86,1492.06,38.92,97.37,9,74.88,44.13,2026,4,17,6,Friday,4,0,46.52654614850078,29.368092072283243,11.01551939319138,13.089842386024594,Within Budget,Moderate,Moderate,High,Excellent,High,Low,High,13.728388147318418,55.26
427,2026-04-17 12:00:00,BLDG_B,4709.06,2820.9,1996.68,1391.56,10918.2,12331.99,11.46,387.62,14.39,5292.27,64.56,73.62,7,46.6,72.6,2026,4,17,12,Friday,4,0,43.130369474821855,25.836676375226688,18.287629829092708,12.745324320858748,Within Budget,Low,High,Very High,Fair,Low,High,Moderate,3.5502189005513727,49.79
428,2026-04-17 18:00:00,BLDG_A,3320.45,1526.2,895.04,2130.71,7872.4,8410.1,6.39,743.14,16.18,7606.69,56.8,72.49,1,68.48,68.34,2026,4,17,18,Friday,4,0,42.178370001524314,19.38671815456532,11.369340988770896,27.065570855139477,Within Budget,Moderate,Very High,Very High,Fair,Moderate,Moderate,Low,9.439815050048269,53.49
429,2026-04-18 00:00:00,BLDG_B,5721.23,1536.8,802.5,2278.64,10339.17,11951.2,13.49,1480.27,17.74,8151.84,25.35,63.48,9,73.2,74.93,2026,4,18,0,Saturday,5,1,55.335486310796696,14.863862379668774,7.7617448982848725,22.038906411249645,Within Budget,High,Very High,Moderate,Fair,High,High,High,14.317106692316695,44.94
430,2026-04-18 06:00:00,BLDG_C,4757.7,999.76,1942.77,1538.8,9239.03,10301.9,10.32,1085.26,9.73,11571.47,25.16,82.25,12,45.84,63.89,2026,4,18,6,Saturday,5,1,51.49566567053034,10.821049395878138,21.02785682046708,16.65542811312443,Within Budget,High,Moderate,Moderate,Good,Low,Moderate,High,11.74647122046362,40.75
431,2026-04-18 12:00:00,BLDG_C,2734.62,1932.16,1870.79,1630.07,8167.64,9777.11,16.46,1391.61,6.63,2261.2,35.56,82.26,5,84.47,82.91,2026,4,18,12,Saturday,5,1,33.48115245040182,23.65628259815565,22.904902762609517,19.957662188833,Within Budget,High,Moderate,High,Good,High,High,Moderate,17.038091786611552,52.23
432,2026-04-18 18:00:00,BLDG_C,2103.7,2743.19,1207.02,1839.37,7893.28,8284.01,4.72,1264.08,21.19,11836.4,31.06,78.76,6,59.77,87.85,2026,4,18,18,Saturday,5,1,26.651784809356823,34.75348651004399,15.291741836093486,23.302986844505703,Within Budget,High,Very High,High,Good,Moderate,Very High,Moderate,16.014635234021853,47.7
433,2026-04-19 00:00:00,BLDG_A,2000.38,3332.62,1280.63,2422.76,9036.39,9180.35,1.57,721.98,5.38,8028.77,29.16,71.82,2,67.62,42.08,2026,4,19,0,Sunday,6,1,22.136937427446142,36.87999300605662,14.17192042397462,26.811149142522627,Within Budget,Moderate,Moderate,Moderate,Fair,Moderate,Low,Low,7.989694999883803,43.5
434,2026-04-19 06:00:00,BLDG_B,3545.62,2390.63,791.95,1705.34,8433.54,8551.43,1.38,360.06,5.72,5723.63,43.74,74.01,15,71.78,78.69,2026,4,19,6,Sunday,6,1,42.0418946255072,28.346696642216674,9.390481339982973,20.22092739229315,Within Budget,Low,Moderate,High,Fair,High,High,Very High,4.269381540847615,48.81
435,2026-04-19 12:00:00,BLDG_B,3049.5,3116.78,540.94,1618.95,8326.17,9391.97,11.35,1429.09,12.91,10714.23,8.66,72.18,2,94.61,41.83,2026,4,19,12,Sunday,6,1,36.62548326541495,37.433537869152325,6.496864704900333,19.444114160532393,Within Budget,High,High,Low,Fair,Very High,Low,Low,17.16383403173368,47.09
436,2026-04-19 18:00:00,BLDG_B,4836.62,3002.99,1432.18,529.07,9800.86,11641.97,15.81,1054.5,18.75,8486.52,51.51,76.19,13,49.96,63.15,2026,4,19,18,Sunday,6,1,49.34893468532353,30.64006627989788,14.612799284960706,5.3981997498178735,Within Budget,High,Very High,Very High,Good,Low,Moderate,Very High,10.759259901682098,49.1
437,2026-04-20 00:00:00,BLDG_C,4146.87,1185.36,577.02,661.9,6571.15,6573.69,0.04,270.47,17.94,4510.25,50.18,72.99,4,72.76,64.0,2026,4,20,0,Monday,0,0,63.107218675574295,18.03885164697199,8.781111373199517,10.072818304254202,Within Budget,Low,Very High,Very High,Fair,High,Moderate,Moderate,4.116022309641388,53.47
438,2026-04-20 06:00:00,BLDG_A,3050.29,2060.29,1208.69,1654.34,7973.61,9131.01,12.68,1215.87,20.88,10666.99,55.33,85.67,4,71.53,76.2,2026,4,20,6,Monday,0,0,38.25481808114518,25.838860942534186,15.158629529159315,20.747691447161323,Within Budget,High,Very High,Very High,Good,High,High,Moderate,15.24867657184136,58.35
439,2026-04-20 12:00:00,BLDG_C,2501.42,1027.39,2092.89,2372.48,7994.18,9044.72,11.61,1281.27,6.55,8166.08,55.96,71.24,5,48.45,58.32,2026,4,20,12,Monday,0,0,31.290513848825018,12.851724629668086,26.180171074456666,29.67759044705023,Within Budget,High,Moderate,Very High,Fair,Low,Moderate,Moderate,16.02753503173559,45.55
440,2026-04-20 18:00:00,BLDG_C,2397.84,2610.03,2115.1,2233.38,9356.35,10726.69,12.78,1178.09,10.76,8536.63,40.28,73.33,7,76.7,82.69,2026,4,20,18,Monday,0,0,25.627942520320424,27.89581407279548,22.606037610820458,23.870205796063637,Within Budget,High,High,High,Fair,High,High,Moderate,12.591341709106649,50.27
441,2026-04-21 00:00:00,BLDG_B,5863.9,3359.72,830.8,2465.16,12519.58,13409.49,6.64,1215.98,9.08,10808.48,52.46,76.55,13,59.34,57.83,2026,4,21,0,Tuesday,1,0,46.83783321804725,26.835724521110134,6.636005361202213,19.6904368996404,Within Budget,High,Moderate,Very High,Good,Moderate,Moderate,Very High,9.712626142410528,49.36
442,2026-04-21 06:00:00,BLDG_C,2944.35,1083.85,1523.4,1555.67,7107.27,8273.57,14.1,919.15,19.5,5656.79,36.07,60.15,11,50.19,57.81,2026,4,21,6,Tuesday,1,0,41.42729908952382,15.249877941882042,21.434390419950276,21.888432548643852,Within Budget,Moderate,Very High,High,Fair,Moderate,Moderate,High,12.932532463238344,41.48
443,2026-04-21 12:00:00,BLDG_B,4863.04,2754.87,1253.34,2075.86,10947.11,11044.99,0.89,1488.83,12.79,8054.4,62.24,78.7,12,53.93,51.58,2026,4,21,12,Tuesday,1,0,44.423048640234725,25.165271930217198,11.449049109765042,18.96263031978303,Within Budget,High,High,Very High,Good,Moderate,Moderate,High,13.600210466506685,51.92
444,2026-04-21 18:00:00,BLDG_A,5610.22,2470.27,1976.23,2180.8,12237.52,14086.44,13.13,2006.4,4.48,9063.92,18.87,69.72,15,86.18,75.56,2026,4,21,18,Tuesday,1,0,45.84441945753715,20.186034425275707,16.148941942485077,17.820604174702066,Within Budget,Very High,Low,Moderate,Fair,Very High,High,Very High,16.395478822506522,44.81
445,2026-04-22 00:00:00,BLDG_B,4686.18,2334.09,888.58,1796.06,9704.91,10223.29,5.07,1682.63,16.74,5720.31,60.19,62.13,1,50.21,43.98,2026,4,22,0,Wednesday,2,0,48.2866919940525,24.05060943378146,9.155983929783996,18.506714642382054,Within Budget,High,Very High,Very High,Fair,Moderate,Low,Low,17.33792482362021,47.32
446,2026-04-22 06:00:00,BLDG_A,5839.96,1792.34,406.66,1177.5,9216.46,10095.41,8.71,987.53,11.0,1459.7,22.74,94.62,10,68.35,58.88,2026,4,22,6,Wednesday,2,0,63.36445880522458,19.44716301052682,4.412323169633461,12.776055014615157,Within Budget,Moderate,High,Moderate,Excellent,Moderate,Moderate,High,10.714851472257244,49.18
447,2026-04-22 12:00:00,BLDG_B,3644.25,1694.37,692.61,1439.96,7471.19,8700.4,14.13,1118.99,13.56,9371.56,13.86,72.25,4,54.76,53.88,2026,4,22,12,Wednesday,2,0,48.77737013782276,22.678716509685874,9.270410737780729,19.273502614710644,Within Budget,High,High,Low,Fair,Moderate,Moderate,Moderate,14.977399851964682,38.61
448,2026-04-22 18:00:00,BLDG_C,6294.24,826.7,1029.14,2215.83,10365.91,10928.49,5.15,1810.68,20.09,1049.89,33.03,76.19,13,53.12,51.93,2026,4,22,18,Wednesday,2,0,60.72057349523583,7.975180181961836,9.92812015539398,21.37612616740836,Within Budget,High,Very High,High,Good,Moderate,Moderate,Very High,17.467641528818987,45.61
449,2026-04-23 00:00:00,BLDG_C,2425.78,1310.14,968.3,1097.1,5801.32,6016.21,3.57,305.65,8.62,8756.02,43.05,91.44,9,55.29,43.17,2026,4,23,0,Thursday,3,0,41.814276750808446,22.583481000875665,16.691028938241644,18.91121331007426,Within Budget,Low,Moderate,High,Excellent,Moderate,Low,High,5.268628519026705,49.6
450,2026-04-23 06:00:00,BLDG_A,2280.1,742.5,1824.45,2347.49,7194.54,8174.89,11.99,235.55,8.32,10975.06,21.17,66.34,8,69.64,49.9,2026,4,23,6,Thursday,3,0,31.692088722837042,10.320326247404282,25.358813767106724,32.62877126265195,Within Budget,Low,Moderate,Moderate,Fair,Moderate,Low,High,3.2740105691260317,41.37
451,2026-04-23 12:00:00,BLDG_A,4895.85,2327.97,1625.01,959.61,9808.44,10854.79,9.64,1572.73,8.74,4490.14,39.68,92.31,3,56.89,63.2,2026,4,23,12,Thursday,3,0,49.91466532904315,23.734355310324574,16.56746638609198,9.783512974540294,Within Budget,High,Moderate,High,Excellent,Moderate,Moderate,Low,16.03445603990033,49.4
452,2026-04-23 18:00:00,BLDG_A,6231.31,996.39,939.2,1999.03,10165.93,11211.81,9.33,602.75,10.09,1673.71,54.05,69.18,6,49.84,66.19,2026,4,23,18,Thursday,3,0,61.29601521946344,9.801267567256513,9.238702214160437,19.66401499911961,Within Budget,Moderate,High,Very High,Fair,Low,Moderate,Moderate,5.929118142658861,45.79
453,2026-04-24 00:00:00,BLDG_B,5601.75,3144.45,1223.94,1761.12,11731.26,12333.71,4.88,426.69,5.93,3177.94,22.65,82.38,11,85.07,54.01,2026,4,24,0,Friday,4,0,47.75062525253041,26.80402616598728,10.43315040328149,15.012198178200805,Within Budget,Low,Moderate,Moderate,Good,Very High,Moderate,High,3.6372052106934802,49.01
454,2026-04-24 06:00:00,BLDG_B,2159.16,2164.8,572.01,1999.2,6895.17,6943.27,0.69,372.44,16.55,6966.24,41.08,86.06,9,71.99,73.81,2026,4,24,6,Friday,4,0,31.314093778688555,31.39589016659488,8.29580706494546,28.994208989771103,Within Budget,Low,Very High,High,Good,High,High,High,5.401462182948354,53.92
455,2026-04-24 12:00:00,BLDG_A,3113.03,2659.13,2016.66,1374.7,9163.52,9915.42,7.58,802.88,7.73,11340.59,27.34,94.39,8,52.84,57.46,2026,4,24,12,Friday,4,0,33.971988930018156,29.018652220980584,22.00748184103925,15.001877007962005,Within Budget,Moderate,Moderate,Moderate,Excellent,Moderate,Moderate,High,8.76169856125157,45.58
456,2026-04-24 18:00:00,BLDG_C,6172.5,1850.4,2083.76,2365.28,12471.94,12737.74,2.09,784.36,20.67,6391.25,38.2,83.09,7,68.57,59.1,2026,4,24,18,Friday,4,0,49.49109761592823,14.836504986393455,16.70758518722829,18.96481221045002,Within Budget,Moderate,Very High,High,Good,Moderate,Moderate,Moderate,6.288997541681566,52.63
457,2026-04-25 00:00:00,BLDG_B,2989.37,2269.62,2163.65,1764.94,9187.58,10852.35,15.34,696.31,7.88,1796.48,46.01,77.22,7,48.42,80.7,2026,4,25,0,Saturday,5,1,32.53707722817107,24.703131836675162,23.54972691394252,19.210064021211245,Within Budget,Moderate,Moderate,High,Good,Low,High,Moderate,7.578818361309507,44.88
458,2026-04-25 06:00:00,BLDG_B,5471.5,3339.45,1963.4,1076.59,11850.94,11948.71,0.82,2089.25,8.6,7719.51,27.97,81.75,1,74.02,68.7,2026,4,25,6,Saturday,5,1,46.1693334030887,28.178777379684643,16.567462159119867,9.084427058106783,Within Budget,Very High,Moderate,Moderate,Good,High,Moderate,Low,17.629403237211562,48.08
459,2026-04-25 12:00:00,BLDG_B,5678.12,931.66,713.13,1776.91,9099.82,9885.41,7.95,1234.49,9.35,8927.72,64.69,67.68,15,62.02,89.57,2026,4,25,12,Saturday,5,1,62.39815732618887,10.238224492352597,7.8367484191995,19.526869762259036,Within Budget,High,Moderate,Very High,Fair,Moderate,Very High,Very High,13.566092516115704,50.94
460,2026-04-25 18:00:00,BLDG_A,4128.62,1411.03,483.15,1073.63,7096.43,7170.58,1.03,971.0,17.83,5022.76,40.14,86.18,5,50.18,58.68,2026,4,25,18,Saturday,5,1,58.17883076420115,19.883659812046336,6.808352932389948,15.129156491362558,Within Budget,Moderate,Very High,High,Good,Moderate,Moderate,Moderate,13.682936349685686,48.58
461,2026-04-26 00:00:00,BLDG_A,3615.84,2883.97,1443.27,1087.26,9030.34,9202.9,1.88,399.17,11.7,8797.41,54.99,67.1,7,54.18,83.05,2026,4,26,0,Sunday,6,1,40.04101728174133,31.936449790373338,15.982454702702222,12.040078225183104,Within Budget,Low,High,Very High,Fair,Moderate,High,Moderate,4.42032082955902,46.99
462,2026-04-26 06:00:00,BLDG_A,3915.58,976.46,2042.69,1299.2,8233.93,9318.94,11.64,1151.22,18.75,4235.46,49.33,81.18,14,62.29,78.39,2026,4,26,6,Sunday,6,1,47.55420558591098,11.858978640819148,24.80820215862899,15.778613614640882,Within Budget,High,Very High,High,Good,Moderate,High,Very High,13.98141592168017,52.89
463,2026-04-26 12:00:00,BLDG_A,2866.73,911.85,719.23,2204.86,6702.67,7570.14,11.46,944.42,18.13,9574.54,56.61,84.61,13,85.32,86.29,2026,4,26,12,Sunday,6,1,42.76997077284127,13.604280085398804,10.73049993510049,32.895249206659436,Within Budget,Moderate,Very High,Very High,Good,Very High,Very High,Very High,14.090205843343027,61.17
464,2026-04-26 18:00:00,BLDG_A,5980.14,1712.32,412.68,1500.6,9605.74,9669.24,0.66,1238.77,20.73,4422.33,17.91,94.15,2,53.69,89.75,2026,4,26,18,Sunday,6,1,62.25590115909863,17.82600819926419,4.296181241632607,15.62190940000458,Within Budget,High,Very High,Moderate,Excellent,Moderate,Very High,Low,12.8961433476234,46.62
465,2026-04-27 00:00:00,BLDG_C,3917.91,958.07,1849.89,1857.8,8583.67,8585.61,0.02,551.63,17.62,3445.23,20.69,77.11,15,50.48,40.4,2026,4,27,0,Monday,0,0,45.64376309900077,11.161542789972122,21.551271192858067,21.643422918169033,Within Budget,Moderate,Very High,Moderate,Good,Moderate,Low,Very High,6.426505212805244,41.48
466,2026-04-27 06:00:00,BLDG_C,5947.56,2338.22,538.23,1283.94,10107.95,10267.29,1.55,944.64,4.93,10610.59,35.78,89.46,6,70.8,44.59,2026,4,27,6,Monday,0,0,58.84041769102538,23.132484826300086,5.32481858339228,12.702278899282248,Within Budget,Moderate,Low,High,Good,High,Low,Moderate,9.345515163806706,50.24
467,2026-04-27 12:00:00,BLDG_A,2296.76,1333.57,1144.67,1027.21,5802.21,6687.63,13.24,910.61,19.07,6807.44,56.58,66.37,14,72.93,75.07,2026,4,27,12,Monday,0,0,39.58422738921894,22.98382857566341,19.728172541152425,17.70377149396523,Within Budget,Moderate,Very High,Very High,Fair,High,High,Very High,15.694192385315251,53.74
468,2026-04-27 18:00:00,BLDG_B,6444.89,3207.95,1622.0,2409.28,13684.12,15284.0,10.47,1786.19,20.89,3779.3,19.26,65.94,2,49.51,60.29,2026,4,27,18,Monday,0,0,47.09758464555996,23.44286662204073,11.853155336258379,17.60639339614093,Within Budget,High,Very High,Moderate,Fair,Low,Moderate,Low,13.053013273780117,38.9
469,2026-04-28 00:00:00,BLDG_A,3883.38,2893.8,826.24,1707.16,9310.58,9381.56,0.76,1302.69,21.89,11253.5,63.35,79.94,3,59.22,82.59,2026,4,28,0,Tuesday,1,0,41.7093242311435,31.080770478316065,8.874205473772848,18.335699816767594,Within Budget,High,Very High,Very High,Good,Moderate,High,Low,13.991502140575559,56.1
470,2026-04-28 06:00:00,BLDG_C,2024.8,2659.17,551.13,2367.9,7603.0,8345.2,8.89,897.96,6.25,8444.79,15.27,82.66,1,58.14,40.62,2026,4,28,6,Tuesday,1,0,26.63159279231882,34.97527291858477,7.2488491384979605,31.14428515059845,Within Budget,Moderate,Moderate,Moderate,Good,Moderate,Low,Low,11.810601078521636,40.58
471,2026-04-28 12:00:00,BLDG_C,1978.7,2427.44,1786.04,906.83,7099.01,8109.95,12.47,691.71,15.04,3038.05,17.98,84.03,3,54.31,81.96,2026,4,28,12,Tuesday,1,0,27.872900587546713,34.19406367930176,25.159001043807518,12.774034689344008,Within Budget,Moderate,Very High,Moderate,Good,Moderate,High,Low,9.743753002179178,42.84
472,2026-04-28 18:00:00,BLDG_B,5307.17,3117.7,1534.32,793.79,10752.98,12621.74,14.81,1546.9,7.59,7568.39,17.53,88.34,15,60.78,47.03,2026,4,28,18,Tuesday,1,0,49.3553414960318,28.99382310764086,14.268788745073458,7.3820466512538845,Within Budget,High,Moderate,Moderate,Good,Moderate,Low,Very High,14.385779569942473,43.56
473,2026-04-29 00:00:00,BLDG_C,4897.47,1324.57,2179.28,2211.65,10612.97,12595.55,15.74,426.52,8.73,10509.13,41.4,71.21,7,46.86,55.09,2026,4,29,0,Wednesday,2,0,46.14608351856267,12.480672234068315,20.534120043682403,20.839124203686623,Within Budget,Low,Moderate,High,Fair,Low,Moderate,Moderate,4.01885617315417,42.05
474,2026-04-29 06:00:00,BLDG_A,5570.01,3144.7,1019.75,1861.83,11596.29,12355.71,6.15,1518.81,17.42,8505.76,60.3,83.66,5,77.58,90.39,2026,4,29,6,Wednesday,2,0,48.0326897654336,27.118155892962314,8.793760763140625,16.055393578463455,Within Budget,High,Very High,Very High,Good,High,Very High,Moderate,13.0973785581423,59.74
475,2026-04-29 12:00:00,BLDG_B,2295.23,2910.58,511.17,873.16,6590.14,6769.17,2.64,1183.46,21.6,3314.73,22.54,67.15,4,94.42,42.68,2026,4,29,12,Wednesday,2,0,34.82824340605814,44.16567781564579,7.7565878721848085,13.24949090611125,Within Budget,High,Very High,Moderate,Fair,Very High,Low,Moderate,17.958040345121653,51.43
476,2026-04-29 18:00:00,BLDG_A,1967.18,2794.85,1721.83,1038.72,7522.58,7879.04,4.52,1106.04,14.71,7961.76,39.52,68.32,15,76.7,58.15,2026,4,29,18,Wednesday,2,0,26.15033671958291,37.15281193420342,22.888822717737796,13.808028628475869,Within Budget,High,High,High,Fair,High,Moderate,Very High,14.70293436560329,49.81
477,2026-04-30 00:00:00,BLDG_A,4190.32,2271.52,1339.12,2101.33,9902.29,11439.47,13.44,728.66,19.31,7620.33,18.02,62.56,15,63.05,44.4,2026,4,30,0,Thursday,3,0,42.31667624357598,22.939340294012798,13.523336521148135,21.22064694126308,Within Budget,Moderate,Very High,Moderate,Fair,Moderate,Low,Very High,7.358499902547794,40.74
478,2026-04-30 06:00:00,BLDG_B,3621.7,1389.48,783.77,1407.74,7202.69,8602.15,16.27,516.24,4.16,9939.7,43.97,88.39,13,78.4,84.39,2026,4,30,6,Thursday,3,0,50.282602749805974,19.291125954330955,10.88162894696287,19.544642348900204,Within Budget,Moderate,Low,High,Good,High,High,Very High,7.167322208785884,53.73
479,2026-04-30 12:00:00,BLDG_A,3971.15,1885.93,1807.11,1841.08,9505.27,10391.91,8.53,1236.47,4.66,2548.52,15.03,79.27,12,73.58,76.56,2026,4,30,12,Thursday,3,0,41.778402928059904,19.840888265141338,19.011664055834288,19.369044750964463,Within Budget,High,Low,Moderate,Good,High,High,High,13.008257524510086,43.14
480,2026-04-30 18:00:00,BLDG_C,6460.47,2922.0,766.76,1136.7,11285.93,11975.17,5.76,1855.16,14.74,8545.8,36.0,69.05,8,87.34,81.62,2026,4,30,18,Thursday,3,0,57.24357673669782,25.890644368696243,6.793946090397513,10.071832804208427,Within Budget,High,High,High,Fair,Very High,High,High,16.437812391180877,51.78
481,2026-05-01 00:00:00,BLDG_A,6362.52,788.98,869.19,1262.46,9283.15,10080.0,7.91,1083.27,11.0,814.76,45.35,81.14,8,76.09,67.42,2026,5,1,0,Friday,4,0,68.5383732892391,8.49905473896253,9.36309334654724,13.599478625251127,Within Budget,High,High,High,Good,High,Moderate,High,11.669207111810108,53.4
482,2026-05-01 06:00:00,BLDG_B,6228.88,2889.74,566.55,2481.43,12166.6,12908.31,5.75,1327.5,20.02,8506.02,41.01,73.46,1,76.7,58.6,2026,5,1,6,Friday,4,0,51.1965545016685,23.75141781598803,4.656600858086893,20.395426824256567,Within Budget,High,Very High,High,Fair,High,Moderate,Low,10.911018690513373,52.8
483,2026-05-01 12:00:00,BLDG_B,5484.06,1372.2,1118.98,995.23,8970.47,9430.63,4.88,484.92,9.44,11545.03,15.98,91.81,9,56.08,40.12,2026,5,1,12,Friday,4,0,61.134589380489544,15.296857355300226,12.474039821770768,11.094513442439471,Within Budget,Low,Moderate,Moderate,Excellent,Moderate,Low,High,5.405736823154194,43.33
484,2026-05-01 18:00:00,BLDG_B,3467.75,1104.07,1154.07,1512.91,7238.8,8098.41,10.61,994.02,11.78,2505.47,17.2,80.07,14,65.78,54.45,2026,5,1,18,Friday,4,0,47.90503950931093,15.252113609990605,15.94283582914295,20.900011051555506,Within Budget,Moderate,High,Moderate,Good,Moderate,Moderate,Very High,13.731834005636292,43.71
485,2026-05-02 00:00:00,BLDG_A,3737.02,1023.96,1326.21,2188.8,8275.99,8302.04,0.31,1120.11,13.5,4079.95,46.27,61.13,9,62.22,66.76,2026,5,2,0,Saturday,5,1,45.15496031290516,12.37265873931699,16.024789783457933,26.447591164319924,Within Budget,High,High,High,Fair,Moderate,Moderate,High,13.534453279909714,45.78
486,2026-05-02 06:00:00,BLDG_B,4383.2,776.3,1676.14,978.45,7814.09,8219.72,4.93,1367.8,8.91,7203.02,54.11,97.43,2,45.57,74.55,2026,5,2,6,Saturday,5,1,56.093543841957285,9.93461810652296,21.450226449912915,12.52161160160684,Within Budget,High,Moderate,Very High,Excellent,Low,High,Low,17.50427752943721,51.5
487,2026-05-02 12:00:00,BLDG_B,5703.51,2166.04,2030.98,1330.43,11230.96,12716.55,11.68,842.65,20.35,8922.54,59.76,62.82,2,60.66,51.9,2026,5,2,12,Saturday,5,1,50.78381545299779,19.286329930834054,18.083761316931056,11.846093299237111,Within Budget,Moderate,Very High,Very High,Fair,Moderate,Moderate,Low,7.50292049833674,50.9
488,2026-05-02 18:00:00,BLDG_A,2122.95,1311.13,647.92,1730.18,5812.18,5849.45,0.64,833.85,12.36,4460.27,54.38,86.45,8,69.3,47.22,2026,5,2,18,Saturday,5,1,36.525881855001046,22.558317189075357,11.147624471368744,29.768176484554846,Within Budget,Moderate,High,Very High,Good,Moderate,Low,High,14.346596285731,55.62
489,2026-05-03 00:00:00,BLDG_C,3794.2,3470.41,497.83,1462.38,9224.82,9378.32,1.64,877.37,11.63,8138.98,63.51,76.62,12,74.99,50.48,2026,5,3,0,Sunday,6,1,41.13034183864834,37.62035465190648,5.396636465535371,15.852667043909802,Within Budget,Moderate,High,Very High,Good,High,Moderate,High,9.510971487790549,56.69
490,2026-05-03 06:00:00,BLDG_A,2188.3,2308.42,433.36,1419.0,6349.08,6721.64,5.54,722.34,19.3,10841.71,31.27,69.47,11,91.73,58.41,2026,5,3,6,Sunday,6,1,34.46641088157655,36.35833853093677,6.825555828560989,22.349694758925704,Within Budget,Moderate,Very High,High,Fair,Very High,Moderate,High,11.37708140391994,52.94
491,2026-05-03 12:00:00,BLDG_B,4218.89,1086.08,658.52,1225.02,7188.51,8450.53,14.93,1096.02,9.62,8855.43,26.88,85.71,6,56.96,47.72,2026,5,3,12,Sunday,6,1,58.68935287006626,15.108555180419863,9.160730109577644,17.04136183993623,Within Budget,High,Moderate,Moderate,Good,Moderate,Low,Moderate,15.246831401778671,44.79
492,2026-05-03 18:00:00,BLDG_B,6024.83,2628.54,1584.31,1673.29,11910.97,13733.08,13.27,753.96,18.71,8676.76,9.61,64.78,3,52.62,48.15,2026,5,3,18,Sunday,6,1,50.58219439726571,22.068227860535288,13.301267654943299,14.048310087255697,Within Budget,Moderate,Very High,Low,Fair,Moderate,Low,Low,6.329963050868234,36.43
493,2026-05-04 00:00:00,BLDG_A,5477.68,3213.68,1709.46,1748.75,12149.57,12203.41,0.44,989.34,6.2,4892.66,33.64,92.61,12,88.47,42.28,2026,5,4,0,Monday,0,0,45.08538162255948,26.450977277385125,14.07012758476226,14.393513515293135,Within Budget,Moderate,Moderate,High,Excellent,Very High,Low,High,8.14300423801007,55.23
494,2026-05-04 06:00:00,BLDG_C,2870.86,2786.5,1815.71,1806.58,9279.65,10210.79,9.12,1354.79,7.29,10981.44,45.13,69.52,2,92.09,84.55,2026,5,4,6,Monday,0,0,30.937158190233472,30.028072179446426,19.56657848086943,19.468191149450682,Within Budget,High,Moderate,High,Fair,Very High,High,Low,14.599580803155291,53.51
495,2026-05-04 12:00:00,BLDG_B,6387.16,914.03,838.67,640.74,8780.6,9262.98,5.21,1014.76,21.12,3689.21,54.48,73.74,5,69.4,51.43,2026,5,4,12,Monday,0,0,72.74172607794456,10.409653098877069,9.551397398811014,7.297223424367355,Within Budget,High,Very High,Very High,Fair,Moderate,Moderate,Moderate,11.55684121813999,54.68
496,2026-05-04 18:00:00,BLDG_B,4936.55,3208.48,950.61,1762.07,10857.71,12266.27,11.48,476.26,19.16,2860.72,23.24,84.04,15,50.76,82.74,2026,5,4,18,Monday,0,0,45.465848691851235,29.550245862156938,8.755161079085738,16.2287443669061,Within Budget,Low,Very High,Moderate,Good,Moderate,High,Very High,4.386376132720436,44.3
497,2026-05-05 00:00:00,BLDG_B,1849.01,2923.0,1269.64,2406.47,8448.12,9667.27,12.61,798.58,10.98,4688.58,37.27,60.04,8,69.27,62.79,2026,5,5,0,Tuesday,1,0,21.886644602586138,34.59941383408379,15.028669100344219,28.485272462985844,Within Budget,Moderate,High,High,Fair,Moderate,Moderate,High,9.452753985502099,44.39
498,2026-05-05 06:00:00,BLDG_A,3000.44,1143.25,513.73,1581.97,6239.39,7316.14,14.72,736.22,15.49,7976.8,45.73,77.96,6,50.47,72.89,2026,5,5,6,Tuesday,1,0,48.088675335249114,18.323105303563327,8.23365745689883,25.35456190428872,Within Budget,Moderate,Very High,High,Good,Moderate,High,Moderate,11.79955091763778,47.41
499,2026-05-05 12:00:00,BLDG_B,3025.35,845.0,1500.05,1930.53,7300.93,7995.13,8.68,1215.08,20.97,10409.3,39.44,93.98,12,89.16,43.94,2026,5,5,12,Tuesday,1,0,41.437871613616345,11.573867986681147,20.546012631267523,26.442247768434978,Within Budget,High,Very High,High,Excellent,Very High,Low,High,16.64281125829175,60.89
500,2026-05-05 18:00:00,BLDG_C,2125.5,2260.47,2170.72,1613.46,8170.15,9795.11,16.59,476.1,7.81,2018.91,23.62,85.86,3,80.41,70.35,2026,5,5,18,Tuesday,1,0,26.015434233153616,27.667423486716892,26.56891244346799,19.74822983666151,Within Budget,Low,Moderate,Moderate,Good,High,High,Low,5.827310392098065,49.42
501,2026-05-06 00:00:00,BLDG_B,6311.18,1136.9,1049.45,2209.48,10707.01,12805.55,16.39,1615.61,5.06,9858.73,53.39,74.74,12,57.06,55.08,2026,5,6,0,Wednesday,2,0,58.944373826119524,10.618277184760265,9.801522553915612,20.6358264352046,Within Budget,High,Moderate,Very High,Fair,Moderate,Moderate,High,15.089273289181573,47.56
502,2026-05-06 06:00:00,BLDG_B,4047.8,3036.85,1755.13,2359.17,11198.95,13174.82,15.0,555.4,13.67,9847.47,17.88,85.1,12,89.33,44.95,2026,5,6,6,Wednesday,2,0,36.14445997169378,27.11727438733095,15.672272847007978,21.065992793967293,Within Budget,Moderate,High,Moderate,Good,Very High,Low,High,4.959393514570562,51.5
503,2026-05-06 12:00:00,BLDG_C,6010.33,1703.34,1300.06,868.44,9882.17,11018.36,10.31,655.54,6.57,7249.57,59.58,95.59,9,76.9,87.23,2026,5,6,12,Wednesday,2,0,60.81994136915273,17.23649765183153,13.15561258306627,8.787948395949472,Within Budget,Moderate,Moderate,Very High,Excellent,High,Very High,High,6.633563276082074,59.66
504,2026-05-06 18:00:00,BLDG_B,3314.41,3256.1,630.06,1373.72,8574.29,9256.81,7.37,570.2,7.37,9247.45,62.3,67.14,8,92.66,71.39,2026,5,6,18,Wednesday,2,0,38.655212268304425,37.9751559604352,7.348246910239798,16.02138486102056,Within Budget,Moderate,Moderate,Very High,Fair,Very High,High,High,6.650113303842067,57.37
505,2026-05-07 00:00:00,BLDG_A,2388.6,2283.93,1448.03,1284.76,7405.32,7945.0,6.79,1196.86,20.05,2591.63,28.84,80.21,10,94.02,52.57,2026,5,7,0,Thursday,3,0,32.2551895124046,30.841746204080312,19.55391529332966,17.349148990185434,Within Budget,High,Very High,Moderate,Good,Very High,Moderate,High,16.162164497955523,55.78
506,2026-05-07 06:00:00,BLDG_A,4029.38,1211.48,939.77,1310.43,7491.06,7509.23,0.24,448.36,4.13,2450.24,29.44,68.92,6,45.16,61.82,2026,5,7,6,Thursday,3,0,53.789183373247575,16.172344100834863,12.545220569585611,17.49325195633195,Within Budget,Low,Low,Moderate,Fair,Low,Moderate,Moderate,5.985267772518175,36.91
507,2026-05-07 12:00:00,BLDG_A,2335.6,1090.88,461.93,751.05,4639.46,4870.67,4.75,686.84,18.7,10422.2,50.37,92.46,1,51.01,58.56,2026,5,7,12,Thursday,3,0,50.3420656714359,23.51308126376777,9.956546667069013,16.18830639772732,Within Budget,Moderate,Very High,Very High,Excellent,Moderate,Moderate,Low,14.804309122182325,53.13
508,2026-05-07 18:00:00,BLDG_C,4084.27,2314.12,1542.87,2127.23,10068.49,11515.95,12.57,999.51,13.31,6228.71,34.01,87.4,2,72.35,76.43,2026,5,7,18,Thursday,3,0,40.564871197170575,22.983784062952836,15.323747652329198,21.12759708754739,Within Budget,Moderate,High,High,Good,High,High,Low,9.927109228891323,51.77
509,2026-05-08 00:00:00,BLDG_B,6125.4,2833.27,1946.08,571.53,11476.28,12861.77,10.77,2064.17,14.07,3328.28,9.63,90.44,4,92.79,71.59,2026,5,8,0,Friday,4,0,53.37443840687052,24.688052225982634,16.957411286584154,4.980098080562691,Within Budget,Very High,High,Low,Excellent,Very High,High,Moderate,17.98640325959283,51.73
510,2026-05-08 06:00:00,BLDG_A,4247.61,2888.22,1020.59,1556.45,9712.87,11493.09,15.49,1513.88,16.09,8420.4,60.43,95.83,2,94.71,41.03,2026,5,8,6,Friday,4,0,43.73177032123357,29.73601005675974,10.50760485829626,16.024614763710414,Within Budget,High,Very High,Very High,Excellent,Very High,Low,Low,15.586330301960183,66.76
511,2026-05-08 12:00:00,BLDG_C,4697.55,1472.12,1102.53,1823.76,9095.96,9186.96,0.99,1282.13,11.77,10756.56,32.55,68.83,3,73.37,50.29,2026,5,8,12,Friday,4,0,51.64435639558662,16.184327987370217,12.121095519329462,20.050220097713712,Within Budget,High,High,High,Fair,High,Moderate,Low,14.095598485481469,46.63
512,2026-05-08 18:00:00,BLDG_B,2536.2,1271.89,2003.84,914.94,6726.87,6935.78,3.01,1080.4,6.08,7771.71,19.6,61.85,14,53.69,64.86,2026,5,8,18,Friday,4,0,37.70252732697376,18.907604874183686,29.788594100971178,13.601273697871374,Within Budget,High,Moderate,Moderate,Fair,Moderate,Moderate,Very High,16.06096148728904,35.3
513,2026-05-09 00:00:00,BLDG_C,2005.56,746.92,1864.5,2311.7,6928.68,8022.36,13.63,866.81,5.85,4494.47,39.67,71.05,8,53.15,63.17,2026,5,9,0,Saturday,5,1,28.94577322087324,10.780119734206226,26.909887597637645,33.364219447282885,Within Budget,Moderate,Moderate,High,Fair,Moderate,Moderate,High,12.510463753557675,42.43
514,2026-05-09 06:00:00,BLDG_A,2320.8,2601.76,1686.92,2177.1,8786.58,9416.59,6.69,1375.52,17.58,6057.23,20.48,75.17,9,83.19,66.87,2026,5,9,6,Saturday,5,1,26.413007108567843,29.610610726812936,19.198823660627916,24.77755850399131,Within Budget,High,Very High,Moderate,Good,High,Moderate,High,15.654782634426592,49.1
515,2026-05-09 12:00:00,BLDG_A,4613.1,914.39,847.83,1442.17,7817.49,8002.52,2.31,540.73,7.98,9151.1,19.74,83.76,6,74.6,77.17,2026,5,9,12,Saturday,5,1,59.009989139736675,11.696721070317967,10.845296891969163,18.447992897976206,Within Budget,Moderate,Moderate,Moderate,Good,High,High,Moderate,6.91692602101186,46.52
516,2026-05-09 18:00:00,BLDG_A,2246.55,1878.13,2038.39,1322.3,7485.37,8977.13,16.62,334.26,4.51,1276.26,39.11,90.31,4,72.44,75.46,2026,5,9,18,Saturday,5,1,30.01254447007964,25.090676880367973,27.2316532115313,17.665125438021096,Within Budget,Low,Low,High,Excellent,High,High,Moderate,4.465510722916837,51.59
517,2026-05-10 00:00:00,BLDG_C,3567.17,2384.71,677.95,973.14,7602.97,8800.06,13.6,930.53,21.63,2997.39,30.29,73.29,11,68.29,59.39,2026,5,10,0,Sunday,6,1,46.91811226402314,31.36550584837241,8.916910102236363,12.799471785368086,Within Budget,Moderate,Very High,High,Fair,Moderate,Moderate,High,12.23903290424663,48.38
518,2026-05-10 06:00:00,BLDG_C,4385.43,3323.91,1528.19,1959.99,11197.52,12112.9,7.56,1066.04,21.65,5819.71,40.66,77.99,2,81.26,85.63,2026,5,10,6,Sunday,6,1,39.16429709435661,29.684340818324056,13.647575534582657,17.503786552736678,Within Budget,High,Very High,High,Good,High,Very High,Low,9.520322357093356,55.39
519,2026-05-10 12:00:00,BLDG_A,3626.67,1573.05,451.84,763.49,6415.05,7471.41,14.14,602.8,10.81,7448.77,64.82,89.85,7,87.9,43.27,2026,5,10,12,Sunday,6,1,56.53377604227558,24.521243014473775,7.043436917872814,11.901544025377822,Within Budget,Moderate,High,Very High,Good,Very High,Low,Moderate,9.396653182749938,63.34
520,2026-05-10 18:00:00,BLDG_C,2569.31,1399.36,1558.7,1860.48,7387.85,8393.49,11.98,805.37,4.46,4400.4,56.96,68.56,10,60.15,70.39,2026,5,10,18,Sunday,6,1,34.77750631103771,18.94136995201581,21.098154402160304,25.182969334786172,Within Budget,Moderate,Low,Very High,Fair,Moderate,High,High,10.90127709685497,47.53
521,2026-05-11 00:00:00,BLDG_A,3086.82,2531.65,898.86,2184.91,8702.24,10077.15,13.64,732.79,17.09,3931.5,8.44,68.25,11,56.05,89.38,2026,5,11,0,Monday,0,0,35.471556748607256,29.09193495008182,10.329064700582839,25.107443600728086,Within Budget,Moderate,Very High,Low,Fair,Moderate,Very High,High,8.42070547353325,37.46
522,2026-05-11 06:00:00,BLDG_A,6163.09,2433.87,1209.42,956.94,10763.32,12518.19,14.02,1333.67,18.96,975.92,10.88,82.39,7,78.51,68.55,2026,5,11,6,Monday,0,0,57.26012048327096,22.61263253345622,11.23649580241041,8.890751180862411,Within Budget,High,Very High,Low,Good,High,Moderate,Moderate,12.3908793940903,47.68
523,2026-05-11 12:00:00,BLDG_B,4977.12,1629.91,1021.48,2232.85,9861.36,10028.47,1.67,341.06,6.25,874.92,42.77,76.57,10,90.74,63.67,2026,5,11,12,Monday,0,0,50.4709289590888,16.528247625074027,10.358408982128225,22.64241443370894,Within Budget,Low,Moderate,High,Good,Very High,Moderate,High,3.4585493278817525,54.08
524,2026-05-11 18:00:00,BLDG_C,4131.42,3298.69,710.96,566.65,8707.72,9792.65,11.08,1528.06,6.44,3704.99,43.7,96.06,9,62.41,46.96,2026,5,11,18,Monday,0,0,47.44548515570092,37.88236185821317,8.16470901682645,6.5074439692594614,Within Budget,High,Moderate,High,Excellent,Moderate,Low,High,17.5483364187181,52.15
525,2026-05-12 00:00:00,BLDG_A,1859.76,3065.61,1519.57,2325.57,8770.51,8782.41,0.14,1479.64,18.8,6600.82,58.06,73.57,5,58.62,82.13,2026,5,12,0,Tuesday,1,0,21.204696192125656,34.95361159157221,17.325902370557696,26.51578984574443,Within Budget,High,Very High,Very High,Fair,Moderate,High,Moderate,16.870626679634366,52.26
526,2026-05-12 06:00:00,BLDG_A,6464.35,1327.15,1987.56,736.72,10515.78,10607.18,0.86,1790.74,20.59,6898.27,43.86,88.86,10,56.31,59.44,2026,5,12,6,Tuesday,1,0,61.47285317874661,12.620556915416643,18.900737748412386,7.005852157424367,Within Budget,High,Very High,High,Good,Moderate,Moderate,High,17.029074400567527,52.4
527,2026-05-12 12:00:00,BLDG_C,4955.84,1369.6,2126.35,1791.52,10243.31,12095.26,15.31,868.13,18.23,6181.32,20.98,82.16,4,57.72,76.46,2026,5,12,12,Tuesday,1,0,48.38123614339506,13.370678032784324,20.758426719488135,17.489659104332485,Within Budget,Moderate,Very High,Moderate,Good,Moderate,High,Moderate,8.475092523803342,44.77
528,2026-05-12 18:00:00,BLDG_B,3289.54,2134.44,746.22,1000.16,7170.36,7926.92,9.54,787.19,7.61,5213.63,34.71,62.07,10,51.75,50.27,2026,5,12,18,Tuesday,1,0,45.8769155244646,29.767543052231687,10.407008853111979,13.948532570191736,Within Budget,Moderate,Moderate,High,Fair,Moderate,Moderate,High,10.978388811719357,39.03
529,2026-05-13 00:00:00,BLDG_B,5932.56,2866.0,1691.27,2173.1,12662.93,14526.67,12.83,2192.2,11.41,3401.35,54.11,63.21,6,74.84,42.18,2026,5,13,0,Wednesday,2,0,46.84982069710565,22.632992522267752,13.35607162007529,17.16111516055131,Within Budget,Very High,High,Very High,Fair,High,Low,Moderate,17.311949130256583,50.89
530,2026-05-13 06:00:00,BLDG_A,3014.63,823.31,1595.81,1524.6,6958.35,8125.27,14.36,1150.58,14.82,5107.99,60.6,67.72,12,59.04,55.88,2026,5,13,6,Wednesday,2,0,43.32392018222711,11.831971659948119,22.93374147606832,21.91036668175645,Within Budget,High,High,Very High,Fair,Moderate,Moderate,High,16.53524183175609,50.54
531,2026-05-13 12:00:00,BLDG_C,4356.88,2641.34,1018.08,770.48,8786.78,10455.54,15.96,1305.16,6.89,2095.74,21.5,65.44,2,75.75,54.63,2026,5,13,12,Wednesday,2,0,49.58448942616066,30.06038617104332,11.586496987519887,8.76862741527613,Within Budget,High,Moderate,Moderate,Fair,High,Moderate,Low,14.85367791158991,42.4
532,2026-05-13 18:00:00,BLDG_B,4789.53,2515.06,434.38,1641.98,9380.95,11012.02,14.81,854.6,7.79,1825.48,38.76,72.52,2,49.15,85.42,2026,5,13,18,Wednesday,2,0,51.05591651165393,26.810291068601792,4.6304478757481915,17.50334454399608,Within Budget,Moderate,Moderate,High,Fair,Low,Very High,Low,9.109951550749123,42.06
533,2026-05-14 00:00:00,BLDG_C,2839.0,1348.14,1641.62,1315.77,7144.53,7835.14,8.81,819.13,9.09,3949.35,17.06,82.0,12,50.77,84.96,2026,5,14,0,Thursday,3,0,39.73669366634334,18.86954075355552,22.97729871664056,18.416466863460577,Within Budget,Moderate,Moderate,Moderate,Good,Moderate,High,High,11.46513486541452,39.73
534,2026-05-14 06:00:00,BLDG_C,6398.47,2607.79,2101.89,1822.9,12931.05,13799.94,6.3,1925.91,13.17,11946.51,36.33,82.89,9,71.81,67.76,2026,5,14,6,Thursday,3,0,49.48144195560299,20.166885133071176,16.254596494484204,14.097076416841633,Within Budget,High,High,High,Good,High,Moderate,High,14.89368612757665,51.05
535,2026-05-14 12:00:00,BLDG_A,5316.5,3332.51,1537.82,2263.81,12450.64,12835.35,3.0,883.4,13.19,4254.71,13.14,82.34,7,70.58,40.99,2026,5,14,12,Thursday,3,0,42.70061619322381,26.765772683171306,12.351332943527401,18.18227818007749,Within Budget,Moderate,High,Low,Good,High,Low,Moderate,7.095217595240085,44.81
536,2026-05-14 18:00:00,BLDG_B,4421.72,831.0,1183.53,1318.78,7755.03,8375.93,7.41,961.37,18.66,11269.25,61.68,64.47,7,58.58,51.87,2026,5,14,18,Thursday,3,0,57.01744545153276,10.715625858313894,15.261449665571893,17.005479024581465,Within Budget,Moderate,Very High,Very High,Fair,Moderate,Moderate,Moderate,12.396728316976208,50.85
537,2026-05-15 00:00:00,BLDG_A,2648.79,1595.03,1345.28,1079.76,6668.86,7157.68,6.83,1028.27,17.55,5011.01,44.37,82.81,13,86.36,73.23,2026,5,15,0,Friday,4,0,39.71878252055074,23.917581115812897,20.17256322669842,16.19107313693795,Within Budget,High,Very High,High,Good,Very High,High,Very High,15.418977156515506,57.77
538,2026-05-15 06:00:00,BLDG_B,2053.13,1926.89,759.33,529.03,5268.38,5857.99,10.07,717.12,20.45,5548.61,56.69,75.57,5,54.35,45.27,2026,5,15,6,Friday,4,0,38.970803169095625,36.57462066137978,14.412969451710014,10.041606717814584,Within Budget,Moderate,Very High,Very High,Good,Moderate,Low,Moderate,13.611774397442858,51.76
539,2026-05-15 12:00:00,BLDG_B,3304.28,3217.93,1750.98,1649.68,9922.87,11243.62,11.75,1011.36,18.99,9666.22,64.9,94.32,7,63.03,76.43,2026,5,15,12,Friday,4,0,33.29964012427856,32.42942817954886,17.645902848671806,16.625028847500772,Within Budget,High,Very High,Very High,Excellent,Moderate,High,Moderate,10.19221253528465,60.31
540,2026-05-15 18:00:00,BLDG_B,5339.98,3394.33,1743.56,1304.55,11782.42,14087.83,16.36,1386.69,8.57,1576.84,18.41,94.66,9,72.78,40.62,2026,5,15,18,Friday,4,0,45.32158928301656,28.808428149734944,14.797978683496261,11.072003883752233,Within Budget,High,Moderate,Moderate,Excellent,High,Low,High,11.769144199578694,48.6
541,2026-05-16 00:00:00,BLDG_B,3065.86,1943.52,661.93,1249.3,6920.61,7928.79,12.72,1233.95,9.96,2596.6,47.57,89.19,10,88.36,75.49,2026,5,16,0,Saturday,5,1,44.30043016439303,28.083073601893478,9.564619303789694,18.051876929923807,Within Budget,High,Moderate,High,Good,Very High,High,High,17.8300756725202,58.77
542,2026-05-16 06:00:00,BLDG_B,4335.91,2800.08,1980.36,865.87,9982.22,11267.43,11.41,1200.84,13.01,11699.16,58.56,86.72,5,65.93,83.92,2026,5,16,6,Saturday,5,1,43.4363297943744,28.05067409854722,19.838873517113427,8.674122589964957,Within Budget,High,High,Very High,Good,Moderate,High,Moderate,12.029788964779378,56.06
543,2026-05-16 12:00:00,BLDG_C,5221.35,2188.65,884.54,1360.11,9654.65,10301.69,6.28,1427.37,4.26,6318.05,40.83,64.37,9,64.93,64.4,2026,5,16,12,Saturday,5,1,54.081194036034454,22.669387290062303,9.161802861833417,14.087615812069831,Within Budget,High,Low,High,Fair,Moderate,Moderate,High,14.78427493487594,43.6
544,2026-05-16 18:00:00,BLDG_A,2307.34,2205.79,2168.06,2468.88,9150.07,9213.21,0.69,1271.77,20.27,1009.56,44.46,63.22,1,73.98,83.11,2026,5,16,18,Saturday,5,1,25.216637686924802,24.106810111835212,23.694463539623197,26.9820886616168,Within Budget,High,Very High,High,Fair,High,High,Low,13.899019351764522,50.48
545,2026-05-17 00:00:00,BLDG_C,5020.9,1478.68,1089.23,1095.51,8684.32,9184.75,5.45,1174.32,4.8,1044.88,31.24,91.95,13,60.83,80.64,2026,5,17,0,Sunday,6,1,57.81569541426387,17.027009598909302,12.542490373454687,12.614804613372147,Within Budget,High,Low,High,Excellent,Moderate,High,Very High,13.52230226431085,47.2
546,2026-05-17 06:00:00,BLDG_B,2231.79,1307.48,720.19,1699.41,5958.87,6874.69,13.32,819.08,9.8,10933.27,46.46,76.23,15,80.46,74.91,2026,5,17,6,Sunday,6,1,37.45324197372992,21.941743988373634,12.086016308461168,28.51899772943528,Within Budget,Moderate,Moderate,High,Good,High,High,Very High,13.74555914124658,53.24
547,2026-05-17 12:00:00,BLDG_A,6336.11,1506.41,1033.1,2052.97,10928.59,11377.26,3.94,1072.77,14.25,10543.7,30.55,77.15,12,57.43,63.15,2026,5,17,12,Sunday,6,1,57.97737860053309,13.78412036685428,9.453186550140503,18.785314482472117,Within Budget,High,High,High,Good,Moderate,Moderate,High,9.8161793973422,44.84
548,2026-05-17 18:00:00,BLDG_B,4095.45,2257.72,1192.32,1998.32,9543.81,10903.21,12.47,965.11,13.32,5771.59,35.17,92.22,3,86.16,54.14,2026,5,17,18,Sunday,6,1,42.91210742879416,23.656380418302543,12.493123815331613,20.938388337571684,Within Budget,Moderate,High,High,Excellent,Very High,Moderate,Low,10.112418415706097,56.72
549,2026-05-18 00:00:00,BLDG_A,2508.18,781.63,524.75,1157.55,4972.11,5548.66,10.39,498.1,15.78,2377.05,13.87,83.61,7,58.62,84.76,2026,5,18,0,Monday,0,0,50.44498211021076,15.720287765154032,10.55386948398165,23.280860640653568,Within Budget,Low,Very High,Low,Good,Moderate,High,Moderate,10.01787973315152,42.97
550,2026-05-18 06:00:00,BLDG_C,3409.2,3240.3,1440.79,1721.72,9812.01,10149.26,3.32,343.3,13.5,10048.27,8.45,66.82,4,94.64,73.73,2026,5,18,6,Monday,0,0,34.74517453610422,33.023814692402475,14.683943452972429,17.547067318520874,Within Budget,Low,High,Low,Fair,Very High,High,Moderate,3.498773441934935,45.85
551,2026-05-18 12:00:00,BLDG_A,3743.06,1137.59,1475.74,2242.53,8598.92,9048.86,4.97,568.9,8.12,4232.9,11.14,68.02,15,60.82,81.5,2026,5,18,12,Monday,0,0,43.52941997367111,13.22945207072516,17.161922660054984,26.079205295548746,Within Budget,Moderate,Moderate,Low,Fair,Moderate,High,Very High,6.615947118940518,37.02
552,2026-05-18 18:00:00,BLDG_A,5363.47,1316.25,1730.07,530.89,8940.68,9828.14,9.03,475.51,7.62,5319.17,18.97,60.24,2,88.94,68.7,2026,5,18,18,Monday,0,0,59.989508627979085,14.722034565603511,19.350541569545044,5.937915236872363,Within Budget,Low,Moderate,Moderate,Fair,Very High,Moderate,Low,5.318499264038082,43.94
553,2026-05-19 00:00:00,BLDG_A,5294.09,2151.17,452.51,1371.47,9269.24,10044.84,7.72,1510.58,20.33,8348.48,34.03,87.01,12,64.87,48.94,2026,5,19,0,Tuesday,1,0,57.11460702279799,23.20762004220411,4.8818457608175,14.79592717418041,Within Budget,High,Very High,High,Good,Moderate,Low,High,16.296697463869744,51.56
554,2026-05-19 06:00:00,BLDG_A,4676.12,2688.32,1374.23,948.55,9687.22,11195.64,13.47,690.17,8.75,4564.08,9.2,78.45,14,57.3,90.93,2026,5,19,6,Tuesday,1,0,48.27102099467133,27.75120209926068,14.186010021450942,9.791766884617052,Within Budget,Moderate,Moderate,Low,Good,Moderate,Very High,Very High,7.124541406099996,38.42
555,2026-05-19 12:00:00,BLDG_A,2297.87,968.04,495.23,1277.26,5038.4,5778.44,12.81,255.78,9.06,7729.7,16.89,96.1,3,56.31,49.5,2026,5,19,12,Tuesday,1,0,45.60713718640839,19.213242299142586,9.829112416640204,25.350508097808827,Within Budget,Low,Moderate,Moderate,Excellent,Moderate,Low,Low,5.076611622737377,44.59
556,2026-05-19 18:00:00,BLDG_B,2512.38,1589.55,1662.06,1331.98,7095.97,7911.4,10.31,340.36,11.43,10680.75,52.54,87.13,7,87.51,87.38,2026,5,19,18,Tuesday,1,0,35.40573029480114,22.4007429569178,23.422590569013114,18.77093617926795,Within Budget,Low,High,Very High,Good,Very High,Very High,Moderate,4.796525351713719,59.65
557,2026-05-20 00:00:00,BLDG_A,2240.66,3412.29,500.31,1993.34,8146.6,9486.35,14.12,1099.78,6.51,9669.79,51.44,63.92,8,60.44,50.82,2026,5,20,0,Wednesday,2,0,27.50423489553924,41.886062897405054,6.141335035474921,24.46836717158078,Within Budget,High,Moderate,Very High,Fair,Moderate,Moderate,High,13.499864974345124,45.58
558,2026-05-20 06:00:00,BLDG_A,4512.71,1434.56,2041.11,687.64,8676.02,9652.37,10.12,268.2,13.13,4888.53,53.01,66.14,11,61.93,59.43,2026,5,20,6,Wednesday,2,0,52.013596095905726,16.53477055147406,23.525879377871416,7.9257539747487895,Within Budget,Low,High,Very High,Fair,Moderate,Moderate,High,3.091279181006959,48.55
559,2026-05-20 12:00:00,BLDG_C,5922.55,1576.54,1663.75,1525.17,10688.01,12749.49,16.17,1076.24,15.97,3811.27,60.53,79.07,9,54.85,62.88,2026,5,20,12,Wednesday,2,0,55.41302824379842,14.750547576209227,15.566508639119911,14.269915540872436,Within Budget,High,Very High,Very High,Good,Moderate,Moderate,High,10.069601357034658,52.6
560,2026-05-20 18:00:00,BLDG_A,3838.86,3042.2,1313.3,1628.39,9822.75,10249.5,4.16,469.83,18.15,3783.37,14.79,95.15,6,93.07,87.91,2026,5,20,18,Wednesday,2,0,39.081316331984425,30.970960270799925,13.369982947748849,16.5777404494668,Within Budget,Low,Very High,Low,Excellent,Very High,Very High,Moderate,4.78308009467817,55.29
561,2026-05-21 00:00:00,BLDG_C,2555.99,840.6,1194.71,1488.32,6079.62,6947.95,12.5,957.23,16.81,4508.8,17.3,69.4,10,57.24,86.19,2026,5,21,0,Thursday,3,0,42.04193683157828,13.826522052365114,19.651063717798152,24.480477398258444,Within Budget,Moderate,Very High,Moderate,Fair,Moderate,Very High,High,15.744898529842327,40.19
562,2026-05-21 06:00:00,BLDG_B,4422.8,2000.92,635.21,1963.75,9022.68,9690.26,6.89,1567.85,6.66,6175.45,27.01,91.37,9,57.37,82.81,2026,5,21,6,Thursday,3,0,49.01869511054365,22.176559514467986,7.040147716642949,21.764597658345412,Within Budget,High,Moderate,Moderate,Excellent,Moderate,High,High,17.37676610497103,45.6
563,2026-05-21 12:00:00,BLDG_A,5615.24,1762.93,923.8,1267.58,9569.55,10103.47,5.28,1663.31,12.21,5290.87,60.16,71.87,4,92.19,59.59,2026,5,21,12,Thursday,3,0,58.67820325929641,18.42228735938472,9.653536477681813,13.245972903637057,Within Budget,High,High,Very High,Fair,Very High,Moderate,Moderate,17.38127707154464,59.11
564,2026-05-21 18:00:00,BLDG_C,5286.05,1586.44,1964.13,2389.93,11226.55,11631.58,3.48,1081.06,4.69,2029.55,52.2,70.26,12,90.04,40.23,2026,5,21,18,Thursday,3,0,47.08525771497032,14.131144474482365,17.495401525847214,21.28819628470011,Within Budget,High,Low,Very High,Fair,Very High,Low,High,9.629494368260954,54.3
565,2026-05-22 00:00:00,BLDG_C,5942.82,1499.96,2028.02,1463.61,10934.41,12142.67,9.95,1385.14,4.32,2379.74,26.47,94.25,5,57.45,75.44,2026,5,22,0,Friday,4,0,54.3497088548902,13.717795473189684,18.547136974011398,13.38535869790871,Within Budget,High,Low,Moderate,Excellent,Moderate,High,Moderate,12.667715953581402,45.62
566,2026-05-22 06:00:00,BLDG_B,3106.14,955.85,401.35,1642.43,6105.77,6368.89,4.13,732.42,11.92,4443.69,13.0,61.8,1,88.24,61.37,2026,5,22,6,Friday,4,0,50.872207764131296,15.654864169465931,6.573290510451589,26.899637555951173,Within Budget,Moderate,High,Low,Fair,Very High,Moderate,Low,11.995538646231351,43.74
567,2026-05-22 12:00:00,BLDG_A,2711.58,1581.51,1469.45,2151.06,7913.6,8230.7,3.85,652.92,8.55,6963.74,43.13,85.11,14,57.49,79.37,2026,5,22,12,Friday,4,0,34.26480994743227,19.984709866558834,18.568666599272138,27.18181358673675,Within Budget,Moderate,Moderate,High,Good,Moderate,High,Very High,8.250606550748078,48.57
568,2026-05-22 18:00:00,BLDG_A,5935.14,820.55,1694.74,1050.47,9500.9,11383.09,16.53,917.88,16.3,7315.64,22.64,61.64,9,49.22,81.33,2026,5,22,18,Friday,4,0,62.46923975623363,8.636550221557957,17.837678535717668,11.056531486490755,Within Budget,Moderate,Very High,Moderate,Fair,Low,High,High,9.660979486153943,37.45
569,2026-05-23 00:00:00,BLDG_C,4890.53,2886.7,1513.74,650.4,9941.37,11535.46,13.82,394.16,17.04,6091.38,38.28,90.43,9,86.02,62.87,2026,5,23,0,Saturday,5,1,49.193722796757385,29.037245369601973,15.22667398960103,6.5423578440396035,Within Budget,Low,Very High,High,Excellent,Very High,Moderate,High,3.9648458914616396,57.94
570,2026-05-23 06:00:00,BLDG_A,3261.37,1815.04,547.02,1915.57,7539.0,8667.25,13.02,1125.99,20.12,8995.92,61.68,91.52,9,83.58,78.9,2026,5,23,6,Saturday,5,1,43.25998142989786,24.075341557235706,7.255869478710704,25.408807534155724,Within Budget,High,Very High,Very High,Excellent,High,High,High,14.935535216872264,64.22
571,2026-05-23 12:00:00,BLDG_C,5289.04,1942.93,791.9,1466.02,9489.89,10997.0,13.7,627.48,17.69,8978.36,40.64,93.95,3,59.73,83.68,2026,5,23,12,Saturday,5,1,55.733417352572054,20.473683045851956,8.344669959293523,15.44822964228247,Within Budget,Moderate,Very High,High,Excellent,Moderate,High,Low,6.612089286598686,53.0
572,2026-05-23 18:00:00,BLDG_A,5631.06,3202.06,850.61,2293.01,11976.74,14297.65,16.23,1186.64,4.87,5417.72,60.66,67.07,13,49.51,88.28,2026,5,23,18,Saturday,5,1,47.01663390872642,26.735655946442854,7.102183064840684,19.14552707999005,Within Budget,High,Low,Very High,Fair,Low,Very High,Very High,9.9078714241104,45.53
573,2026-05-24 00:00:00,BLDG_C,4690.4,2542.55,1897.1,2465.36,11595.41,12924.89,10.29,1183.81,10.69,1931.07,30.4,64.73,15,55.32,70.29,2026,5,24,0,Sunday,6,1,40.450488598505785,21.927210853260043,16.360784137861447,21.261516410372728,Within Budget,High,High,High,Fair,Moderate,High,Very High,10.209298334427157,40.28
574,2026-05-24 06:00:00,BLDG_A,5033.06,722.57,1233.76,1298.22,8287.61,8652.67,4.22,945.67,8.91,6597.01,44.1,79.13,10,83.55,80.48,2026,5,24,6,Sunday,6,1,60.729932996364454,8.718677640477773,14.886800899173586,15.664588463984188,Within Budget,Moderate,Moderate,High,Good,High,High,High,11.41064794313439,53.92
575,2026-05-24 12:00:00,BLDG_B,3563.72,3340.89,1276.29,1330.88,9511.78,11152.01,14.71,1452.27,10.95,4886.89,58.95,70.32,10,93.24,65.72,2026,5,24,12,Sunday,6,1,37.46638378936434,35.12370975779507,13.41799326729592,13.99191318554466,Within Budget,High,High,Very High,Fair,Very High,Moderate,High,15.26812016257735,58.36
576,2026-05-24 18:00:00,BLDG_A,4331.87,1364.0,2082.81,1315.93,9094.61,10445.58,12.93,1216.7,6.88,2086.11,41.52,83.04,10,57.95,42.17,2026,5,24,18,Sunday,6,1,47.631179346887876,14.997894357207182,22.901586764028362,14.469339531876575,Within Budget,High,Moderate,High,Good,Moderate,Low,High,13.378253712913473,47.35
577,2026-05-25 00:00:00,BLDG_A,4263.55,1001.32,1546.75,1149.11,7960.73,8620.37,7.65,1030.59,5.76,11790.9,43.05,79.52,8,85.91,48.07,2026,5,25,0,Monday,0,0,53.55727427007323,12.578243452547694,19.42975078918642,14.434731488192664,Within Budget,High,Moderate,High,Good,Very High,Low,High,12.945923301003804,53.56
578,2026-05-25 06:00:00,BLDG_B,5785.82,2850.76,2017.6,2063.37,12717.55,13922.08,8.65,1386.36,13.38,4752.19,48.83,65.5,3,56.4,46.67,2026,5,25,6,Monday,0,0,45.49476903963421,22.415952758196354,15.86469091924152,16.22458728292792,Within Budget,High,High,High,Fair,Moderate,Low,Low,10.901156276169544,46.03
579,2026-05-25 12:00:00,BLDG_A,5747.83,2101.34,1221.72,2017.99,11088.88,12000.95,7.6,492.27,16.97,7696.68,58.28,88.09,13,78.98,48.93,2026,5,25,12,Monday,0,0,51.83417982699786,18.949975110200494,11.017523861742577,18.19832120105908,Within Budget,Low,Very High,Very High,Good,High,Low,Very High,4.439312175801343,60.58
580,2026-05-25 18:00:00,BLDG_B,5713.6,1914.56,668.99,1457.29,9754.44,11568.65,15.68,880.84,16.63,6136.48,13.03,90.54,6,49.18,40.53,2026,5,25,18,Monday,0,0,58.57435178236783,19.627574724945767,6.858312727332374,14.939760765354032,Within Budget,Moderate,Very High,Low,Excellent,Low,Low,Moderate,9.030144221503233,42.34
581,2026-05-26 00:00:00,BLDG_A,1851.85,1398.61,2073.88,589.32,5913.66,6319.97,6.43,1026.6,12.12,2142.53,27.2,96.6,5,74.26,84.65,2026,5,26,0,Tuesday,1,0,31.314786443589927,23.650497323146745,35.069314096515534,9.965402136747802,Within Budget,High,High,Moderate,Excellent,High,High,Moderate,17.359807631821916,52.54
582,2026-05-26 06:00:00,BLDG_C,5322.86,2232.92,1225.67,1119.12,9900.57,11808.38,16.16,1775.49,13.4,1138.75,30.67,75.03,8,58.46,69.13,2026,5,26,6,Tuesday,1,0,53.76316717118307,22.553448942838646,12.379792274586212,11.30359161139207,Within Budget,High,High,High,Good,Moderate,Moderate,High,17.933209906096316,44.39
583,2026-05-26 12:00:00,BLDG_C,5365.78,1468.28,726.94,1084.61,8645.61,10219.58,15.4,1206.71,13.29,7696.35,59.85,72.83,3,91.29,59.92,2026,5,26,12,Tuesday,1,0,62.06363692093443,16.98295435486912,8.408197917787177,12.545210806409262,Within Budget,High,High,Very High,Fair,Very High,Moderate,Low,13.95748825126278,59.32
584,2026-05-26 18:00:00,BLDG_A,4988.38,3224.43,944.31,2122.17,11279.29,12701.66,11.2,723.31,16.45,3340.75,62.49,67.31,14,59.49,61.31,2026,5,26,18,Tuesday,1,0,44.22601067975023,28.58717171027609,8.37206951856012,18.814748091413556,Within Budget,Moderate,Very High,Very High,Fair,Moderate,Moderate,Very High,6.412726332951807,51.44
585,2026-05-27 00:00:00,BLDG_A,5354.44,1302.57,491.44,675.15,7823.6,8730.86,10.39,354.28,4.86,3302.02,14.86,66.87,1,64.92,64.09,2026,5,27,0,Wednesday,2,0,68.43959302622832,16.649240758729995,6.281507234521191,8.629658980520476,Within Budget,Low,Low,Low,Fair,Moderate,Moderate,Low,4.528350120149292,37.88
586,2026-05-27 06:00:00,BLDG_A,5757.26,3176.19,1242.94,2111.35,12287.74,13197.25,6.89,1133.11,16.78,11505.23,14.79,72.2,12,87.03,43.84,2026,5,27,6,Wednesday,2,0,46.85369319337811,25.848447314152157,10.115285642437097,17.182573850032632,Within Budget,High,Very High,Low,Fair,Very High,Low,High,9.221467902152877,47.7
587,2026-05-27 12:00:00,BLDG_C,4010.5,2266.34,1935.63,1838.37,10050.84,10087.7,0.37,1592.92,14.48,5810.39,61.29,97.31,9,66.91,54.28,2026,5,27,12,Wednesday,2,0,39.90213753278333,22.548762093516565,19.258390343493677,18.290710030206426,Within Budget,High,High,Very High,Excellent,Moderate,Moderate,High,15.848625587513085,60.0
588,2026-05-27 18:00:00,BLDG_A,4159.64,3019.77,2080.44,1964.88,11224.73,11511.24,2.49,1552.15,7.57,838.4,24.86,63.51,10,56.92,84.28,2026,5,27,18,Wednesday,2,0,37.05781787178846,26.902829733989147,18.534432454054574,17.504919940167827,Within Budget,High,Moderate,Moderate,Fair,Moderate,High,High,13.827949536425377,38.22
589,2026-05-28 00:00:00,BLDG_C,2386.16,2695.97,2078.68,1364.43,8525.24,9811.24,13.11,1386.07,4.88,4408.19,21.78,69.86,9,72.38,78.67,2026,5,28,0,Thursday,3,0,27.98935865735158,31.62339124763643,24.382656675941085,16.0045934190709,Within Budget,High,Low,Moderate,Fair,High,High,High,16.258427915225845,42.22
590,2026-05-28 06:00:00,BLDG_B,3611.27,2650.75,625.41,1859.45,8746.88,9571.78,8.62,1070.32,5.95,7221.65,10.03,63.27,3,87.0,69.3,2026,5,28,6,Thursday,3,0,41.286378685885715,30.30509164410625,7.150092375795712,21.25843729421234,Within Budget,High,Moderate,Low,Fair,Very High,Moderate,Low,12.236591790444136,41.56
591,2026-05-28 12:00:00,BLDG_C,4823.82,1608.17,1087.7,1718.06,9237.75,9514.58,2.91,457.72,13.44,4278.53,23.71,70.4,2,66.66,65.0,2026,5,28,12,Thursday,3,0,52.21855971421612,17.408676355173068,11.774512191821602,18.598251738789205,Within Budget,Low,High,Moderate,Fair,Moderate,Moderate,Low,4.954886200644096,43.55
592,2026-05-28 18:00:00,BLDG_C,5467.88,1354.91,450.81,2037.96,9311.56,9803.14,5.01,439.69,17.65,808.8,47.53,63.51,4,51.64,53.47,2026,5,28,18,Thursday,3,0,58.72141724909683,14.550837883233317,4.841401440789729,21.886343426880135,Within Budget,Low,Very High,High,Fair,Moderate,Moderate,Moderate,4.721979990463467,45.08
593,2026-05-29 00:00:00,BLDG_B,2820.88,1290.48,1939.3,1393.54,7444.2,8855.38,15.94,276.93,10.02,5609.58,32.28,79.32,14,64.15,64.51,2026,5,29,0,Friday,4,0,37.89366217995218,17.335375191424195,26.051153918486875,18.71980871013675,Within Budget,Low,High,High,Good,Moderate,Moderate,Very High,3.7200773756750225,46.44
594,2026-05-29 06:00:00,BLDG_C,2447.77,3100.14,1045.76,1445.65,8039.32,8629.62,6.84,925.02,10.82,1717.92,37.46,76.66,8,92.72,71.09,2026,5,29,6,Friday,4,0,30.447475657145134,38.56221670489544,13.008065358761685,17.982242279197745,Within Budget,Moderate,High,High,Good,Very High,High,High,11.506197041540828,54.42
595,2026-05-29 12:00:00,BLDG_A,4916.3,2997.2,1536.01,1787.15,11236.66,13276.52,15.36,746.48,20.81,7620.34,60.29,66.61,6,48.6,77.06,2026,5,29,12,Friday,4,0,43.75232497913081,26.673406510475534,13.669631367328014,15.904637143065644,Within Budget,Moderate,Very High,Very High,Fair,Low,High,Moderate,6.643255202168616,49.08
596,2026-05-29 18:00:00,BLDG_A,1808.84,1933.61,1686.82,716.15,6145.42,6519.84,5.74,861.33,7.83,7625.25,14.54,66.64,10,65.42,48.67,2026,5,29,18,Friday,4,0,29.433952439377613,31.464244917353085,27.448408733658557,11.653393909610733,Within Budget,Moderate,Moderate,Low,Fair,Moderate,Low,High,14.015803639132884,38.61
597,2026-05-30 00:00:00,BLDG_C,2638.35,1070.73,1173.72,1372.49,6255.29,6934.89,9.8,831.56,5.87,934.23,12.06,83.79,15,77.4,82.28,2026,5,30,0,Saturday,5,1,42.177900624911075,17.11719200868385,18.763638456410494,21.94126890999458,Within Budget,Moderate,Moderate,Low,Good,High,High,Very High,13.29370820537497,44.78
598,2026-05-30 06:00:00,BLDG_A,1936.64,1770.31,951.6,2443.9,7102.45,7131.54,0.41,551.98,10.18,3842.66,56.56,74.71,15,48.93,57.98,2026,5,30,6,Saturday,5,1,27.267210610423163,24.92534266344712,13.398193581088217,34.409253145041504,Within Budget,Moderate,High,Very High,Fair,Low,Moderate,Very High,7.771684418756908,47.6
599,2026-05-30 12:00:00,BLDG_C,2584.36,2434.16,2131.98,575.1,7725.6,8531.96,9.45,436.65,17.43,5257.39,52.17,62.14,1,62.25,66.17,2026,5,30,12,Saturday,5,1,33.45190017603811,31.507714611162886,27.596303199751475,7.44408201304753,Within Budget,Low,Very High,Very High,Fair,Moderate,Moderate,Low,5.651988195091643,48.5
600,2026-05-30 18:00:00,BLDG_A,2652.2,1972.33,2136.08,1132.01,7892.62,8898.05,11.3,358.01,15.27,6828.04,23.03,94.97,15,92.03,71.61,2026,5,30,18,Saturday,5,1,33.60354356348082,24.989547197255156,27.06427016630726,14.34263907295676,Within Budget,Low,Very High,Moderate,Excellent,Very High,High,Very High,4.536009588704385,56.32
601,2026-05-31 00:00:00,BLDG_A,3622.07,2884.53,920.99,1128.22,8555.81,8956.74,4.48,1202.92,11.48,3904.73,26.48,75.39,8,46.53,65.38,2026,5,31,0,Sunday,6,1,42.33462407416715,33.71428304275107,10.764498042850414,13.186594840231376,Within Budget,High,High,Moderate,Good,Low,Moderate,High,14.059685757397606,39.97
602,2026-05-31 06:00:00,BLDG_C,3690.94,3493.34,1263.33,1766.93,10214.54,11397.26,10.38,996.59,21.37,3809.08,25.69,82.46,5,82.59,69.74,2026,5,31,6,Sunday,6,1,36.13417735894127,34.1996800639089,12.36795783265815,17.298184744491675,Within Budget,Moderate,Very High,Moderate,Good,High,Moderate,Moderate,9.756582283685804,53.03
603,2026-05-31 12:00:00,BLDG_A,5909.03,1235.17,2151.12,711.6,10006.92,11302.15,11.46,785.84,17.23,11804.67,44.93,93.65,13,87.07,45.8,2026,5,31,12,Sunday,6,1,59.049437789049975,12.343158534294268,21.496324543415955,7.111079133239798,Within Budget,Moderate,Very High,High,Excellent,Very High,Low,Very High,7.852965747702591,60.72
604,2026-05-31 18:00:00,BLDG_C,4197.52,1987.02,408.76,1757.09,8350.39,9497.54,12.08,1323.52,5.11,981.42,11.49,75.28,6,58.85,62.47,2026,5,31,18,Sunday,6,1,50.26735278232515,23.795535298351336,4.89510070787113,21.0420112114524,Within Budget,High,Moderate,Low,Good,Moderate,Moderate,Moderate,15.849798632159695,37.68
605,2026-06-01 00:00:00,BLDG_A,5200.0,1906.75,1142.82,690.08,8939.65,10327.8,13.44,1064.19,17.4,11874.02,35.9,91.19,5,55.74,54.58,2026,6,1,0,Monday,0,0,58.16782536229047,21.329134809528338,12.78372195779477,7.719317870386426,Within Budget,High,Very High,High,Excellent,Moderate,Moderate,Moderate,11.904157321595365,50.06
606,2026-06-01 06:00:00,BLDG_A,2289.45,1552.58,580.82,689.91,5112.76,5431.12,5.86,550.65,4.43,1049.15,15.63,94.76,10,90.74,44.47,2026,6,1,6,Monday,0,0,44.77914081631056,30.36676863377119,11.360204664408265,13.493885885509979,Within Budget,Moderate,Low,Moderate,Excellent,Very High,Low,High,10.770112424600411,51.39
607,2026-06-01 12:00:00,BLDG_B,2859.56,1254.67,1316.48,1956.37,7387.08,8225.92,10.2,1045.32,15.71,3815.93,54.73,66.61,5,83.2,49.97,2026,6,1,12,Monday,0,0,38.71028877445486,16.98465428829795,17.821385445940752,26.483671491306442,Within Budget,High,Very High,Very High,Fair,High,Low,Moderate,14.150652219821632,55.06
608,2026-06-01 18:00:00,BLDG_B,5103.83,883.94,444.41,1148.27,7580.45,9068.61,16.41,1154.79,7.79,6177.44,29.7,93.91,3,50.67,71.33,2026,6,1,18,Monday,0,0,67.32885250875607,11.660785309579248,5.862580717503579,15.147781464161097,Within Budget,High,Moderate,Moderate,Excellent,Moderate,High,Low,15.23379218911806,45.52
609,2026-06-02 00:00:00,BLDG_C,2048.18,3183.93,1132.42,2454.85,8819.38,10403.59,15.23,1172.19,16.54,2147.93,38.07,64.55,14,55.61,50.23,2026,6,2,0,Tuesday,1,0,23.223627964777567,36.10151734022119,12.840131619229473,27.834723075771766,Within Budget,High,Very High,High,Fair,Moderate,Moderate,Very High,13.291070347348683,43.69
610,2026-06-02 06:00:00,BLDG_B,4087.01,1875.58,797.26,574.71,7334.56,8732.04,16.0,704.12,9.58,2050.73,9.67,70.45,4,76.07,49.42,2026,6,2,6,Tuesday,1,0,55.72263366854999,25.571813442115133,10.869909033398049,7.835643855936825,Within Budget,Moderate,Moderate,Low,Fair,High,Low,Moderate,9.600030540345978,41.44
611,2026-06-02 12:00:00,BLDG_C,4617.03,2091.31,1359.96,1390.21,9458.51,10188.96,7.17,821.9,19.71,3447.6,11.32,90.71,5,65.97,68.75,2026,6,2,12,Tuesday,1,0,48.813502338106105,22.11035353348466,14.378163156776278,14.697980971632955,Within Budget,Moderate,Very High,Low,Excellent,Moderate,Moderate,Moderate,8.689529323328939,46.93
612,2026-06-02 18:00:00,BLDG_B,4630.08,3267.44,2192.79,726.27,10816.58,12518.95,13.6,1576.51,10.06,11695.33,46.48,94.23,11,70.21,87.04,2026,6,2,18,Tuesday,1,0,42.80539689994434,30.207699661075864,20.27248908619915,6.714414352780638,Within Budget,High,High,High,Excellent,High,Very High,High,14.57493958349127,55.24
613,2026-06-03 00:00:00,BLDG_A,1907.78,2873.61,1840.96,1202.76,7825.11,8795.26,11.03,842.66,15.15,4871.34,51.71,86.0,11,92.58,81.01,2026,6,3,0,Wednesday,2,0,24.38023235456115,36.72293424629175,23.526314646056097,15.370518753091012,Within Budget,Moderate,Very High,Very High,Good,Very High,High,High,10.768666510758315,61.36
614,2026-06-03 06:00:00,BLDG_C,3313.91,1065.4,1922.16,2496.44,8797.91,8943.49,1.63,1193.51,9.15,7008.94,48.47,63.98,2,66.01,87.06,2026,6,3,6,Wednesday,2,0,37.66701409766638,12.109694234198805,21.847916152813568,28.375375515321256,Within Budget,High,Moderate,High,Fair,Moderate,Very High,Low,13.565835522300182,46.9
615,2026-06-03 12:00:00,BLDG_C,4791.51,2283.18,1543.48,2277.69,10895.86,12691.45,14.15,1782.12,20.51,8599.35,50.01,79.87,6,89.08,70.31,2026,6,3,12,Wednesday,2,0,43.97550996433508,20.954564394182743,14.165747357253123,20.904178284229054,Within Budget,High,Very High,Very High,Good,Very High,High,Moderate,16.355937025622573,59.87
616,2026-06-03 18:00:00,BLDG_A,2500.3,1938.31,474.81,596.65,5510.07,6256.25,11.93,922.3,18.06,9035.55,13.96,81.76,2,78.04,61.32,2026,6,3,18,Wednesday,2,0,45.376918986510155,35.17759302513399,8.617131905765262,10.828356082590602,Within Budget,Moderate,Very High,Low,Good,High,Moderate,Low,16.738444339182625,47.96
617,2026-06-04 00:00:00,BLDG_C,5068.45,2932.19,772.24,1626.51,10399.39,10813.11,3.83,745.19,8.38,8412.47,47.53,70.71,4,51.08,77.94,2026,6,4,0,Thursday,3,0,48.73795482235016,28.195788406820014,7.425820168298333,15.640436602531496,Within Budget,Moderate,Moderate,High,Fair,Moderate,High,Moderate,7.165708757917533,44.42
618,2026-06-04 06:00:00,BLDG_C,5305.85,2727.85,2065.12,1795.64,11894.46,12084.15,1.57,692.06,21.08,4374.67,18.36,97.67,12,82.23,53.59,2026,6,4,6,Thursday,3,0,44.60774175540546,22.93378598103655,17.362032408364904,15.096439855193092,Within Budget,Moderate,Very High,Moderate,Excellent,High,Moderate,High,5.818338957800522,54.84
619,2026-06-04 12:00:00,BLDG_B,6415.26,2633.14,1059.0,919.07,11026.47,12872.35,14.34,762.96,10.43,1784.87,13.59,72.75,1,71.01,44.06,2026,6,4,12,Thursday,3,0,58.18054191413935,23.88017198613881,9.604161621987817,8.335124477734034,Within Budget,Moderate,High,Low,Fair,High,Low,Low,6.91934952890635,41.94
620,2026-06-04 18:00:00,BLDG_C,2786.26,1653.53,586.55,790.21,5816.55,5908.34,1.55,830.06,15.73,3739.74,51.16,67.99,4,56.25,57.92,2026,6,4,18,Thursday,3,0,47.90227884226905,28.428020046247344,10.084156415744728,13.585544695738882,Within Budget,Moderate,Very High,Very High,Fair,Moderate,Moderate,Moderate,14.270658723813941,47.78
621,2026-06-05 00:00:00,BLDG_A,5678.11,2953.9,1664.33,2308.76,12605.1,12835.4,1.79,1077.85,17.37,2918.4,58.7,64.19,14,59.48,55.56,2026,6,5,0,Friday,4,0,45.046132121125574,23.434165536171868,13.203623929996589,18.31607841270597,Within Budget,High,Very High,Very High,Fair,Moderate,Moderate,Very High,8.550903999174936,49.93
622,2026-06-05 06:00:00,BLDG_B,4245.39,846.7,939.02,2437.63,8468.74,9192.66,7.87,474.32,4.41,2067.19,48.85,74.38,7,72.87,75.13,2026,6,5,6,Friday,4,0,50.13012561490848,9.997945385027762,11.08807213351691,28.783856866546852,Within Budget,Low,Low,High,Fair,High,High,Moderate,5.60083318179564,50.13
623,2026-06-05 12:00:00,BLDG_B,3555.27,1146.95,883.94,2483.79,8069.95,8287.51,2.63,361.19,21.26,781.71,53.92,86.32,15,75.09,68.67,2026,6,5,12,Friday,4,0,44.05566329407245,14.212603547729541,10.95347554817564,30.77825761002237,Within Budget,Low,Very High,Very High,Good,High,Moderate,Very High,4.475740246222096,59.15
624,2026-06-05 18:00:00,BLDG_A,2375.17,1639.75,2196.36,2079.52,8290.8,9805.81,15.45,655.78,10.2,11260.85,64.49,68.79,14,93.41,47.19,2026,6,5,18,Friday,4,0,28.648260722728814,19.777946639648768,26.4915327833261,25.08225985429633,Within Budget,Moderate,High,Very High,Fair,Very High,Low,Very High,7.909731268393882,59.22
625,2026-06-06 00:00:00,BLDG_A,5256.88,915.06,1944.65,1827.0,9943.59,10878.85,8.6,501.36,7.42,11091.9,15.68,89.24,8,87.74,87.24,2026,6,6,0,Saturday,5,1,52.86702287604377,9.202511366619099,19.556820021742652,18.373645735594486,Within Budget,Moderate,Moderate,Moderate,Good,Very High,Very High,High,5.0420421598235645,50.02
626,2026-06-06 06:00:00,BLDG_B,2908.53,1357.98,1134.29,1191.46,6592.26,7342.66,10.22,352.4,19.31,1079.8,63.01,65.15,2,55.29,70.85,2026,6,6,6,Saturday,5,1,44.120377533653105,20.5996122725742,17.206390524645567,18.073619669127126,Within Budget,Low,Very High,Very High,Fair,Moderate,High,Low,5.345662944119315,50.69
627,2026-06-06 12:00:00,BLDG_C,3545.68,3024.42,2164.47,842.8,9577.37,11355.13,15.66,1269.79,16.65,2490.47,42.27,76.74,3,83.7,63.8,2026,6,6,12,Saturday,5,1,37.02143699157492,31.57881547857084,22.599836907209387,8.799910622644838,Within Budget,High,Very High,High,Good,High,Moderate,Low,13.258232688097044,54.84
628,2026-06-06 18:00:00,BLDG_B,2093.95,3355.1,1570.2,657.96,7677.21,8491.4,9.59,253.04,5.56,2104.26,54.36,86.69,1,45.41,88.73,2026,6,6,18,Saturday,5,1,27.274882411709463,43.70207406075905,20.452742597896894,8.570300929634595,Within Budget,Low,Moderate,Very High,Good,Low,Very High,Low,3.2959890376842624,48.0
629,2026-06-07 00:00:00,BLDG_A,5566.42,1552.89,1735.64,1886.59,10741.54,11501.16,6.6,511.65,6.11,3734.06,45.06,65.14,15,51.49,45.06,2026,6,7,0,Sunday,6,1,51.821433425747145,14.456865589105472,16.158204503264894,17.563496481882485,Within Budget,Moderate,Moderate,High,Fair,Moderate,Low,Very High,4.763283477043329,41.95
630,2026-06-07 06:00:00,BLDG_B,5402.97,1440.64,456.72,2069.45,9369.78,10863.61,13.75,1467.82,16.87,2846.79,40.49,82.72,7,54.99,81.06,2026,6,7,6,Sunday,6,1,57.66378719671113,15.375387682528299,4.874394062614063,22.086431058146506,Within Budget,High,Very High,High,Good,Moderate,High,Moderate,15.665469199917178,48.77
631,2026-06-07 12:00:00,BLDG_A,5247.99,1483.7,618.89,2152.91,9503.49,10345.21,8.14,1489.55,5.35,11377.32,48.11,90.36,4,74.86,58.96,2026,6,7,12,Sunday,6,1,55.221713286382155,15.61215932252257,6.512239187919386,22.653888203175885,Within Budget,High,Moderate,High,Excellent,High,Moderate,Moderate,15.67371565603794,54.67
632,2026-06-07 18:00:00,BLDG_B,3207.38,1477.61,1539.55,2327.53,8552.07,9096.78,5.99,678.92,20.51,1467.96,26.25,82.63,11,54.73,76.16,2026,6,7,18,Sunday,6,1,37.50413642545021,17.27780525650515,18.00207435158973,27.21598396645491,Within Budget,Moderate,Very High,Moderate,Good,Moderate,High,High,7.9386628032745294,46.03
633,2026-06-08 00:00:00,BLDG_C,2615.36,800.6,2018.24,2259.86,7694.06,8806.97,12.64,332.33,17.35,2934.21,60.68,79.44,10,63.26,88.4,2026,6,8,0,Monday,0,0,33.99193663683413,10.405429643127295,26.231144545272585,29.37148917476599,Within Budget,Low,Very High,Very High,Good,Moderate,Very High,High,4.3193060620790575,55.18
634,2026-06-08 06:00:00,BLDG_B,4796.5,3295.37,1522.74,2499.48,12114.09,14056.23,13.82,1644.43,10.04,1428.32,14.57,91.86,8,57.14,66.92,2026,6,8,6,Monday,0,0,39.59438967351242,27.202786177088,12.569990812351566,20.632833337048016,Within Budget,High,High,Low,Excellent,Moderate,Moderate,High,13.574523550675288,43.4
635,2026-06-08 12:00:00,BLDG_B,4131.98,1298.35,641.24,988.13,7059.7,8177.56,13.67,593.15,10.53,11774.43,26.13,97.45,5,61.87,41.18,2026,6,8,12,Monday,0,0,58.52911596810062,18.391008116492202,9.083105514398628,13.996770401008543,Within Budget,Moderate,High,Moderate,Excellent,Moderate,Low,Moderate,8.401915095542304,49.0
636,2026-06-08 18:00:00,BLDG_A,2637.79,1876.01,608.37,2026.62,7148.79,8546.63,16.36,263.22,13.12,11061.76,9.78,66.89,9,92.12,41.5,2026,6,8,18,Monday,0,0,36.898412178844254,26.24234310981299,8.510111501386948,28.349133209955806,Within Budget,Low,High,Low,Fair,Very High,Low,High,3.682021712765377,45.48
637,2026-06-09 00:00:00,BLDG_A,5023.78,727.12,1919.53,1672.92,9343.35,10813.37,13.59,501.5,10.5,8741.26,23.47,86.27,6,94.87,57.19,2026,6,9,0,Tuesday,1,0,53.76850915356911,7.7822194394943995,20.544344373270828,17.904927033665654,Within Budget,Moderate,High,Moderate,Good,Very High,Moderate,Moderate,5.367453857556444,53.78
638,2026-06-09 06:00:00,BLDG_A,6458.29,3102.27,650.74,1022.49,11233.79,12963.64,13.34,568.23,18.1,5398.69,20.44,63.06,11,79.29,80.65,2026,6,9,6,Tuesday,1,0,57.48985872087692,27.61552423536491,5.792702195786106,9.101914847972054,Within Budget,Moderate,Very High,Moderate,Fair,High,High,High,5.058221668733348,45.22
639,2026-06-09 12:00:00,BLDG_B,5311.93,2747.24,1336.42,2463.81,11859.4,13893.25,14.64,1403.77,21.55,2687.05,10.83,61.63,10,73.62,54.99,2026,6,9,12,Tuesday,1,0,44.790883181273934,23.165084236976575,11.268866890399178,20.775165691350324,Within Budget,High,Very High,Low,Fair,High,Moderate,High,11.83677083157664,41.91
640,2026-06-09 18:00:00,BLDG_C,5277.94,3350.92,466.8,2295.8,11391.46,11391.88,0.0,1876.37,14.52,3047.13,36.03,70.67,2,80.42,57.39,2026,6,9,18,Tuesday,1,0,46.33242797674749,29.41607133765119,4.0978066024899364,20.153694083111386,Within Budget,High,High,High,Fair,High,Moderate,Low,16.47172531001294,50.41
641,2026-06-10 00:00:00,BLDG_A,6266.47,2888.52,545.21,757.03,10457.23,11215.24,6.76,1557.72,12.03,5594.96,34.71,96.89,1,83.58,80.79,2026,6,10,0,Wednesday,2,0,59.92476018983995,27.622228831153183,5.213713382989568,7.239297596017301,Within Budget,High,High,High,Excellent,High,High,Low,14.896105373985272,56.8
642,2026-06-10 06:00:00,BLDG_A,2753.8,1578.38,1610.23,552.32,6494.73,7452.84,12.86,727.26,8.01,9334.56,12.43,80.98,1,81.95,46.04,2026,6,10,6,Wednesday,2,0,42.40053089196934,24.3024729280509,24.792870527335243,8.50412565264453,Within Budget,Moderate,Moderate,Low,Good,High,Low,Low,11.197694130471938,45.84
643,2026-06-10 12:00:00,BLDG_B,4458.08,1394.05,1640.53,1876.66,9369.32,10493.11,10.71,874.38,15.76,3544.39,22.93,70.19,12,49.09,84.03,2026,6,10,12,Wednesday,2,0,47.58168148809092,14.878881284874462,17.50959514671289,20.029842080321732,Within Budget,Moderate,Very High,Moderate,Fair,Low,High,High,9.33237417443315,39.49
644,2026-06-10 18:00:00,BLDG_A,6404.34,2653.61,1014.64,1708.26,11780.85,12199.24,3.43,1446.71,16.34,4074.11,62.34,65.04,12,60.51,53.82,2026,6,10,18,Wednesday,2,0,54.36229134570086,22.524775376988927,8.612621330379385,14.500311946930825,Within Budget,High,Very High,Very High,Fair,Moderate,Moderate,High,12.280183518167195,51.06
645,2026-06-11 00:00:00,BLDG_C,2576.88,1719.52,788.1,2371.63,7456.13,7909.06,5.73,720.05,16.33,7399.36,14.31,94.97,14,62.17,42.66,2026,6,11,0,Thursday,3,0,34.56055621347804,23.061829662304707,10.569826438111997,31.80778768610526,Within Budget,Moderate,Very High,Low,Excellent,Moderate,Low,Very High,9.65715458287342,46.94
646,2026-06-11 06:00:00,BLDG_C,5091.18,2285.4,1864.68,968.01,10209.27,10896.95,6.31,683.15,4.49,3233.89,25.39,73.77,14,63.46,46.1,2026,6,11,6,Thursday,3,0,49.86820801095475,22.38553784942508,18.264577193080406,9.481676946539762,Within Budget,Moderate,Low,Moderate,Fair,Moderate,Low,Very High,6.6914676563554485,41.78
647,2026-06-11 12:00:00,BLDG_A,4553.31,717.52,790.79,668.78,6730.4,7494.74,10.2,887.6,20.18,7218.51,10.04,71.65,9,62.22,89.53,2026,6,11,12,Thursday,3,0,67.6528883870201,10.660881968382267,11.749524545346487,9.936705099251158,Within Budget,Moderate,Very High,Low,Fair,Moderate,Very High,High,13.187923451800785,41.02
648,2026-06-11 18:00:00,BLDG_A,4556.45,873.28,1375.65,1018.43,7823.81,9125.06,14.26,1259.53,10.09,4952.01,16.49,92.6,1,84.35,63.47,2026,6,11,18,Thursday,3,0,58.2382496507456,11.161825248823781,17.582865637074523,13.017059463356087,Within Budget,High,High,Moderate,Excellent,High,Moderate,Low,16.098678265448672,50.88
649,2026-06-12 00:00:00,BLDG_B,5079.05,2199.03,2142.78,537.86,9958.72,11816.0,15.72,855.76,17.39,895.23,47.87,82.97,3,82.38,53.33,2026,6,12,0,Friday,4,0,51.00103226117413,22.081452234825363,21.516620609877577,5.40089489412294,Within Budget,Moderate,Very High,High,Good,High,Moderate,Low,8.593072202050063,57.65
650,2026-06-12 06:00:00,BLDG_C,6169.2,2285.0,666.13,571.79,9692.12,11146.12,13.04,1514.21,17.68,5131.06,28.9,66.41,12,45.23,67.11,2026,6,12,6,Friday,4,0,63.651708810869025,23.575853373668505,6.872902935580656,5.8995348798818,Within Budget,High,Very High,Moderate,Fair,Low,Moderate,High,15.623104129952992,39.56
651,2026-06-12 12:00:00,BLDG_C,5478.14,2804.07,2093.58,2329.72,12705.51,14847.53,14.43,1202.73,15.71,11074.54,33.77,76.02,2,59.82,75.48,2026,6,12,12,Friday,4,0,43.116254286526086,22.069716209738928,16.477732889116613,18.33629661461838,Within Budget,High,Very High,High,Good,Moderate,High,Low,9.466207968039063,46.33
652,2026-06-12 18:00:00,BLDG_A,2063.84,1069.5,729.21,1204.03,5066.58,5542.94,8.59,457.01,11.11,3870.79,16.95,95.27,15,76.18,56.58,2026,6,12,18,Friday,4,0,40.734380982832604,21.10891370510285,14.392548819914024,23.764156492150523,Within Budget,Low,High,Moderate,Excellent,High,Moderate,Very High,9.020088501513841,49.88
653,2026-06-13 00:00:00,BLDG_B,5807.82,2136.91,1421.4,1321.62,10687.75,11520.91,7.23,366.04,14.95,4212.57,46.88,94.25,15,51.01,77.71,2026,6,13,0,Saturday,5,1,54.340904306332014,19.994011835980444,13.299338027180651,12.365745830506887,Within Budget,Low,High,High,Excellent,Moderate,High,Very High,3.4248555589342944,51.77
654,2026-06-13 06:00:00,BLDG_C,2860.04,1244.45,1078.61,536.74,5719.84,6169.09,7.28,768.13,4.72,1258.32,50.84,62.66,15,48.56,53.12,2026,6,13,6,Saturday,5,1,50.00209796078212,21.756727460908,18.85734566001846,9.383828918291421,Within Budget,Moderate,Low,Very High,Fair,Low,Moderate,Very High,13.429221796413884,41.7
655,2026-06-13 12:00:00,BLDG_C,3571.5,960.95,2136.87,1041.04,7710.36,8660.34,10.97,1165.23,17.71,7573.05,18.32,70.21,12,86.42,45.84,2026,6,13,12,Saturday,5,1,46.32079435979643,12.463101593181124,27.714270150810076,13.50183389621237,Within Budget,High,Very High,Moderate,Fair,Very High,Low,High,15.11252392884379,48.16
656,2026-06-13 18:00:00,BLDG_B,3970.14,1849.39,892.38,2109.45,8821.36,9040.55,2.42,1142.66,5.79,10266.29,10.56,65.87,4,67.63,68.58,2026,6,13,18,Saturday,5,1,45.00598547162795,20.964907905357,10.116127218478782,23.91297940453626,Within Budget,High,Moderate,Low,Fair,Moderate,Moderate,Moderate,12.953331459094745,37.46
657,2026-06-14 00:00:00,BLDG_B,4060.26,1157.34,1119.38,1730.98,8067.96,9003.03,10.39,425.21,11.14,4558.61,12.61,80.28,1,87.78,47.86,2026,6,14,0,Sunday,6,1,50.3257328990228,14.344890158106882,13.874387081740613,21.454989861129704,Within Budget,Low,High,Low,Good,Very High,Low,Low,5.2703533483061396,47.95
658,2026-06-14 06:00:00,BLDG_C,3845.35,1320.99,2169.15,2007.56,9343.05,10585.92,11.74,425.05,5.87,3262.82,45.45,88.5,15,86.18,88.91,2026,6,14,6,Sunday,6,1,41.15733085020417,14.138744842422978,23.216722590588727,21.487201716784135,Within Budget,Low,Moderate,High,Good,Very High,Very High,Very High,4.549370922771472,56.5
659,2026-06-14 12:00:00,BLDG_C,6205.56,1589.15,1365.65,1394.43,10554.79,11481.31,8.07,1223.6,19.07,11501.04,15.72,71.23,1,89.67,40.02,2026,6,14,12,Sunday,6,1,58.793779885720134,15.056197233673052,12.938675236551367,13.211347644055445,Within Budget,High,Very High,Moderate,Fair,Very High,Low,Low,11.592840786031742,48.92
660,2026-06-14 18:00:00,BLDG_B,5118.29,1426.29,1304.73,1119.46,8968.77,10678.52,16.01,809.23,13.91,9068.34,36.15,88.8,4,47.41,79.3,2026,6,14,18,Sunday,6,1,57.067914552385666,15.902849554621202,14.547479754748979,12.481756138244151,Within Budget,Moderate,High,High,Good,Low,High,Moderate,9.022753398738065,46.57
661,2026-06-15 00:00:00,BLDG_C,4766.5,945.26,864.0,1465.62,8041.38,9019.55,10.84,758.82,16.44,7022.38,16.7,85.41,13,54.31,54.53,2026,6,15,0,Monday,0,0,59.2746518632374,11.754947533881001,10.744424464457593,18.225976138424,Within Budget,Moderate,Very High,Moderate,Good,Moderate,Moderate,Very High,9.436440014027443,43.22
662,2026-06-15 06:00:00,BLDG_A,2034.26,951.77,1662.45,1146.14,5794.62,6049.58,4.21,1015.04,16.29,4013.61,17.7,87.67,13,59.81,84.0,2026,6,15,6,Monday,0,0,35.10601212849161,16.425063248323447,28.689543058906363,19.77938156427859,Within Budget,High,Very High,Moderate,Good,Moderate,High,Very High,17.51693812536456,45.37
663,2026-06-15 12:00:00,BLDG_A,6048.39,1241.1,425.87,2177.94,9893.3,10841.51,8.75,1371.1,19.15,3039.18,8.25,96.03,14,51.81,43.13,2026,6,15,12,Monday,0,0,61.136223504796185,12.54485358778163,4.304630406436679,22.01429250098552,Within Budget,High,Very High,Low,Excellent,Moderate,Low,Very High,13.858874187581494,43.81
664,2026-06-15 18:00:00,BLDG_B,6074.13,841.57,489.12,1095.35,8500.17,9648.38,11.9,780.04,6.39,8731.06,26.29,76.14,4,69.27,89.56,2026,6,15,18,Monday,0,0,71.45892376270122,9.900625516901428,5.754237856419342,12.886212863978013,Within Budget,Moderate,Moderate,Moderate,Good,Moderate,Very High,Moderate,9.176757641317762,44.52
665,2026-06-16 00:00:00,BLDG_B,5467.0,2454.08,1478.85,1819.53,11219.46,11945.65,6.08,368.73,15.88,6500.57,13.12,73.02,7,84.95,45.27,2026,6,16,0,Tuesday,1,0,48.7278353860168,21.87342349810062,13.181115668668546,16.217625447214036,Within Budget,Low,Very High,Low,Fair,High,Low,Moderate,3.2865218112101657,46.74
666,2026-06-16 06:00:00,BLDG_B,1833.04,1504.51,1015.01,773.96,5126.52,5208.18,1.57,180.01,14.35,6486.9,30.46,85.99,8,92.56,80.97,2026,6,16,6,Tuesday,1,0,35.756029431271116,29.347588617619746,19.799201017454333,15.0971809336548,Within Budget,Low,High,High,Good,Very High,High,High,3.511348829225283,55.84
667,2026-06-16 12:00:00,BLDG_A,2069.22,1483.29,2115.97,1873.73,7542.21,8422.29,10.45,1001.01,4.56,1347.66,42.07,90.69,13,89.48,66.9,2026,6,16,12,Tuesday,1,0,27.435194724092803,19.666516843206434,28.055039570629823,24.843248862070933,Within Budget,High,Low,High,Excellent,Very High,Moderate,Very High,13.272104595337442,56.7
668,2026-06-16 18:00:00,BLDG_C,2858.55,1629.6,2025.74,2326.6,8840.49,10516.42,15.94,1376.12,7.63,6390.24,28.95,67.27,8,67.87,62.38,2026,6,16,18,Tuesday,1,0,32.334746150948654,18.433367381219817,22.91434072093289,26.317545746898645,Within Budget,High,Moderate,Moderate,Fair,Moderate,Moderate,High,15.566105498677107,42.93
669,2026-06-17 00:00:00,BLDG_A,2417.34,2555.83,1684.67,1717.17,8375.01,9187.51,8.84,1140.3,8.82,9961.56,48.19,92.18,8,76.82,54.57,2026,6,17,0,Wednesday,2,0,28.86372672987853,30.51733669571738,20.115438668132935,20.503497906271157,Within Budget,High,Moderate,High,Excellent,High,Moderate,High,13.615506130738947,56.5
670,2026-06-17 06:00:00,BLDG_C,3674.53,3137.77,1872.66,1619.71,10304.67,12172.1,15.34,936.52,5.31,11388.19,50.26,62.2,14,56.53,83.75,2026,6,17,6,Wednesday,2,0,35.65888087634054,30.449980445759056,18.172925479418556,15.718213198481854,Within Budget,Moderate,Moderate,Very High,Fair,Moderate,High,Very High,9.088306563917136,43.58
671,2026-06-17 12:00:00,BLDG_A,6136.33,2825.44,1601.2,2422.24,12985.21,15153.8,14.31,450.2,10.38,1726.85,47.71,60.24,14,65.15,50.39,2026,6,17,12,Wednesday,2,0,47.25630159235007,21.75890878930722,12.330951906053118,18.653837712289597,Within Budget,Low,High,High,Fair,Moderate,Moderate,Very High,3.4670213265707677,45.87
672,2026-06-17 18:00:00,BLDG_C,4018.68,2737.08,626.05,1754.79,9136.6,9405.97,2.86,1599.91,4.49,7758.4,61.39,66.02,12,88.56,77.5,2026,6,17,18,Wednesday,2,0,43.98441433355952,29.957314537136348,6.852111288663178,19.20615984064094,Within Budget,High,Low,Very High,Fair,Very High,High,High,17.51099971543025,55.11
673,2026-06-18 00:00:00,BLDG_A,1862.99,2056.3,1777.98,1019.1,6716.37,7667.64,12.41,1195.18,13.96,7035.99,21.53,97.19,14,46.46,63.18,2026,6,18,0,Thursday,3,0,27.738048975860472,30.616240618071966,26.47233550265992,15.173374903407645,Within Budget,High,High,Moderate,Excellent,Low,Moderate,Very High,17.7950291600969,44.78
674,2026-06-18 06:00:00,BLDG_B,3128.9,2642.66,778.35,1084.78,7634.69,8299.62,8.01,858.17,7.81,10738.59,18.8,79.9,9,71.64,91.92,2026,6,18,6,Thursday,3,0,40.98267251191601,34.613848106471906,10.194912956518209,14.20856642509388,Within Budget,Moderate,Moderate,Moderate,Good,High,Very High,High,11.24040399806672,44.54
675,2026-06-18 12:00:00,BLDG_A,2009.6,2247.73,982.2,1910.61,7150.14,7508.0,4.77,290.3,9.17,9139.31,42.75,61.77,1,88.64,71.79,2026,6,18,12,Thursday,3,0,28.105743384045624,31.43616768342997,13.736793964873414,26.721294967650984,Within Budget,Low,Moderate,High,Fair,Very High,High,Low,4.060060362454442,50.58
676,2026-06-18 18:00:00,BLDG_C,1970.55,1305.5,1874.62,1970.87,7121.54,8099.95,12.08,791.53,20.39,11600.51,41.91,97.89,9,51.1,45.42,2026,6,18,18,Thursday,3,0,27.67027918118834,18.331709152795604,26.323239074694516,27.67477259132154,Within Budget,Moderate,Very High,High,Excellent,Moderate,Low,High,11.114590383540639,52.82
677,2026-06-19 00:00:00,BLDG_A,3095.88,1284.05,1365.75,1106.99,6852.67,7870.51,12.93,1122.82,13.05,11540.37,37.08,88.31,10,94.13,61.82,2026,6,19,0,Friday,4,0,45.1777190496551,18.737951776460854,19.93018779541405,16.154141378469998,Within Budget,High,High,High,Good,Very High,Moderate,High,16.38514622767476,58.14
678,2026-06-19 06:00:00,BLDG_A,3095.38,1529.9,1947.89,1190.69,7763.86,8043.2,3.47,1024.81,8.84,3095.38,8.25,91.84,8,45.62,43.45,2026,6,19,6,Friday,4,0,39.86908573827967,19.705404270556144,25.089195322945034,15.336314668219162,Within Budget,High,Moderate,Low,Excellent,Low,Low,High,13.199748578670919,38.64
679,2026-06-19 12:00:00,BLDG_A,5499.5,3250.25,783.46,2482.11,12015.32,14212.79,15.46,1658.09,14.77,8841.54,39.65,68.09,1,89.31,54.85,2026,6,19,12,Friday,4,0,45.77073269792232,27.050881707686518,6.520508817076866,20.657876777314296,Within Budget,High,High,High,Fair,Very High,Moderate,Low,13.799798923374492,52.96
680,2026-06-19 18:00:00,BLDG_B,6381.72,2232.76,1494.0,703.91,10812.39,12436.73,13.06,462.18,7.63,6601.02,61.17,64.01,7,62.68,57.85,2026,6,19,18,Friday,4,0,59.02228831923377,20.650013549270792,13.81748161137362,6.510216520121823,Within Budget,Low,Moderate,Very High,Fair,Moderate,Moderate,Moderate,4.274540596482369,48.87
681,2026-06-20 00:00:00,BLDG_A,3544.67,2754.94,550.82,1309.29,8159.72,9682.94,15.73,375.16,5.34,2967.92,27.07,79.57,9,51.63,84.37,2026,6,20,0,Saturday,5,1,43.44107395842014,33.76267813111234,6.750476732044727,16.04577117842279,Within Budget,Low,Moderate,Moderate,Good,Moderate,High,High,4.5977067840563155,40.9
682,2026-06-20 06:00:00,BLDG_B,3815.77,1670.36,1557.51,624.9,7668.54,8154.84,5.96,376.54,4.38,2740.99,63.15,89.34,4,52.87,83.58,2026,6,20,6,Saturday,5,1,49.75875459996297,21.781981967884366,20.31038502765846,8.148878404494205,Within Budget,Low,Low,Very High,Good,Moderate,High,Moderate,4.9101915097267534,52.44
683,2026-06-20 12:00:00,BLDG_B,5770.51,1841.6,1772.56,2142.16,11526.83,13692.34,15.82,1909.49,21.13,1432.47,28.34,84.24,13,80.06,40.6,2026,6,20,12,Saturday,5,1,50.06155204856842,15.976638850403797,15.377688401754863,18.584120699272912,Within Budget,High,Very High,Moderate,Good,High,Low,Very High,16.565612575183287,53.44
684,2026-06-20 18:00:00,BLDG_A,3060.25,1051.58,1452.88,684.69,6249.4,6710.0,6.86,680.42,17.04,9648.77,15.97,83.98,15,88.54,67.68,2026,6,20,18,Saturday,5,1,48.96870099529555,16.826895381956668,23.248311837936445,10.956091784811344,Within Budget,Moderate,Very High,Moderate,Good,Very High,Moderate,Very High,10.887765225461644,51.38
685,2026-06-21 00:00:00,BLDG_A,2534.99,1179.63,879.22,1848.01,6441.85,6511.38,1.07,958.14,18.4,4231.8,30.71,88.77,13,77.05,51.62,2026,6,21,0,Sunday,6,1,39.35189425397983,18.31197559707227,13.648563689002383,28.68756645994551,Within Budget,Moderate,Very High,High,Good,High,Moderate,Very High,14.873677592617026,53.73
686,2026-06-21 06:00:00,BLDG_A,5809.52,3016.6,456.42,612.97,9895.51,11405.5,13.24,468.0,21.66,10355.14,36.19,68.63,9,91.44,56.64,2026,6,21,6,Sunday,6,1,58.708646648833664,30.484532884106024,4.612394914461205,6.194425552599108,Within Budget,Low,Very High,High,Fair,Very High,Moderate,High,4.729417685394689,54.48
687,2026-06-21 12:00:00,BLDG_C,2018.55,2337.55,615.01,1845.71,6816.82,7775.96,12.33,1153.04,20.77,7495.63,43.88,85.14,1,87.12,41.13,2026,6,21,12,Sunday,6,1,29.611314366522805,34.2909157055636,9.021948650543802,27.075821277369798,Within Budget,High,Very High,High,Good,Very High,Low,Low,16.91463174911469,59.23
688,2026-06-21 18:00:00,BLDG_A,4712.59,1645.09,1520.15,2186.07,10063.9,11267.36,10.68,1541.5,17.26,8246.78,36.78,74.9,9,45.45,78.99,2026,6,21,18,Sunday,6,1,46.826677530579595,16.34644620872624,15.1049791830205,21.721897077673667,Within Budget,High,Very High,High,Fair,Low,High,High,15.317123580321745,43.6
689,2026-06-22 00:00:00,BLDG_B,4441.37,2947.98,2081.96,1297.64,10768.95,11824.08,8.92,686.14,16.49,3854.25,38.59,62.65,6,78.47,89.43,2026,6,22,0,Monday,0,0,41.24236810459701,27.374813700500045,19.33298975294713,12.049828441955809,Within Budget,Moderate,Very High,High,Fair,High,Very High,Moderate,6.371466113223666,49.05
690,2026-06-22 06:00:00,BLDG_A,3425.83,1390.26,771.76,1544.25,7132.1,7177.98,0.64,1149.18,10.06,5758.88,9.37,67.68,4,60.23,51.4,2026,6,22,6,Monday,0,0,48.033959142468554,19.492996452657703,10.820936330113149,21.652108074760587,Within Budget,High,High,Low,Fair,Moderate,Moderate,Moderate,16.11278585549838,36.84
691,2026-06-22 12:00:00,BLDG_C,3281.39,3432.89,1723.05,1303.08,9740.41,10957.18,11.1,677.12,5.87,5241.65,22.46,90.17,12,67.73,57.77,2026,6,22,12,Monday,0,0,33.688417633343974,35.24379363907679,17.689707106785033,13.378081620794196,Within Budget,Moderate,Moderate,Moderate,Excellent,Moderate,Moderate,High,6.951658092421161,46.56
692,2026-06-22 18:00:00,BLDG_A,5427.73,1665.49,1959.61,1100.98,10153.81,11000.3,7.7,617.36,14.33,3210.42,25.71,94.05,12,49.7,50.73,2026,6,22,18,Monday,0,0,53.45510699924462,16.402611433540713,19.29925811099479,10.843023456219884,Within Budget,Moderate,High,Moderate,Excellent,Low,Moderate,High,6.080082254838333,45.95
693,2026-06-23 00:00:00,BLDG_C,2206.2,1644.47,1337.59,2106.53,7294.79,8112.11,10.08,507.98,14.37,10073.89,64.26,70.75,5,59.1,88.36,2026,6,23,0,Tuesday,1,0,30.243502554562912,22.54307526330436,18.336237232326084,28.877184949806644,Within Budget,Moderate,High,Very High,Fair,Moderate,Very High,Moderate,6.963600048801953,52.12
694,2026-06-23 06:00:00,BLDG_C,2912.89,1573.35,1604.68,1044.01,7134.93,7747.57,7.91,1187.92,21.14,7653.97,24.85,67.23,15,76.63,40.49,2026,6,23,6,Tuesday,1,0,40.82576843781228,22.05137261332627,22.490479934631455,14.632379014229993,Within Budget,High,Very High,Moderate,Fair,High,Low,Very High,16.649357456905676,47.46
695,2026-06-23 12:00:00,BLDG_A,5242.51,1041.91,1867.03,1945.89,10097.34,12048.26,16.19,1689.68,11.97,930.47,59.1,61.02,7,55.92,70.36,2026,6,23,12,Tuesday,1,0,51.91971350870625,10.318658181263581,18.49031527115062,19.271313038879548,Within Budget,High,High,Very High,Fair,Moderate,High,Moderate,16.733912099622277,47.0
696,2026-06-23 18:00:00,BLDG_B,4377.11,1011.18,869.22,912.39,7169.9,8036.18,10.78,568.93,16.43,9929.05,25.37,96.01,10,77.38,85.28,2026,6,23,18,Tuesday,1,0,61.048410717025334,14.103125566604835,12.123181634332418,12.725282082037406,Within Budget,Moderate,Very High,Moderate,Excellent,High,Very High,High,7.934978172638391,53.8
697,2026-06-24 00:00:00,BLDG_C,2401.54,2514.69,934.41,999.71,6850.35,7876.86,13.03,930.38,14.35,1719.43,13.48,85.99,13,91.15,49.69,2026,6,24,0,Wednesday,2,0,35.057186859065595,36.708927281087824,13.640324946900522,14.593560912946055,Within Budget,Moderate,High,Low,Good,Very High,Low,Very High,13.581495835979181,51.24
698,2026-06-24 06:00:00,BLDG_A,5946.04,3150.33,401.13,1172.92,10670.42,12668.66,15.77,1401.69,7.18,5142.51,22.11,96.37,4,45.25,70.68,2026,6,24,6,Wednesday,2,0,55.72451693560328,29.52395500833144,3.7592709565321702,10.992257099533102,Within Budget,High,Moderate,Moderate,Excellent,Low,High,Moderate,13.136221442080068,42.73
699,2026-06-24 12:00:00,BLDG_A,3649.2,2913.46,2133.57,1678.31,10374.54,11602.05,10.58,1566.39,14.66,7069.45,23.55,92.83,8,84.29,42.63,2026,6,24,12,Wednesday,2,0,35.174571595463505,28.082787285026612,20.565441937666634,16.177199181843243,Within Budget,High,High,Moderate,Excellent,High,Low,High,15.098404362988624,53.83
700,2026-06-24 18:00:00,BLDG_B,5690.98,1095.1,2051.58,1408.84,10246.5,10271.22,0.24,763.12,13.72,587.99,63.76,72.94,3,77.07,82.36,2026,6,24,18,Wednesday,2,0,55.54072122188064,10.687551846972136,20.02225150051237,13.749475430634849,Within Budget,Moderate,High,Very High,Fair,High,High,Low,7.447616259210463,56.87
701,2026-06-25 00:00:00,BLDG_C,5502.25,2227.63,1776.22,1990.29,11496.39,11575.24,0.68,1224.6,12.89,8008.44,46.43,64.28,2,47.33,54.27,2026,6,25,0,Thursday,3,0,47.86067626446215,19.376778275615216,15.450241336628281,17.312304123294357,Within Budget,High,High,High,Fair,Low,Moderate,Low,10.65203946630203,42.73
702,2026-06-25 06:00:00,BLDG_C,4734.8,995.66,542.34,927.13,7199.93,8211.29,12.32,937.08,13.24,8086.58,61.11,78.96,1,84.51,91.42,2026,6,25,6,Thursday,3,0,65.76175046146282,13.828745557248473,7.532573233350879,12.876930747937825,Within Budget,Moderate,High,Very High,Good,High,Very High,Low,13.015126535952435,59.46
703,2026-06-25 12:00:00,BLDG_A,4124.06,826.83,1205.51,521.34,6677.74,7050.47,5.29,226.63,6.95,8004.05,55.59,61.02,14,56.23,87.94,2026,6,25,12,Thursday,3,0,61.75831943142441,12.381883691188936,18.05266452422526,7.8071323531614,Within Budget,Low,Moderate,Very High,Fair,Moderate,Very High,Very High,3.393812876811616,44.95
704,2026-06-25 18:00:00,BLDG_A,6403.89,2537.88,583.41,2053.11,11578.29,12919.94,10.38,1001.65,12.34,2379.88,40.98,65.7,13,58.29,78.09,2026,6,25,18,Thursday,3,0,55.309462796319664,21.919298963836628,5.03882697704065,17.732411262803055,Within Budget,High,High,High,Fair,Moderate,High,Very High,8.651104783176098,44.33
705,2026-06-26 00:00:00,BLDG_B,2481.34,2198.43,428.66,2143.3,7251.73,7545.1,3.89,974.51,14.9,3440.92,46.5,68.87,6,49.68,65.84,2026,6,26,0,Friday,4,0,34.21721437505258,30.31593840366368,5.911141203547292,29.555706017736462,Within Budget,Moderate,High,High,Fair,Low,Moderate,Moderate,13.43831058244033,44.99
706,2026-06-26 06:00:00,BLDG_B,5208.23,929.67,1509.13,618.96,8265.99,8712.76,5.13,561.17,12.81,3344.82,43.62,85.29,2,71.72,79.86,2026,6,26,6,Friday,4,0,63.007939762811226,11.246928680049214,18.257099270625783,7.488032286513775,Within Budget,Moderate,High,High,Good,High,High,Low,6.788902478710959,53.36
707,2026-06-26 12:00:00,BLDG_C,2698.6,797.83,2129.49,1721.82,7347.74,8089.33,9.17,1275.98,12.8,11540.77,45.98,79.38,8,69.91,46.79,2026,6,26,12,Friday,4,0,36.72693916768966,10.858168634165063,28.981564399393555,23.433327798751723,Within Budget,High,High,High,Good,Moderate,Low,High,17.365611739119785,52.02
708,2026-06-26 18:00:00,BLDG_C,3389.84,3471.32,2025.16,1256.41,10142.73,12121.72,16.33,350.17,5.4,1276.57,23.09,71.49,15,62.36,56.13,2026,6,26,18,Friday,4,0,33.421376690496544,34.2247107041201,19.966616482939013,12.387296122444354,Within Budget,Low,Moderate,Moderate,Fair,Moderate,Moderate,Very High,3.4524235585488325,40.58
709,2026-06-27 00:00:00,BLDG_A,3250.88,784.06,1654.16,2087.79,7776.89,8735.42,10.97,1350.95,7.43,5430.76,31.26,81.46,11,53.44,41.4,2026,6,27,0,Saturday,5,1,41.801799948308386,10.081922207977739,21.27019926988809,26.846078573825782,Within Budget,High,Moderate,High,Good,Moderate,Low,High,17.371339957232262,43.4
710,2026-06-27 06:00:00,BLDG_C,6251.07,1944.68,573.95,2248.83,11018.53,13081.53,15.77,688.82,9.78,10519.42,41.78,64.76,10,86.9,73.54,2026,6,27,6,Saturday,5,1,56.73234088394731,17.649178247915103,5.208952555377169,20.40952831276041,Within Budget,Moderate,Moderate,High,Fair,Very High,High,High,6.2514691161162155,50.81
711,2026-06-27 12:00:00,BLDG_B,6346.57,2112.93,893.5,2202.01,11555.01,13772.14,16.1,431.27,11.55,9348.86,10.05,88.72,13,88.82,81.89,2026,6,27,12,Saturday,5,1,54.924833470503266,18.285834456222883,7.7325766052993465,19.056755467974497,Within Budget,Low,High,Low,Good,Very High,High,Very High,3.7323204393592038,49.78
712,2026-06-27 18:00:00,BLDG_B,2660.17,1028.38,976.1,2054.41,6719.06,6998.72,4.0,496.34,14.69,9958.08,35.52,87.06,4,72.03,89.21,2026,6,27,18,Saturday,5,1,39.59140117814099,15.305414745514998,14.527329715763813,30.575854360580195,Within Budget,Low,High,High,Good,High,Very High,Moderate,7.387045211681395,52.32
713,2026-06-28 00:00:00,BLDG_A,1903.57,1173.37,1773.67,1038.1,5888.71,6255.22,5.86,871.19,19.54,11681.38,57.0,68.23,9,57.21,75.7,2026,6,28,0,Sunday,6,1,32.32575555597066,19.925756235236577,30.11983948946374,17.628648719329018,Within Budget,Moderate,Very High,Very High,Fair,Moderate,High,High,14.794241862818852,50.5
714,2026-06-28 06:00:00,BLDG_B,5184.04,1685.05,1844.05,2123.78,10836.92,12505.79,13.34,1548.23,6.86,4953.51,36.06,83.04,4,49.81,78.07,2026,6,28,6,Sunday,6,1,47.83683924952846,15.549159724349723,17.016366273812118,19.5976347523097,Within Budget,High,Moderate,High,Good,Low,High,Moderate,14.28662387468026,43.94
715,2026-06-28 12:00:00,BLDG_B,3764.55,2832.69,1093.19,1566.96,9257.39,10862.18,14.77,567.72,4.27,4061.04,39.48,79.13,4,88.43,86.56,2026,6,28,12,Sunday,6,1,40.665349520761254,30.599229372425707,11.808835967805182,16.926585139007862,Within Budget,Moderate,Low,High,Good,Very High,Very High,Moderate,6.132614052124843,52.83
716,2026-06-28 18:00:00,BLDG_B,2217.55,2119.83,1152.19,605.51,6095.08,6728.03,9.41,362.77,12.09,852.58,19.51,62.31,13,49.8,88.69,2026,6,28,18,Sunday,6,1,36.38262336179345,34.77936302722851,18.90360749981953,9.93440611115851,Within Budget,Low,High,Moderate,Fair,Low,Very High,Very High,5.951849688601298,35.93
717,2026-06-29 00:00:00,BLDG_B,5013.64,2486.13,480.12,1413.88,9393.77,11259.8,16.57,1187.25,11.78,2225.22,53.28,70.57,12,45.66,65.55,2026,6,29,0,Monday,0,0,53.371968868728956,26.46573207562033,5.111047002428204,15.051252053222509,Within Budget,High,High,Very High,Fair,Low,Moderate,High,12.638695646156975,45.32
718,2026-06-29 06:00:00,BLDG_A,4362.0,3458.49,920.45,2384.32,11125.26,11151.01,0.23,1098.2,13.93,6963.17,28.46,97.98,8,68.47,45.71,2026,6,29,6,Monday,0,0,39.2080724405542,31.08682403826967,8.273514506627262,21.431589014548873,Within Budget,High,High,Moderate,Excellent,Moderate,Low,High,9.87122997574888,52.21
719,2026-06-29 12:00:00,BLDG_A,6408.43,2850.42,1212.31,2275.72,12746.88,13510.65,5.65,1897.29,19.0,2313.1,62.53,63.78,12,81.56,64.25,2026,6,29,12,Monday,0,0,50.27449854395742,22.361707335442084,9.510641035296482,17.85315308530401,Within Budget,High,Very High,Very High,Fair,High,Moderate,High,14.884348169905106,56.72
720,2026-06-29 18:00:00,BLDG_C,2868.82,1916.21,610.57,704.53,6100.13,6860.4,11.08,205.09,18.44,8967.51,64.64,79.24,13,67.88,68.92,2026,6,29,18,Monday,0,0,47.028833811738444,31.412609239475227,10.009130952946906,11.549425995839432,Within Budget,Low,Very High,Very High,Good,Moderate,Moderate,Very High,3.362059497092685,57.55
721,2026-06-30 00:00:00,BLDG_B,3698.7,1950.04,1215.88,1988.25,8852.87,9683.78,8.58,1076.17,5.8,928.17,60.21,92.27,8,47.57,72.84,2026,6,30,0,Tuesday,1,0,41.7796714511791,22.027206996149268,13.734303113001772,22.458818439669844,Within Budget,High,Moderate,Very High,Excellent,Low,High,High,12.15617082369898,51.46
722,2026-06-30 06:00:00,BLDG_C,4349.97,2432.56,1935.72,2111.59,10829.84,11082.4,2.28,1511.85,20.81,3484.11,12.84,71.42,5,79.5,91.44,2026,6,30,6,Tuesday,1,0,40.166521389051,22.4616430159633,17.873948276244157,19.49788731874155,Within Budget,High,Very High,Low,Fair,High,Very High,Moderate,13.960040037525944,46.14
723,2026-06-30 12:00:00,BLDG_A,5520.99,2563.02,1446.38,1042.78,10573.17,11350.91,6.85,1892.68,5.99,8497.71,26.99,69.91,3,77.12,87.71,2026,6,30,12,Tuesday,1,0,52.216979392178494,24.240790604899004,13.679719516474245,9.862510486448246,Within Budget,High,Moderate,Moderate,Fair,High,Very High,Low,17.90078093892371,45.0
724,2026-06-30 18:00:00,BLDG_A,4379.54,2101.99,542.07,1443.22,8466.82,8509.91,0.51,1116.07,15.42,3438.28,61.87,93.85,12,79.08,60.61,2026,6,30,18,Tuesday,1,0,51.725913625186315,24.826203934889364,6.402285627898078,17.04559681202624,Within Budget,High,Very High,Very High,Excellent,High,Moderate,High,13.181690410331152,62.55
725,2026-07-01 00:00:00,BLDG_A,4680.63,2505.61,745.01,1921.98,9853.23,11119.85,11.39,638.26,16.1,8880.75,53.86,71.58,2,55.56,45.9,2026,7,1,0,Wednesday,2,0,47.503509001616735,25.42932622094481,7.5610738813566725,19.506090896081794,Within Budget,Moderate,Very High,Very High,Fair,Moderate,Low,Low,6.4776728037405,49.28
726,2026-07-01 06:00:00,BLDG_A,2862.89,765.89,1254.18,1378.08,6261.04,7378.94,15.15,289.43,16.24,11952.43,59.94,84.76,15,84.78,51.17,2026,7,1,6,Wednesday,2,0,45.72547052885783,12.232632278343534,20.03149636482118,22.01040082797746,Within Budget,Low,Very High,Very High,Good,High,Moderate,Very High,4.6227144372180975,61.43
727,2026-07-01 12:00:00,BLDG_A,5780.52,1902.94,1050.68,725.59,9459.73,11133.86,15.04,1193.23,8.78,9666.47,40.64,88.13,9,68.96,49.04,2026,7,1,12,Wednesday,2,0,61.10660663676448,20.116218961851978,11.106870914920405,7.670303486463145,Within Budget,High,Moderate,High,Good,Moderate,Low,High,12.61378496003586,51.63
728,2026-07-01 18:00:00,BLDG_A,3814.56,1481.03,1045.71,1911.76,8253.06,9407.74,12.27,895.27,9.95,4431.11,35.38,89.97,14,71.82,58.51,2026,7,1,18,Wednesday,2,0,46.21994751037797,17.94522274162553,12.6705730965242,23.164256651472304,Within Budget,Moderate,Moderate,High,Good,High,Moderate,Very High,10.847734052581709,51.78
729,2026-07-02 00:00:00,BLDG_A,2462.51,1061.69,1352.68,2323.28,7200.16,7870.88,8.52,1187.1,13.88,10856.81,14.07,97.8,9,72.29,85.58,2026,7,2,0,Thursday,3,0,34.20076776071643,14.745366769627344,18.786804737672497,32.26706073198374,Within Budget,High,High,Low,Excellent,High,Very High,High,16.487133619252905,49.51
730,2026-07-02 06:00:00,BLDG_B,4921.68,978.73,1451.91,1804.97,9157.29,10095.05,9.29,1272.78,7.59,1088.57,55.85,90.52,5,59.34,62.77,2026,7,2,6,Thursday,3,0,53.746031850034235,10.687987384914095,15.85523664752345,19.71074411752822,Within Budget,High,Moderate,Very High,Excellent,Moderate,Moderate,Moderate,13.899090233027456,53.32
731,2026-07-02 12:00:00,BLDG_C,2815.63,2388.94,1834.35,2047.6,9086.52,9335.34,2.67,967.36,4.37,8837.58,50.47,84.97,14,57.51,69.5,2026,7,2,12,Thursday,3,0,30.986890470719263,26.291033310882494,20.187596571624777,22.534479646773462,Within Budget,Moderate,Low,Very High,Good,Moderate,Moderate,Very High,10.646099937049607,49.33
732,2026-07-02 18:00:00,BLDG_A,2258.54,2166.08,1013.74,1216.73,6655.09,7108.99,6.38,602.54,14.12,768.21,11.36,94.03,13,45.24,49.32,2026,7,2,18,Thursday,3,0,33.937031655469724,32.54771911424188,15.232551325376518,18.282697904911878,Within Budget,Moderate,High,Low,Excellent,Low,Low,Very High,9.053821961836729,41.19
733,2026-07-03 00:00:00,BLDG_B,5851.34,1410.04,1849.84,866.4,9977.62,10352.24,3.62,904.53,12.38,2507.39,19.94,94.42,15,64.83,65.63,2026,7,3,0,Friday,4,0,58.644646719357915,14.132027477494633,18.539892278920224,8.68343352422722,Within Budget,Moderate,High,Moderate,Excellent,Moderate,Moderate,Very High,9.065588787706886,47.89
734,2026-07-03 06:00:00,BLDG_B,3962.76,2018.66,1009.5,1785.55,8776.47,10217.92,14.11,561.22,15.82,11857.24,39.76,96.98,8,69.26,85.43,2026,7,3,6,Friday,4,0,45.152094179094796,23.000819235979844,11.502346615438782,20.344739969486593,Within Budget,Moderate,Very High,High,Excellent,Moderate,Very High,High,6.394598283820262,55.46
735,2026-07-03 12:00:00,BLDG_C,5321.63,2078.25,499.78,1155.54,9055.2,10711.86,15.47,295.19,6.64,4650.18,47.01,89.51,7,82.14,80.22,2026,7,3,12,Friday,4,0,58.76877374326354,22.95090113967665,5.519259651912713,12.761065465147094,Within Budget,Low,Moderate,High,Good,High,High,Moderate,3.2598948670377235,56.32
736,2026-07-03 18:00:00,BLDG_A,3165.76,1246.03,1397.54,2220.15,8029.48,8891.72,9.7,933.32,19.14,9935.74,15.85,67.41,3,48.33,44.22,2026,7,3,18,Friday,4,0,39.42671256420092,15.51819046812496,17.405112161684194,27.64998480598993,Within Budget,Moderate,Very High,Moderate,Fair,Low,Low,Low,11.623666787886638,37.68
737,2026-07-04 00:00:00,BLDG_C,5498.76,2525.86,1458.22,745.26,10228.1,11716.83,12.71,632.73,6.63,4825.0,21.96,86.97,12,91.2,84.83,2026,7,4,0,Saturday,5,1,53.7613046411357,24.69530020238363,14.256997878393838,7.286397278086838,Within Budget,Moderate,Moderate,Moderate,Good,Very High,High,High,6.1861929390600405,51.69
738,2026-07-04 06:00:00,BLDG_A,2326.1,2886.57,2082.17,1366.93,8661.77,8872.19,2.37,530.53,20.04,10160.33,19.01,62.85,5,58.2,54.24,2026,7,4,6,Saturday,5,1,26.854788340027497,33.325405777341125,24.03862028199779,15.781185600633588,Within Budget,Moderate,Very High,Moderate,Fair,Moderate,Moderate,Moderate,6.124960602740548,40.03
739,2026-07-04 12:00:00,BLDG_B,3473.07,2916.1,1706.91,1293.46,9389.54,10532.31,10.85,458.28,12.09,11602.55,20.54,72.08,15,63.34,74.62,2026,7,4,12,Saturday,5,1,36.988712972094476,31.056899486023802,18.17884582205305,13.77554171982866,Within Budget,Low,High,Moderate,Fair,Moderate,High,Very High,4.88075028169644,42.01
740,2026-07-04 18:00:00,BLDG_B,6396.89,2386.92,2051.99,2376.11,13211.91,15068.95,12.32,772.1,13.9,5508.67,60.48,64.4,13,47.42,47.61,2026,7,4,18,Saturday,5,1,48.41760199698605,18.066426428881215,15.531365260586849,17.984606313545886,Within Budget,Moderate,High,Very High,Fair,Low,Low,Very High,5.843969569880509,46.55
741,2026-07-05 00:00:00,BLDG_B,5531.75,2132.59,2035.02,806.27,10505.63,11456.95,8.3,365.26,20.14,6932.52,48.8,96.1,9,77.66,75.08,2026,7,5,0,Sunday,6,1,52.65510017009928,20.29949655565635,19.370756442022042,7.674646832222343,Within Budget,Low,Very High,High,Excellent,High,High,High,3.4768024383116485,60.68
742,2026-07-05 06:00:00,BLDG_B,4137.1,870.82,1488.23,519.69,7015.84,7357.19,4.64,920.02,9.4,7729.35,50.02,72.87,4,80.45,41.86,2026,7,5,6,Sunday,6,1,58.96799242856166,12.412198681839952,21.212427877488654,7.407381012109742,Within Budget,Moderate,Moderate,Very High,Fair,High,Low,Moderate,13.113468950261122,53.18
743,2026-07-05 12:00:00,BLDG_C,3396.95,1505.93,1349.97,976.17,7229.02,8497.53,14.93,652.13,7.27,11250.6,53.26,87.1,3,91.44,71.23,2026,7,5,12,Sunday,6,1,46.99046343764437,20.8317309953493,18.674315467380087,13.503490099626228,Within Budget,Moderate,Moderate,Very High,Good,Very High,High,Low,9.021001463545542,59.77
744,2026-07-05 18:00:00,BLDG_A,5899.04,961.16,1403.39,2140.55,10404.14,11950.01,12.94,1188.45,12.02,3452.56,28.32,81.71,7,61.84,73.59,2026,7,5,18,Sunday,6,1,56.698967910850875,9.238245544562067,13.488765049297685,20.574021495289376,Within Budget,High,High,Moderate,Good,Moderate,High,Moderate,11.4228566705177,45.97
745,2026-07-06 00:00:00,BLDG_A,4360.78,3398.7,2161.0,918.64,10839.12,12789.85,15.25,1360.78,8.4,7529.37,51.73,64.09,8,57.87,52.71,2026,7,6,0,Monday,0,0,40.23186384134505,31.35586652791001,19.93704285956793,8.475226771176995,Within Budget,High,Moderate,Very High,Fair,Moderate,Moderate,High,12.554340204739866,45.52
746,2026-07-06 06:00:00,BLDG_C,5364.6,1078.22,1791.7,981.76,9216.28,10724.81,14.07,1620.89,13.5,4234.28,63.77,81.33,5,81.3,88.72,2026,7,6,6,Monday,0,0,58.20786694848681,11.699080323080462,19.440598592924694,10.652454135508036,Within Budget,High,High,Very High,Good,High,Very High,Moderate,17.587247783270474,59.98
747,2026-07-06 12:00:00,BLDG_A,5344.31,1124.97,591.28,759.8,7820.36,9369.38,16.53,314.69,8.95,2994.73,47.81,85.12,13,80.34,42.39,2026,7,6,12,Monday,0,0,68.338414088354,14.385143394933225,7.5607772532210795,9.715665263491706,Within Budget,Low,Moderate,High,Good,High,Low,Very High,4.023983550629382,55.56
748,2026-07-06 18:00:00,BLDG_B,1884.34,3190.81,1801.17,1930.87,8807.19,9145.69,3.7,816.32,19.56,1476.58,31.75,93.5,8,91.86,86.37,2026,7,6,18,Monday,0,0,21.395473471107127,36.22960331274788,20.45113140513603,21.923791811008957,Within Budget,Moderate,Very High,High,Excellent,Very High,Very High,High,9.26879061312405,59.17
749,2026-07-07 00:00:00,BLDG_A,2393.39,3343.0,706.97,638.35,7081.71,7204.57,1.71,473.66,14.93,7638.17,48.83,62.66,5,55.27,59.86,2026,7,7,0,Tuesday,1,0,33.796780721040534,47.2061126479339,9.98304081923716,9.014065811788397,Within Budget,Low,High,High,Fair,Moderate,Moderate,Moderate,6.688497552144892,45.42
750,2026-07-07 06:00:00,BLDG_B,4900.26,2844.32,1205.23,1162.42,10112.23,10793.8,6.31,1026.46,4.0,10643.98,59.35,71.23,9,80.26,77.12,2026,7,7,6,Tuesday,1,0,48.458747477064904,28.127524789289804,11.918538245273298,11.495189488372002,Within Budget,High,Low,Very High,Fair,High,High,High,10.150678930364519,53.71
751,2026-07-07 12:00:00,BLDG_C,2559.61,715.13,778.83,1065.0,5118.57,5250.63,2.52,860.28,18.5,4541.02,15.34,86.31,7,48.34,73.88,2026,7,7,12,Tuesday,1,0,50.006349429625864,13.971284948725915,15.215773155393011,20.806592466255225,Within Budget,Moderate,Very High,Moderate,Good,Low,High,Moderate,16.80703790316436,42.12
752,2026-07-07 18:00:00,BLDG_A,3000.82,703.77,1641.25,1610.32,6956.16,7683.96,9.47,964.11,9.94,6855.69,23.12,61.3,5,69.02,48.75,2026,7,7,18,Tuesday,1,0,43.13903072959794,10.117219845431963,23.594195648173706,23.149553776796395,Within Budget,Moderate,Moderate,Moderate,Fair,Moderate,Low,Moderate,13.859801959701906,40.84
753,2026-07-08 00:00:00,BLDG_C,6249.2,1758.68,1979.16,1960.83,11947.87,13460.54,11.24,1544.77,9.76,7884.54,60.4,67.74,13,50.97,56.59,2026,7,8,0,Wednesday,2,0,52.303883453703456,14.71961111059963,16.56496095119883,16.411544484498073,Within Budget,High,Moderate,Very High,Fair,Moderate,Moderate,Very High,12.929250150863709,47.22
754,2026-07-08 06:00:00,BLDG_A,4432.86,1101.51,922.65,1565.75,8022.77,8950.67,10.37,771.69,10.9,5268.48,61.94,68.31,9,77.66,67.54,2026,7,8,6,Wednesday,2,0,55.25348476897629,13.729796566522534,11.500392009243688,19.516326655257473,Within Budget,Moderate,High,Very High,Fair,High,Moderate,High,9.618747639530985,54.7
755,2026-07-08 12:00:00,BLDG_B,5328.43,751.48,547.62,2362.05,8989.58,9455.67,4.93,1174.64,15.34,10888.5,35.6,85.43,5,75.07,84.02,2026,7,8,12,Wednesday,2,0,59.27340320682391,8.359456170366135,6.091719524160195,26.27542109864977,Within Budget,High,Very High,High,Good,High,High,Moderate,13.066683871771541,52.86
756,2026-07-08 18:00:00,BLDG_C,4422.51,1999.39,937.29,2402.89,9762.08,11536.48,15.38,340.27,11.96,4671.68,29.35,70.87,8,47.44,89.65,2026,7,8,18,Wednesday,2,0,45.30294773245046,20.481188435251504,9.601334961401669,24.614528870896365,Within Budget,Low,High,Moderate,Fair,Low,Very High,High,3.4856301116155572,39.9
757,2026-07-09 00:00:00,BLDG_A,4396.81,3340.57,1610.25,1222.93,10570.56,10615.32,0.42,1246.65,15.32,1937.62,24.12,82.78,12,60.98,41.07,2026,7,9,0,Thursday,3,0,41.594863469863476,31.60258302303757,15.23334619925529,11.569207307843673,Within Budget,High,Very High,Moderate,Good,Moderate,Low,High,11.793604123149578,45.8
758,2026-07-09 06:00:00,BLDG_B,2242.51,1606.69,991.77,2055.36,6896.33,7376.33,6.51,779.74,6.64,2156.23,36.43,96.68,4,64.75,58.33,2026,7,9,6,Thursday,3,0,32.51744043571001,23.297754022791832,14.381127353244407,29.803678188253755,Within Budget,Moderate,Moderate,High,Excellent,Moderate,Moderate,Moderate,11.30659350698125,51.12
759,2026-07-09 12:00:00,BLDG_C,3415.22,2551.19,900.6,1977.6,8844.61,10116.45,12.57,725.22,21.46,10744.86,61.27,90.14,9,57.4,74.74,2026,7,9,12,Thursday,3,0,38.61357369064322,28.844573135502866,10.182472715020786,22.359380458833115,Within Budget,Moderate,Very High,Very High,Excellent,Moderate,High,High,8.199570133674634,57.57
760,2026-07-09 18:00:00,BLDG_C,3127.43,2526.26,731.98,2285.93,8671.6,10001.7,13.3,522.27,17.13,11862.09,16.54,72.65,12,46.93,67.44,2026,7,9,18,Thursday,3,0,36.06520134692559,29.132570690530006,8.4411181327552,26.361109829789193,Within Budget,Moderate,Very High,Moderate,Fair,Low,Moderate,High,6.022763965127542,38.31
761,2026-07-10 00:00:00,BLDG_A,3636.42,1403.02,1295.53,1395.89,7730.86,8374.25,7.68,1168.39,8.5,3822.79,31.93,77.95,6,60.94,89.04,2026,7,10,0,Friday,4,0,47.037716373081395,18.14830432836709,16.75790274303247,18.056076555519052,Within Budget,High,Moderate,High,Good,Moderate,Very High,Moderate,15.113325037576676,44.83
762,2026-07-10 06:00:00,BLDG_A,5552.22,2521.19,896.71,1560.95,10531.07,10566.69,0.34,401.02,17.04,2151.43,59.96,67.63,6,84.63,40.88,2026,7,10,6,Friday,4,0,52.72227798314891,23.940492276663246,8.514899245755656,14.82233049443219,Within Budget,Low,Very High,Very High,Fair,High,Low,Moderate,3.807970130290654,57.32
763,2026-07-10 12:00:00,BLDG_A,3548.08,1294.54,1715.82,1331.55,7889.99,8865.26,11.0,319.16,14.35,6045.44,27.9,60.6,14,63.01,62.76,2026,7,10,12,Friday,4,0,44.96938525904342,16.407371872461184,21.746795623315112,16.876447245180284,Within Budget,Low,High,Moderate,Fair,Moderate,Moderate,Very High,4.045125532478496,41.46
764,2026-07-10 18:00:00,BLDG_B,3922.98,1041.62,537.92,2200.75,7703.27,7800.48,1.25,740.12,5.97,8659.57,51.78,71.01,3,61.17,74.78,2026,7,10,18,Friday,4,0,50.92616512208451,13.52179009693286,6.983008514565892,28.569036266416724,Within Budget,Moderate,Moderate,Very High,Fair,Moderate,High,Low,9.607867827558945,47.48
765,2026-07-11 00:00:00,BLDG_A,3667.69,2663.87,1595.26,959.4,8886.22,9077.91,2.11,603.22,7.21,7542.63,30.19,74.04,13,92.09,51.31,2026,7,11,0,Saturday,5,1,41.27390498997324,29.977538255861326,17.952065107548542,10.796491646616897,Within Budget,Moderate,Moderate,High,Fair,Very High,Moderate,Very High,6.788263176018601,50.88
766,2026-07-11 06:00:00,BLDG_C,2239.02,1017.63,827.61,979.42,5063.68,5722.21,11.51,718.12,4.74,11437.74,53.88,81.45,3,47.08,77.75,2026,7,11,6,Saturday,5,1,44.21724911526794,20.096649077350857,16.344042277553083,19.342059529828106,Within Budget,Moderate,Low,Very High,Good,Low,High,Low,14.181780839231548,46.79
767,2026-07-11 12:00:00,BLDG_C,3873.04,3491.35,1280.7,1245.21,9890.3,10508.42,5.88,1237.56,18.57,9904.45,63.92,95.87,4,83.36,44.22,2026,7,11,12,Saturday,5,1,39.159985035843206,35.300749218931685,12.949051090462374,12.590214654762748,Within Budget,High,Very High,Very High,Excellent,High,Low,Moderate,12.512866141573056,65.43
768,2026-07-11 18:00:00,BLDG_A,2719.36,1213.67,914.96,960.69,5808.68,6213.0,6.51,847.37,13.93,10493.18,30.11,96.02,1,69.15,63.45,2026,7,11,18,Saturday,5,1,46.81545549074833,20.8940757624796,15.751599330656878,16.538869416115194,Within Budget,Moderate,High,High,Excellent,Moderate,Moderate,Low,14.587995895797324,52.3
769,2026-07-12 00:00:00,BLDG_A,2677.6,2363.6,1700.98,1622.01,8364.19,9178.54,8.87,658.28,9.7,6729.17,56.17,62.66,6,92.22,75.16,2026,7,12,0,Sunday,6,1,32.01266350955681,28.258564188522733,20.336458162715097,19.39231413920535,Within Budget,Moderate,Moderate,Very High,Fair,Very High,High,Moderate,7.8702181562111795,55.19
770,2026-07-12 06:00:00,BLDG_C,2241.97,1851.85,2101.55,768.98,6964.35,8327.38,16.37,982.52,6.27,4263.66,64.34,83.36,1,64.67,53.87,2026,7,12,6,Sunday,6,1,32.19209258581203,26.590421216624666,30.175824018034707,11.041662179528599,Within Budget,Moderate,Moderate,Very High,Good,Moderate,Moderate,Low,14.107849260878616,54.66
771,2026-07-12 12:00:00,BLDG_B,3476.35,1053.88,2050.74,1140.37,7721.34,9212.24,16.18,1230.36,12.71,8569.96,64.08,61.61,11,80.4,43.84,2026,7,12,12,Sunday,6,1,45.022625606436186,13.648926222650474,26.559379589553107,14.769068581360228,Within Budget,High,High,Very High,Fair,High,Low,High,15.934539859661664,54.7
772,2026-07-12 18:00:00,BLDG_A,5360.16,777.96,1450.17,2326.89,9915.18,10740.64,7.69,810.97,13.45,5549.11,32.72,84.63,4,48.5,89.77,2026,7,12,18,Sunday,6,1,54.06013809129032,7.846151053233527,14.62575565950391,23.467955195972234,Within Budget,Moderate,High,High,Good,Low,Very High,Moderate,8.17907491341559,44.82
773,2026-07-13 00:00:00,BLDG_A,3099.28,2443.65,1232.7,1318.45,8094.08,8523.87,5.04,655.49,16.64,3809.17,35.69,64.47,15,91.44,87.52,2026,7,13,0,Monday,0,0,38.29070135209932,30.19058373527319,15.229649323950344,16.289065588677158,Within Budget,Moderate,Very High,High,Fair,Very High,Very High,Very High,8.098387957618408,52.06
774,2026-07-13 06:00:00,BLDG_C,3268.04,2958.92,1872.94,1996.47,10096.37,10707.39,5.71,1665.83,21.46,2251.11,25.29,95.96,13,62.23,88.17,2026,7,13,6,Monday,0,0,32.36846510181381,29.306770651234054,18.550627601801438,19.77413664515068,Within Budget,High,Very High,Moderate,Excellent,Moderate,Very High,Very High,16.499296281732935,51.23
775,2026-07-13 12:00:00,BLDG_A,4820.57,3057.64,1629.99,726.92,10235.12,10785.32,5.1,383.49,11.83,6570.55,25.9,92.84,7,71.2,90.88,2026,7,13,12,Monday,0,0,47.09832420137721,29.874002454294622,15.92546057105339,7.102212773274763,Within Budget,Low,High,Moderate,Excellent,High,Very High,Moderate,3.7468051180640773,50.44
776,2026-07-13 18:00:00,BLDG_B,2720.45,2051.6,730.42,995.13,6497.6,7189.26,9.62,536.24,11.31,7333.92,36.07,60.85,12,51.92,49.6,2026,7,13,18,Monday,0,0,41.868536074858405,31.57473528687515,11.241381433144545,15.31534720512189,Within Budget,Moderate,High,High,Fair,Moderate,Low,High,8.25289337601576,40.04
777,2026-07-14 00:00:00,BLDG_C,6015.7,2876.88,1877.65,2114.69,12884.92,14448.79,10.82,615.91,10.66,7041.04,19.43,89.72,6,92.28,48.2,2026,7,14,0,Tuesday,1,0,46.687911139533654,22.327496018601593,14.57246145106062,16.412131390804134,Within Budget,Moderate,High,Moderate,Good,Very High,Low,Moderate,4.7800840051781455,53.02
778,2026-07-14 06:00:00,BLDG_A,4244.9,2583.97,1171.99,2025.99,10026.85,11007.03,8.91,344.39,18.88,1840.31,48.53,84.16,8,78.65,41.78,2026,7,14,6,Tuesday,1,0,42.33532963991682,25.77050619087749,11.688516333644165,20.205647835561518,Within Budget,Low,Very High,High,Good,High,Low,High,3.43467788986571,57.56
779,2026-07-14 12:00:00,BLDG_C,3903.73,2727.91,740.17,1272.31,8644.12,9349.47,7.54,405.67,6.81,7054.85,38.57,78.82,4,47.7,86.37,2026,7,14,12,Tuesday,1,0,45.16052530506286,31.557983924332373,8.562699268404417,14.718791502200338,Within Budget,Low,Moderate,High,Good,Low,Very High,Moderate,4.693016755898808,42.97
780,2026-07-14 18:00:00,BLDG_A,4421.75,2079.28,907.24,2408.79,9817.06,10231.9,4.05,929.55,10.19,2436.76,59.19,82.9,9,52.76,79.14,2026,7,14,18,Tuesday,1,0,45.04148899976164,21.180271894029374,9.241463330161984,24.536775776047005,Within Budget,Moderate,High,Very High,Good,Moderate,High,High,9.468720777911106,51.26
781,2026-07-15 00:00:00,BLDG_A,2580.36,2473.55,881.55,2321.29,8256.75,9053.54,8.8,1098.51,17.05,8132.71,54.2,85.77,10,64.99,72.93,2026,7,15,0,Wednesday,2,0,31.25152148242347,29.957913222514915,10.676719048051593,28.11384624701002,Within Budget,High,Very High,Very High,Good,Moderate,High,High,13.30438731946589,55.5
782,2026-07-15 06:00:00,BLDG_A,4683.32,2955.47,1334.57,2424.6,11397.96,12175.54,6.39,836.52,4.28,5437.92,26.38,93.61,8,55.84,88.24,2026,7,15,6,Wednesday,2,0,41.08910717356439,25.9298155108458,11.708849653797698,21.27222766179211,Within Budget,Moderate,Low,Moderate,Excellent,Moderate,Very High,High,7.339208068812314,45.03
783,2026-07-15 12:00:00,BLDG_B,3506.57,1814.08,821.87,1355.83,7498.35,8310.56,9.77,1180.62,9.21,10261.07,36.83,89.16,14,60.23,69.9,2026,7,15,12,Wednesday,2,0,46.76455486873779,24.193055805610566,10.960678015830148,18.08171130982149,Within Budget,High,Moderate,High,Good,Moderate,Moderate,Very High,15.745063914061092,48.86
784,2026-07-15 18:00:00,BLDG_B,6016.78,2956.74,622.42,894.95,10490.89,11907.56,11.9,1003.37,15.55,9450.06,50.78,81.86,15,94.87,46.75,2026,7,15,18,Wednesday,2,0,57.352426724520036,28.183881443805053,5.932957070372485,8.530734761302426,Within Budget,High,Very High,Very High,Good,Very High,Low,Very High,9.564202846469652,60.76
785,2026-07-16 00:00:00,BLDG_C,2593.61,2357.65,622.64,1753.32,7327.22,8255.3,11.24,1283.98,7.35,8830.39,19.01,91.34,5,77.93,49.2,2026,7,16,0,Thursday,3,0,35.39691724828789,32.17659630801313,8.497629387407502,23.92885705629147,Within Budget,High,Moderate,Moderate,Excellent,High,Low,Moderate,17.523426347236743,48.91
786,2026-07-16 06:00:00,BLDG_A,4183.14,1164.52,1449.9,1869.55,8667.11,9468.8,8.47,1500.48,9.45,8558.48,9.8,97.5,14,91.11,46.87,2026,7,16,6,Thursday,3,0,48.264531083602265,13.436081923501606,16.7287596442182,21.57062734867793,Within Budget,High,Moderate,Low,Excellent,Very High,Low,Very High,17.312345176189066,51.96
787,2026-07-16 12:00:00,BLDG_A,4611.13,769.12,1722.57,750.88,7853.7,8727.11,10.01,1146.57,12.75,6945.61,56.58,71.41,6,66.79,56.0,2026,7,16,12,Thursday,3,0,58.71283598813298,9.793091154487694,21.933228923946675,9.56084393343265,Within Budget,High,High,Very High,Fair,Moderate,Moderate,Moderate,14.599106153787385,51.88
788,2026-07-16 18:00:00,BLDG_B,1956.9,1715.71,978.76,2072.97,6724.34,7107.43,5.39,1142.2,11.6,1202.81,15.84,64.5,5,80.51,59.73,2026,7,16,18,Thursday,3,0,29.10174083999322,25.51492042341702,14.555480537866913,30.827858198722847,Within Budget,High,High,Moderate,Fair,High,Moderate,Moderate,16.986053649874933,43.11
789,2026-07-17 00:00:00,BLDG_A,3509.36,2230.75,462.37,536.12,6738.6,6771.27,0.48,916.88,5.91,8038.13,58.7,87.8,15,67.98,81.44,2026,7,17,0,Friday,4,0,52.07847327338022,33.104057222568485,6.861514261122488,7.955955242928798,Within Budget,Moderate,Moderate,Very High,Good,Moderate,High,Very High,13.606387083370434,55.1
790,2026-07-17 06:00:00,BLDG_B,5243.39,3051.5,629.0,1465.46,10389.35,11688.06,11.11,1707.36,20.89,5869.61,60.08,97.19,6,61.41,49.95,2026,7,17,6,Friday,4,0,50.46889362664652,29.37142362130451,6.054276735310679,14.105406016738295,Within Budget,High,Very High,Very High,Excellent,Moderate,Low,Moderate,16.433751870906264,59.89
791,2026-07-17 12:00:00,BLDG_A,5655.77,1056.96,2046.45,1162.03,9921.21,10422.37,4.81,649.55,4.8,5899.88,34.26,64.43,1,70.96,77.72,2026,7,17,12,Friday,4,0,57.006857026511895,10.65353923563759,20.627020292887664,11.712583444962863,Within Budget,Moderate,Low,High,Fair,High,High,Low,6.547084478606944,43.61
792,2026-07-17 18:00:00,BLDG_C,3271.86,2940.58,1288.38,1980.61,9481.43,10749.96,11.8,775.7,17.5,4858.76,53.99,76.4,4,66.37,65.54,2026,7,17,18,Friday,4,0,34.508085805622144,31.014098084360693,13.588456593572912,20.889359516444248,Within Budget,Moderate,Very High,Very High,Good,Moderate,Moderate,Moderate,8.181255359159959,53.57
793,2026-07-18 00:00:00,BLDG_A,5553.39,3116.43,1216.43,1125.52,11011.77,12656.95,13.0,1574.02,5.29,11184.32,28.7,62.37,9,94.03,91.98,2026,7,18,0,Saturday,5,1,50.43140203618493,28.300899855336603,11.046634646382916,10.221063462095557,Within Budget,High,Moderate,Moderate,Fair,Very High,Very High,High,14.293978170630153,47.6
794,2026-07-18 06:00:00,BLDG_A,6348.45,1121.92,468.49,2153.61,10092.47,11941.26,15.48,945.5,12.41,3368.69,56.92,89.51,4,69.81,80.38,2026,7,18,6,Saturday,5,1,62.902837461988995,11.116406588278192,4.641975651153781,21.338780298579042,Within Budget,Moderate,High,Very High,Good,Moderate,High,Moderate,9.368370676355738,57.16
795,2026-07-18 12:00:00,BLDG_B,5827.31,3084.46,1711.55,1689.91,12313.23,14672.75,16.08,1915.93,7.16,4140.84,55.01,96.05,2,85.56,90.39,2026,7,18,12,Saturday,5,1,47.325600187765524,25.049966580661614,13.900089578445298,13.72434365312757,Within Budget,High,Moderate,Very High,Excellent,Very High,Very High,Low,15.559930253881396,60.94
796,2026-07-18 18:00:00,BLDG_A,2352.93,3476.07,1350.52,2087.79,9267.31,9286.82,0.21,1498.02,6.54,11574.97,12.48,78.96,6,78.34,57.8,2026,7,18,18,Saturday,5,1,25.389568278173492,37.50894272447992,14.572945115680819,22.52854388166577,Within Budget,High,Moderate,Low,Good,High,Moderate,Moderate,16.1645612372954,44.08
797,2026-07-19 00:00:00,BLDG_A,5276.73,2735.15,763.75,2478.68,11254.31,13483.51,16.53,843.62,6.27,9816.77,41.21,75.56,2,68.98,46.4,2026,7,19,0,Sunday,6,1,46.886304002644316,24.303133643910645,6.786288986175075,22.024273367269963,Within Budget,Moderate,Moderate,High,Good,Moderate,Low,Low,7.4959726540321,48.0
798,2026-07-19 06:00:00,BLDG_B,3302.43,2897.36,598.13,1858.32,8656.24,9838.71,12.02,1328.89,12.15,661.99,44.48,94.49,3,68.71,66.31,2026,7,19,6,Sunday,6,1,38.150859957672154,33.47134552646415,6.909813036607118,21.467981479256583,Within Budget,High,High,High,Excellent,Moderate,Moderate,Low,15.351815568884414,54.96
799,2026-07-19 12:00:00,BLDG_C,6445.56,3484.36,1090.1,2469.9,13489.92,15226.14,11.4,716.85,13.28,10920.24,8.05,65.07,7,62.09,46.46,2026,7,19,12,Sunday,6,1,47.780565044121836,25.829359996204577,8.080848515039376,18.309226444634216,Within Budget,Moderate,High,Low,Fair,Moderate,Low,Moderate,5.3139677625960715,37.12
800,2026-07-19 18:00:00,BLDG_C,4081.19,2395.35,1906.89,557.67,8941.1,8968.3,0.3,716.45,6.4,3106.44,63.86,93.88,4,50.35,65.61,2026,7,19,18,Sunday,6,1,45.64527854514545,26.79032781201418,21.327241614566443,6.2371520282739255,Within Budget,Moderate,Moderate,Very High,Excellent,Moderate,Moderate,Moderate,8.01299616378298,53.62
801,2026-07-20 00:00:00,BLDG_B,2375.44,1562.08,1957.53,1176.28,7071.33,8289.34,14.69,761.55,21.63,8618.22,31.17,74.9,1,83.07,54.04,2026,7,20,0,Monday,0,0,33.59254906785569,22.090328127806224,27.68262830330362,16.634494501034457,Within Budget,Moderate,Very High,High,Fair,High,Moderate,Low,10.769544060311143,52.69
802,2026-07-20 06:00:00,BLDG_B,5208.37,3045.09,1485.12,715.71,10454.29,10758.49,2.83,668.73,8.64,6860.34,37.49,81.26,9,90.9,65.53,2026,7,20,6,Monday,0,0,49.82040865520278,29.127659554116057,14.20584276885374,6.846089021827402,Within Budget,Moderate,Moderate,High,Good,Very High,Moderate,High,6.39670412816174,54.57
803,2026-07-20 12:00:00,BLDG_B,3318.15,2420.56,1709.57,1024.61,8472.89,9891.81,14.34,990.4,12.26,6673.34,19.1,80.08,6,55.9,89.38,2026,7,20,12,Monday,0,0,39.16196244728776,28.5682925188454,20.176940807681916,12.092804226184926,Within Budget,Moderate,High,Moderate,Good,Moderate,Very High,Moderate,11.689045886350465,41.84
804,2026-07-20 18:00:00,BLDG_B,6486.27,2327.35,607.28,2177.78,11598.68,11634.78,0.31,1354.78,7.89,8756.1,42.82,83.41,9,91.28,55.03,2026,7,20,18,Monday,0,0,55.92248428269424,20.06564540102839,5.235768208106439,18.77610210817093,Within Budget,High,Moderate,High,Good,Very High,Moderate,High,11.68046708763411,56.35
805,2026-07-21 00:00:00,BLDG_B,6404.98,1410.18,1458.63,564.65,9838.44,11109.5,11.44,600.49,12.89,2882.59,54.21,95.8,3,56.62,91.66,2026,7,21,0,Tuesday,1,0,65.10158114497825,14.333369924500225,14.825826045592594,5.73922288492891,Within Budget,Moderate,High,Very High,Excellent,Moderate,Very High,Low,6.10350827976793,54.88
806,2026-07-21 06:00:00,BLDG_C,4883.83,2817.74,1600.54,1540.37,10842.48,11785.35,8.0,1619.28,17.61,2328.79,41.4,96.14,5,71.5,51.93,2026,7,21,6,Tuesday,1,0,45.04347713807174,25.98796585283072,14.761751923914087,14.206805085183463,Within Budget,High,Very High,High,Excellent,High,Moderate,Moderate,14.934590610266286,56.66
807,2026-07-21 12:00:00,BLDG_C,2410.18,928.67,761.28,1634.26,5734.39,5964.64,3.86,715.35,13.38,7996.99,52.92,91.58,9,62.18,50.82,2026,7,21,12,Tuesday,1,0,42.030276978022066,16.194747828452545,13.275692793828112,28.49928239969726,Within Budget,Moderate,High,Very High,Excellent,Moderate,Moderate,High,12.47473576090918,55.02
808,2026-07-21 18:00:00,BLDG_B,5028.25,3288.0,1984.28,1622.3,11922.83,12179.32,2.11,925.98,9.14,3841.66,49.67,67.28,6,50.73,68.33,2026,7,21,18,Tuesday,1,0,42.17329275012728,27.577345311473874,16.64269305190127,13.606668886497584,Within Budget,Moderate,Moderate,High,Fair,Moderate,Moderate,Moderate,7.766444711532413,44.2
809,2026-07-22 00:00:00,BLDG_A,2237.24,1612.31,750.99,1450.59,6051.13,6583.78,8.09,392.28,8.47,11700.43,21.55,72.67,2,47.64,83.79,2026,7,22,0,Wednesday,2,0,36.97226798961516,26.64477543863708,12.410739812233418,23.972216759514335,Within Budget,Low,Moderate,Moderate,Fair,Low,High,Low,6.482756113320982,37.58
810,2026-07-22 06:00:00,BLDG_B,1938.01,1057.77,964.26,2081.21,6041.25,6190.23,2.41,977.55,17.66,5692.39,32.84,78.54,15,63.27,78.97,2026,7,22,6,Wednesday,2,0,32.07961928408856,17.509124767225327,15.961266294227189,34.44998965445893,Within Budget,Moderate,Very High,High,Good,Moderate,High,Very High,16.181253879577902,48.08
811,2026-07-22 12:00:00,BLDG_A,5667.9,1938.63,1517.0,767.09,9890.62,10852.87,8.87,1536.62,6.13,1783.37,16.47,94.41,1,47.37,77.62,2026,7,22,12,Wednesday,2,0,57.30581096028358,19.600692373177818,15.33776446774823,7.755732198790369,Within Budget,High,Moderate,Moderate,Excellent,Low,High,Low,15.53613423627639,41.1
812,2026-07-22 18:00:00,BLDG_B,2785.84,818.92,1549.03,1121.15,6274.94,7059.58,11.11,404.51,10.66,8386.87,10.39,79.79,9,50.21,54.7,2026,7,22,18,Wednesday,2,0,44.396281079978465,13.050642715308832,24.685973092969814,17.867103111742903,Within Budget,Low,High,Low,Good,Moderate,Moderate,High,6.446436141222067,37.76
813,2026-07-23 00:00:00,BLDG_B,3581.43,2616.95,1658.89,1731.45,9588.72,11175.43,14.2,338.87,6.73,4020.83,11.59,97.14,1,52.11,41.17,2026,7,23,0,Thursday,3,0,37.35044927790154,27.291963890905148,17.300432174471673,18.05715465672165,Within Budget,Low,Moderate,Low,Excellent,Moderate,Low,Low,3.53404834013299,41.89
814,2026-07-23 06:00:00,BLDG_C,6375.25,3227.58,601.62,1881.9,12086.35,13726.83,11.95,1821.17,8.64,2208.76,61.72,97.39,14,45.1,48.41,2026,7,23,6,Thursday,3,0,52.74752096373181,26.70434001993985,4.977681434014404,15.570457582313932,Within Budget,High,Moderate,Very High,Excellent,Low,Low,Very High,15.067989922515896,53.21
815,2026-07-23 12:00:00,BLDG_A,3383.15,3044.34,1929.04,1308.3,9664.83,9790.86,1.29,1182.26,6.75,5362.47,64.12,82.75,15,52.66,58.17,2026,7,23,12,Thursday,3,0,35.00475435160267,31.4991572536713,19.959378488809428,13.536709905916606,Within Budget,High,Moderate,Very High,Good,Moderate,Moderate,Very High,12.23260005607962,51.57
816,2026-07-23 18:00:00,BLDG_A,3193.5,1056.63,1359.12,2250.74,7859.99,8343.27,5.79,354.74,19.96,11588.56,13.41,93.34,5,73.86,90.53,2026,7,23,18,Thursday,3,0,40.62982268425278,13.443146874232667,17.291625052958082,28.635405388556475,Within Budget,Low,Very High,Low,Excellent,High,Very High,Moderate,4.513237294195031,50.14
817,2026-07-24 00:00:00,BLDG_C,6115.58,1053.56,1248.38,1330.99,9748.51,10309.98,5.45,1151.34,17.17,5231.45,27.11,97.97,1,85.98,87.83,2026,7,24,0,Friday,4,0,62.73348439915433,10.807395181417467,12.805854433139013,13.653265986289187,Within Budget,High,Very High,Moderate,Excellent,Very High,Very High,Low,11.810420259096006,57.06
818,2026-07-24 06:00:00,BLDG_C,2320.52,2977.62,2165.98,1305.55,8769.67,10374.58,15.47,857.91,14.1,4494.34,14.52,92.29,5,54.67,50.43,2026,7,24,6,Friday,4,0,26.460744817079775,33.95361513032987,24.698534836544592,14.887105216045757,Within Budget,Moderate,High,Low,Excellent,Moderate,Moderate,Moderate,9.782694217684359,43.9
819,2026-07-24 12:00:00,BLDG_C,5370.04,3287.91,1732.68,572.41,10963.04,12865.75,14.79,1602.61,8.04,5611.85,55.55,84.96,5,49.04,77.73,2026,7,24,12,Friday,4,0,48.983128767203254,29.990860199360757,15.804740291014172,5.22127074242181,Within Budget,High,Moderate,Very High,Good,Low,High,Moderate,14.618299303842727,49.4
820,2026-07-24 18:00:00,BLDG_C,6443.91,1989.88,612.41,1602.28,10648.48,11436.78,6.89,653.42,13.18,639.33,36.29,92.12,7,81.48,70.11,2026,7,24,18,Friday,4,0,60.514834042041684,18.686986311661386,5.7511494598290085,15.047030186467927,Within Budget,Moderate,High,High,Excellent,High,High,Moderate,6.136274848616892,55.77
821,2026-07-25 00:00:00,BLDG_A,6036.09,2097.12,1761.77,1917.36,11812.34,11980.44,1.4,1157.3,13.37,2030.67,43.41,63.14,7,45.41,42.59,2026,7,25,0,Saturday,5,1,51.09986674951787,17.75363729794435,14.914657045090134,16.231838907447635,Within Budget,High,High,High,Fair,Low,Low,Moderate,9.797381382520314,41.33
822,2026-07-25 06:00:00,BLDG_A,4862.84,1591.13,571.45,728.88,7754.3,9140.94,15.17,414.36,14.63,10271.26,38.77,84.12,11,81.71,59.33,2026,7,25,6,Saturday,5,1,62.7115277974801,20.519324761745096,7.369459525682524,9.39968791509227,Within Budget,Low,High,High,Good,High,Moderate,High,5.343615800265659,54.81
823,2026-07-25 12:00:00,BLDG_B,3276.09,3203.94,449.45,1110.87,8040.35,9468.62,15.08,1396.04,5.08,11747.4,48.48,68.23,10,51.56,65.28,2026,7,25,12,Saturday,5,1,40.74561430783486,39.84826531183344,5.589930786595111,13.816189593736588,Within Budget,High,Moderate,High,Fair,Moderate,Moderate,High,17.362925743282318,43.34
824,2026-07-25 18:00:00,BLDG_B,2995.31,2505.73,1126.53,2062.51,8690.08,10175.64,14.6,1275.8,21.51,2316.33,26.19,64.41,1,56.41,74.71,2026,7,25,18,Saturday,5,1,34.46815219192458,28.83437206561965,12.96340194796826,23.734073794487507,Within Budget,High,Very High,Moderate,Fair,Moderate,High,Low,14.681107653784546,42.13
825,2026-07-26 00:00:00,BLDG_C,5650.5,1507.1,2188.44,1231.84,10577.88,12365.71,14.46,1486.28,12.38,6658.45,15.84,93.93,9,51.0,55.34,2026,7,26,0,Sunday,6,1,53.418076211868545,14.24765643021097,20.688833679338394,11.645433678582098,Within Budget,High,High,Moderate,Excellent,Moderate,Moderate,High,14.05083060121688,43.29
826,2026-07-26 06:00:00,BLDG_C,5935.16,1536.59,714.79,983.2,9169.74,10050.5,8.76,1224.44,20.68,11612.83,9.0,84.31,1,57.37,88.56,2026,7,26,6,Sunday,6,1,64.72549930532382,16.75718177396524,7.795095607945263,10.722223312765685,Within Budget,High,Very High,Low,Good,Moderate,Very High,Low,13.353050359115961,42.84
827,2026-07-26 12:00:00,BLDG_C,4269.54,3195.36,1610.76,1844.4,10920.06,11307.57,3.43,1021.03,4.18,2300.69,33.4,69.25,5,84.91,63.5,2026,7,26,12,Sunday,6,1,39.09813682342405,29.261377684738,14.75046840401976,16.8900170878182,Within Budget,High,Low,High,Fair,High,Moderate,Moderate,9.350040201244315,47.94
828,2026-07-26 18:00:00,BLDG_B,2948.4,738.18,712.11,893.52,5292.21,5797.6,8.72,891.7,8.46,2642.56,59.75,74.7,7,51.63,52.92,2026,7,26,18,Sunday,6,1,55.712074917662,13.948426082865192,13.45581524542677,16.883683754046043,Within Budget,Moderate,Moderate,Very High,Fair,Moderate,Moderate,Moderate,16.84929358434378,48.64
829,2026-07-27 00:00:00,BLDG_B,2330.83,1603.63,1704.62,2291.31,7930.39,8714.86,9.0,324.65,5.87,11158.39,25.4,96.98,12,94.71,56.45,2026,7,27,0,Monday,0,0,29.391114434472954,20.221325811214832,21.494781467241836,28.89277828707037,Within Budget,Low,Moderate,Moderate,Excellent,Very High,Moderate,High,4.093745704814013,55.74
830,2026-07-27 06:00:00,BLDG_B,2209.74,2252.2,1309.64,711.2,6482.78,7118.0,8.92,975.59,17.85,8615.41,19.17,92.76,8,61.35,79.1,2026,7,27,6,Monday,0,0,34.08630248134288,34.741268406455255,20.20182699397481,10.970602118227058,Within Budget,Moderate,Very High,Moderate,Excellent,Moderate,High,High,15.048945051351428,47.78
831,2026-07-27 12:00:00,BLDG_B,5179.66,1115.01,1623.95,1913.1,9831.72,10891.13,9.73,612.37,9.76,2247.62,60.78,60.59,2,91.1,73.29,2026,7,27,12,Monday,0,0,52.683152083257056,11.340945429690837,16.5174557452816,19.458446741770516,Within Budget,Moderate,Moderate,Very High,Fair,Very High,High,Low,6.228513423897345,55.56
832,2026-07-27 18:00:00,BLDG_B,3774.56,957.88,765.17,1499.1,6996.71,7357.26,4.9,549.97,19.13,5025.17,14.01,97.23,14,54.5,78.59,2026,7,27,18,Monday,0,0,53.94764110560535,13.69043450421698,10.936139985793321,21.425784404384345,Within Budget,Moderate,Very High,Low,Excellent,Moderate,High,Very High,7.860408677792849,46.22
833,2026-07-28 00:00:00,BLDG_B,6055.19,2982.77,1742.13,2239.86,13019.95,13973.64,6.82,1405.04,18.98,1147.1,10.95,74.0,1,54.39,55.2,2026,7,28,0,Tuesday,1,0,46.50701423584576,22.909227762011373,13.380466130822317,17.203291871320552,Within Budget,High,Very High,Low,Fair,Moderate,Moderate,Low,10.791439291241517,39.58
834,2026-07-28 06:00:00,BLDG_B,5276.46,3204.33,2192.11,752.39,11425.29,12417.43,7.99,1684.07,16.02,5475.72,58.13,86.43,4,73.27,57.0,2026,7,28,6,Tuesday,1,0,46.182285088606065,28.045940190577216,19.186471415605205,6.585303305211508,Within Budget,High,Very High,Very High,Good,High,Moderate,Moderate,14.739844677903141,58.46
835,2026-07-28 12:00:00,BLDG_C,2698.92,3006.1,1598.17,1855.79,9158.98,9399.17,2.56,1426.79,15.98,9445.87,47.95,87.08,12,47.53,60.63,2026,7,28,12,Tuesday,1,0,29.467473452283986,32.82134036759552,17.449213777079983,20.261972403040517,Within Budget,High,Very High,High,Good,Low,Moderate,High,15.57804471676977,49.64
836,2026-07-28 18:00:00,BLDG_C,4684.75,3216.61,1288.26,1644.11,10833.73,11820.39,8.35,1273.61,16.6,6870.68,32.06,94.64,15,85.05,49.81,2026,7,28,18,Tuesday,1,0,43.242262821761294,29.69069747907692,11.891195368538813,15.17584433062297,Within Budget,High,Very High,High,Excellent,Very High,Low,Very High,11.755969550653376,57.09
837,2026-07-29 00:00:00,BLDG_C,3846.88,2248.71,2061.71,1460.18,9617.48,11176.42,13.95,869.95,16.13,7945.58,50.88,93.63,4,66.98,75.93,2026,7,29,0,Wednesday,2,0,39.998835453777914,23.381488705981194,21.437112424460462,15.182563415780434,Within Budget,Moderate,Very High,Very High,Excellent,Moderate,High,Moderate,9.045508802721711,56.9
838,2026-07-29 06:00:00,BLDG_C,4513.07,2974.32,428.53,1482.81,9398.73,10955.27,14.21,1616.35,10.96,4258.43,50.26,70.71,10,79.96,57.13,2026,7,29,6,Wednesday,2,0,48.01787049952493,31.645977701242618,4.559445797464125,15.776706001768323,Within Budget,High,High,Very High,Fair,High,Moderate,High,17.197536262878067,52.97
839,2026-07-29 12:00:00,BLDG_B,5268.92,1775.32,1713.86,1943.95,10702.05,11582.97,7.61,716.8,16.29,2356.05,10.28,84.45,12,53.73,56.96,2026,7,29,12,Wednesday,2,0,49.23281053629913,16.588597511691685,16.01431501441313,18.164276937596068,Within Budget,Moderate,Very High,Low,Good,Moderate,Moderate,High,6.697782200606425,41.19
840,2026-07-29 18:00:00,BLDG_A,5589.12,2565.55,1999.74,2375.48,12529.89,13830.01,9.4,1885.3,20.15,650.84,46.55,74.96,6,77.12,54.01,2026,7,29,18,Wednesday,2,0,44.606297421605454,20.47543912995246,15.959757028992275,18.958506419449815,Within Budget,High,Very High,High,Fair,High,Moderate,Moderate,15.046420998109323,54.69
841,2026-07-30 00:00:00,BLDG_B,5765.57,3468.74,511.01,682.5,10427.82,10498.0,0.67,1270.19,9.99,9945.09,44.53,79.97,1,74.7,63.55,2026,7,30,0,Thursday,3,0,55.290271600392025,33.264287262342464,4.9004489912560825,6.544992146009425,Within Budget,High,Moderate,High,Good,High,Moderate,Low,12.180781793318259,52.3
842,2026-07-30 06:00:00,BLDG_A,2993.68,1332.04,1210.12,539.01,6074.85,6894.27,11.89,525.68,21.01,7821.53,62.94,81.08,14,82.78,80.14,2026,7,30,6,Thursday,3,0,49.27989991522424,21.92712577265282,19.9201626377606,8.87281167436233,Within Budget,Moderate,Very High,Very High,Good,High,High,Very High,8.653382388042502,61.95
843,2026-07-30 12:00:00,BLDG_C,1946.24,1791.72,768.5,2111.41,6617.87,7153.4,7.49,199.89,4.24,3137.19,63.1,75.06,1,59.87,83.45,2026,7,30,12,Thursday,3,0,29.408858137134757,27.073967908103363,11.612497676744935,31.904676278016943,Within Budget,Low,Low,Very High,Good,Moderate,High,Low,3.0204582441178203,50.57
844,2026-07-30 18:00:00,BLDG_B,5274.69,2044.13,1419.73,716.34,9454.89,10297.28,8.18,917.03,10.28,5311.99,29.53,77.63,3,91.66,81.83,2026,7,30,18,Thursday,3,0,55.787957342708374,21.619817893174854,15.015827788583474,7.576396975533297,Within Budget,Moderate,High,Moderate,Good,Very High,High,Low,9.69900231520409,52.28
845,2026-07-31 00:00:00,BLDG_C,2299.82,1086.44,1569.18,2473.39,7428.83,8726.9,14.87,531.22,6.38,9716.6,41.62,67.92,5,93.07,72.3,2026,7,31,0,Friday,4,0,30.958037806760956,14.624644796017677,21.122841685702866,33.2944757115185,Within Budget,Moderate,Moderate,High,Fair,Very High,High,Moderate,7.150789559055733,52.25
846,2026-07-31 06:00:00,BLDG_B,3280.12,926.91,944.72,1738.7,6890.45,7526.9,8.46,314.56,6.28,6695.05,16.06,83.09,12,88.41,54.58,2026,7,31,6,Friday,4,0,47.60385751293457,13.452096742593008,13.710570427185454,25.233475317286967,Within Budget,Low,Moderate,Moderate,Good,Very High,Moderate,High,4.56515902444688,48.46
847,2026-07-31 12:00:00,BLDG_C,1817.94,3023.22,1227.97,1801.73,7870.86,7904.22,0.42,324.86,18.68,3951.84,11.79,88.84,6,73.6,78.21,2026,7,31,12,Friday,4,0,23.097094853675458,38.4102880752548,15.601471757851112,22.891145313218633,Within Budget,Low,Very High,Low,Good,High,High,Moderate,4.127376169821342,48.23
848,2026-07-31 18:00:00,BLDG_A,5003.85,3435.02,902.81,897.78,10239.46,10705.34,4.35,841.01,20.53,3572.62,32.67,76.33,5,66.01,42.05,2026,7,31,18,Friday,4,0,48.868299695491764,33.546886261580205,8.816968863592416,8.76784517933563,Within Budget,Moderate,Very High,High,Good,Moderate,Low,Moderate,8.213421410894716,48.89
849,2026-08-01 00:00:00,BLDG_A,2585.52,1833.23,1064.9,980.62,6464.27,7079.18,8.69,790.02,18.0,3002.56,47.32,97.15,13,47.9,81.5,2026,8,1,0,Saturday,5,1,39.997091705637295,28.359428056068204,16.4736312066173,15.169849031677204,Within Budget,Moderate,Very High,High,Excellent,Low,High,Very High,12.221333576722506,52.59
850,2026-08-01 06:00:00,BLDG_A,4879.83,945.42,687.17,1818.7,8331.12,9038.26,7.82,1296.55,21.58,9972.89,40.36,62.17,13,92.36,80.57,2026,8,1,6,Saturday,5,1,58.5735171261487,11.34805404315386,8.248230730081909,21.830198100615522,Within Budget,High,Very High,High,Fair,Very High,High,Very High,15.562733462007508,54.12
851,2026-08-01 12:00:00,BLDG_B,6461.19,884.27,1994.01,2319.45,11658.92,13665.12,14.68,670.79,7.89,7191.39,32.49,82.39,13,92.59,74.84,2026,8,1,12,Saturday,5,1,55.418426406562524,7.584493246372734,17.10287059178723,19.894209755277505,Within Budget,Moderate,Moderate,High,Good,Very High,High,Very High,5.753448861472589,53.84
852,2026-08-01 18:00:00,BLDG_A,2141.55,3195.69,418.02,2464.78,8220.04,9111.32,9.78,770.19,6.53,8655.31,54.63,82.18,5,45.93,45.09,2026,8,1,18,Saturday,5,1,26.052792930448028,38.87681811767339,5.085376713495311,29.98501223838327,Within Budget,Moderate,Moderate,Very High,Good,Low,Low,Moderate,9.369662434732676,47.32
853,2026-08-02 00:00:00,BLDG_B,2162.27,1998.68,1988.34,896.06,7045.35,8017.1,12.12,625.58,13.37,10391.39,53.28,61.38,9,62.84,91.86,2026,8,2,0,Sunday,6,1,30.69073928193773,28.36878224644624,28.222018778343163,12.718459693272866,Within Budget,Moderate,High,Very High,Fair,Moderate,Very High,High,8.879331757826083,47.72
854,2026-08-02 06:00:00,BLDG_A,3399.79,1596.08,1429.02,768.24,7193.13,7868.31,8.58,769.73,18.92,11848.91,49.72,68.53,2,89.0,79.33,2026,8,2,6,Sunday,6,1,47.26440367406122,22.188949733982284,19.86645591001414,10.680190681942353,Within Budget,Moderate,Very High,High,Fair,Very High,High,Low,10.700904891194792,56.54
855,2026-08-02 12:00:00,BLDG_A,5872.02,2034.09,996.98,612.8,9515.89,10352.63,8.08,1441.07,4.72,3369.06,12.39,94.41,12,49.04,78.21,2026,8,2,12,Sunday,6,1,61.70752289065974,21.375719979949327,10.47700215113878,6.439754978252166,Within Budget,High,Low,Low,Excellent,Low,High,High,15.143827850048709,40.14
856,2026-08-02 18:00:00,BLDG_B,2812.99,1591.25,1701.5,2236.59,8342.33,9086.94,8.19,943.07,21.92,2580.38,53.4,80.69,12,54.83,43.33,2026,8,2,18,Sunday,6,1,33.7194764532211,19.074407269911404,20.39598049945279,26.810135777414708,Within Budget,Moderate,Very High,Very High,Good,Moderate,Low,High,11.30463551549747,52.71
857,2026-08-03 00:00:00,BLDG_B,3493.78,2069.3,1313.95,1089.43,7966.46,8621.18,7.59,1250.72,14.84,5812.98,60.41,76.58,1,93.93,60.73,2026,8,3,0,Monday,0,0,43.85611676955637,25.975150819812065,16.493524099788363,13.675208310843212,Within Budget,High,High,Very High,Good,Very High,Moderate,Low,15.69982150164565,61.44
858,2026-08-03 06:00:00,BLDG_A,2121.98,3106.76,1298.4,503.62,7030.76,7788.09,9.72,757.79,21.62,903.32,11.39,75.79,6,87.36,44.48,2026,8,3,6,Monday,0,0,30.181374417559407,44.188110531436145,18.467420307335196,7.163094743669247,Within Budget,Moderate,Very High,Low,Good,Very High,Low,Moderate,10.778208899180173,49.04
859,2026-08-03 12:00:00,BLDG_B,5386.83,2358.44,598.26,947.64,9291.17,9756.55,4.77,1120.3,10.57,9604.76,30.9,93.75,9,90.6,58.77,2026,8,3,12,Monday,0,0,57.97795110841799,25.383670732534224,6.4390168299579065,10.199361329089877,Within Budget,High,High,High,Excellent,Very High,Moderate,High,12.057684877146796,56.46
860,2026-08-03 18:00:00,BLDG_A,3719.04,2645.03,1101.13,1180.88,8646.08,10186.91,15.13,826.63,12.24,10663.24,64.34,73.95,7,52.11,69.67,2026,8,3,18,Monday,0,0,43.01417521003738,30.59224527184574,12.735598097634998,13.657981420481885,Within Budget,Moderate,High,Very High,Fair,Moderate,Moderate,Moderate,9.560748917428477,50.66
861,2026-08-04 00:00:00,BLDG_B,5368.47,1721.08,833.92,2481.97,10405.44,11098.62,6.25,1596.86,17.54,8389.46,42.16,92.65,8,55.57,85.7,2026,8,4,0,Tuesday,1,0,51.59291678199096,16.540194359873293,8.014269459052187,23.85261939908355,Within Budget,High,Very High,High,Excellent,Moderate,Very High,High,15.346395731463542,51.98
862,2026-08-04 06:00:00,BLDG_C,6046.96,2767.82,428.25,1547.08,10790.11,11108.47,2.87,1818.93,18.27,3581.94,37.27,71.75,5,75.27,54.71,2026,8,4,6,Tuesday,1,0,56.04169002910999,25.65145304357416,3.9689122724420787,14.337944654873766,Within Budget,High,Very High,High,Fair,High,Moderate,Moderate,16.857381435407053,50.64
863,2026-08-04 12:00:00,BLDG_C,2893.99,2566.53,1048.18,909.43,7418.13,7561.37,1.89,933.73,8.19,1916.29,18.11,80.2,10,70.09,72.42,2026,8,4,12,Tuesday,1,0,39.01239261107584,34.59807256006568,14.129976153019697,12.25955867583879,Within Budget,Moderate,Moderate,Moderate,Good,High,High,High,12.587134493463987,44.15
864,2026-08-04 18:00:00,BLDG_C,5594.76,1034.77,561.68,1169.64,8360.85,8383.3,0.27,1280.19,20.74,4894.66,40.23,65.47,4,59.93,48.56,2026,8,4,18,Tuesday,1,0,66.91616283033423,12.37637321564195,6.717977239156305,13.989486714867509,Within Budget,High,Very High,High,Fair,Moderate,Low,Moderate,15.311720698254364,46.59
865,2026-08-05 00:00:00,BLDG_C,2077.74,2303.4,862.29,1160.62,6404.05,6945.65,7.8,248.8,19.61,10083.36,33.03,91.35,6,89.19,58.41,2026,8,5,0,Wednesday,2,0,32.44415643225771,35.96786408600807,13.464760581194712,18.123218900539502,Within Budget,Low,Very High,High,Excellent,Very High,Moderate,Moderate,3.8850414971775673,58.3
866,2026-08-05 06:00:00,BLDG_C,6024.58,1418.88,566.53,539.45,8549.44,8870.23,3.62,1418.5,4.33,4500.02,15.26,87.97,3,90.07,89.26,2026,8,5,6,Wednesday,2,0,70.46753939439307,16.596174720215593,6.626515888759965,6.309769996631358,Within Budget,High,Low,Moderate,Good,Very High,Very High,Low,16.591729984653963,49.41
867,2026-08-05 12:00:00,BLDG_A,4858.61,2951.47,581.69,770.37,9162.14,9201.81,0.43,534.51,6.31,893.93,34.47,80.14,1,59.58,78.88,2026,8,5,12,Wednesday,2,0,53.02920496739845,32.213762286976625,6.348844265640998,8.408188479983934,Within Budget,Moderate,Moderate,High,Good,Moderate,High,Low,5.833899067248482,45.12
868,2026-08-05 18:00:00,BLDG_C,5908.87,1892.63,758.22,1890.39,10450.11,11536.96,9.42,715.6,12.93,3654.22,17.37,60.98,11,52.79,68.38,2026,8,5,18,Wednesday,2,0,56.543615330364936,18.111101222857943,7.255617404984253,18.089666041792864,Within Budget,Moderate,High,Moderate,Fair,Moderate,Moderate,High,6.847774808112067,36.02
869,2026-08-06 00:00:00,BLDG_C,1800.89,3485.12,2199.73,740.5,8226.24,9344.97,11.97,312.59,12.3,11884.37,49.65,78.29,4,52.45,53.09,2026,8,6,0,Thursday,3,0,21.892018710856966,42.365892558447115,26.74040630956549,9.001682421130432,Within Budget,Low,High,High,Good,Moderate,Moderate,Moderate,3.79991344769907,48.17
870,2026-08-06 06:00:00,BLDG_C,2594.68,959.0,403.93,961.47,4919.08,5003.44,1.69,859.9,16.75,8281.69,63.5,68.56,9,69.22,59.74,2026,8,6,6,Thursday,3,0,52.747261683078946,19.495515421582898,8.211494832367027,19.545728062971126,Within Budget,Moderate,Very High,Very High,Fair,Moderate,Moderate,High,17.48091106467063,54.51
871,2026-08-06 12:00:00,BLDG_C,3631.87,2884.97,1549.61,1201.47,9267.92,10122.28,8.44,1462.49,5.61,10859.83,34.77,75.71,4,51.65,48.15,2026,8,6,12,Thursday,3,0,39.18754154114407,31.128559590501425,16.720148641766436,12.963750226588058,Within Budget,High,Moderate,High,Good,Moderate,Low,Moderate,15.780131895829916,41.94
872,2026-08-06 18:00:00,BLDG_B,3583.66,2586.36,654.24,2015.47,8839.73,10154.43,12.95,1476.04,15.61,9410.95,44.04,92.54,1,68.67,58.38,2026,8,6,18,Thursday,3,0,40.54037849572328,29.258359701031594,7.4011310300201485,22.800130773224975,Within Budget,High,Very High,High,Excellent,Moderate,Moderate,Low,16.697795068401412,55.22
873,2026-08-07 00:00:00,BLDG_A,2865.63,2849.0,2057.13,1664.8,9436.56,11297.09,16.47,1482.32,15.09,6706.61,32.57,89.24,14,68.1,47.83,2026,8,7,0,Friday,4,0,30.367316055850864,30.191086582398675,21.799575268953944,17.642022092796527,Within Budget,High,Very High,High,Good,Moderate,Low,Very High,15.70826657171681,51.25
874,2026-08-07 06:00:00,BLDG_C,3593.58,1561.08,568.54,1878.0,7601.2,8615.49,11.77,774.79,8.21,2209.92,15.89,69.19,4,89.21,81.36,2026,8,7,6,Friday,4,0,47.27648266063253,20.537283586802083,7.479608482871125,24.70662526969426,Within Budget,Moderate,Moderate,Moderate,Fair,Very High,High,Moderate,10.19299584276167,45.62
875,2026-08-07 12:00:00,BLDG_C,2405.59,2077.75,2119.11,1634.02,8236.47,8639.79,4.67,1388.77,13.76,4509.41,63.32,97.43,7,59.81,44.2,2026,8,7,12,Friday,4,0,29.206565433978394,25.226219484803565,25.728376355404688,19.838838725813364,Within Budget,High,High,Very High,Excellent,Moderate,Low,Moderate,16.861228171777473,58.58
876,2026-08-07 18:00:00,BLDG_C,3739.98,2930.22,1499.67,1867.18,10037.05,11475.47,12.53,1760.71,8.0,7213.01,15.39,94.32,3,73.03,49.85,2026,8,7,18,Friday,4,0,37.26174523390837,29.194036096263343,14.941342326679655,18.602876343148637,Within Budget,High,Moderate,Moderate,Excellent,High,Low,Low,17.542106495434417,47.68
877,2026-08-08 00:00:00,BLDG_A,5571.07,1351.12,402.28,505.68,7830.15,8766.53,10.68,825.18,6.64,10512.27,14.36,80.09,10,82.17,75.94,2026,8,8,0,Saturday,5,1,71.1489562779768,17.255352707163972,5.137577185622242,6.458113829236989,Within Budget,Moderate,Moderate,Low,Good,High,High,High,10.53849543112201,45.82
878,2026-08-08 06:00:00,BLDG_B,4051.63,1332.89,2009.21,2361.8,9755.53,10168.77,4.06,549.66,14.32,3589.76,34.17,80.15,6,74.8,86.93,2026,8,8,6,Saturday,5,1,41.531623602203055,13.662917340216268,20.59560064906776,24.209858408512915,Within Budget,Moderate,High,High,Good,High,Very High,Moderate,5.634342777891104,50.86
879,2026-08-08 12:00:00,BLDG_A,1884.6,2242.94,1339.08,721.84,6188.46,7241.87,14.55,797.03,21.59,1894.11,45.56,94.25,15,92.7,90.16,2026,8,8,12,Saturday,5,1,30.453456918199358,36.2439120556649,21.638339748499625,11.664291277636117,Within Budget,Moderate,Very High,High,Excellent,Very High,Very High,Very High,12.879294687208127,63.53
880,2026-08-08 18:00:00,BLDG_B,3780.79,2165.98,872.81,1312.5,8132.08,8827.22,7.87,1433.81,8.26,6926.57,28.23,84.17,14,75.11,83.47,2026,8,8,18,Saturday,5,1,46.4922873360813,26.635006050112644,10.732924417861113,16.13978219594495,Within Budget,High,Moderate,Moderate,Good,High,High,Very High,17.631528465042155,48.94
881,2026-08-09 00:00:00,BLDG_C,1927.72,1490.33,1781.1,2042.08,7241.23,8634.41,16.14,1164.55,10.4,2529.76,18.97,80.39,1,90.09,51.0,2026,8,9,0,Sunday,6,1,26.621444146919792,20.581171983212798,24.59665001664082,28.200733853226595,Within Budget,High,High,Moderate,Good,Very High,Moderate,Low,16.082212552287388,49.96
882,2026-08-09 06:00:00,BLDG_C,6341.34,1534.61,2068.0,1370.46,11314.41,12950.25,12.63,1802.07,8.62,7519.16,54.68,88.47,11,57.25,54.86,2026,8,9,6,Sunday,6,1,56.04658130649322,13.563323231171577,18.27757700136375,12.112518460971453,Within Budget,High,Moderate,Very High,Good,Moderate,Moderate,High,15.927211405632285,52.26
883,2026-08-09 12:00:00,BLDG_A,2399.03,1477.97,1270.64,2393.69,7541.33,8513.5,11.42,1282.57,8.8,3530.5,28.7,68.93,4,73.04,85.28,2026,8,9,12,Sunday,6,1,31.811762646641906,19.598267149163345,16.84901734839876,31.740952855795996,Within Budget,High,Moderate,Moderate,Fair,High,Very High,Moderate,17.007212255663127,44.87
884,2026-08-09 18:00:00,BLDG_A,5126.14,2860.23,968.0,1435.18,10389.55,11903.0,12.71,1704.85,11.28,3156.07,19.08,93.38,3,72.17,86.25,2026,8,9,18,Sunday,6,1,49.339384285171164,27.529873767391276,9.317054155377278,13.813687792060293,Within Budget,High,High,Moderate,Excellent,High,Very High,Low,16.409276628920406,48.98
885,2026-08-10 00:00:00,BLDG_B,6372.05,2525.32,1820.1,2249.88,12967.35,14207.28,8.73,1898.97,16.63,5090.58,28.81,80.19,14,94.47,73.31,2026,8,10,0,Monday,0,0,49.13918418181047,19.474449289947447,14.036021237955326,17.350345290286757,Within Budget,High,Very High,Moderate,Good,Very High,High,Very High,14.644241113257529,55.02
886,2026-08-10 06:00:00,BLDG_B,5682.38,3030.77,1627.21,2121.66,12462.02,13721.25,9.18,1716.53,4.7,7321.71,20.23,82.93,1,55.23,56.31,2026,8,10,6,Monday,0,0,45.59758369830894,24.3200540522323,13.057353462761254,17.025008786697498,Within Budget,High,Low,Moderate,Good,Moderate,Moderate,Low,13.774091198698123,40.77
887,2026-08-10 12:00:00,BLDG_A,5086.78,3431.32,1999.75,2461.97,12979.82,15189.52,14.55,904.89,21.23,6771.15,37.61,63.42,3,52.05,51.65,2026,8,10,12,Monday,0,0,39.18991172450774,26.435805735364593,15.406608103964462,18.96767443616321,Within Budget,Moderate,Very High,High,Fair,Moderate,Moderate,Low,6.971514242878561,43.58
888,2026-08-10 18:00:00,BLDG_B,5745.47,2027.66,1646.53,2353.1,11772.76,13376.04,11.99,1450.42,4.83,3314.45,46.09,71.76,15,75.58,84.32,2026,8,10,18,Monday,0,0,48.803084408414,17.223318915870195,13.98593023216306,19.987666443552744,Within Budget,High,Low,High,Fair,High,High,Very High,12.32013563514418,49.56
889,2026-08-11 00:00:00,BLDG_A,6414.45,886.74,838.35,2296.25,10435.79,12308.48,15.21,1129.4,19.86,10747.84,53.57,76.22,4,56.18,50.67,2026,8,11,0,Tuesday,1,0,61.46587848164824,8.4971046753528,8.033411941022193,22.003604901976754,Within Budget,High,Very High,Very High,Good,Moderate,Moderate,Moderate,10.822371856850319,51.46
890,2026-08-11 06:00:00,BLDG_B,4720.32,834.66,2076.99,1963.21,9595.18,11304.71,15.12,1528.43,20.1,1763.64,20.97,75.73,5,76.96,74.41,2026,8,11,6,Tuesday,1,0,49.19469983887743,8.698742493627009,21.646180686553038,20.460376980942517,Within Budget,High,Very High,Moderate,Good,High,High,Moderate,15.92914359084457,48.44
891,2026-08-11 12:00:00,BLDG_A,4428.17,1527.86,588.7,1234.0,7778.73,9297.9,16.34,807.1,13.44,953.88,17.52,89.57,6,93.62,90.33,2026,8,11,12,Tuesday,1,0,56.926644837910565,19.641509603752798,7.568073451578858,15.863772106757787,Within Budget,Moderate,High,Moderate,Good,Very High,Very High,Moderate,10.37572971423356,53.54
892,2026-08-11 18:00:00,BLDG_A,4752.72,3311.12,882.3,712.25,9658.39,11010.98,12.28,474.82,6.47,7431.12,9.12,70.73,2,92.33,76.68,2026,8,11,18,Tuesday,1,0,49.208201366894485,34.282318274577854,9.135062883151333,7.374417475376331,Within Budget,Low,Moderate,Low,Fair,Very High,High,Low,4.916140267684366,44.66
893,2026-08-12 00:00:00,BLDG_A,4303.58,2165.0,1336.35,1877.29,9682.22,10654.9,9.13,297.69,14.17,1919.18,21.0,66.92,2,56.56,53.4,2026,8,12,0,Wednesday,2,0,44.448277357878666,22.360574331093492,13.802103236654403,19.38904507437344,Within Budget,Low,High,Moderate,Fair,Moderate,Moderate,Low,3.0746047910499863,39.66
894,2026-08-12 06:00:00,BLDG_B,4784.92,1461.0,1418.34,2457.31,10121.57,10458.24,3.22,1332.82,15.32,6306.24,9.36,82.14,6,53.54,54.69,2026,8,12,6,Wednesday,2,0,47.274484096834776,14.434519545880727,14.01304343100922,24.277952926275272,Within Budget,High,Very High,Low,Good,Moderate,Moderate,Moderate,13.168115223231178,40.09
895,2026-08-12 12:00:00,BLDG_B,3914.26,1817.67,427.56,1953.21,8112.7,9257.21,12.36,912.57,19.44,11445.39,27.69,83.37,5,73.04,44.83,2026,8,12,12,Wednesday,2,0,48.24854857199207,22.40524116508684,5.270255278760462,24.07595498416064,Within Budget,Moderate,Very High,Moderate,Good,High,Low,Moderate,11.248659509164643,50.89
896,2026-08-12 18:00:00,BLDG_B,2826.68,2376.07,1805.03,2357.46,9365.24,9911.38,5.51,745.89,13.92,8533.67,16.3,64.62,1,74.34,75.68,2026,8,12,18,Wednesday,2,0,30.18267551071836,25.371159735361832,19.2737185592681,25.172446194651716,Within Budget,Moderate,High,Moderate,Fair,High,High,Low,7.964451525000961,42.3
897,2026-08-13 00:00:00,BLDG_A,2365.16,2528.26,1050.89,2108.61,8052.92,8508.63,5.36,445.7,11.39,7600.75,41.05,60.09,3,78.11,66.96,2026,8,13,0,Thursday,3,0,29.370216021020944,31.39556831559236,13.049800569234515,26.184415094152186,Within Budget,Low,High,High,Fair,High,Moderate,Low,5.534638367200966,47.66
898,2026-08-13 06:00:00,BLDG_B,2121.2,1130.97,1131.55,826.23,5209.95,5458.24,4.55,521.03,19.09,7110.26,29.87,94.87,11,82.07,50.74,2026,8,13,6,Thursday,3,0,40.71440224954174,21.707885872225262,21.71901841668346,15.858693461549537,Within Budget,Moderate,Very High,Moderate,Excellent,High,Moderate,High,10.000671791475927,56.48
899,2026-08-13 12:00:00,BLDG_B,3037.58,3435.69,1856.87,998.41,9328.55,10961.27,14.9,420.19,21.66,2564.7,13.33,63.03,5,75.05,51.84,2026,8,13,12,Thursday,3,0,32.56218812141223,36.829839578498266,19.905237148324233,10.70273515176528,Within Budget,Low,Very High,Low,Fair,High,Moderate,Moderate,4.504344190683439,43.27
900,2026-08-13 18:00:00,BLDG_A,2016.78,2225.36,1082.71,1183.73,6508.58,7638.42,14.79,523.4,15.61,5475.45,30.79,94.12,15,50.59,40.47,2026,8,13,18,Thursday,3,0,30.986482458539342,34.19117534085776,16.63511856656905,18.187223634033845,Within Budget,Moderate,Very High,High,Excellent,Moderate,Low,Very High,8.041692657999134,47.78
901,2026-08-14 00:00:00,BLDG_C,4465.7,1079.93,485.0,836.52,6867.15,7733.74,11.21,596.63,19.74,4439.02,19.93,75.17,13,84.51,90.88,2026,8,14,0,Friday,4,0,65.02988867288467,15.726028993104856,7.06260967067852,12.18147266333195,Within Budget,Moderate,Very High,Moderate,Good,High,Very High,Very High,8.688174861478197,49.84
902,2026-08-14 06:00:00,BLDG_A,3133.99,3202.18,717.59,1663.3,8717.06,9541.66,8.64,870.34,14.78,11460.35,46.77,84.82,12,48.98,83.06,2026,8,14,6,Friday,4,0,35.95237385081667,36.73463300700007,8.232018593424849,19.080974548758412,Within Budget,Moderate,High,High,Good,Low,High,High,9.984329579009438,48.84
903,2026-08-14 12:00:00,BLDG_B,5675.31,908.99,2120.63,2450.9,11155.83,12655.43,11.85,1115.51,16.42,3286.68,28.77,67.05,12,46.0,60.5,2026,8,14,12,Friday,4,0,50.87304127079742,8.148116276422284,19.009163818380166,21.96967863440013,Within Budget,High,Very High,Moderate,Fair,Low,Moderate,High,9.999345633628336,39.56
904,2026-08-14 18:00:00,BLDG_A,2148.93,3241.66,526.73,2022.92,7940.24,8904.55,10.83,544.31,16.39,5922.44,16.38,91.31,2,83.48,89.2,2026,8,14,18,Friday,4,0,27.063791522674375,40.82571811431392,6.633678578985018,25.476811784026683,Within Budget,Moderate,Very High,Moderate,Excellent,High,Very High,Low,6.855082466021177,51.89
905,2026-08-15 00:00:00,BLDG_C,2863.85,3490.38,1038.88,1346.77,8739.88,9466.57,7.68,1376.81,16.69,11287.91,27.93,66.85,1,72.42,75.21,2026,8,15,0,Saturday,5,1,32.76761236996389,39.93624626425078,11.886662059433313,15.409479306352033,Within Budget,High,Very High,Moderate,Fair,High,High,Low,15.753191119328871,45.97
906,2026-08-15 06:00:00,BLDG_A,5232.16,2661.21,1305.72,509.01,9708.1,10445.2,7.06,808.99,9.78,9575.58,20.79,74.69,9,79.93,79.08,2026,8,15,6,Saturday,5,1,53.89478888762992,27.412263985743863,13.449799651837125,5.243147474789094,Within Budget,Moderate,Moderate,Moderate,Fair,High,High,High,8.333144487592834,46.3
907,2026-08-15 12:00:00,BLDG_B,4614.4,2857.25,1287.91,1126.55,9886.11,10642.98,7.11,637.04,14.36,11591.93,53.36,69.04,15,64.14,75.36,2026,8,15,12,Saturday,5,1,46.6755882748624,28.90166101732633,13.027469854169132,11.395280853642129,Within Budget,Moderate,High,Very High,Fair,Moderate,High,Very High,6.44378830500571,50.22
908,2026-08-15 18:00:00,BLDG_C,2103.11,1644.45,407.13,1553.52,5708.21,6380.79,10.54,321.78,14.69,7495.8,64.05,91.83,5,45.55,79.36,2026,8,15,18,Saturday,5,1,36.8435989565906,28.808505643625587,7.132358480154023,27.215536919629795,Within Budget,Low,High,Very High,Excellent,Low,High,Moderate,5.637143693031615,54.03
909,2026-08-16 00:00:00,BLDG_B,5923.03,3336.42,1302.09,1148.5,11710.04,13226.89,11.47,917.91,9.67,4338.55,9.45,92.62,2,61.55,48.89,2026,8,16,0,Sunday,6,1,50.58078366939822,28.491960744796774,11.119432555311509,9.80782303049349,Within Budget,Moderate,Moderate,Low,Excellent,Moderate,Low,Low,7.838658108768201,43.32
910,2026-08-16 06:00:00,BLDG_C,5923.13,2183.2,1090.79,722.07,9919.19,10815.37,8.29,398.09,10.3,10006.47,47.33,74.14,10,75.41,69.24,2026,8,16,6,Sunday,6,1,59.7138476024756,22.009861692335765,10.996764856807864,7.279525848380765,Within Budget,Low,High,High,Fair,High,Moderate,High,4.013331733740355,51.79
911,2026-08-16 12:00:00,BLDG_C,3352.92,2750.69,2149.74,1385.53,9638.88,11506.3,16.23,336.75,17.72,3851.75,23.05,71.68,4,56.29,84.17,2026,8,16,12,Sunday,6,1,34.785369254519196,28.537444184386572,22.30279866540511,14.374387895689129,Within Budget,Low,Very High,Moderate,Fair,Moderate,High,Moderate,3.4936631641850506,42.18
912,2026-08-16 18:00:00,BLDG_A,3399.91,3287.5,686.49,1006.51,8380.41,8520.94,1.65,1012.11,14.49,2394.89,11.79,89.4,3,79.39,41.02,2026,8,16,18,Sunday,6,1,40.569733461728,39.22839097371131,8.191603990735537,12.010271573825147,Within Budget,High,High,Low,Good,High,Low,Low,12.077094080122572,48.77
913,2026-08-17 00:00:00,BLDG_A,6448.43,3430.5,1037.48,2318.46,13234.87,14153.49,6.49,1626.2,6.69,8622.32,8.82,93.38,7,84.72,46.42,2026,8,17,0,Monday,0,0,48.72303241361645,25.920163930586398,7.83898897382445,17.517814681972695,Within Budget,High,Moderate,Low,Excellent,High,Low,Moderate,12.287238182165748,48.4
914,2026-08-17 06:00:00,BLDG_B,4743.03,3032.97,1155.07,703.51,9634.58,10442.1,7.73,1054.39,19.08,7847.99,58.22,83.71,1,67.71,52.77,2026,8,17,6,Monday,0,0,49.229234694195284,31.480043759042946,11.988794529704458,7.301927017057308,Within Budget,High,Very High,Very High,Good,Moderate,Moderate,Low,10.943808655904046,57.18
915,2026-08-17 12:00:00,BLDG_A,4297.19,1548.45,1103.25,598.31,7547.2,7572.74,0.34,1089.38,19.9,10607.91,28.16,95.24,15,88.79,55.33,2026,8,17,12,Monday,0,0,56.937539749840994,20.51688043247827,14.618004027983888,7.92757578969684,Within Budget,High,Very High,Moderate,Excellent,Very High,Moderate,Very High,14.434227263090948,58.02
916,2026-08-17 18:00:00,BLDG_A,5739.32,3406.33,1598.5,510.63,11254.78,12076.28,6.8,403.74,12.39,11562.13,64.69,74.56,10,87.74,49.5,2026,8,17,18,Monday,0,0,50.99451077675441,30.265629359258906,14.202854253925887,4.537005610060792,Within Budget,Low,High,Very High,Fair,Very High,Low,High,3.5872758063684937,59.84
917,2026-08-18 00:00:00,BLDG_C,3140.86,2458.73,787.92,1156.14,7543.65,7956.6,5.19,1285.41,7.76,10357.77,33.22,65.77,12,88.9,72.47,2026,8,18,0,Tuesday,1,0,41.635812902242286,32.59337323444221,10.444811198822851,15.326002664492655,Within Budget,High,Moderate,High,Fair,Very High,High,High,17.03962935714144,48.91
918,2026-08-18 06:00:00,BLDG_A,3817.16,3305.8,797.93,1820.77,9741.66,10727.59,9.19,431.16,21.06,1190.25,18.69,66.83,12,78.05,55.29,2026,8,18,6,Tuesday,1,0,39.18387625928229,33.93466821876354,8.190903809001751,18.690551712952413,Within Budget,Low,Very High,Moderate,Fair,High,Moderate,High,4.42593972690486,46.16
919,2026-08-18 12:00:00,BLDG_C,3058.55,2593.09,1712.58,1960.83,9325.05,9952.46,6.3,1222.55,19.88,8141.9,52.3,85.45,4,60.24,48.22,2026,8,18,12,Tuesday,1,0,32.79928793947486,27.80778655342331,18.365370695063298,21.02755481203854,Within Budget,High,Very High,Very High,Good,Moderate,Low,Moderate,13.110385467102054,54.47
920,2026-08-18 18:00:00,BLDG_C,5509.06,1560.27,1300.52,1406.52,9776.37,11196.26,12.68,488.91,8.4,9524.42,60.81,75.49,7,69.06,87.1,2026,8,18,18,Tuesday,1,0,56.350772321424,15.959604638531477,13.302688012012636,14.386935028031875,Within Budget,Low,Moderate,Very High,Good,Moderate,Very High,Moderate,5.000935930207224,53.44
921,2026-08-19 00:00:00,BLDG_C,4494.74,1736.07,1147.28,1868.66,9246.75,10189.79,9.25,1497.84,5.72,11792.18,54.49,65.94,11,80.53,76.14,2026,8,19,0,Wednesday,2,0,48.60886257333657,18.774920918160433,12.407386378998025,20.20883012950496,Within Budget,High,Moderate,Very High,Fair,High,High,High,16.198556249493066,51.67
922,2026-08-19 06:00:00,BLDG_B,4896.48,2241.32,704.57,1219.83,9062.2,9297.39,2.53,966.09,11.93,4808.6,50.48,71.1,10,55.53,52.8,2026,8,19,6,Wednesday,2,0,54.031912780561,24.73262563174505,7.774822890688796,13.46063869700514,Within Budget,Moderate,High,Very High,Fair,Moderate,Moderate,High,10.660656352762022,47.26
923,2026-08-19 12:00:00,BLDG_B,2985.84,2912.04,737.55,1835.61,8471.04,9741.8,13.04,358.7,16.18,2453.64,27.08,80.16,13,81.94,58.77,2026,8,19,12,Wednesday,2,0,35.24762012692656,34.37641659111514,8.706723141432455,21.669240140525837,Within Budget,Low,Very High,Moderate,Good,High,Moderate,Very High,4.234426941674221,51.34
924,2026-08-19 18:00:00,BLDG_B,2835.06,1590.35,418.99,581.19,5425.59,5533.27,1.95,664.68,7.16,10308.73,11.68,64.61,5,72.4,78.52,2026,8,19,18,Wednesday,2,0,52.25348763913233,29.312019522300798,7.722478108371623,10.712014730195243,Within Budget,Moderate,Moderate,Low,Fair,High,High,Moderate,12.25083354989964,38.96
925,2026-08-20 00:00:00,BLDG_C,4095.36,2323.25,564.57,1281.51,8264.69,9651.59,14.37,259.23,13.24,4150.87,19.47,60.13,4,49.8,81.13,2026,8,20,0,Thursday,3,0,49.55249380194539,28.110552240918896,6.83110921280774,15.505844744327977,Within Budget,Low,High,Moderate,Fair,Low,High,Moderate,3.1365967749546564,35.66
926,2026-08-20 06:00:00,BLDG_B,5266.56,1667.75,1402.31,2081.7,10418.32,12359.09,15.7,1525.28,11.66,7379.32,33.47,94.86,4,72.86,49.17,2026,8,20,6,Thursday,3,0,50.55095255281083,16.007859232582604,13.460039622511113,19.98114859209546,Within Budget,High,High,High,Excellent,High,Low,Moderate,14.64036428138126,53.21
927,2026-08-20 12:00:00,BLDG_B,4268.63,2984.15,2005.37,2106.01,11364.16,12097.02,6.06,1449.93,20.03,4983.79,62.5,71.58,11,48.34,88.7,2026,8,20,12,Thursday,3,0,37.562213133218826,26.259309970996537,17.64644285191338,18.53203404387126,Within Budget,High,Very High,Very High,Fair,Low,Very High,High,12.758796074676878,50.61
928,2026-08-20 18:00:00,BLDG_A,1953.43,2006.84,916.9,1932.3,6809.47,8070.78,15.63,421.46,11.73,5126.75,49.2,68.42,12,45.72,80.83,2026,8,20,18,Thursday,3,0,28.68696095290823,29.47130980825233,13.465071437277789,28.376657801561645,Within Budget,Low,High,High,Fair,Low,High,High,6.189321635898241,43.77
929,2026-08-21 00:00:00,BLDG_B,5882.19,914.82,989.95,908.48,8695.44,10074.55,13.69,749.66,13.61,8923.34,55.21,86.54,14,89.48,84.55,2026,8,21,0,Friday,4,0,67.64683558278821,10.520686704755596,11.384702786747997,10.447774925708186,Within Budget,Moderate,High,Very High,Good,Very High,High,Very High,8.621300359728776,61.21
930,2026-08-21 06:00:00,BLDG_B,2104.03,1164.95,608.09,994.41,4871.48,5770.21,15.58,151.85,21.2,4656.96,23.81,92.43,2,69.5,47.48,2026,8,21,6,Friday,4,0,43.19077569855568,23.91367715766051,12.48265414206771,20.41289300171611,Within Budget,Low,Very High,Moderate,Excellent,Moderate,Low,Low,3.1171225171816372,51.74
931,2026-08-21 12:00:00,BLDG_C,6292.38,871.09,1099.54,2492.18,10755.19,12188.36,11.76,1441.76,9.39,8470.36,46.98,84.03,8,72.16,47.46,2026,8,21,12,Friday,4,0,58.505521520307866,8.099252546909911,10.223343334706312,23.171882598075904,Within Budget,High,Moderate,High,Good,High,Low,High,13.405249000715003,53.14
932,2026-08-21 18:00:00,BLDG_C,1918.17,2098.05,467.0,706.76,5189.98,5434.58,4.5,406.9,9.2,664.78,57.16,69.67,12,59.0,55.88,2026,8,21,18,Friday,4,0,36.95910196185728,40.42501127171975,8.998107892515964,13.61777887390703,Within Budget,Low,Moderate,Very High,Fair,Moderate,Moderate,High,7.840107283650418,48.76
933,2026-08-22 00:00:00,BLDG_C,5063.92,997.74,2051.68,861.33,8974.67,10580.28,15.18,1038.71,18.39,4233.44,35.33,92.74,4,72.14,43.36,2026,8,22,0,Saturday,5,1,56.424581628071,11.117288992241498,22.86078485337065,9.597344526316846,Within Budget,High,Very High,High,Excellent,High,Low,Moderate,11.573796028154797,54.65
934,2026-08-22 06:00:00,BLDG_C,2186.37,1019.59,1611.6,760.05,5577.61,5783.16,3.55,967.77,9.0,4169.01,32.5,79.4,2,53.44,44.74,2026,8,22,6,Saturday,5,1,39.19904762075513,18.280051850165215,28.894096216838395,13.626804312241264,Within Budget,Moderate,Moderate,High,Good,Moderate,Low,Low,17.35098007928127,43.58
935,2026-08-22 12:00:00,BLDG_C,6080.18,3334.94,2183.35,1155.31,12753.78,13297.25,4.09,955.51,18.97,9111.61,49.01,74.49,9,82.28,47.45,2026,8,22,12,Saturday,5,1,47.67355246836624,26.14863985422361,17.11923837481907,9.058569302591074,Within Budget,Moderate,Very High,High,Fair,High,Low,High,7.49197492821736,56.19
936,2026-08-22 18:00:00,BLDG_C,3982.84,3143.43,1989.08,920.35,10035.7,10579.76,5.14,1791.73,5.72,4117.41,39.91,82.98,14,86.17,77.05,2026,8,22,18,Saturday,5,1,39.68671841525753,31.32247875085943,19.820042448459,9.170760385424035,Within Budget,High,Moderate,High,Good,Very High,High,Very High,17.853562780872284,53.7
937,2026-08-23 00:00:00,BLDG_B,2446.36,1965.84,1251.38,1495.38,7158.96,7594.58,5.74,894.22,6.0,7783.26,64.61,86.62,14,87.79,41.57,2026,8,23,0,Sunday,6,1,34.17200263725457,27.459854504006167,17.47991328349369,20.888229575245568,Within Budget,Moderate,Moderate,Very High,Good,Very High,Low,Very High,12.490920468894924,61.26
938,2026-08-23 06:00:00,BLDG_C,3401.83,3460.25,1335.43,1452.04,9649.55,10642.45,9.33,639.89,20.22,8418.03,32.23,82.57,13,50.33,44.33,2026,8,23,6,Sunday,6,1,35.25376831043935,35.859185143348654,13.839298205615808,15.047748340596195,Within Budget,Moderate,Very High,High,Good,Moderate,Low,Very High,6.631293687270391,46.34
939,2026-08-23 12:00:00,BLDG_C,2574.68,700.52,743.04,2303.01,6321.25,7223.24,12.49,603.78,13.73,8071.89,18.03,94.97,12,72.89,89.1,2026,8,23,12,Sunday,6,1,40.73055171050029,11.081985366818271,11.754637136642279,36.43282578603916,Within Budget,Moderate,High,Moderate,Excellent,High,Very High,High,9.551591852877198,49.9
940,2026-08-23 18:00:00,BLDG_A,2601.73,2419.14,1231.67,569.48,6822.02,8085.74,15.63,962.37,16.94,7437.88,34.9,83.86,10,85.44,44.35,2026,8,23,18,Sunday,6,1,38.13723794418662,35.46075795732055,18.054329949193935,8.347674149298888,Within Budget,Moderate,Very High,High,Good,Very High,Low,High,14.106818801469359,55.28
941,2026-08-24 00:00:00,BLDG_B,6256.11,2426.0,2025.45,1139.76,11847.32,12056.87,1.74,1148.85,8.06,5256.59,21.41,93.39,13,51.41,67.95,2026,8,24,0,Monday,0,0,52.80611986508341,20.47720497125088,17.096271561838456,9.620403601827249,Within Budget,High,Moderate,Moderate,Excellent,Moderate,Moderate,Very High,9.697129815013016,43.57
942,2026-08-24 06:00:00,BLDG_B,3892.66,1980.84,491.54,1693.32,8058.36,9596.49,16.03,324.56,6.99,4793.01,39.99,82.3,7,49.98,73.41,2026,8,24,6,Monday,0,0,48.3058587603433,24.581180289786012,6.099752306921012,21.01320864294968,Within Budget,Low,Moderate,High,Good,Low,High,Moderate,4.027618522875623,44.82
943,2026-08-24 12:00:00,BLDG_B,5507.37,1811.45,1954.4,1709.6,10982.82,13006.56,15.56,607.25,19.03,6992.72,15.17,72.53,15,85.85,89.85,2026,8,24,12,Monday,0,0,50.14531786918114,16.49348710076283,17.795065383936006,15.56612964612003,Within Budget,Moderate,Very High,Moderate,Fair,Very High,Very High,Very High,5.529089978712207,48.14
944,2026-08-24 18:00:00,BLDG_C,4806.15,1975.07,1013.71,1460.25,9255.18,9355.13,1.07,1376.2,10.46,1232.59,62.15,80.23,3,84.84,86.79,2026,8,24,18,Monday,0,0,51.92929797151432,21.340157619840998,10.952893406719264,15.777651001925408,Within Budget,High,High,Very High,Good,High,Very High,Low,14.869510911727271,59.42
945,2026-08-25 00:00:00,BLDG_C,4979.2,1861.89,2019.12,2131.33,10991.54,11783.64,6.72,1398.74,12.19,10571.93,57.01,63.28,15,67.43,62.92,2026,8,25,0,Tuesday,1,0,45.300294590203,16.939300589362364,18.36976438242503,19.390640438009594,Within Budget,High,High,Very High,Fair,Moderate,Moderate,Very High,12.725605329189541,49.98
946,2026-08-25 06:00:00,BLDG_C,2418.96,2745.38,2093.58,625.44,7883.36,9165.42,13.99,910.32,4.5,9991.12,16.87,68.75,7,50.49,88.99,2026,8,25,6,Tuesday,1,0,30.684378234661363,34.82499847780642,26.556950335897383,7.933672951634837,Within Budget,Moderate,Low,Moderate,Fair,Moderate,Very High,Moderate,11.547360516328064,35.15
947,2026-08-25 12:00:00,BLDG_A,2900.67,1079.0,1607.56,2130.98,7718.21,8662.27,10.9,425.61,10.95,4483.42,17.83,89.12,1,70.81,62.48,2026,8,25,12,Tuesday,1,0,37.58215959399912,13.979925397209975,20.828145386041584,27.609769622749315,Within Budget,Low,High,Moderate,Good,High,Moderate,Low,5.5143614905528615,47.18
948,2026-08-25 18:00:00,BLDG_C,5497.73,1253.39,1595.96,1489.51,9836.59,11369.32,13.48,1531.2,17.87,7018.42,37.21,85.14,12,64.74,74.84,2026,8,25,18,Tuesday,1,0,55.89060843239374,12.742118966023796,16.224728284903613,15.14254431667885,Within Budget,High,Very High,High,Good,Moderate,High,High,15.566370053036675,51.24
949,2026-08-26 00:00:00,BLDG_A,6362.6,1205.45,1214.96,767.52,9550.53,10923.96,12.57,1662.85,18.78,11220.62,52.05,66.33,1,70.93,53.5,2026,8,26,0,Wednesday,2,0,66.62038651258098,12.621812611446694,12.7213882370926,8.036412638879726,Within Budget,High,Very High,Very High,Fair,High,Moderate,Low,17.411075615698813,52.02
950,2026-08-26 06:00:00,BLDG_B,3034.58,1434.92,1903.97,2271.4,8644.87,9503.77,9.04,312.37,16.58,3623.82,20.49,76.64,4,66.99,73.11,2026,8,26,6,Wednesday,2,0,35.10266782496439,16.59851449472346,22.024275668691374,26.27454201162076,Within Budget,Low,Very High,Moderate,Good,Moderate,High,Moderate,3.6133568231795268,45.18
951,2026-08-26 12:00:00,BLDG_C,3076.37,2170.72,2130.9,1798.46,9176.45,9252.1,0.82,382.7,16.46,9038.24,11.48,65.4,4,73.43,67.99,2026,8,26,12,Wednesday,2,0,33.52462008728865,23.655335124149314,23.221398253137103,19.59864653542492,Within Budget,Low,Very High,Low,Fair,High,Moderate,Moderate,4.17045807474568,41.69
952,2026-08-26 18:00:00,BLDG_A,4022.62,1011.38,1795.15,827.09,7656.24,8550.9,10.46,1245.74,13.11,1451.42,39.1,92.52,4,81.36,71.56,2026,8,26,18,Wednesday,2,0,52.54041148135378,13.209878478208626,23.446887767363616,10.802822273073991,Within Budget,High,High,High,Excellent,High,High,Moderate,16.270911047720553,56.52
953,2026-08-27 00:00:00,BLDG_A,6424.05,3130.87,1519.49,567.3,11641.71,11754.79,0.96,1773.41,13.69,6518.78,47.42,64.15,9,83.74,75.5,2026,8,27,0,Thursday,3,0,55.181326454618784,26.893557733357042,13.05212035001731,4.8729954620068705,Within Budget,High,High,High,Fair,High,High,High,15.233243226295794,52.25
954,2026-08-27 06:00:00,BLDG_C,3064.11,1532.61,1492.23,782.22,6871.17,7700.83,10.77,843.03,17.37,10665.64,21.93,84.86,6,77.45,49.02,2026,8,27,6,Thursday,3,0,44.59371548076965,22.304934967407295,21.71726212566419,11.384087426158864,Within Budget,Moderate,Very High,Moderate,Good,High,Low,Moderate,12.269089543702163,50.4
955,2026-08-27 12:00:00,BLDG_B,3712.77,1155.11,1929.05,1717.6,8514.53,9877.55,13.8,1462.33,8.45,6844.66,50.17,83.07,3,54.95,55.67,2026,8,27,12,Thursday,3,0,43.60510797425107,13.566338952355558,22.655977487894223,20.17257558549914,Within Budget,High,Moderate,Very High,Good,Moderate,Moderate,Low,17.174524019528967,49.16
956,2026-08-27 18:00:00,BLDG_B,5989.96,2591.74,1374.17,858.59,10814.46,12079.73,10.47,1373.05,8.17,7586.91,62.19,77.97,6,64.86,78.28,2026,8,27,18,Thursday,3,0,55.38843363422677,23.9655054436375,12.706783325288551,7.939277596847186,Within Budget,High,Moderate,Very High,Good,Moderate,High,Moderate,12.696426821126531,53.3
957,2026-08-28 00:00:00,BLDG_B,1813.73,806.64,1846.95,951.53,5418.85,6499.39,16.63,338.12,21.1,10937.85,15.81,70.57,2,48.56,48.52,2026,8,28,0,Friday,4,0,33.470754864962124,14.8858152560045,34.08380006828017,17.5596298107532,Within Budget,Low,Very High,Moderate,Fair,Low,Low,Low,6.239700305415355,39.01
958,2026-08-28 06:00:00,BLDG_A,1986.9,2435.91,1315.99,550.28,6289.08,6862.48,8.36,876.05,4.5,8726.65,37.13,75.35,2,67.58,57.9,2026,8,28,6,Friday,4,0,31.592856188822534,38.732374210536356,20.92500015900577,8.749769441635342,Within Budget,Moderate,Low,High,Good,Moderate,Moderate,Low,13.929700369529405,46.14
959,2026-08-28 12:00:00,BLDG_A,4639.14,2654.96,512.4,1945.86,9752.36,11212.93,13.03,1237.15,6.51,8502.5,11.24,90.64,7,93.52,74.66,2026,8,28,12,Friday,4,0,47.569408840526805,27.223769426067122,5.254112850633077,19.95270888277299,Within Budget,High,Moderate,Low,Excellent,Very High,High,Moderate,12.685647371508024,50.48
960,2026-08-28 18:00:00,BLDG_A,6064.69,1301.77,1091.1,2120.73,10578.29,11989.89,11.77,1881.47,14.27,7243.42,19.78,88.94,14,77.09,88.76,2026,8,28,18,Friday,4,0,57.33147796099368,12.306053246791304,10.314521534198814,20.04794725801618,Within Budget,High,High,Moderate,Good,High,Very High,Very High,17.786145019658186,50.02
961,2026-08-29 00:00:00,BLDG_A,2922.63,817.5,1199.99,2093.7,7033.82,8428.53,16.55,436.69,17.28,7779.37,13.12,88.07,3,52.73,43.92,2026,8,29,0,Saturday,5,1,41.55110594243242,11.622418543551015,17.060288719358756,29.766186794657813,Within Budget,Low,Very High,Low,Good,Moderate,Low,Low,6.208432970988738,42.8
962,2026-08-29 06:00:00,BLDG_B,4007.32,1718.21,654.91,755.14,7135.58,8153.43,12.48,854.01,13.68,9742.61,31.03,88.49,7,58.43,66.86,2026,8,29,6,Saturday,5,1,56.15969549777313,24.07947216624297,9.17809063874275,10.582741697241149,Within Budget,Moderate,High,High,Good,Moderate,Moderate,Moderate,11.96833333800476,47.91
963,2026-08-29 12:00:00,BLDG_C,3917.19,976.06,584.49,2306.6,7784.34,8039.71,3.18,1144.49,10.39,11761.18,54.79,65.47,3,48.23,44.26,2026,8,29,12,Saturday,5,1,50.321414532253215,12.53876372306451,7.508536369171953,29.63128537551032,Within Budget,High,High,Very High,Fair,Low,Low,Low,14.702466747341457,44.72
964,2026-08-29 18:00:00,BLDG_A,4022.97,1026.14,1363.84,1844.56,8257.51,9835.55,16.04,667.6,21.6,9646.24,40.9,63.77,12,54.12,59.71,2026,8,29,18,Saturday,5,1,48.718923743356044,12.42674849924493,16.51635904770324,22.33796870969578,Within Budget,Moderate,Very High,High,Fair,Moderate,Moderate,High,8.084761629110956,45.1
965,2026-08-30 00:00:00,BLDG_A,4725.84,1411.93,553.26,2295.06,8986.09,10186.23,11.78,781.36,16.67,8636.67,20.69,92.74,12,69.39,49.12,2026,8,30,0,Sunday,6,1,52.59061505059487,15.712395491253705,6.156849085642365,25.540140372509068,Within Budget,Moderate,Very High,Moderate,Excellent,Moderate,Low,High,8.69521671828348,49.87
966,2026-08-30 06:00:00,BLDG_B,4007.8,1527.31,945.3,1394.32,7874.73,7968.18,1.17,1285.04,18.97,2058.77,10.29,91.81,2,62.24,73.77,2026,8,30,6,Sunday,6,1,50.89444336504236,19.39507767250433,12.004221097104281,17.706257865349034,Within Budget,High,Very High,Low,Excellent,Moderate,High,Low,16.31852774634813,45.83
967,2026-08-30 12:00:00,BLDG_C,3903.1,2183.92,1740.27,1373.91,9201.2,10411.28,11.62,833.9,4.72,9896.42,39.54,85.89,4,55.2,79.41,2026,8,30,12,Sunday,6,1,42.419467026040074,23.735164978481066,18.91351128113724,14.931856714341606,Within Budget,Moderate,Low,High,Good,Moderate,High,Moderate,9.062948311089857,46.34
968,2026-08-30 18:00:00,BLDG_C,4029.16,2599.5,2135.98,2069.07,10833.71,12747.2,15.01,1340.24,8.25,8963.94,15.57,83.02,15,52.33,52.86,2026,8,30,18,Sunday,6,1,37.190953053016926,23.994550343326527,19.716052949543602,19.098443654112952,Within Budget,High,Moderate,Moderate,Good,Moderate,Moderate,Very High,12.371016023135196,39.79
969,2026-08-31 00:00:00,BLDG_B,4577.08,2359.76,1692.17,686.6,9315.61,10390.71,10.35,1522.04,10.74,9359.97,27.54,73.94,4,77.8,77.07,2026,8,31,0,Monday,0,0,49.13344375730628,25.331245082179265,18.164886679455236,7.370424481059211,Within Budget,High,High,Moderate,Fair,High,High,Moderate,16.33859725772118,47.5
970,2026-08-31 06:00:00,BLDG_B,4323.94,1115.41,2186.73,1541.75,9167.83,9816.95,6.61,563.58,7.29,3157.61,37.08,68.52,3,72.91,63.23,2026,8,31,6,Monday,0,0,47.164268970956044,12.166565043199974,23.852209301437746,16.816956684406232,Within Budget,Moderate,Moderate,High,Fair,High,Moderate,Low,6.147365298003999,46.45
971,2026-08-31 12:00:00,BLDG_C,5814.44,1181.84,1657.01,2172.77,10826.06,12603.5,14.1,1919.26,5.31,10889.6,59.51,85.37,9,87.13,54.75,2026,8,31,12,Monday,0,0,53.70781244515549,10.916621559459303,15.30575297014796,20.069813025237252,Within Budget,High,Moderate,Very High,Good,Very High,Moderate,High,17.728148560048623,59.33
972,2026-08-31 18:00:00,BLDG_A,2032.64,3160.55,928.83,2160.39,8282.41,9578.63,13.53,1120.55,8.05,1618.74,12.66,94.7,6,54.16,67.22,2026,8,31,18,Monday,0,0,24.541649109377587,38.15978682533224,11.214489502451581,26.084074562838595,Within Budget,High,Moderate,Low,Excellent,Moderate,Moderate,Moderate,13.529274691786568,42.39
973,2026-09-01 00:00:00,BLDG_C,5716.59,2263.39,1609.69,2412.27,12001.94,13308.19,9.82,1253.22,13.61,3416.54,46.11,76.61,5,87.4,59.74,2026,9,1,0,Tuesday,1,0,47.630549727794005,18.85853453691653,13.411915073729746,20.099000661559714,Within Budget,High,High,High,Good,Very High,Moderate,Moderate,10.441811907075023,55.93
974,2026-09-01 06:00:00,BLDG_B,5766.45,3135.83,1663.88,1896.55,12462.71,12847.46,2.99,1179.45,16.52,8124.77,8.8,71.52,13,73.9,51.96,2026,9,1,6,Tuesday,1,0,46.269631564884364,25.161702390571556,13.350868310343419,15.21779773420067,Within Budget,High,Very High,Low,Fair,High,Moderate,Very High,9.463832505129302,42.68
975,2026-09-01 12:00:00,BLDG_A,3139.07,1740.33,1069.11,915.54,6864.05,7208.61,4.78,1188.54,17.93,8247.72,43.9,70.29,12,58.31,79.36,2026,9,1,12,Tuesday,1,0,45.73203866521951,25.354273351738403,15.57549843022705,13.338189552815027,Within Budget,High,Very High,High,Fair,Moderate,High,High,17.3154333083238,47.61
976,2026-09-01 18:00:00,BLDG_A,3975.4,2420.32,431.88,540.56,7368.16,8456.41,12.87,448.42,4.77,4103.23,39.44,60.9,12,58.68,81.47,2026,9,1,18,Tuesday,1,0,53.95376864780352,32.84836377060216,5.861436233740853,7.336431347853465,Within Budget,Low,Low,High,Fair,Moderate,High,High,6.085915615296085,40.95
977,2026-09-02 00:00:00,BLDG_B,3861.13,2166.26,1665.76,1458.83,9151.98,10627.43,13.88,702.44,11.7,8567.48,54.28,79.77,6,64.52,81.62,2026,9,2,0,Wednesday,2,0,42.18901265081436,23.669850677121236,18.201088726155433,15.940047945908972,Within Budget,Moderate,High,Very High,Good,Moderate,High,Moderate,7.675279010662174,52.57
978,2026-09-02 06:00:00,BLDG_B,2827.0,1593.55,439.06,1527.41,6387.02,6743.75,5.29,486.49,6.2,4961.2,38.3,97.55,13,68.01,59.87,2026,9,2,6,Wednesday,2,0,44.26164314500346,24.949820103898215,6.874254347097707,23.914282404000613,Within Budget,Low,Moderate,High,Excellent,Moderate,Moderate,Very High,7.616854182388656,52.52
979,2026-09-02 12:00:00,BLDG_B,3664.95,2015.76,1536.14,980.53,8197.38,8800.68,6.86,601.29,11.76,502.02,28.1,90.98,11,49.13,48.82,2026,9,2,12,Wednesday,2,0,44.708797201056925,24.590295923819564,18.739402101647116,11.961504773476404,Within Budget,Moderate,High,Moderate,Excellent,Low,Low,High,7.335148547462726,44.99
980,2026-09-02 18:00:00,BLDG_C,2008.62,2106.97,694.51,749.39,5559.49,5645.81,1.53,557.51,11.81,2369.97,21.84,94.1,8,87.1,83.7,2026,9,2,18,Wednesday,2,0,36.12957303637564,37.898620197176356,12.492332929819103,13.4794738366289,Within Budget,Moderate,High,Moderate,Excellent,Very High,High,High,10.028078115078902,53.71
981,2026-09-03 00:00:00,BLDG_C,3105.76,1262.16,1418.09,1672.42,7458.43,8522.69,12.49,1330.41,12.97,10650.11,12.86,83.6,5,51.08,57.12,2026,9,3,0,Thursday,3,0,41.64093515659462,16.922596310483573,19.01325077797874,22.423217754943064,Within Budget,High,High,Low,Good,Moderate,Moderate,Moderate,17.837668249215987,40.13
982,2026-09-03 06:00:00,BLDG_A,5638.41,1582.03,1307.04,2028.51,10555.99,10563.54,0.07,1723.98,20.07,3060.98,38.47,78.29,13,69.17,78.9,2026,9,3,6,Thursday,3,0,53.41431736862199,14.987035796737208,12.38197459451932,19.216672240121486,Within Budget,High,Very High,High,Good,Moderate,High,Very High,16.331769923995758,51.5
983,2026-09-03 12:00:00,BLDG_B,3137.44,2915.95,424.32,2486.31,8964.02,9047.46,0.92,709.88,18.49,1798.47,58.63,97.64,15,64.15,82.51,2026,9,3,12,Thursday,3,0,35.00036813840219,32.52949011715726,4.733590509615106,27.736551234825445,Within Budget,Moderate,Very High,Very High,Excellent,Moderate,High,Very High,7.919214816566673,59.73
984,2026-09-03 18:00:00,BLDG_A,5645.57,3264.21,1053.16,2016.61,11979.55,11989.96,0.09,1119.26,15.46,8345.31,37.34,76.99,13,70.61,79.94,2026,9,3,18,Thursday,3,0,47.126728466428204,27.24818544936997,8.791315199652743,16.833770884549086,Within Budget,High,Very High,High,Good,High,High,Very High,9.343088847243845,50.1
985,2026-09-04 00:00:00,BLDG_A,4298.52,1707.42,1481.96,2087.26,9575.16,10810.97,11.43,1248.81,19.94,5568.12,50.13,94.84,4,89.37,60.27,2026,9,4,0,Friday,4,0,44.89240910856843,17.83176469113832,15.477130408264719,21.798695792028543,Within Budget,High,Very High,Very High,Excellent,Very High,Moderate,Moderate,13.042184151491984,63.57
986,2026-09-04 06:00:00,BLDG_A,5935.35,1559.52,1927.49,1732.92,11155.28,12086.49,7.7,363.36,16.21,9660.8,25.01,88.95,7,94.45,88.78,2026,9,4,6,Friday,4,0,53.2066429529335,13.980106281509741,17.278723617874224,15.534527147682532,Within Budget,Low,Very High,Moderate,Good,Very High,Very High,Moderate,3.2572916143745383,56.16
987,2026-09-04 12:00:00,BLDG_A,4501.46,1246.55,1999.56,2471.85,10219.42,10827.57,5.62,1563.81,18.74,10406.62,33.54,72.58,12,46.01,74.33,2026,9,4,12,Friday,4,0,44.04809666302001,12.197854672770077,19.566276755432305,24.1877719087776,Within Budget,High,Very High,High,Fair,Low,High,High,15.302336140407185,42.72
988,2026-09-04 18:00:00,BLDG_B,1939.44,2599.78,1270.93,1779.91,7590.06,8975.55,15.44,1229.36,14.15,10228.87,26.5,79.12,14,64.66,69.94,2026,9,4,18,Friday,4,0,25.55236717496304,34.25243015206731,16.744663415045466,23.45053925792418,Within Budget,High,High,Moderate,Good,Moderate,Moderate,Very High,16.196973409959867,46.11
989,2026-09-05 00:00:00,BLDG_A,4974.47,1604.68,1711.16,2220.51,10510.82,10916.12,3.71,1666.81,13.45,4099.61,14.23,74.6,5,85.88,76.29,2026,9,5,0,Saturday,5,1,47.32713527583957,15.266934454210043,16.279985767047673,21.125944502902726,Within Budget,High,High,Low,Fair,Very High,High,Moderate,15.858039620124787,47.04
990,2026-09-05 06:00:00,BLDG_B,2010.81,3465.7,969.62,2391.57,8837.7,9525.92,7.22,762.32,17.03,6313.78,31.77,65.18,4,61.33,42.33,2026,9,5,6,Saturday,5,1,22.752639261346275,39.21495411702139,10.971406587686841,27.061000033945483,Within Budget,Moderate,Very High,High,Fair,Moderate,Low,Moderate,8.625773674145988,43.83
991,2026-09-05 12:00:00,BLDG_B,3917.81,1611.92,1015.94,2359.72,8905.39,10580.16,15.83,884.3,4.35,7976.63,51.56,73.56,14,77.45,60.31,2026,9,5,12,Saturday,5,1,43.99369370684496,18.100498686750385,11.408147200740228,26.497660405664437,Within Budget,Moderate,Low,Very High,Fair,High,Moderate,Very High,9.92994130520954,51.73
992,2026-09-05 18:00:00,BLDG_C,6168.31,1803.58,750.03,1262.83,9984.75,10837.66,7.87,318.1,16.43,4202.81,30.51,93.78,5,94.61,85.82,2026,9,5,18,Saturday,5,1,61.7773103983575,18.063346603570444,7.511755427026215,12.647587571045843,Within Budget,Low,Very High,High,Excellent,Very High,Very High,Moderate,3.185858434112021,58.83
993,2026-09-06 00:00:00,BLDG_B,2576.46,2389.34,1411.51,657.32,7034.63,7815.04,9.99,632.48,20.82,972.64,45.06,88.6,11,77.34,48.38,2026,9,6,0,Sunday,6,1,36.6253804393408,33.96539690076095,20.065163341924166,9.34405931797408,Within Budget,Moderate,Very High,High,Good,High,Low,High,8.990949061997574,57.96
994,2026-09-06 06:00:00,BLDG_C,3632.4,2944.72,966.22,843.75,8387.09,8521.85,1.58,830.86,16.85,6200.14,51.24,70.55,4,50.56,61.55,2026,9,6,6,Sunday,6,1,43.309419596069674,35.11015143512231,11.520324689493018,10.060104279314995,Within Budget,Moderate,Very High,Very High,Fair,Moderate,Moderate,Moderate,9.906415693643444,47.3
995,2026-09-06 12:00:00,BLDG_B,5230.34,2014.65,551.87,618.45,8415.31,9745.21,13.65,1397.33,4.66,647.41,26.4,73.98,8,87.15,61.07,2026,9,6,12,Sunday,6,1,62.152671737583056,23.940294534604195,6.557928347262313,7.34910538055045,Within Budget,High,Low,Moderate,Fair,Very High,Moderate,High,16.604617061047065,48.05
996,2026-09-06 18:00:00,BLDG_B,5946.62,1883.44,1633.01,710.79,10173.86,11034.08,7.8,1669.51,10.8,11432.42,53.46,83.42,8,93.33,58.51,2026,9,6,18,Sunday,6,1,58.44998849994004,18.512540962820403,16.051036676345063,6.986433860894488,Within Budget,High,High,Very High,Good,Very High,Moderate,High,16.409799230577185,60.25
997,2026-09-07 00:00:00,BLDG_B,4953.43,3487.79,1673.96,869.3,10984.48,12743.13,13.8,1921.35,18.57,9661.86,27.32,75.81,1,80.63,69.24,2026,9,7,0,Monday,0,0,45.094806490612214,31.75198097679635,15.23931947620643,7.9138930563850085,Within Budget,High,Very High,Moderate,Good,High,Moderate,Low,17.491497094081833,50.58
998,2026-09-07 06:00:00,BLDG_C,3013.41,729.38,1047.99,1182.19,5972.97,6276.16,4.83,972.19,21.25,2708.11,22.6,79.12,14,65.95,91.8,2026,9,7,6,Monday,0,0,50.45078076735694,12.211345444561081,17.54554266972712,19.792331118354856,Within Budget,Moderate,Very High,Moderate,Good,Moderate,Very High,Very High,16.276492264317415,47.23
999,2026-09-07 12:00:00,BLDG_C,4970.66,3206.18,538.1,1587.08,10302.02,11172.5,7.79,321.73,10.66,3807.08,20.68,86.53,12,92.42,53.3,2026,9,7,12,Monday,0,0,48.24937245316938,31.121857655100648,5.223247479620502,15.405522412109468,Within Budget,Low,High,Moderate,Good,Very High,Moderate,High,3.12297976513344,52.57
1000,2026-09-07 18:00:00,BLDG_A,3194.62,1117.59,1167.34,1923.36,7402.91,8567.46,13.59,934.39,19.14,11802.64,19.39,77.76,3,93.43,76.66,2026,9,7,18,Monday,0,0,43.1535706904447,15.09663091946275,15.76866394431379,25.981134445778753,Within Budget,Moderate,Very High,Moderate,Good,Very High,High,Low,12.621928403830385,52.43
1001,2026-09-08 00:00:00,BLDG_C,5176.62,2900.59,1196.2,921.85,10195.26,12181.05,16.3,410.21,19.55,4795.81,50.02,67.26,11,91.76,79.42,2026,9,8,0,Tuesday,1,0,50.77477180572147,28.450377920720022,11.732903329586494,9.041946943972002,Within Budget,Low,Very High,Very High,Fair,Very High,High,High,4.023536427712486,57.15
1002,2026-09-08 06:00:00,BLDG_C,6283.96,2430.21,1603.61,1845.04,12162.82,12307.86,1.18,862.21,6.22,9512.81,58.59,79.78,4,65.59,70.39,2026,9,8,6,Tuesday,1,0,51.66532103574665,19.98064593572872,13.18452464148939,15.169508387035243,Within Budget,Moderate,Moderate,Very High,Good,Moderate,High,Moderate,7.088898791563142,52.54
1003,2026-09-08 12:00:00,BLDG_C,5190.55,1657.17,967.75,1908.52,9723.99,11304.05,13.98,1135.24,19.22,5638.38,21.15,73.53,2,84.49,45.07,2026,9,8,12,Tuesday,1,0,53.378808493221406,17.042078406086393,9.95219040743563,19.626922693256574,Within Budget,High,Very High,Moderate,Fair,High,Low,Low,11.674631504145932,49.6
1004,2026-09-08 18:00:00,BLDG_C,5855.54,3146.85,1628.68,1617.24,12248.31,12984.9,5.67,1654.65,9.84,10437.1,12.86,71.05,14,77.71,69.76,2026,9,8,18,Tuesday,1,0,47.80692193453628,25.69211589190672,13.297181407067587,13.203780766489418,Within Budget,High,Moderate,Low,Fair,High,Moderate,Very High,13.509210658450025,42.86
1005,2026-09-09 00:00:00,BLDG_A,1809.89,736.14,1968.68,2307.24,6821.95,7573.38,9.92,874.54,14.68,8593.17,25.88,72.47,13,53.99,89.58,2026,9,9,0,Wednesday,2,0,26.530390870645494,10.790756308680068,28.858024465145597,33.820828355528846,Within Budget,Moderate,High,Moderate,Fair,Moderate,Very High,Very High,12.819501755363202,41.76
1006,2026-09-09 06:00:00,BLDG_C,5172.59,1334.73,827.47,721.99,8056.78,8524.22,5.48,300.99,13.7,763.47,45.5,76.68,5,71.78,57.79,2026,9,9,6,Wednesday,2,0,64.2017034100472,16.566543954284466,10.270480266309866,8.961272369358479,Within Budget,Low,High,High,Good,High,Moderate,Moderate,3.7358597355270966,51.92
1007,2026-09-09 12:00:00,BLDG_B,5699.06,2287.3,2162.06,854.24,11002.66,12352.57,10.93,501.07,15.93,3885.48,29.01,93.69,11,82.38,73.26,2026,9,9,12,Wednesday,2,0,51.79711088045982,20.78860929993293,19.65033909981768,7.763940719789578,Within Budget,Moderate,Very High,Moderate,Excellent,High,High,High,4.554080558701259,55.25
1008,2026-09-09 18:00:00,BLDG_B,1990.63,1684.32,1095.46,1357.33,6127.74,6561.34,6.61,302.02,17.33,6916.91,39.3,87.89,8,89.8,89.89,2026,9,9,18,Wednesday,2,0,32.485549321609604,27.4868059023392,17.877063974646447,22.15058080140476,Within Budget,Low,Very High,High,Good,Very High,Very High,High,4.928733921478392,58.58
1009,2026-09-10 00:00:00,BLDG_C,5896.51,2409.06,881.07,753.43,9940.07,10603.3,6.25,434.5,11.94,11151.0,50.43,85.38,12,88.13,81.5,2026,9,10,0,Thursday,3,0,59.32060840617823,24.235845421611717,8.863820878525,7.579725293685054,Within Budget,Low,High,Very High,Good,Very High,High,High,4.3711965811105955,58.97
1010,2026-09-10 06:00:00,BLDG_C,3006.46,767.51,1158.72,1632.59,6565.28,6615.1,0.75,372.48,19.99,1673.34,31.28,77.91,2,52.73,75.79,2026,9,10,6,Thursday,3,0,45.793324884848786,11.690438183900763,17.649209173104573,24.86702775814588,Within Budget,Low,Very High,High,Good,Moderate,High,Low,5.67348231910901,45.48
1011,2026-09-10 12:00:00,BLDG_B,4926.87,1026.09,569.92,1296.8,7819.68,8049.52,2.86,1042.15,18.57,7413.37,64.98,60.07,14,69.4,90.5,2026,9,10,12,Thursday,3,0,63.00603093732735,13.121892455957276,7.288277781187976,16.583798825527385,Within Budget,High,Very High,Very High,Fair,Moderate,Very High,Very High,13.327271704212961,53.26
1012,2026-09-10 18:00:00,BLDG_B,5561.67,1055.87,626.27,1069.19,8313.0,9837.73,15.5,1285.4,18.14,3975.03,24.98,72.94,9,68.91,48.87,2026,9,10,18,Thursday,3,0,66.9032840129917,12.701431492842536,7.533622037772164,12.861662456393603,Within Budget,High,Very High,Moderate,Fair,Moderate,Low,High,15.462528569710093,46.24
1013,2026-09-11 00:00:00,BLDG_A,4914.52,1229.99,1145.98,839.98,8130.47,9753.76,16.64,742.49,12.25,10727.27,63.76,90.9,13,89.94,80.18,2026,9,11,0,Friday,4,0,60.44570609079181,15.128153722970506,14.09488012378128,10.331260062456414,Within Budget,Moderate,High,Very High,Excellent,Very High,High,Very High,9.132190389977456,64.21
1014,2026-09-11 06:00:00,BLDG_B,2233.74,1986.13,1772.4,1170.68,7162.95,8281.12,13.5,959.24,4.68,9299.45,19.57,74.75,7,45.1,61.16,2026,9,11,6,Friday,4,0,31.184637614390713,27.727821637733058,24.743995141666495,16.343545606209734,Within Budget,Moderate,Low,Moderate,Fair,Low,Moderate,Moderate,13.391689178341327,36.02
1015,2026-09-11 12:00:00,BLDG_B,4602.71,2805.96,2020.56,1715.92,11145.15,11784.46,5.43,668.74,12.86,4751.58,14.32,81.43,6,81.94,58.74,2026,9,11,12,Friday,4,0,41.297873963114,25.176511756234778,18.129500275904768,15.396114004746462,Within Budget,Moderate,High,Low,Good,High,Moderate,Moderate,6.000278147893927,47.64
1016,2026-09-11 18:00:00,BLDG_C,4383.04,3235.51,1596.67,1651.57,10866.79,11741.45,7.45,1912.47,20.17,2421.69,50.8,67.78,8,75.93,67.07,2026,9,11,18,Friday,4,0,40.33426614483209,29.77429397273712,14.693115446235733,15.19832443619505,Within Budget,High,Very High,Very High,Fair,High,Moderate,High,17.599217432194784,53.67
1017,2026-09-12 00:00:00,BLDG_B,6031.51,3039.04,589.4,827.25,10487.2,12038.26,12.88,865.19,7.43,632.23,48.03,94.8,14,91.08,41.76,2026,9,12,0,Saturday,5,1,57.513063544129984,28.97856434510641,5.62018460599588,7.888187504767716,Within Budget,Moderate,Moderate,High,Excellent,Very High,Low,Very High,8.249961858265314,60.33
1018,2026-09-12 06:00:00,BLDG_A,3699.93,1251.29,1609.64,749.84,7310.7,8726.8,16.23,1146.9,21.69,7643.05,54.24,95.08,2,67.85,56.25,2026,9,12,6,Saturday,5,1,50.609791128072544,17.115871257198354,22.01759065479366,10.256746959935438,Within Budget,High,Very High,Very High,Excellent,Moderate,Moderate,Low,15.687964216832864,59.72
1019,2026-09-12 12:00:00,BLDG_B,3309.08,1935.22,1543.77,553.35,7341.42,8010.18,8.35,1261.29,18.54,5170.42,27.58,65.55,14,77.88,48.64,2026,9,12,12,Saturday,5,1,45.074113727317055,26.3602954196872,21.02822069844798,7.537370154547758,Within Budget,High,Very High,Moderate,Fair,High,Low,Very High,17.18046372500143,47.39
1020,2026-09-12 18:00:00,BLDG_C,5324.3,1258.35,1850.38,524.85,8957.88,10444.03,14.23,1430.64,16.78,4119.7,61.06,87.52,5,93.64,47.21,2026,9,12,18,Saturday,5,1,59.43705430302706,14.047408538627442,20.656449963607464,5.859087194738041,Within Budget,High,Very High,Very High,Good,Very High,Low,Moderate,15.970743077603187,64.75
1021,2026-09-13 00:00:00,BLDG_C,3739.57,1440.52,1885.45,2259.62,9325.16,11143.69,16.32,373.57,16.19,11833.28,14.81,62.86,4,82.2,57.54,2026,9,13,0,Sunday,6,1,40.10193926967473,15.447670602970886,20.218956028636505,24.231434098717877,Within Budget,Low,Very High,Low,Fair,High,Moderate,Moderate,4.0060438641267275,44.02
1022,2026-09-13 06:00:00,BLDG_B,4836.65,2109.93,1962.77,590.18,9499.53,11159.05,14.87,1211.63,14.57,5860.63,9.73,82.74,8,48.37,81.72,2026,9,13,6,Sunday,6,1,50.91462419719712,22.21088832815939,20.661759055448,6.212728419195475,Within Budget,High,High,Low,Good,Low,High,High,12.754631018587236,38.85
1023,2026-09-13 12:00:00,BLDG_C,4838.32,890.71,1145.44,1962.44,8836.91,9238.37,4.35,424.29,16.97,9123.15,25.13,66.79,13,53.38,50.46,2026,9,13,12,Sunday,6,1,54.7512648652074,10.079428216424068,12.961996897105438,22.20731002126309,Within Budget,Low,Very High,Moderate,Fair,Moderate,Moderate,Very High,4.801338929557956,40.57
1024,2026-09-13 18:00:00,BLDG_A,5973.78,1310.89,1656.16,2243.97,11184.8,11202.77,0.16,345.04,11.59,2540.24,53.45,65.54,1,86.07,67.63,2026,9,13,18,Sunday,6,1,53.40980616551033,11.720281095772837,14.807238394964598,20.062674343752235,Within Budget,Low,High,Very High,Fair,Very High,Moderate,Low,3.08490093698591,54.16
1025,2026-09-14 00:00:00,BLDG_A,4613.85,3319.06,882.85,696.12,9511.88,10448.0,8.96,359.24,19.22,654.74,46.36,60.16,12,61.74,78.93,2026,9,14,0,Monday,0,0,48.50618384588537,34.89383802150574,9.281551070871375,7.318427061737533,Within Budget,Low,Very High,High,Fair,Moderate,High,High,3.7767507579994706,46.87
1026,2026-09-14 06:00:00,BLDG_B,4160.12,2005.13,2198.81,1372.6,9736.66,10771.4,9.61,1630.13,16.53,5301.97,32.86,95.75,3,80.3,52.53,2026,9,14,6,Monday,0,0,42.72635585508788,20.59361218323327,22.582795332280266,14.097236629398582,Within Budget,High,Very High,High,Excellent,High,Moderate,Low,16.74218879985539,56.36
1027,2026-09-14 12:00:00,BLDG_B,2452.7,1947.08,715.6,2424.61,7539.99,7843.48,3.87,1253.67,17.88,8155.15,22.61,91.51,10,79.99,88.06,2026,9,14,12,Monday,0,0,32.529220861035625,25.82337642357616,9.490728767544786,32.15667394784344,Within Budget,High,Very High,Moderate,Excellent,High,Very High,High,16.62694512857444,53.0
1028,2026-09-14 18:00:00,BLDG_B,2343.97,740.79,418.21,2168.28,5671.25,5994.14,5.39,362.24,18.26,6325.89,11.38,62.94,8,94.69,85.06,2026,9,14,18,Monday,0,0,41.33074718977298,13.062199691426052,7.3742120343839535,38.23284108441702,Within Budget,Low,Very High,Low,Fair,Very High,Very High,High,6.387304386158254,46.82
1029,2026-09-15 00:00:00,BLDG_C,2525.31,1392.72,667.86,1479.41,6065.3,6993.48,13.27,679.67,5.66,10740.36,27.24,82.78,5,68.49,53.06,2026,9,15,0,Tuesday,1,0,41.63536840716864,22.96209585675894,11.011161855143191,24.39137388092922,Within Budget,Moderate,Moderate,Moderate,Good,Moderate,Moderate,Moderate,11.205876049000048,46.04
1030,2026-09-15 06:00:00,BLDG_A,2607.69,3125.62,1796.57,2025.14,9555.02,10453.86,8.6,1655.45,5.0,5490.76,34.22,68.85,4,81.89,91.46,2026,9,15,6,Tuesday,1,0,27.291308652415168,32.7118101270327,18.8023677606117,21.194513459940428,Within Budget,High,Low,High,Fair,High,Very High,Moderate,17.32544777509623,47.49
1031,2026-09-15 12:00:00,BLDG_A,4798.02,1160.96,1204.21,2166.76,9329.95,9922.13,5.97,975.04,18.42,4076.53,47.16,70.03,6,47.44,74.8,2026,9,15,12,Tuesday,1,0,51.42599906751912,12.443367863707737,12.906928761676106,23.223704307097037,Within Budget,Moderate,Very High,High,Fair,Low,High,Moderate,10.450645501851563,45.76
1032,2026-09-15 18:00:00,BLDG_C,5282.61,1862.35,1205.5,1196.05,9546.51,10735.29,11.07,849.99,8.67,11034.56,44.82,93.22,12,68.13,54.88,2026,9,15,18,Tuesday,1,0,55.33551004503215,19.50817628641252,12.627651361597064,12.52866230695825,Within Budget,Moderate,Moderate,High,Excellent,Moderate,Moderate,High,8.903672651052585,53.71
1033,2026-09-16 00:00:00,BLDG_A,4290.96,740.13,2119.04,2284.31,9434.44,10666.12,11.55,966.91,14.48,5178.23,62.0,64.34,5,54.33,75.41,2026,9,16,0,Wednesday,2,0,45.48187279796151,7.844980730175824,22.46068659083104,24.212459881031624,Within Budget,Moderate,High,Very High,Fair,Moderate,High,Moderate,10.248727004464493,48.79
1034,2026-09-16 06:00:00,BLDG_B,5696.38,2039.34,2055.34,1440.95,11232.01,12960.38,13.34,1668.32,11.99,3600.95,13.72,82.86,3,87.03,74.64,2026,9,16,6,Wednesday,2,0,50.71558875036614,18.156500929041194,18.29895094466618,12.828959375926482,Within Budget,High,High,Low,Good,Very High,High,Low,14.853263129217298,48.9
1035,2026-09-16 12:00:00,BLDG_B,6458.94,758.86,960.15,1555.61,9733.56,10038.63,3.04,988.85,4.4,1623.1,27.17,75.25,13,87.0,71.52,2026,9,16,12,Wednesday,2,0,66.35742729278907,7.796325291054866,9.864325077361212,15.981922338794849,Within Budget,Moderate,Low,Moderate,Good,Very High,High,Very High,10.159181224546826,48.46
1036,2026-09-16 18:00:00,BLDG_B,5654.06,2994.91,776.3,2499.42,11924.69,13693.16,12.91,1758.79,4.73,9623.06,35.45,67.25,11,56.82,77.01,2026,9,16,18,Wednesday,2,0,47.41473363248856,25.115202156198606,6.51002248276475,20.960041728548077,Within Budget,High,Low,High,Fair,Moderate,High,High,14.749146518693568,41.06
1037,2026-09-17 00:00:00,BLDG_A,5065.95,3009.59,1927.27,2186.61,12189.42,13650.76,10.71,1155.0,18.89,9988.55,46.23,77.17,14,60.91,53.95,2026,9,17,0,Thursday,3,0,41.560221897350324,24.690182141562108,15.811006594243205,17.93858936684436,Within Budget,High,Very High,High,Good,Moderate,Moderate,Very High,9.475430332206127,50.8
1038,2026-09-17 06:00:00,BLDG_B,4302.72,2905.68,2030.83,1223.54,10462.77,10583.24,1.14,709.38,14.94,882.92,36.24,95.74,5,80.12,90.91,2026,9,17,6,Thursday,3,0,41.12410002322521,27.771613062315236,19.410060624480895,11.694226289978657,Within Budget,Moderate,High,High,Excellent,High,Very High,Moderate,6.7800400849870535,56.76
1039,2026-09-17 12:00:00,BLDG_C,3909.61,1493.42,1374.87,520.69,7298.59,8433.44,13.46,576.38,13.43,4624.42,60.03,89.7,4,81.91,84.61,2026,9,17,12,Thursday,3,0,53.56664780457595,20.46176042221854,18.837474087460727,7.134117685744782,Within Budget,Moderate,High,Very High,Good,High,High,Moderate,7.897141776699335,61.27
1040,2026-09-17 18:00:00,BLDG_C,2196.64,3044.26,1532.96,1752.35,8526.21,9179.45,7.12,355.32,21.0,9123.58,42.69,65.02,1,77.88,78.78,2026,9,17,18,Thursday,3,0,25.763381385164102,35.704726953710974,17.979383571364068,20.552508089760867,Within Budget,Low,Very High,High,Fair,High,High,Low,4.167385039777346,51.65
1041,2026-09-18 00:00:00,BLDG_A,3677.03,2220.39,862.45,1907.83,8667.7,9240.43,6.2,906.7,7.12,11383.39,10.26,92.28,1,94.83,41.37,2026,9,18,0,Friday,4,0,42.422211197895635,25.61683030100257,9.950159788640585,22.010798712461206,Within Budget,Moderate,Moderate,Low,Excellent,Very High,Low,Low,10.460675842495702,51.12
1042,2026-09-18 06:00:00,BLDG_C,6077.63,1746.66,1841.44,1801.61,11467.34,12494.99,8.22,598.79,8.64,4844.91,14.48,95.62,14,88.43,70.7,2026,9,18,6,Friday,4,0,52.99947503082668,15.231605585951058,16.05812681929724,15.710792563925025,Within Budget,Moderate,Moderate,Low,Excellent,Very High,High,Very High,5.221699190919603,51.79
1043,2026-09-18 12:00:00,BLDG_C,5597.71,2450.92,1537.82,2435.72,12022.17,12854.53,6.48,1824.15,17.62,10528.61,50.95,70.52,15,65.85,76.74,2026,9,18,12,Friday,4,0,46.56156084966358,20.386668962425254,12.79153430703442,20.260235880876746,Within Budget,High,Very High,Very High,Fair,Moderate,High,Very High,15.173217480704398,51.24
1044,2026-09-18 18:00:00,BLDG_A,2815.44,734.55,1306.32,2225.94,7082.25,7561.41,6.34,659.28,17.95,5027.78,48.8,72.67,7,61.35,84.41,2026,9,18,18,Friday,4,0,39.75346817748597,10.371703907656464,18.44498570369586,31.429842211161706,Within Budget,Moderate,Very High,High,Fair,Moderate,High,Moderate,9.308906067986868,50.19
1045,2026-09-19 00:00:00,BLDG_B,3993.06,1100.29,508.2,1397.66,6999.21,8130.39,13.91,1013.14,11.29,2564.19,16.75,64.8,4,74.84,89.2,2026,9,19,0,Saturday,5,1,57.05015280295919,15.720202708591396,7.2608194353362725,19.968825053113136,Within Budget,High,High,Moderate,Fair,High,Very High,Moderate,14.475062185589515,41.92
1046,2026-09-19 06:00:00,BLDG_B,5638.6,2778.42,2048.68,625.71,11091.41,11367.6,2.43,1920.69,21.12,539.63,11.36,73.11,1,85.88,87.62,2026,9,19,6,Saturday,5,1,50.83754004224892,25.050196503420214,18.470870700839658,5.641392753491216,Within Budget,High,Very High,Low,Fair,Very High,Very High,Low,17.316914621315053,47.87
1047,2026-09-19 12:00:00,BLDG_B,2116.71,1383.65,1507.81,1452.12,6460.29,7714.36,16.26,1016.99,20.89,4297.08,40.99,85.58,6,68.77,61.11,2026,9,19,12,Saturday,5,1,32.76493779691005,21.41776917135299,23.339664318474867,22.477628713262096,Within Budget,High,Very High,High,Good,Moderate,Moderate,Moderate,15.74217256500869,54.06
1048,2026-09-19 18:00:00,BLDG_A,3620.75,2374.43,746.84,1878.49,8620.51,9577.27,9.99,1488.93,4.22,4852.46,44.24,70.34,11,81.88,86.62,2026,9,19,18,Saturday,5,1,42.00157531282952,27.543962016168415,8.663524547851576,21.790938123150486,Within Budget,High,Low,High,Fair,High,Very High,High,17.271947947395226,50.17
1049,2026-09-20 00:00:00,BLDG_C,5803.65,1778.29,1491.5,1715.42,10788.86,11183.57,3.53,1242.77,7.1,11368.85,15.71,60.26,12,45.96,40.04,2026,9,20,0,Sunday,6,1,53.792986469376736,16.482649696075395,13.824444844033568,15.899918990514289,Within Budget,High,Moderate,Moderate,Fair,Low,Low,High,11.51901127644626,32.26
1050,2026-09-20 06:00:00,BLDG_B,3698.32,3093.46,1619.43,1576.27,9987.48,10249.58,2.56,547.3,18.76,2869.81,35.0,72.86,15,91.29,58.28,2026,9,20,6,Sunday,6,1,37.029561010385,30.97337867009496,16.214600680051426,15.782459639468616,Within Budget,Moderate,Very High,High,Fair,Very High,Moderate,Very High,5.479860785703701,54.48
1051,2026-09-20 12:00:00,BLDG_B,2164.79,3366.76,1346.39,1437.64,8315.58,9299.33,10.58,1416.22,10.03,4895.65,25.43,77.22,11,83.69,45.92,2026,9,20,12,Sunday,6,1,26.032940576604396,40.48737430221344,16.191173676400204,17.288511444781964,Within Budget,High,High,Moderate,Good,High,Low,High,17.030922677672514,49.09
1052,2026-09-20 18:00:00,BLDG_A,4349.91,3173.98,1692.58,1087.52,10303.99,11608.47,11.24,1651.48,5.72,789.27,61.08,81.52,12,64.71,85.92,2026,9,20,18,Sunday,6,1,42.21578242991308,30.803407223803596,16.426452277224648,10.554358069058685,Within Budget,High,Moderate,Very High,Good,Moderate,Very High,High,16.027577666515594,53.26
1053,2026-09-21 00:00:00,BLDG_B,5850.19,1457.74,1446.62,1054.69,9809.24,9913.27,1.05,1566.16,18.13,9280.71,20.49,85.99,11,64.2,88.26,2026,9,21,0,Monday,0,0,59.639584718082126,14.860886266418195,14.747523763308878,10.752005252190793,Within Budget,High,Very High,Moderate,Good,Moderate,Very High,High,15.966170671733998,47.2
1054,2026-09-21 06:00:00,BLDG_A,4574.34,1243.66,2105.99,1500.46,9424.45,9882.48,4.63,1262.79,12.18,11024.12,49.8,62.35,11,50.14,53.31,2026,9,21,6,Monday,0,0,48.536943800433974,13.196101629272796,22.346025497509135,15.920929072784087,Within Budget,High,High,High,Fair,Moderate,Moderate,High,13.399084296696357,43.62
1055,2026-09-21 12:00:00,BLDG_C,2863.51,2028.42,496.65,821.21,6209.79,7197.72,13.73,768.38,12.86,3234.94,37.53,77.85,1,85.81,59.1,2026,9,21,12,Monday,0,0,46.11283151282089,32.66487272516462,7.997854999927534,13.224440762086964,Within Budget,Moderate,High,High,Good,Very High,Moderate,Low,12.373687354966915,53.51
1056,2026-09-21 18:00:00,BLDG_A,3605.93,720.54,591.24,1181.37,6099.08,6159.61,0.98,196.44,7.35,5433.44,8.66,70.12,8,83.43,91.16,2026,9,21,18,Monday,0,0,59.122523396971346,11.813912918013864,9.693921050387926,19.36964263462686,Within Budget,Low,Moderate,Low,Fair,High,Very High,High,3.220813630908268,42.39
1057,2026-09-22 00:00:00,BLDG_A,3915.58,772.27,712.61,1147.96,6548.42,7668.32,14.6,931.24,15.9,1904.3,37.47,96.02,12,76.51,69.44,2026,9,22,0,Tuesday,1,0,59.79427098445122,11.793226457679868,10.882166996008197,17.530335561860724,Within Budget,Moderate,Very High,High,Excellent,High,Moderate,High,14.22083494949927,56.47
1058,2026-09-22 06:00:00,BLDG_A,4522.55,2249.21,1642.31,1674.27,10088.34,11416.29,11.63,441.17,13.92,5753.61,13.67,73.68,13,50.07,65.85,2026,9,22,6,Tuesday,1,0,44.82947640543439,22.295144691792704,16.279288763067065,16.596090139705836,Within Budget,Low,High,Low,Fair,Moderate,Moderate,Very High,4.373068314509622,37.84
1059,2026-09-22 12:00:00,BLDG_A,5368.95,2157.26,1562.07,633.36,9721.64,10566.3,7.99,670.43,7.72,2033.44,45.57,63.8,9,58.12,66.02,2026,9,22,12,Tuesday,1,0,55.226793010232846,22.190288881299868,16.06796795602388,6.514950152443415,Within Budget,Moderate,Moderate,High,Fair,Moderate,Moderate,High,6.896264416291902,43.8
1060,2026-09-22 18:00:00,BLDG_C,2264.71,3484.83,2005.71,2159.34,9914.59,10601.54,6.48,1117.61,10.13,6518.51,40.23,61.58,11,67.95,76.2,2026,9,22,18,Tuesday,1,0,22.84219518911019,35.148503367259764,20.229883434413324,21.779418009216723,Within Budget,High,High,High,Fair,Moderate,High,High,11.27237737516125,44.97
1061,2026-09-23 00:00:00,BLDG_C,5981.36,1265.16,1719.18,1624.76,10590.46,10631.23,0.38,1035.32,14.74,8948.15,8.59,70.09,3,58.3,89.64,2026,9,23,0,Wednesday,2,0,56.47875540816925,11.946223299082384,16.23328920556803,15.341732087180352,Within Budget,High,High,Low,Fair,Moderate,Very High,Low,9.77596818268517,37.93
1062,2026-09-23 06:00:00,BLDG_B,1857.86,1422.69,1315.04,1841.65,6437.24,7499.66,14.17,208.35,20.65,6863.44,19.67,66.8,7,66.7,59.06,2026,9,23,6,Wednesday,2,0,28.861126818325864,22.10093145509566,20.42863090392777,28.609310822650702,Within Budget,Low,Very High,Moderate,Fair,Moderate,Moderate,Moderate,3.2366355767378563,43.46
1063,2026-09-23 12:00:00,BLDG_C,3539.25,1017.91,2185.3,1906.19,8648.65,8895.52,2.78,1328.41,20.57,3320.03,52.24,84.69,13,56.3,48.98,2026,9,23,12,Wednesday,2,0,40.92257173084817,11.769582536002728,25.26752730194886,22.040318431200244,Within Budget,High,Very High,Very High,Good,Moderate,Low,Very High,15.359738225040903,53.45
1064,2026-09-23 18:00:00,BLDG_C,1928.88,3269.12,878.99,1082.97,7159.96,7603.22,5.83,1158.63,9.18,4568.65,23.72,92.18,15,62.48,49.62,2026,9,23,18,Wednesday,2,0,26.939815306230763,45.65835563327169,12.27646523164934,15.125363828848206,Within Budget,High,Moderate,Moderate,Excellent,Moderate,Low,Very High,16.182073642869515,46.89
1065,2026-09-24 00:00:00,BLDG_B,3646.98,2877.87,1899.74,1440.74,9865.33,10988.22,10.22,1305.0,17.24,7843.59,36.46,71.88,5,77.61,41.06,2026,9,24,0,Thursday,3,0,36.967643251670246,29.17155330840428,19.25673038813704,14.604073051788436,Within Budget,High,Very High,High,Fair,High,Low,Moderate,13.228143407265646,50.8
1066,2026-09-24 06:00:00,BLDG_C,4271.32,3002.55,1168.22,2412.49,10854.58,11388.61,4.69,1206.6,17.96,7282.19,25.78,81.96,3,89.62,68.88,2026,9,24,6,Thursday,3,0,39.35039402722168,27.661595381857246,10.762461560005086,22.22554903091598,Within Budget,High,Very High,Moderate,Good,Very High,Moderate,Low,11.116045024312317,53.83
1067,2026-09-24 12:00:00,BLDG_A,4204.9,3227.74,1567.72,2033.41,11033.77,12130.84,9.04,1921.1,18.56,2072.91,60.53,87.75,5,64.25,88.31,2026,9,24,12,Thursday,3,0,38.109367876981295,29.253283329270047,14.20838027256323,18.428968521185414,Within Budget,High,Very High,Very High,Good,Moderate,Very High,Moderate,17.411093397814163,57.77
1068,2026-09-24 18:00:00,BLDG_A,2578.45,2169.72,1709.08,2439.11,8896.36,10336.4,13.93,426.97,14.27,10216.92,38.58,75.14,10,79.6,77.08,2026,9,24,18,Thursday,3,0,28.983202118619296,24.388851170591114,19.211003151850868,27.416943558938712,Within Budget,Low,High,High,Good,High,High,High,4.799378622267984,51.9
1069,2026-09-25 00:00:00,BLDG_B,4834.98,1963.34,1540.76,1992.51,10331.59,11303.87,8.6,1453.52,4.19,5964.67,47.68,62.52,7,51.74,91.63,2026,9,25,0,Friday,4,0,46.79802431184357,19.003270551773735,14.913096628882872,19.285608507499813,Within Budget,High,Low,High,Fair,Moderate,Very High,Moderate,14.068696105826886,41.53
1070,2026-09-25 06:00:00,BLDG_B,2010.46,1625.1,652.91,851.2,5139.67,6115.16,15.95,253.15,17.71,2367.25,12.76,68.71,7,72.04,87.3,2026,9,25,6,Friday,4,0,39.11651915395347,31.618761515817162,12.70334476727105,16.561374562958324,Within Budget,Low,Very High,Low,Fair,High,Very High,Moderate,4.925413499310267,42.8
1071,2026-09-25 12:00:00,BLDG_B,5380.96,2349.8,1197.31,629.07,9557.14,11177.08,14.49,834.12,5.92,1912.51,10.3,93.56,9,91.09,65.58,2026,9,25,12,Friday,4,0,56.303036263986925,24.58685338919384,12.527911069629619,6.582199277189621,Within Budget,Moderate,Moderate,Low,Excellent,Very High,Moderate,High,8.72771561366685,50.22
1072,2026-09-25 18:00:00,BLDG_A,6249.23,1971.98,1410.59,1655.32,11287.12,12038.93,6.24,1329.88,6.1,11603.85,22.78,91.33,8,46.4,65.3,2026,9,25,18,Friday,4,0,55.36602782640744,17.47106436362863,12.497342103211446,14.665565706752473,Within Budget,High,Moderate,Moderate,Excellent,Low,Moderate,High,11.782279270531367,41.65
1073,2026-09-26 00:00:00,BLDG_C,3396.91,1964.38,1928.28,1215.63,8505.2,9185.55,7.41,1195.52,14.9,3737.65,25.62,63.29,4,58.38,72.67,2026,9,26,0,Saturday,5,1,39.939213657527155,23.09622348680807,22.671777265672763,14.292785589992004,Within Budget,High,High,Moderate,Fair,Moderate,High,Moderate,14.05634200253962,40.55
1074,2026-09-26 06:00:00,BLDG_A,4231.03,3323.4,1198.56,1050.92,9803.91,10633.96,7.81,299.58,21.7,10948.83,47.2,68.51,15,51.62,45.77,2026,9,26,6,Saturday,5,1,43.156556924737174,33.898720000489604,12.225326425885182,10.719396648888047,Within Budget,Low,Very High,High,Fair,Moderate,Low,Very High,3.0557196057491347,47.26
1075,2026-09-26 12:00:00,BLDG_B,3580.88,3455.29,2053.75,2114.42,11204.34,12607.53,11.13,774.1,8.37,5221.73,40.44,89.23,5,71.66,71.6,2026,9,26,12,Saturday,5,1,31.95975845074319,30.838853515691238,18.329950715526305,18.87143731803926,Within Budget,Moderate,Moderate,High,Good,High,High,Moderate,6.908929932508295,52.42
1076,2026-09-26 18:00:00,BLDG_C,1831.54,2930.16,1192.67,1233.99,7188.36,7600.68,5.42,795.97,15.62,4938.1,29.35,78.46,5,78.98,64.13,2026,9,26,18,Saturday,5,1,25.47924700488011,40.762566148606915,16.591684334117936,17.16650251239504,Within Budget,Moderate,Very High,Moderate,Good,High,Moderate,Moderate,11.0730403040471,50.6
1077,2026-09-27 00:00:00,BLDG_C,3613.61,2818.92,1387.8,1134.0,8954.33,10690.13,16.24,984.36,9.47,8560.68,45.28,88.88,10,47.89,73.42,2026,9,27,0,Sunday,6,1,40.356006535385674,31.48108233670191,15.498647023283707,12.664264104628712,Within Budget,Moderate,Moderate,High,Good,Low,High,High,10.993117296324794,47.88
1078,2026-09-27 06:00:00,BLDG_A,5521.09,2605.56,1833.31,2199.98,12159.94,13640.25,10.85,1527.82,20.18,613.66,17.32,68.02,12,48.51,69.39,2026,9,27,6,Sunday,6,1,45.40392469041788,21.427408358922822,15.07663689130045,18.092030059358848,Within Budget,High,Very High,Moderate,Fair,Low,Moderate,High,12.564371205778974,38.51
1079,2026-09-27 12:00:00,BLDG_B,4601.15,1165.01,1449.52,2192.57,9408.25,10159.78,7.4,711.06,14.68,4388.03,11.62,96.2,2,88.48,56.14,2026,9,27,12,Sunday,6,1,48.905481890893626,12.382855472590546,15.406903515531582,23.304759120984244,Within Budget,Moderate,High,Low,Excellent,Very High,Moderate,Low,7.557834878962612,52.74
1080,2026-09-27 18:00:00,BLDG_A,2275.92,865.5,2128.39,1212.73,6482.54,7318.8,11.43,720.08,7.73,3980.43,56.71,89.78,12,67.81,71.6,2026,9,27,18,Sunday,6,1,35.108460572553355,13.351248121878154,32.83265510124117,18.707636204327315,Within Budget,Moderate,Moderate,Very High,Good,Moderate,High,High,11.107991620568482,55.51
1081,2026-09-28 00:00:00,BLDG_C,5781.56,2634.03,1588.6,2165.0,12169.19,13131.54,7.33,711.51,8.72,10483.13,40.14,67.5,7,68.15,59.03,2026,9,28,0,Monday,0,0,47.509817826823316,21.645072515097556,13.05427887969536,17.79083077838377,Within Budget,Moderate,Moderate,High,Fair,Moderate,Moderate,Moderate,5.846814783892765,46.13
1082,2026-09-28 06:00:00,BLDG_A,4296.1,2740.6,1340.88,2201.56,10579.14,12309.46,14.06,613.92,11.78,6584.92,45.0,81.22,7,92.23,50.12,2026,9,28,6,Monday,0,0,40.60916104711726,25.905697438544156,12.674754280593698,20.810387233744898,Within Budget,Moderate,High,High,Good,Very High,Moderate,Moderate,5.803118211877336,57.56
1083,2026-09-28 12:00:00,BLDG_A,5756.1,831.52,442.47,1347.86,8377.95,9329.42,10.2,975.9,6.2,4692.56,25.51,64.3,9,61.01,75.1,2026,9,28,12,Monday,0,0,68.70535154781301,9.92510100919676,5.281363579395914,16.088183863594313,Within Budget,Moderate,Moderate,Moderate,Fair,Moderate,High,High,11.648434282849623,39.25
1084,2026-09-28 18:00:00,BLDG_B,4527.04,3298.54,1144.72,632.95,9603.25,9683.86,0.83,1275.51,5.42,3559.91,29.2,73.73,13,89.85,55.93,2026,9,28,18,Monday,0,0,47.14070757295707,34.348163382188325,11.920131205581445,6.590997839273164,Within Budget,High,Moderate,Moderate,Fair,Very High,Moderate,Very High,13.28206596725067,49.55
1085,2026-09-29 00:00:00,BLDG_B,4430.54,955.19,938.65,503.17,6827.55,7068.91,3.41,328.13,16.24,7290.86,12.69,85.07,9,93.71,86.23,2026,9,29,0,Tuesday,1,0,64.89209159947565,13.990230756274213,13.74797694634239,7.369700697907741,Within Budget,Low,Very High,Low,Good,Very High,Very High,High,4.805969930648622,51.93
1086,2026-09-29 06:00:00,BLDG_C,2294.72,1500.52,1746.59,1546.58,7088.41,8314.7,14.75,343.21,11.33,2244.24,56.85,72.54,4,57.08,50.37,2026,9,29,6,Tuesday,1,0,32.3728452502042,21.168640075842116,24.64008148512854,21.818433188825136,Within Budget,Low,High,Very High,Fair,Moderate,Moderate,Moderate,4.841847466498129,49.45
1087,2026-09-29 12:00:00,BLDG_A,2586.59,2582.69,774.9,1188.15,7132.33,7935.29,10.12,818.76,17.07,3331.35,41.77,84.96,5,70.7,71.21,2026,9,29,12,Tuesday,1,0,36.26570840104146,36.21102781279049,10.864612265556978,16.65865152061108,Within Budget,Moderate,Very High,High,Good,High,High,Moderate,11.479558573425514,53.62
1088,2026-09-29 18:00:00,BLDG_A,6368.52,1175.64,769.4,2494.26,10807.82,12862.05,15.97,762.11,5.98,3876.54,12.77,69.3,7,71.72,69.72,2026,9,29,18,Tuesday,1,0,58.92511163213303,10.877679309981108,7.118919449065585,23.07828960882028,Within Budget,Moderate,Moderate,Low,Fair,High,Moderate,Moderate,7.05146828870207,39.94
1089,2026-09-30 00:00:00,BLDG_A,2873.89,855.16,741.13,2044.82,6515.0,6609.37,1.43,578.92,14.98,7490.95,53.86,87.41,10,88.31,50.28,2026,9,30,0,Wednesday,2,0,44.11189562547966,13.126016884113584,11.375748273215656,31.386339217191093,Within Budget,Moderate,High,Very High,Good,Very High,Moderate,High,8.885955487336915,61.14
1090,2026-09-30 06:00:00,BLDG_C,6394.02,1627.21,626.11,2022.55,10669.89,11299.97,5.58,961.49,11.98,4792.43,33.31,73.66,15,60.2,62.87,2026,9,30,6,Wednesday,2,0,59.92582866365071,15.250485243990333,5.868008011329077,18.955678081029887,Within Budget,Moderate,High,High,Fair,Moderate,Moderate,Very High,9.01124566420085,44.79
1091,2026-09-30 12:00:00,BLDG_C,4299.99,2844.72,959.81,2410.49,10515.01,10922.03,3.73,597.07,5.04,6316.51,51.61,90.04,7,84.9,75.13,2026,9,30,12,Wednesday,2,0,40.893827014905355,27.053897238328823,9.12799892724781,22.924276819518,Within Budget,Moderate,Moderate,Very High,Excellent,High,High,Moderate,5.678263739169055,57.9
1092,2026-09-30 18:00:00,BLDG_B,2438.21,1858.3,1994.66,2275.45,8566.62,9515.53,9.97,258.69,13.81,7980.04,8.72,65.19,11,93.55,56.56,2026,9,30,18,Wednesday,2,0,28.46175037529387,21.692336067200362,23.28409571102722,26.561817846478537,Within Budget,Low,High,Low,Fair,Very High,Moderate,High,3.0197440764268753,45.32
1093,2026-10-01 00:00:00,BLDG_B,2266.72,2528.32,1794.87,1136.37,7726.28,8317.79,7.11,1220.54,5.49,11497.12,9.64,73.76,10,87.02,45.92,2026,10,1,0,Thursday,3,0,29.337792572881128,32.7236393193102,23.23071387524138,14.70785423256729,Within Budget,High,Moderate,Low,Fair,Very High,Low,High,15.797253011798693,43.98
1094,2026-10-01 06:00:00,BLDG_B,2781.66,2322.93,1723.45,831.97,7660.01,7900.95,3.05,1051.34,18.9,9295.63,17.73,77.63,11,90.46,71.99,2026,10,1,6,Thursday,3,0,36.314051809331836,30.325417329742386,22.499317886007983,10.861212974917787,Within Budget,High,Very High,Moderate,Good,Very High,High,High,13.725047356335043,51.18
1095,2026-10-01 12:00:00,BLDG_A,6150.5,762.21,1835.21,1991.78,10739.7,12120.29,11.39,1434.62,15.38,5160.45,20.02,76.11,8,80.42,51.65,2026,10,1,12,Thursday,3,0,57.26882501373408,7.097125618034022,17.088093708390364,18.54595565984152,Within Budget,High,Very High,Moderate,Good,High,Moderate,High,13.358101250500479,47.98
1096,2026-10-01 18:00:00,BLDG_A,3746.51,3467.91,884.95,1256.55,9355.92,10359.43,9.69,1047.64,14.03,9105.17,51.55,76.46,8,90.2,75.44,2026,10,1,18,Thursday,3,0,40.04427143455695,37.06647769540569,9.458717047601947,13.43053382243542,Within Budget,High,High,Very High,Good,Very High,High,High,11.197616054861522,58.06
1097,2026-10-02 00:00:00,BLDG_B,3658.54,816.0,1997.4,1446.35,7918.29,8353.38,5.21,1070.12,6.4,11421.48,48.28,76.9,2,53.24,83.65,2026,10,2,0,Friday,4,0,46.20366265948835,10.305255301334,25.225143307456538,18.265938731721114,Within Budget,High,Moderate,High,Good,Moderate,High,Low,13.514534072381787,46.21
1098,2026-10-02 06:00:00,BLDG_A,3272.07,3409.85,647.15,1760.8,9089.87,9962.08,8.76,1548.49,9.17,6242.88,43.12,97.57,12,80.62,46.41,2026,10,2,6,Friday,4,0,35.996884443891936,37.512637694488475,7.119463754707161,19.37101410691242,Within Budget,High,Moderate,High,Excellent,High,Low,High,17.03533713903499,57.62
1099,2026-10-02 12:00:00,BLDG_B,2491.19,2239.62,1005.42,2315.75,8051.98,9252.91,12.98,1045.56,12.87,5220.71,58.44,67.34,9,81.59,62.76,2026,10,2,12,Friday,4,0,30.938849823273284,27.814525123013222,12.486618198256828,28.76000685545667,Within Budget,High,High,Very High,Fair,High,Moderate,High,12.985129123519929,55.06
1100,2026-10-02 18:00:00,BLDG_C,4092.9,3396.85,1456.15,1338.18,10284.08,10706.29,3.94,717.46,15.4,1397.22,22.09,89.21,11,66.96,63.14,2026,10,2,18,Friday,4,0,39.79840685797855,33.030178683946446,14.159263638555904,13.012150819519103,Within Budget,Moderate,Very High,Moderate,Good,Moderate,Moderate,High,6.9764140302292486,48.41
1101,2026-10-03 00:00:00,BLDG_B,2411.22,1021.31,585.23,2066.63,6084.39,6440.82,5.53,703.26,7.3,10762.26,59.55,80.97,4,48.99,72.89,2026,10,3,0,Saturday,5,1,39.62960954179465,16.785741873877246,9.618548449392627,33.966100134935466,Within Budget,Moderate,Moderate,Very High,Good,Low,High,Moderate,11.55843067259002,49.2
1102,2026-10-03 06:00:00,BLDG_C,5726.76,2073.14,1714.23,1036.68,10550.81,11281.16,6.47,1016.56,4.16,3333.99,59.84,75.72,1,76.12,57.39,2026,10,3,6,Saturday,5,1,54.2779179987129,19.649107509281276,16.247378163382717,9.825596328623112,Within Budget,High,Low,Very High,Good,High,Moderate,Low,9.63490006928378,53.96
1103,2026-10-03 12:00:00,BLDG_A,3540.87,1174.61,1097.04,1895.94,7708.46,8859.68,12.99,874.62,10.21,1235.52,32.75,84.07,1,47.59,61.77,2026,10,3,12,Saturday,5,1,45.93485598939347,15.237933387472982,14.23163640986656,24.595574213266982,Within Budget,Moderate,High,High,Good,Low,Moderate,Low,11.34623517537874,43.66
1104,2026-10-03 18:00:00,BLDG_B,3561.58,842.73,1811.93,503.16,6719.4,7857.56,14.48,723.29,12.69,6677.84,13.38,92.43,5,64.12,40.62,2026,10,3,18,Saturday,5,1,53.0044349197845,12.541744798642737,26.965651695091825,7.488168586480937,Within Budget,Moderate,High,Low,Excellent,Moderate,Low,Moderate,10.764205137363456,45.66
1105,2026-10-04 00:00:00,BLDG_A,4027.83,2429.08,1287.21,2243.01,9987.13,10738.94,7.0,1586.12,7.32,10227.85,49.41,77.73,7,64.68,46.37,2026,10,4,0,Sunday,6,1,40.33020497380129,24.322102545976673,12.888687741122826,22.459004739099225,Within Budget,High,Moderate,High,Good,Moderate,Low,Moderate,15.881639670255618,49.78
1106,2026-10-04 06:00:00,BLDG_C,3887.4,1281.79,725.57,560.76,6455.52,6838.49,5.6,824.82,12.86,5176.3,27.2,92.86,5,94.95,69.63,2026,10,4,6,Sunday,6,1,60.21823183879842,19.85572037574045,11.239528341636305,8.68651944382482,Within Budget,Moderate,High,Moderate,Excellent,Very High,Moderate,Moderate,12.776972265595955,56.97
1107,2026-10-04 12:00:00,BLDG_C,6475.83,2345.55,1722.57,1925.51,12469.46,14687.64,15.1,727.14,10.09,9505.28,53.31,63.56,15,59.99,51.23,2026,10,4,12,Sunday,6,1,51.93352398580211,18.810357465359367,13.814311124940454,15.44180742389807,Within Budget,Moderate,High,Very High,Fair,Moderate,Moderate,Very High,5.831367196334083,46.74
1108,2026-10-04 18:00:00,BLDG_C,4363.29,1014.62,853.86,592.52,6824.29,8188.28,16.66,269.24,12.19,10118.55,17.33,84.82,13,86.02,47.52,2026,10,4,18,Sunday,6,1,63.93764039922102,14.867773790386984,12.512070852792013,8.682514957599984,Within Budget,Low,High,Moderate,Good,Very High,Low,Very High,3.9453188536829478,50.09
1109,2026-10-05 00:00:00,BLDG_A,2214.55,1629.56,1283.46,1032.49,6160.06,6985.94,11.82,576.92,10.25,5725.64,38.75,72.66,3,47.66,56.87,2026,10,5,0,Monday,0,0,35.95013684931641,26.453638438586637,20.835186670259702,16.761038041837253,Within Budget,Moderate,High,High,Fair,Low,Moderate,Low,9.365493193248115,42.33
1110,2026-10-05 06:00:00,BLDG_A,4652.32,2888.57,535.96,1494.4,9571.25,11466.32,16.53,309.55,15.31,7295.98,36.96,74.7,11,71.49,48.5,2026,10,5,6,Monday,0,0,48.607235209612114,30.179652605459058,5.599686561316443,15.61342562361238,Within Budget,Low,Very High,High,Fair,High,Low,High,3.234164816507771,49.61
1111,2026-10-05 12:00:00,BLDG_A,2512.45,1923.74,1512.16,1339.88,7288.23,8250.23,11.66,566.62,4.77,6639.99,13.72,81.7,7,71.83,43.1,2026,10,5,12,Monday,0,0,34.472704621012234,26.395160416177866,20.7479731018368,18.384161860973105,Within Budget,Moderate,Low,Low,Good,High,Low,Moderate,7.774452782088382,43.0
1112,2026-10-05 18:00:00,BLDG_A,1945.41,2457.69,1598.54,883.67,6885.31,7895.33,12.79,586.65,7.08,11300.75,28.71,78.24,1,76.44,54.76,2026,10,5,18,Monday,0,0,28.254501249762175,35.69468912801312,23.216674340007927,12.834135282216778,Within Budget,Moderate,Moderate,Moderate,Good,High,Moderate,Low,8.520313537081119,47.62
1113,2026-10-06 00:00:00,BLDG_C,6362.49,2512.88,1081.61,1167.63,11124.61,11989.34,7.21,960.48,11.79,8843.32,12.83,74.51,11,85.5,48.55,2026,10,6,0,Tuesday,1,0,57.19292631382133,22.588477258978067,9.722677918596695,10.495918508603898,Within Budget,Moderate,High,Low,Fair,Very High,Low,High,8.633830759010877,46.16
1114,2026-10-06 06:00:00,BLDG_C,5435.63,3062.51,2117.96,1955.41,12571.51,13660.12,7.97,2223.93,10.41,11141.44,34.49,71.72,1,83.1,81.57,2026,10,6,6,Tuesday,1,0,43.23768584680758,24.360717208990806,16.84729996635249,15.554296977849122,Within Budget,Very High,High,High,Fair,High,High,Low,17.690237688233154,49.93
1115,2026-10-06 12:00:00,BLDG_B,6406.51,1609.78,1973.5,1838.51,11828.3,12169.28,2.8,894.04,11.05,3030.11,56.05,83.5,12,83.05,43.26,2026,10,6,12,Tuesday,1,0,54.16255928578072,13.60956350447655,16.68456160225899,15.543315607483748,Within Budget,Moderate,High,Very High,Good,High,Low,High,7.558482622185775,58.41
1116,2026-10-06 18:00:00,BLDG_B,4046.03,2624.43,1674.29,643.63,8988.38,10467.42,14.13,627.25,18.47,4067.72,23.4,79.21,2,66.61,78.87,2026,10,6,18,Tuesday,1,0,45.01400697344795,29.198031235884553,18.627272100200482,7.160689690467025,Within Budget,Moderate,Very High,Moderate,Good,Moderate,High,Low,6.978454404464432,46.92
1117,2026-10-07 00:00:00,BLDG_A,4301.61,3392.52,1684.57,1994.63,11373.33,13491.18,15.7,561.92,19.95,1315.5,51.6,72.29,1,81.37,59.91,2026,10,7,0,Wednesday,2,0,37.821904402668345,29.82873089939358,14.81158112883386,17.537783569104214,Within Budget,Moderate,Very High,Very High,Fair,High,Moderate,Low,4.9406814011375735,56.3
1118,2026-10-07 06:00:00,BLDG_C,2591.18,2744.68,854.32,606.09,6796.27,7643.68,11.09,724.83,8.48,6248.94,18.46,67.79,9,69.57,75.12,2026,10,7,6,Wednesday,2,0,38.126501742867774,40.38509358810053,12.570424659408763,8.917980009622925,Within Budget,Moderate,Moderate,Moderate,Fair,Moderate,High,High,10.665114835049225,41.08
1119,2026-10-07 12:00:00,BLDG_C,2960.46,2071.64,1582.27,1585.85,8200.22,8763.82,6.43,435.03,19.06,10550.12,46.4,89.43,4,48.35,42.74,2026,10,7,12,Wednesday,2,0,36.102202136040255,25.263224645192444,19.295457926738553,19.33911529202875,Within Budget,Low,Very High,High,Good,Low,Low,Moderate,5.305101570445671,50.81
1120,2026-10-07 18:00:00,BLDG_C,5741.18,2466.01,756.77,1020.13,9984.09,10291.63,2.99,1222.49,12.26,4258.74,60.19,90.39,7,89.51,87.88,2026,10,7,18,Wednesday,2,0,57.503287730779675,24.69939674021368,7.579759397200947,10.217556131805702,Within Budget,High,High,Very High,Excellent,Very High,Very High,Moderate,12.2443808098685,63.09
1121,2026-10-08 00:00:00,BLDG_B,3474.07,2771.11,659.21,1675.38,8579.77,9034.77,5.04,457.08,8.93,1975.24,26.46,68.12,5,89.51,79.9,2026,10,8,0,Thursday,3,0,40.4914117744415,32.298185149485356,7.683306195853736,19.5270968802194,Within Budget,Low,Moderate,Moderate,Fair,Very High,High,Moderate,5.327415536780123,48.26
1122,2026-10-08 06:00:00,BLDG_B,5686.03,2414.37,2199.04,1022.66,11322.1,11900.46,4.86,1319.04,21.74,1287.13,59.32,69.94,14,61.14,47.29,2026,10,8,6,Thursday,3,0,50.22063044841504,21.32440095035373,19.422545287534998,9.032423313696222,Within Budget,High,Very High,Very High,Fair,Moderate,Low,Very High,11.65013557555577,53.04
1123,2026-10-08 12:00:00,BLDG_C,5132.36,746.69,1520.28,2469.92,9869.25,11080.26,10.93,1519.28,18.85,5646.25,36.81,69.09,7,90.7,51.38,2026,10,8,12,Thursday,3,0,52.003546368771694,7.5658231375231155,15.404210046356107,25.02642044734909,Within Budget,High,Very High,High,Fair,Very High,Moderate,Moderate,15.39407756415128,53.86
1124,2026-10-08 18:00:00,BLDG_C,2632.7,1245.37,1175.78,1119.46,6173.31,7340.11,15.9,224.58,21.9,2386.25,26.06,93.61,13,82.9,73.49,2026,10,8,18,Thursday,3,0,42.64648948457148,20.17345637915478,19.046184299832667,18.133869836441065,Within Budget,Low,Very High,Moderate,Excellent,High,High,Very High,3.6379187178353263,56.12
1125,2026-10-09 00:00:00,BLDG_C,4185.0,2969.31,918.7,983.92,9056.93,9144.37,0.96,841.95,7.03,4480.2,59.1,89.42,13,65.04,87.92,2026,10,9,0,Friday,4,0,46.207710559759214,32.78495030876908,10.14361378524511,10.863725346226591,Within Budget,Moderate,Moderate,Very High,Good,Moderate,Very High,Very High,9.296196393259084,55.15
1126,2026-10-09 06:00:00,BLDG_B,4983.72,1463.42,1487.06,1056.93,8991.13,8992.97,0.02,891.54,6.59,9929.77,9.83,62.83,15,61.58,63.18,2026,10,9,6,Friday,4,0,55.429295316606485,16.276263384024034,16.53918917866831,11.755252120701181,Within Budget,Moderate,Moderate,Low,Fair,Moderate,Moderate,Very High,9.915772544719074,35.21
1127,2026-10-09 12:00:00,BLDG_C,2904.67,2748.37,489.27,2292.95,8435.26,9447.8,10.72,1253.99,13.06,4916.54,9.6,91.64,7,93.76,65.25,2026,10,9,12,Friday,4,0,34.4348603362552,32.58192397151955,5.800295426578433,27.18292026564682,Within Budget,High,High,Low,Excellent,Very High,Moderate,Moderate,14.866050364778324,52.02
1128,2026-10-09 18:00:00,BLDG_C,5704.24,1741.94,570.43,1772.44,9789.05,10345.19,5.38,980.74,15.5,7513.52,42.19,61.4,1,80.63,52.37,2026,10,9,18,Friday,4,0,58.27164025109689,17.794780903151995,5.827225318085003,18.10635352766612,Within Budget,Moderate,Very High,High,Fair,High,Moderate,Low,10.018745434950278,49.93
1129,2026-10-10 00:00:00,BLDG_A,4360.69,2161.28,459.14,1961.37,8942.48,10517.34,14.97,1029.55,7.08,6274.84,53.41,69.62,1,63.94,59.92,2026,10,10,0,Saturday,5,1,48.76376575625553,24.16868698616044,5.134369883969548,21.93317737361448,Within Budget,High,Moderate,Very High,Fair,Moderate,Moderate,Low,11.513025469444718,48.51
1130,2026-10-10 06:00:00,BLDG_A,2576.64,890.33,1298.51,2336.02,7101.5,7566.29,6.14,1055.86,19.49,8763.13,50.84,94.92,11,77.1,54.87,2026,10,10,6,Saturday,5,1,36.28303879462085,12.537210448496797,18.28501020911075,32.8947405477716,Within Budget,High,Very High,Very High,Excellent,High,Moderate,High,14.868126452157993,60.59
1131,2026-10-10 12:00:00,BLDG_B,4540.03,1207.43,1481.09,2323.74,9552.29,10105.82,5.48,1088.62,13.58,2295.9,12.53,92.84,3,73.58,58.23,2026,10,10,12,Saturday,5,1,47.52818434113704,12.640215068847366,15.505077839973449,24.32652275004213,Within Budget,High,High,Low,Excellent,High,Moderate,Low,11.396429547260393,48.13
1132,2026-10-10 18:00:00,BLDG_C,6498.65,3380.15,512.46,1977.89,12369.15,13035.87,5.11,1035.85,11.4,11085.07,62.16,89.69,10,71.23,41.07,2026,10,10,18,Saturday,5,1,52.53918013768124,27.327261776274035,4.14304944155419,15.990508644490529,Within Budget,High,High,Very High,Good,High,Low,High,8.374463887979369,58.62
1133,2026-10-11 00:00:00,BLDG_C,2507.45,3192.39,1698.2,895.65,8293.69,8533.96,2.82,355.6,14.84,7901.78,48.07,77.39,2,77.24,42.14,2026,10,11,0,Sunday,6,1,30.233225500350265,38.4917931584132,20.475807511493677,10.799173829742852,Within Budget,Low,High,High,Good,High,Low,Low,4.287596956240226,54.39
1134,2026-10-11 06:00:00,BLDG_A,5638.76,2526.37,814.71,2186.75,11166.59,12465.33,10.42,1557.6,15.43,3615.97,62.1,72.21,14,71.88,75.4,2026,10,11,6,Sunday,6,1,50.496704902750075,22.624364286680176,7.2959605394305695,19.582970271139175,Within Budget,High,Very High,Very High,Fair,High,High,Very High,13.948752483972276,55.4
1135,2026-10-11 12:00:00,BLDG_B,2774.35,1987.0,1633.36,907.55,7302.26,7547.93,3.25,1173.26,4.77,1917.42,26.76,93.5,7,77.74,75.45,2026,10,11,12,Sunday,6,1,37.993032294111686,27.210753930974796,22.36786967322445,12.428344101689065,Within Budget,High,Low,Moderate,Excellent,High,High,Moderate,16.067080602443625,50.69
1136,2026-10-11 18:00:00,BLDG_A,5477.23,2592.13,2167.41,1985.8,12222.57,13260.59,7.83,2145.18,22.0,2221.84,47.55,84.97,3,90.38,57.17,2026,10,11,18,Sunday,6,1,44.81242488281924,21.20773290723637,17.73284996526917,16.24699224467522,Within Budget,Very High,Very High,High,Good,Very High,Moderate,Low,17.550973322304557,61.22
1137,2026-10-12 00:00:00,BLDG_A,5252.52,2432.11,1643.99,1871.21,11199.83,12232.39,8.44,1892.66,10.55,9500.62,57.02,71.23,7,94.66,86.04,2026,10,12,0,Monday,0,0,46.898211847858406,21.715597468890156,14.678704944628624,16.707485738622818,Within Budget,High,High,Very High,Fair,Very High,Very High,Moderate,16.899006502777276,58.36
1138,2026-10-12 06:00:00,BLDG_A,3212.3,2291.95,1989.75,2017.78,9511.78,9550.76,0.41,1423.08,5.11,7263.27,29.69,77.6,9,80.46,53.84,2026,10,12,6,Monday,0,0,33.77180716963596,24.09591054460889,20.91879753316414,21.213484752590997,Within Budget,High,Moderate,Moderate,Good,High,Moderate,High,14.96123753913568,48.22
1139,2026-10-12 12:00:00,BLDG_A,3331.37,865.7,2106.76,1565.37,7869.2,7895.65,0.33,995.62,19.34,4878.72,63.0,93.5,12,91.39,60.58,2026,10,12,12,Monday,0,0,42.33429065216286,11.00111828394246,26.77222589335638,19.8923651705383,Within Budget,Moderate,Very High,Very High,Excellent,Very High,Moderate,High,12.652112031718598,66.81
1140,2026-10-12 18:00:00,BLDG_C,5524.85,2471.85,1276.15,1777.45,11050.3,12200.0,9.42,1626.81,21.87,4328.36,23.1,94.33,11,87.92,78.03,2026,10,12,18,Monday,0,0,49.99728514157987,22.36907595268907,11.548555242844087,16.08508366288698,Within Budget,High,Very High,Moderate,Excellent,Very High,High,High,14.721862754857334,56.81
1141,2026-10-13 00:00:00,BLDG_C,3968.79,2852.98,1664.18,2406.64,10892.59,12408.91,12.22,1032.75,18.69,10341.22,25.99,85.05,1,59.75,78.67,2026,10,13,0,Tuesday,1,0,36.43568701291428,26.191934149729313,15.278092721749372,22.09428611560703,Within Budget,High,Very High,Moderate,Good,Moderate,High,Low,9.481216129497207,47.37
1142,2026-10-13 06:00:00,BLDG_A,5234.84,3483.43,1933.54,702.18,11353.99,13493.41,15.86,1353.58,19.33,10559.77,60.46,87.84,15,91.65,84.78,2026,10,13,6,Tuesday,1,0,46.105730232279576,30.680227831801858,17.029608093718597,6.184433842199966,Within Budget,High,Very High,Very High,Good,Very High,High,Very High,11.921624028205063,64.82
1143,2026-10-13 12:00:00,BLDG_B,2495.53,731.02,1041.9,1117.69,5386.14,5579.09,3.46,443.31,15.27,7184.51,63.27,61.49,3,48.54,41.51,2026,10,13,12,Tuesday,1,0,46.332438443857754,13.572242830672801,19.34409428644632,20.751224439023122,Within Budget,Low,Very High,Very High,Fair,Low,Low,Low,8.230569573015183,47.14
1144,2026-10-13 18:00:00,BLDG_B,5807.02,2744.49,870.52,1722.71,11144.74,11374.9,2.02,880.51,20.6,6532.26,24.26,82.97,13,61.5,49.56,2026,10,13,18,Tuesday,1,0,52.105477561612034,24.62587731970418,7.811039109032603,15.45760600965119,Within Budget,Moderate,Very High,Moderate,Good,Moderate,Low,Very High,7.90067780854466,47.33
1145,2026-10-14 00:00:00,BLDG_B,5141.16,2301.01,2103.88,2428.11,11974.16,12098.9,1.03,1718.34,4.64,9889.15,15.77,86.18,11,77.0,73.31,2026,10,14,0,Wednesday,2,0,42.93545434502295,19.216462783193144,17.570167761245884,20.27791511053803,Within Budget,High,Low,Moderate,Good,High,High,High,14.350401197244732,45.9
1146,2026-10-14 06:00:00,BLDG_B,6062.63,1915.35,1707.35,691.15,10376.48,11281.4,8.02,1017.83,17.8,9117.35,51.27,60.77,15,71.35,57.59,2026,10,14,6,Wednesday,2,0,58.426653354509426,18.458571692905494,16.454038363684024,6.660736588901053,Within Budget,High,Very High,Very High,Fair,High,Moderate,Very High,9.809010377314852,50.3
1147,2026-10-14 12:00:00,BLDG_A,2422.15,1057.2,795.43,545.1,4819.88,5420.58,11.08,297.99,16.07,5103.74,60.99,92.07,15,72.12,42.27,2026,10,14,12,Wednesday,2,0,50.253325808941305,21.93415603707976,16.503107961194054,11.309410192784883,Within Budget,Low,Very High,Very High,Excellent,High,Low,Very High,6.182519066864735,60.31
1148,2026-10-14 18:00:00,BLDG_C,4587.17,1845.44,1208.35,611.5,8252.46,9639.79,14.39,497.55,4.89,1451.49,42.24,95.27,6,84.74,70.5,2026,10,14,18,Wednesday,2,0,55.585486024773225,22.36230166520044,14.642300598851737,7.409911711174607,Within Budget,Low,Low,High,Excellent,High,High,Moderate,6.029111319533813,56.78
1149,2026-10-15 00:00:00,BLDG_B,4615.87,1692.26,1833.61,604.81,8746.55,9940.71,12.01,1389.62,13.79,9337.75,44.17,69.04,15,54.74,60.44,2026,10,15,0,Thursday,3,0,52.77360787967827,19.34774282431359,20.963808587385884,6.914840708622257,Within Budget,High,High,High,Fair,Moderate,Moderate,Very High,15.887635696360281,45.44
1150,2026-10-15 06:00:00,BLDG_A,3461.27,1547.92,1384.71,2315.63,8709.53,9072.47,4.0,1146.73,13.27,2440.06,51.49,92.14,13,94.1,58.93,2026,10,15,6,Thursday,3,0,39.741180063677376,17.772715634483145,15.898791323986483,26.587312977852996,Within Budget,High,High,Very High,Excellent,Very High,Moderate,Very High,13.166382112467605,62.75
1151,2026-10-15 12:00:00,BLDG_B,3954.79,2746.46,1569.91,1942.52,10213.68,11156.95,8.45,1142.98,16.45,688.33,16.73,85.29,9,66.87,53.75,2026,10,15,12,Thursday,3,0,38.720519930132916,26.890014177064486,15.370659742619702,19.01880615018289,Within Budget,High,Very High,Moderate,Good,Moderate,Moderate,High,11.190677601021374,46.34
1152,2026-10-15 18:00:00,BLDG_B,1978.51,2662.03,1756.78,1854.21,8251.53,9753.88,15.4,743.8,5.4,10197.98,63.49,82.07,5,92.49,40.31,2026,10,15,18,Thursday,3,0,23.977492658937187,32.261047345159014,21.290354637261206,22.471105358642575,Within Budget,Moderate,Moderate,Very High,Good,Very High,Low,Moderate,9.014085872559392,60.86
1153,2026-10-16 00:00:00,BLDG_A,5305.54,2349.26,1519.62,1545.15,10719.57,11420.07,6.13,1014.31,18.5,7149.92,28.77,92.04,3,64.16,49.48,2026,10,16,0,Friday,4,0,49.493962910825715,21.915617883926316,14.176128333505913,14.414290871742057,Within Budget,High,Very High,Moderate,Excellent,Moderate,Low,Low,9.462226563192367,50.87
1154,2026-10-16 06:00:00,BLDG_C,4381.82,3328.26,1372.14,2063.91,11146.13,12257.91,9.07,430.41,6.51,10754.16,43.81,70.85,8,75.09,64.66,2026,10,16,6,Friday,4,0,39.312478860375755,29.86022951463872,12.310461119689078,18.516830505296458,Within Budget,Low,Moderate,High,Fair,High,Moderate,High,3.861519648523748,49.06
1155,2026-10-16 12:00:00,BLDG_C,2071.38,1679.59,1749.31,811.3,6311.58,7521.59,16.09,620.03,11.54,6072.76,34.71,90.05,13,67.52,54.34,2026,10,16,12,Friday,4,0,32.81872367933228,26.611244727944506,27.7158809679985,12.854150624724712,Within Budget,Moderate,High,High,Excellent,Moderate,Moderate,Very High,9.823689155488799,50.96
1156,2026-10-16 18:00:00,BLDG_A,4999.55,1382.65,1709.61,1283.88,9375.69,10753.37,12.81,1399.96,19.86,11154.53,34.69,71.95,14,78.8,85.47,2026,10,16,18,Friday,4,0,53.32460864213727,14.747181274124891,18.234497940951545,13.693712142786291,Within Budget,High,Very High,High,Fair,High,Very High,Very High,14.931807685621004,51.32
1157,2026-10-17 00:00:00,BLDG_C,3993.88,2536.53,1533.77,1480.01,9544.19,10971.51,13.01,841.78,14.09,4570.68,48.06,89.92,12,54.18,47.44,2026,10,17,0,Saturday,5,1,41.84619124304943,26.57669220751054,16.07019558495797,15.506920964482054,Within Budget,Moderate,High,High,Good,Moderate,Low,High,8.819816034676593,51.56
1158,2026-10-17 06:00:00,BLDG_A,1961.97,1256.68,1047.62,720.82,4987.09,5238.77,4.8,436.56,10.83,8832.0,64.7,77.14,5,65.03,85.52,2026,10,17,6,Saturday,5,1,39.34097840624492,25.198662947731044,21.00663914226533,14.453719503758705,Within Budget,Low,High,Very High,Good,Moderate,Very High,Moderate,8.753802317584002,54.42
1159,2026-10-17 12:00:00,BLDG_A,6357.16,1582.03,1130.46,1339.03,10408.68,11271.97,7.66,336.8,4.87,3961.34,45.57,64.44,15,48.42,61.05,2026,10,17,12,Saturday,5,1,61.07556385631992,15.199141485759963,10.860743148987192,12.864551508932928,Within Budget,Low,Low,High,Fair,Low,Moderate,Very High,3.235760922614587,40.83
1160,2026-10-17 18:00:00,BLDG_A,6260.83,1328.89,2146.79,1133.0,10869.51,11048.51,1.62,1072.55,16.1,513.38,53.26,74.5,6,74.91,54.34,2026,10,17,18,Saturday,5,1,57.59992860763733,12.225850107318546,19.75056833288713,10.423652952156996,Within Budget,High,Very High,Very High,Fair,High,Moderate,Moderate,9.867510126951444,54.69
1161,2026-10-18 00:00:00,BLDG_C,4210.64,893.63,602.29,571.16,6277.72,7039.24,10.82,212.19,21.76,4867.06,9.57,68.87,13,93.13,55.82,2026,10,18,0,Sunday,6,1,67.07275889972793,14.234945171176797,9.594088299573729,9.098207629521546,Within Budget,Low,Very High,Low,Fair,Very High,Moderate,Very High,3.380048807528848,48.33
1162,2026-10-18 06:00:00,BLDG_A,2240.26,3017.0,883.31,773.47,6914.04,7057.48,2.03,798.93,20.41,8984.3,54.19,63.82,2,47.3,57.16,2026,10,18,6,Sunday,6,1,32.40160600748622,43.635848216093635,12.775598636976355,11.186947139443799,Within Budget,Moderate,Very High,Very High,Fair,Low,Moderate,Low,11.555183366020445,46.43
1163,2026-10-18 12:00:00,BLDG_B,5346.72,1412.71,1286.32,2028.07,10073.82,11757.98,14.32,1068.0,16.91,2225.28,25.1,64.19,4,77.98,66.34,2026,10,18,12,Sunday,6,1,53.07539741627308,14.023577947590885,12.768939687228876,20.132084948907167,Within Budget,High,Very High,Moderate,Fair,High,Moderate,Moderate,10.601737970303223,46.04
1164,2026-10-18 18:00:00,BLDG_C,4112.08,2024.48,1906.11,536.08,8578.75,9976.32,14.01,1338.3,5.9,6305.22,15.22,89.64,1,83.75,58.4,2026,10,18,18,Sunday,6,1,47.93332361940842,23.59877604546117,22.218971295351885,6.248929039778523,Within Budget,High,Moderate,Moderate,Good,High,Moderate,Low,15.600174850648404,48.63
1165,2026-10-19 00:00:00,BLDG_C,3221.5,821.28,694.62,2368.51,7105.91,7864.26,9.64,833.29,8.31,2941.7,14.46,93.49,15,55.66,73.65,2026,10,19,0,Monday,0,0,45.33550241981675,11.557703376485208,9.775243424135684,33.33155077956237,Within Budget,Moderate,Moderate,Low,Excellent,Moderate,High,Very High,11.726717619558931,42.98
1166,2026-10-19 06:00:00,BLDG_C,4109.67,2658.15,898.52,672.85,8339.19,8574.63,2.75,654.74,7.36,1358.18,46.75,95.23,14,58.65,62.11,2026,10,19,6,Monday,0,0,49.28140502854594,31.87539797030647,10.774667563636275,8.068529437511316,Within Budget,Moderate,Moderate,High,Excellent,Moderate,Moderate,Very High,7.851362062742305,52.0
1167,2026-10-19 12:00:00,BLDG_C,4255.49,1625.57,518.44,2098.48,8497.98,8541.45,0.51,912.98,10.4,7600.7,64.86,92.45,13,55.08,74.93,2026,10,19,12,Monday,0,0,50.076488765565465,19.12889886773092,6.100743941501393,24.693868425202226,Within Budget,Moderate,High,Very High,Excellent,Moderate,High,Very High,10.743494336301099,55.7
1168,2026-10-19 18:00:00,BLDG_B,4444.74,2785.26,1670.77,2297.23,11198.0,12982.31,13.74,1511.24,8.24,11447.63,45.97,91.55,4,59.87,71.43,2026,10,19,18,Monday,0,0,39.692266476156455,24.872834434720488,14.920253616717272,20.51464547240579,Within Budget,High,Moderate,High,Excellent,Moderate,High,Moderate,13.495624218610466,51.41
1169,2026-10-20 00:00:00,BLDG_C,3873.75,1854.73,828.78,2382.27,8939.53,10012.52,10.72,394.18,8.4,4073.1,22.95,62.62,1,50.5,52.71,2026,10,20,0,Tuesday,1,0,43.33281503613725,20.7475113344885,9.270957197973493,26.648716431400754,Within Budget,Low,Moderate,Moderate,Fair,Moderate,Moderate,Low,4.409404073815961,36.12
1170,2026-10-20 06:00:00,BLDG_C,4647.05,1248.12,1099.61,2234.95,9229.73,10542.07,12.45,1136.74,15.1,7177.43,19.59,90.02,4,63.52,82.26,2026,10,20,6,Tuesday,1,0,50.34871009227789,13.522822444426868,11.91378296006492,24.214684503230323,Within Budget,High,Very High,Moderate,Excellent,Moderate,High,Moderate,12.316069917538217,47.06
1171,2026-10-20 12:00:00,BLDG_A,6118.05,2136.89,1198.66,1075.1,10528.7,11168.44,5.73,1763.49,9.74,11466.44,37.98,89.76,14,63.45,81.55,2026,10,20,12,Tuesday,1,0,58.10831346699972,20.29585798816568,11.384691367405281,10.211137177429311,Within Budget,High,Moderate,High,Good,Moderate,High,Very High,16.74936126967242,50.23
1172,2026-10-20 18:00:00,BLDG_C,3502.66,1065.41,2004.37,1166.17,7738.61,8527.15,9.25,579.39,16.19,7980.56,11.71,64.99,2,85.36,91.43,2026,10,20,18,Tuesday,1,0,45.262133638986846,13.76745953084598,25.90090468443299,15.069502145734184,Within Budget,Moderate,Very High,Low,Fair,Very High,Very High,Low,7.487003479953118,44.56
1173,2026-10-21 00:00:00,BLDG_B,5210.87,1933.51,1140.39,1353.09,9637.86,11078.09,13.0,1195.03,21.06,8240.8,30.76,85.16,6,85.05,49.1,2026,10,21,0,Wednesday,2,0,54.06667040193569,20.06161118754578,11.832398478500414,14.039319932018103,Within Budget,High,Very High,High,Good,Very High,Low,Moderate,12.399329311693673,55.51
1174,2026-10-21 06:00:00,BLDG_B,6003.93,1588.46,661.41,778.59,9032.39,9868.0,8.47,1383.76,15.49,2557.68,45.98,77.2,6,84.84,84.09,2026,10,21,6,Wednesday,2,0,66.47111118984013,17.58626454349292,7.322646608483469,8.619977658183494,Within Budget,High,Very High,High,Good,High,High,Moderate,15.319976218918804,55.88
1175,2026-10-21 12:00:00,BLDG_B,3943.1,3253.49,1343.77,544.54,9084.9,10177.6,10.74,970.0,17.53,6165.01,63.16,94.2,8,73.35,85.34,2026,10,21,12,Wednesday,2,0,43.40278924369008,35.812061772831846,14.791247014276438,5.993901969201642,Within Budget,Moderate,Very High,Very High,Excellent,High,Very High,High,10.677057535030656,62.06
1176,2026-10-21 18:00:00,BLDG_B,3884.24,870.6,2133.32,2238.24,9126.4,10567.88,13.64,1256.68,17.53,4721.45,32.26,86.43,9,61.29,73.39,2026,10,21,18,Wednesday,2,0,42.560483870967744,9.53935834502104,23.375262973352037,24.524894810659184,Within Budget,High,Very High,High,Good,Moderate,High,High,13.769723001402525,49.38
1177,2026-10-22 00:00:00,BLDG_C,4629.95,2643.25,1493.83,1608.26,10375.29,10821.89,4.13,795.28,9.95,5916.0,19.41,96.14,8,65.55,66.33,2026,10,22,0,Thursday,3,0,44.6247767532281,25.476396322416043,14.397958996808763,15.500867927547086,Within Budget,Moderate,Moderate,Moderate,Excellent,Moderate,Moderate,High,7.6651351432104535,47.76
1178,2026-10-22 06:00:00,BLDG_C,4579.61,1211.7,2170.1,1717.45,9678.86,9806.48,1.3,734.71,4.27,9709.51,54.59,63.99,1,60.89,89.78,2026,10,22,6,Thursday,3,0,47.31559295206253,12.51903633279126,22.421028922827684,17.744341792318515,Within Budget,Moderate,Low,Very High,Fair,Moderate,Very High,Low,7.590873305327281,45.94
1179,2026-10-22 12:00:00,BLDG_B,5590.97,1593.33,1913.99,2353.98,11452.27,12670.39,9.61,1490.37,4.99,5798.04,50.42,61.54,13,74.1,90.58,2026,10,22,12,Thursday,3,0,48.819753638361654,13.912787595821612,16.712756510281366,20.554702255535364,Within Budget,High,Low,Very High,Fair,High,Very High,Very High,13.013751858801792,47.76
1180,2026-10-22 18:00:00,BLDG_B,4039.47,1863.44,464.74,1830.24,8197.89,8299.75,1.23,1113.37,9.08,1222.78,57.0,97.0,3,91.9,73.37,2026,10,22,18,Thursday,3,0,49.27450844058654,22.730727052936793,5.6690197111695815,22.325744795307088,Within Budget,High,Moderate,Very High,Excellent,Very High,High,Low,13.581177595698405,63.74
1181,2026-10-23 00:00:00,BLDG_C,6481.78,3242.44,1585.12,1881.71,13191.05,15213.39,13.29,2249.75,16.41,10913.73,20.24,63.05,6,59.22,58.7,2026,10,23,0,Friday,4,0,49.13771079633539,24.58060578953154,12.016632489453077,14.265050924679992,Within Budget,Very High,Very High,Moderate,Fair,Moderate,Moderate,Moderate,17.055124497291725,39.73
1182,2026-10-23 06:00:00,BLDG_B,2079.52,1379.22,916.18,2073.94,6448.86,7376.48,12.58,410.96,20.32,6765.38,31.08,74.68,1,67.94,82.49,2026,10,23,6,Friday,4,0,32.246319504532586,21.387035848196426,14.206852063775614,32.15979258349538,Within Budget,Low,Very High,High,Fair,Moderate,High,Low,6.372599188073551,48.5
1183,2026-10-23 12:00:00,BLDG_A,1814.89,955.66,1407.31,732.7,4910.56,5776.5,14.99,492.2,21.26,11131.69,63.95,84.7,8,77.76,44.64,2026,10,23,12,Friday,4,0,36.958921182105506,19.461324166693817,28.65884949985337,14.9209051513473,Within Budget,Low,Very High,Very High,Good,High,Low,High,10.02329673194096,61.92
1184,2026-10-23 18:00:00,BLDG_B,4808.93,1592.33,902.82,1220.32,8524.4,9614.78,11.34,576.05,4.47,7082.08,17.01,93.44,14,87.23,55.11,2026,10,23,18,Friday,4,0,56.41370653653044,18.67967246961663,10.591009337900616,14.315611655952326,Within Budget,Moderate,Low,Moderate,Excellent,Very High,Moderate,Very High,6.757660363192717,50.54
1185,2026-10-24 00:00:00,BLDG_B,3202.64,993.09,1027.97,2436.42,7660.12,7763.07,1.33,321.83,21.82,1300.82,46.27,69.67,6,57.67,91.25,2026,10,24,0,Saturday,5,1,41.8092666955609,12.964418311984668,13.41976365905495,31.80655133339948,Within Budget,Low,Very High,High,Fair,Moderate,Very High,Moderate,4.201370213521459,48.86
1186,2026-10-24 06:00:00,BLDG_A,2929.8,1060.07,2061.7,2345.86,8397.43,8822.6,4.82,759.84,9.8,6858.0,21.52,61.1,1,59.01,82.35,2026,10,24,6,Saturday,5,1,34.88924587641695,12.623743216674624,24.551559227049225,27.935451679859195,Within Budget,Moderate,Moderate,Moderate,Fair,Moderate,High,Low,9.048482690537462,37.86
1187,2026-10-24 12:00:00,BLDG_A,3265.93,2306.78,771.96,2268.15,8612.82,10004.53,13.91,741.67,19.17,7121.0,36.51,79.81,10,89.26,88.86,2026,10,24,12,Saturday,5,1,37.919403865400646,26.78309775427793,8.962918068646507,26.33458031167492,Within Budget,Moderate,Very High,High,Good,Very High,Very High,High,8.611233022401489,56.19
1188,2026-10-24 18:00:00,BLDG_C,3003.42,870.53,1973.4,1404.18,7251.53,7493.92,3.23,511.71,7.25,2964.91,53.63,77.9,2,49.01,70.93,2026,10,24,18,Saturday,5,1,41.417742186821265,12.00477692293902,27.21356734371919,19.36391354652053,Within Budget,Moderate,Moderate,Very High,Good,Low,High,Low,7.056579783852511,46.95
1189,2026-10-25 00:00:00,BLDG_C,1944.71,786.61,454.82,2214.39,5400.53,6154.96,12.26,402.61,5.13,5916.83,35.85,71.66,6,75.27,61.2,2026,10,25,0,Sunday,6,1,36.00961387123116,14.565422282627818,8.421766011854393,41.00319783428664,Within Budget,Low,Moderate,High,Fair,High,Moderate,Moderate,7.455009045408508,46.98
1190,2026-10-25 06:00:00,BLDG_A,6366.21,2700.36,563.58,596.79,10226.94,11822.87,13.5,859.69,10.81,5783.58,53.91,93.21,10,88.02,90.94,2026,10,25,6,Sunday,6,1,62.2494118475321,26.404379022464198,5.5107392827179975,5.835469847285698,Within Budget,Moderate,High,Very High,Excellent,Very High,Very High,High,8.406131257248013,61.49
1191,2026-10-25 12:00:00,BLDG_A,2837.5,1712.61,1938.42,797.03,7285.56,7766.57,6.19,1299.2,19.46,7663.08,32.3,88.47,14,91.09,56.09,2026,10,25,12,Sunday,6,1,38.94690318932244,23.506909558084757,26.606328134007544,10.939859118585256,Within Budget,High,Very High,High,Good,Very High,Moderate,Very High,17.8325344928873,57.83
1192,2026-10-25 18:00:00,BLDG_C,5249.94,1051.05,1535.0,1327.94,9163.93,9754.63,6.06,1351.16,7.97,3485.56,64.96,92.61,8,45.63,79.39,2026,10,25,18,Sunday,6,1,57.28917615040709,11.469424144444577,16.750455317751225,14.490944387397112,Within Budget,High,Moderate,Very High,Excellent,Low,High,High,14.744329125167916,52.79
1193,2026-10-26 00:00:00,BLDG_B,5384.2,1410.12,1745.03,1466.78,10006.13,11122.42,10.04,407.35,6.77,7190.11,32.84,66.15,5,63.48,69.03,2026,10,26,0,Monday,0,0,53.809015073759795,14.092561259947653,17.43960951936463,14.658814146927934,Within Budget,Low,Moderate,High,Fair,Moderate,Moderate,Moderate,4.071004474257281,42.31
1194,2026-10-26 06:00:00,BLDG_A,6167.51,2497.84,776.95,1027.01,10469.31,12272.72,14.69,1684.11,20.38,3270.95,16.51,86.31,1,57.86,51.88,2026,10,26,6,Monday,0,0,58.91037709266418,23.858687917350814,7.421214960680313,9.809720029304701,Within Budget,High,Very High,Moderate,Good,Moderate,Moderate,Low,16.08616040598664,45.26
1195,2026-10-26 12:00:00,BLDG_C,1943.58,1471.5,1366.75,1212.95,5994.78,6263.23,4.29,749.32,20.89,5634.12,30.91,97.05,14,73.4,40.91,2026,10,26,12,Monday,0,0,32.42120644961116,24.54635532913635,22.799001798231128,20.233436423021363,Within Budget,Moderate,Very High,High,Excellent,High,Low,Very High,12.499541267569453,55.56
1196,2026-10-26 18:00:00,BLDG_B,5898.63,2084.66,1726.99,825.55,10535.83,12519.22,15.84,1723.55,4.23,1911.12,50.33,83.25,10,76.64,59.96,2026,10,26,18,Monday,0,0,55.98638170889242,19.786386074946158,16.391589461864893,7.835642754296529,Within Budget,High,Low,Very High,Good,High,Moderate,High,16.358938973009245,53.61
1197,2026-10-27 00:00:00,BLDG_A,4277.96,1040.75,1529.17,1478.27,8326.15,9323.82,10.7,676.55,17.09,928.96,56.33,66.51,2,94.99,68.48,2026,10,27,0,Tuesday,1,0,51.37980939569909,12.499774805882671,18.365871381130535,17.7545444172877,Within Budget,Moderate,Very High,Very High,Fair,Very High,Moderate,Low,8.1256042708815,58.73
1198,2026-10-27 06:00:00,BLDG_B,4772.96,2346.66,1249.06,2087.69,10456.37,12531.18,16.56,1042.27,9.57,4186.75,34.23,97.84,4,70.64,49.53,2026,10,27,6,Tuesday,1,0,45.646433705004696,22.442396357435705,11.945445694825258,19.965724242734332,Within Budget,High,Moderate,High,Excellent,High,Low,Moderate,9.967799532725028,53.07
1199,2026-10-27 12:00:00,BLDG_C,4829.01,1585.02,2127.61,1822.72,10364.36,10550.12,1.76,1704.25,10.74,3657.58,41.89,80.08,4,72.57,61.56,2026,10,27,12,Tuesday,1,0,46.592457228425104,15.292984805622343,20.528136807289595,17.586421158662958,Within Budget,High,High,High,Good,High,Moderate,Moderate,16.4433693928038,51.32
1200,2026-10-27 18:00:00,BLDG_A,5653.05,2455.51,1617.08,715.58,10441.22,10705.51,2.47,740.14,12.44,5179.76,56.16,91.92,7,65.72,71.99,2026,10,27,18,Tuesday,1,0,54.14166160659387,23.517462518747813,15.487462193115364,6.853413681542962,Within Budget,Moderate,High,Very High,Excellent,Moderate,High,Moderate,7.088635236112255,56.56
1201,2026-10-28 00:00:00,BLDG_B,3367.01,2963.51,2033.95,1475.16,9839.63,11466.4,14.19,1646.42,11.68,11562.8,54.37,65.68,2,52.38,77.18,2026,10,28,0,Wednesday,2,0,34.218867985889716,30.11810403439967,20.671000840478758,14.992027139231864,Within Budget,High,High,Very High,Fair,Moderate,High,Low,16.732539739807294,46.03
1202,2026-10-28 06:00:00,BLDG_A,5245.34,2412.61,1713.59,1895.29,11266.83,13215.44,14.74,1738.19,13.27,6505.64,45.49,85.31,7,60.17,42.74,2026,10,28,6,Wednesday,2,0,46.55559727092714,21.413387794082276,15.209158210428308,16.821856724562277,Within Budget,High,High,High,Good,Moderate,Low,Moderate,15.427498240410126,51.06
1203,2026-10-28 12:00:00,BLDG_B,4284.32,1528.09,1723.83,1559.79,9096.03,9906.41,8.18,1610.76,14.48,6861.53,54.46,94.68,7,57.35,74.54,2026,10,28,12,Wednesday,2,0,47.10098801345202,16.799526826538607,18.951454645598133,17.148030514411232,Within Budget,High,High,Very High,Excellent,Moderate,High,Moderate,17.70838486680453,55.24
1204,2026-10-28 18:00:00,BLDG_C,5528.95,1416.08,544.03,1283.35,8772.41,10025.24,12.5,689.85,12.38,11328.41,40.83,80.22,7,85.06,42.95,2026,10,28,18,Wednesday,2,0,63.0265799250149,16.142428363471385,6.2016025242778205,14.629389187235889,Within Budget,Moderate,High,High,Good,Very High,Low,Moderate,7.863859532329201,54.62
1205,2026-10-29 00:00:00,BLDG_C,6455.57,1616.78,1047.04,1743.83,10863.22,12748.11,14.79,710.05,16.63,11093.19,8.26,70.97,13,72.29,41.47,2026,10,29,0,Thursday,3,0,59.4259344835141,14.883064137520922,9.638394509178678,16.052606869786306,Within Budget,Moderate,Very High,Low,Fair,High,Low,Very High,6.536275616253744,42.04
1206,2026-10-29 06:00:00,BLDG_A,2743.06,1160.94,1945.06,2437.28,8286.34,8357.81,0.86,659.84,16.93,10667.29,10.35,64.84,3,59.81,47.93,2026,10,29,6,Thursday,3,0,33.10339667452699,14.01028680937543,23.473089446003904,29.413227070093672,Within Budget,Moderate,Very High,Low,Fair,Moderate,Low,Low,7.962984864246458,37.98
1207,2026-10-29 12:00:00,BLDG_B,6474.85,1207.28,818.69,689.82,9190.64,10245.63,10.3,1591.8,11.93,1626.94,63.85,71.25,6,69.45,73.99,2026,10,29,12,Thursday,3,0,70.45048005361978,13.135973120479097,8.907867134388901,7.505679691512235,Within Budget,High,High,Very High,Fair,Moderate,High,Moderate,17.319794921789995,54.12
1208,2026-10-29 18:00:00,BLDG_A,2222.12,2913.94,607.91,1280.03,7024.0,8222.97,14.58,561.65,6.56,7794.42,16.26,73.49,12,55.94,42.75,2026,10,29,18,Thursday,3,0,31.63610478359909,41.48547835990888,8.654755125284739,18.22366173120729,Within Budget,Moderate,Moderate,Moderate,Fair,Moderate,Low,High,7.99615603644647,38.06
1209,2026-10-30 00:00:00,BLDG_A,1810.89,1777.25,986.99,1313.21,5888.34,6357.23,7.38,675.87,15.53,9793.14,31.06,86.98,6,54.26,41.09,2026,10,30,0,Friday,4,0,30.753828753095103,30.182530220741327,16.761769870625677,22.301871155537896,Within Budget,Moderate,Very High,High,Good,Moderate,Low,Moderate,11.478107582102934,46.96
1210,2026-10-30 06:00:00,BLDG_B,2007.56,1920.79,796.79,1653.93,6379.07,6764.86,5.7,577.64,17.91,10109.11,61.23,66.79,4,88.0,46.13,2026,10,30,6,Friday,4,0,31.471045152349795,30.110815526401186,12.490692216890551,25.927447104358475,Within Budget,Moderate,Very High,Very High,Fair,Very High,Low,Moderate,9.055238459524665,58.48
1211,2026-10-30 12:00:00,BLDG_B,3406.38,2363.34,2065.52,804.35,8639.59,10014.51,13.73,772.66,15.49,7145.93,19.12,64.03,1,92.24,89.39,2026,10,30,12,Friday,4,0,39.42756542845204,27.354770307387273,23.90761598640676,9.310048277753921,Within Budget,Moderate,Very High,Moderate,Fair,Very High,Very High,Low,8.943248464336849,47.72
1212,2026-10-30 18:00:00,BLDG_B,4774.66,2351.03,1962.34,853.29,9941.32,10608.95,6.29,586.61,14.58,701.2,56.1,74.7,9,49.0,87.18,2026,10,30,18,Friday,4,0,48.0284308321229,23.64907275894952,19.73922980046915,8.583266608458434,Within Budget,Moderate,High,Very High,Fair,Low,Very High,High,5.900725456981569,48.6
1213,2026-10-31 00:00:00,BLDG_C,2124.44,888.66,1299.43,1070.72,5383.25,5386.67,0.06,595.18,8.13,11697.7,54.64,77.43,2,83.24,44.5,2026,10,31,0,Saturday,5,1,39.46389262991688,16.50787163887986,24.13839223517392,19.88984349602935,Within Budget,Moderate,Moderate,Very High,Good,High,Low,Low,11.056146379974921,55.86
1214,2026-10-31 06:00:00,BLDG_A,1826.63,3028.31,510.42,2411.74,7777.1,9269.64,16.1,1224.2,15.61,5930.26,64.22,83.88,9,67.67,55.81,2026,10,31,6,Saturday,5,1,23.487289606665723,38.938807524655715,6.56311478571704,31.01078808296151,Within Budget,High,Very High,Very High,Good,Moderate,Moderate,High,15.741086008923636,57.84
1215,2026-10-31 12:00:00,BLDG_A,6204.33,1196.51,1686.21,1968.22,11055.27,12364.49,10.59,413.72,10.03,5026.35,24.06,86.89,8,64.45,89.26,2026,10,31,12,Saturday,5,1,56.12101739713277,10.82298306599477,15.252544713968993,17.80345482290347,Within Budget,Low,High,Moderate,Good,Moderate,Very High,High,3.742287614866032,46.36
1216,2026-10-31 18:00:00,BLDG_C,5663.06,2724.6,1522.14,1823.39,11733.19,13656.3,14.08,1917.02,20.55,5041.91,25.97,93.79,1,79.47,45.08,2026,10,31,18,Saturday,5,1,48.26530551367531,23.22130639664064,12.972942567196133,15.540445522487916,Within Budget,High,Very High,Moderate,Excellent,High,Low,Low,16.33843822523968,54.94
1217,2026-11-01 00:00:00,BLDG_B,5603.16,2863.48,2147.0,2133.92,12747.56,14851.68,14.17,1654.9,15.77,5377.74,59.46,70.98,11,58.31,44.92,2026,11,1,0,Sunday,6,1,43.954764676534175,22.462965461625597,16.84243886673214,16.739830995108086,Within Budget,High,Very High,Very High,Fair,Moderate,Low,High,12.982092259224512,51.13
1218,2026-11-01 06:00:00,BLDG_C,5956.79,2701.72,1406.12,755.15,10819.78,10963.49,1.31,1325.54,9.01,3285.08,21.34,80.09,7,46.03,44.47,2026,11,1,6,Sunday,6,1,55.05463142503822,24.97019347898016,12.995828011290431,6.979347084691185,Within Budget,High,Moderate,Moderate,Good,Low,Low,Moderate,12.251080890738997,39.12
1219,2026-11-01 12:00:00,BLDG_C,5090.16,2321.14,1005.51,2218.67,10635.48,10998.92,3.3,1317.58,12.51,4264.34,39.23,73.91,13,55.7,90.78,2026,11,1,12,Sunday,6,1,47.86018120479753,21.82449687273165,9.454298254521659,20.86102366794917,Within Budget,High,High,High,Fair,Moderate,Very High,Very High,12.38853347474679,45.34
1220,2026-11-01 18:00:00,BLDG_C,2290.7,740.91,1334.24,1689.67,6055.52,6432.32,5.86,450.78,19.24,11831.61,48.32,60.05,10,54.25,78.64,2026,11,1,18,Sunday,6,1,37.82829550558829,12.235282849367188,22.033450471635796,27.902971173408726,Within Budget,Low,Very High,High,Fair,Moderate,High,High,7.444117103072897,45.46
1221,2026-11-02 00:00:00,BLDG_A,3675.77,1709.05,2162.67,1170.66,8718.15,9277.33,6.03,804.44,10.04,4733.93,23.5,82.02,3,46.7,51.15,2026,11,2,0,Monday,0,0,42.162270665221406,19.60335621662853,24.8065243199532,13.427848798196868,Within Budget,Moderate,High,Moderate,Good,Low,Moderate,Low,9.227186960536352,40.56
1222,2026-11-02 06:00:00,BLDG_C,5198.8,2393.55,1653.45,2131.71,11377.51,12876.58,11.64,1705.41,13.46,6557.34,61.49,91.0,10,61.07,42.39,2026,11,2,6,Monday,0,0,45.69365353227552,21.03755566903479,14.532617418046655,18.736173380643038,Within Budget,High,High,Very High,Excellent,Moderate,Low,High,14.98930785382742,56.76
1223,2026-11-02 12:00:00,BLDG_A,3117.57,1784.86,1609.56,2105.13,8617.12,9691.04,11.08,654.53,16.23,10255.38,45.94,61.38,13,68.73,90.19,2026,11,2,12,Monday,0,0,36.17879291457006,20.712952819503496,18.678630447295614,24.42962381863082,Within Budget,Moderate,Very High,High,Fair,Moderate,Very High,Very High,7.5956932246504625,48.07
1224,2026-11-02 18:00:00,BLDG_A,5030.81,3117.74,833.23,2191.42,11173.2,12278.43,9.0,1122.94,17.58,6565.42,10.69,60.13,10,81.79,62.13,2026,11,2,18,Monday,0,0,45.02568646403895,27.90373393477249,7.457398059642715,19.613181541545842,Within Budget,High,Very High,Low,Fair,High,Moderate,High,10.050298929581498,42.55
1225,2026-11-03 00:00:00,BLDG_A,1915.14,1564.65,1738.48,731.04,5949.31,6200.68,4.05,196.0,7.13,4231.21,15.74,87.66,14,61.28,71.12,2026,11,3,0,Tuesday,1,0,32.19095996006259,26.299688535309134,29.221539976904882,12.287811527723381,Within Budget,Low,Moderate,Moderate,Good,Moderate,High,Very High,3.294499698284339,42.95
1226,2026-11-03 06:00:00,BLDG_B,3238.85,1521.9,1750.49,2438.72,8949.96,9633.71,7.1,1253.3,14.17,6523.14,18.87,85.99,14,54.73,54.52,2026,11,3,6,Tuesday,1,0,36.188429892424104,17.004545271710715,19.558634898926925,27.248389936938267,Within Budget,High,High,Moderate,Good,Moderate,Moderate,Very High,14.00341454040018,43.44
1227,2026-11-03 12:00:00,BLDG_A,4380.91,1444.79,971.12,2419.25,9216.07,10218.03,9.81,853.92,20.42,1811.99,21.96,75.42,14,56.53,79.43,2026,11,3,12,Tuesday,1,0,47.535554742965274,15.676855753048752,10.537246353380562,26.25034315060541,Within Budget,Moderate,Very High,Moderate,Good,Moderate,High,Very High,9.265554623608544,43.58
1228,2026-11-03 18:00:00,BLDG_A,4770.82,1631.79,1270.68,1214.94,8888.23,9720.14,8.56,967.07,21.43,1995.08,49.65,85.14,9,89.56,50.23,2026,11,3,18,Tuesday,1,0,53.675703711537615,18.358998360753493,14.296209706544499,13.669088221164394,Within Budget,Moderate,Very High,High,Good,Very High,Moderate,High,10.88034400549941,61.44
1229,2026-11-04 00:00:00,BLDG_B,4512.09,2260.73,930.29,631.79,8334.9,8547.09,2.48,393.44,15.81,8482.24,13.07,96.23,5,55.24,80.92,2026,11,4,0,Wednesday,2,0,54.134902638304006,27.123660751778665,11.161381660247875,7.580054949669463,Within Budget,Low,Very High,Low,Excellent,Moderate,High,Moderate,4.720392566197555,45.09
1230,2026-11-04 06:00:00,BLDG_A,5079.45,2679.64,865.67,834.11,9458.87,10687.6,11.5,1690.84,21.71,11050.8,27.98,69.42,11,88.96,51.99,2026,11,4,6,Wednesday,2,0,53.70038915853584,28.329388182732185,9.151938867962029,8.818283790769934,Within Budget,High,Very High,Moderate,Fair,Very High,Moderate,High,17.875708197702263,52.02
1231,2026-11-04 12:00:00,BLDG_C,1828.62,2555.19,446.61,2485.66,7316.08,7422.97,1.44,551.41,14.27,8845.3,59.95,69.35,3,67.35,45.09,2026,11,4,12,Wednesday,2,0,24.994532591223713,34.92567057768641,6.104498583941127,33.97529824714874,Within Budget,Moderate,High,Very High,Fair,Moderate,Low,Low,7.536959683327684,52.73
1232,2026-11-04 18:00:00,BLDG_C,2274.42,2961.61,913.38,1626.03,7775.44,8363.57,7.03,973.86,11.97,1358.05,39.73,67.08,8,91.72,64.9,2026,11,4,18,Wednesday,2,0,29.251334972683217,38.089291409875194,11.74698795180723,20.912385665634357,Within Budget,Moderate,High,High,Fair,Very High,Moderate,High,12.524821746422068,52.62
1233,2026-11-05 00:00:00,BLDG_A,5884.04,3180.56,1397.15,1213.24,11674.99,13332.91,12.43,1368.14,13.93,5133.3,23.13,87.51,12,65.4,82.29,2026,11,5,0,Thursday,3,0,50.398672718349225,27.242507274096166,11.967033804739877,10.391786202814735,Within Budget,High,High,Moderate,Good,Moderate,High,High,11.718553934521573,47.49
1234,2026-11-05 06:00:00,BLDG_B,5004.22,2985.02,402.88,1076.41,9468.53,9506.45,0.4,1399.11,6.08,529.37,62.55,73.42,3,53.88,60.01,2026,11,5,6,Thursday,3,0,52.851076143815355,31.525696174590983,4.25493714441418,11.368290537179478,Within Budget,High,Moderate,Very High,Fair,Moderate,Moderate,Low,14.77642252810098,48.98
1235,2026-11-05 12:00:00,BLDG_C,2330.78,753.05,909.79,1013.98,5007.6,5578.45,10.23,370.94,11.23,6378.88,21.93,97.57,7,72.45,41.5,2026,11,5,12,Thursday,3,0,46.544851825225656,15.03814202412333,18.168184359773143,20.248821790877862,Within Budget,Low,High,Moderate,Excellent,High,Low,Moderate,7.407540538381658,50.8
1236,2026-11-05 18:00:00,BLDG_B,5757.75,2760.57,1986.54,1828.31,12333.17,13158.31,6.27,1768.44,12.25,2721.85,59.59,87.16,14,74.39,68.77,2026,11,5,18,Thursday,3,0,46.68507772129955,22.383296427439177,16.10729439389873,14.824331457362543,Within Budget,High,High,Very High,Good,High,Moderate,Very High,14.338892596145191,58.35
1237,2026-11-06 00:00:00,BLDG_B,2938.49,1283.52,1468.57,1338.78,7029.36,7041.78,0.18,614.19,19.28,10483.69,49.37,73.96,7,76.77,75.38,2026,11,6,0,Friday,4,0,41.80309444956582,18.259414797364197,20.891944643609094,19.04554610946089,Within Budget,Moderate,Very High,High,Fair,High,High,Moderate,8.73749530540476,54.84
1238,2026-11-06 06:00:00,BLDG_C,4047.82,1072.2,1494.15,2430.82,9044.99,9389.39,3.67,829.19,17.66,1699.85,50.21,65.67,7,65.57,78.52,2026,11,6,6,Friday,4,0,44.752067166464535,11.85407612390948,16.51908957334392,26.87476713628208,Within Budget,Moderate,Very High,Very High,Fair,Moderate,High,Moderate,9.167395431061836,49.78
1239,2026-11-06 12:00:00,BLDG_B,2482.42,2487.77,1126.06,1867.69,7963.94,9462.67,15.84,1042.53,14.83,516.48,51.6,82.5,14,47.43,60.9,2026,11,6,12,Friday,4,0,31.17075216538548,31.237929969336786,14.139483722880886,23.451834142396855,Within Budget,High,High,Very High,Good,Low,Moderate,Very High,13.090631019319584,49.09
1240,2026-11-06 18:00:00,BLDG_C,5137.52,1595.28,1617.65,2084.09,10434.54,11522.13,9.44,1540.59,10.25,5688.18,36.87,71.21,12,76.34,45.05,2026,11,6,18,Friday,4,0,49.235711396956646,15.288455456589364,15.502839607687546,19.972993538766442,Within Budget,High,High,High,Fair,High,Low,High,14.764330770690417,48.67
1241,2026-11-07 00:00:00,BLDG_B,4934.22,859.93,741.88,1085.48,7621.51,9141.59,16.63,991.02,7.37,2287.48,54.43,94.41,1,91.65,70.38,2026,11,7,0,Saturday,5,1,64.74071411045843,11.282934746526605,9.734029083475585,14.242322059539383,Within Budget,Moderate,Moderate,Very High,Excellent,Very High,High,Low,13.002935113907874,61.96
1242,2026-11-07 06:00:00,BLDG_C,2792.23,1085.36,1873.74,658.37,6409.7,7082.48,9.5,1057.48,10.26,8986.84,55.66,76.77,11,92.88,57.14,2026,11,7,6,Saturday,5,1,43.56256923100925,16.93308579184673,29.232881414106743,10.271463563037273,Within Budget,High,High,Very High,Good,Very High,Moderate,High,16.4981200368192,58.89
1243,2026-11-07 12:00:00,BLDG_A,5857.98,702.6,610.04,1475.65,8646.27,9586.87,9.81,629.22,16.24,11079.25,28.55,71.12,5,74.84,89.24,2026,11,7,12,Saturday,5,1,67.751527537308,8.12604741697865,7.055527990682686,17.066897055030665,Within Budget,Moderate,Very High,Moderate,Fair,High,Very High,Moderate,7.277357750798899,47.69
1244,2026-11-07 18:00:00,BLDG_C,3686.14,3229.03,1580.8,1129.16,9625.13,10379.44,7.27,1589.04,8.73,982.29,30.82,82.36,12,45.99,66.14,2026,11,7,18,Saturday,5,1,38.297041182820394,33.54791052172803,16.42367427764612,11.731374017805475,Within Budget,High,Moderate,High,Good,Low,Moderate,High,16.509283510975955,41.98
1245,2026-11-08 00:00:00,BLDG_C,3174.82,768.93,1014.07,904.17,5861.99,6225.48,5.84,290.93,11.68,5049.19,58.66,65.21,11,50.3,64.56,2026,11,8,0,Sunday,6,1,54.159423676942474,13.11721787311135,17.29907420517606,15.42428424477012,Within Budget,Low,High,Very High,Fair,Moderate,Moderate,High,4.962990383811642,46.46
1246,2026-11-08 06:00:00,BLDG_C,2515.95,1286.48,1745.52,2405.28,7953.23,8353.35,4.79,1025.41,10.96,11963.37,37.91,81.34,1,86.7,56.08,2026,11,8,6,Sunday,6,1,31.634317126500804,16.175566405095793,21.947309457918358,30.242807010485052,Within Budget,High,High,High,Good,Very High,Moderate,Low,12.893000705373794,54.23
1247,2026-11-08 12:00:00,BLDG_C,3050.99,1865.54,1389.58,1387.98,7694.09,8222.55,6.43,862.85,17.78,8925.73,57.42,62.13,7,86.49,57.62,2026,11,8,12,Sunday,6,1,39.65368224182457,24.24640210863143,18.060355415650193,18.039560233893805,Within Budget,Moderate,Very High,Very High,Fair,Very High,Moderate,Moderate,11.214451611561602,55.96
1248,2026-11-08 18:00:00,BLDG_B,1903.53,1698.4,1214.24,849.42,5665.59,6186.66,8.42,590.33,19.91,11461.66,43.73,83.06,13,92.3,66.66,2026,11,8,18,Sunday,6,1,33.598089519361615,29.977460423362796,21.431836754865778,14.99261330240981,Within Budget,Moderate,Very High,High,Good,Very High,Moderate,Very High,10.419567953205227,59.75
1249,2026-11-09 00:00:00,BLDG_A,4541.31,3252.83,704.96,897.3,9396.4,9757.21,3.7,720.11,16.59,2386.96,41.83,80.15,13,73.19,55.95,2026,11,9,0,Monday,0,0,48.330317994125416,34.61783236132987,7.502447745945257,9.549401898599463,Within Budget,Moderate,Very High,High,Good,High,Moderate,Very High,7.663679707121878,52.94
1250,2026-11-09 06:00:00,BLDG_C,5758.48,812.81,1546.28,1061.42,9178.99,9591.82,4.3,968.93,10.15,3045.74,9.77,79.79,8,88.19,86.4,2026,11,9,6,Monday,0,0,62.73544257047888,8.855113688978852,16.845862126443105,11.563581614099155,Within Budget,Moderate,High,Low,Good,Very High,Very High,High,10.555954413285122,46.98
1251,2026-11-09 12:00:00,BLDG_B,4380.21,2134.2,2154.59,2498.63,11167.63,11774.13,5.15,606.02,11.8,2280.33,23.84,86.0,7,86.24,62.83,2026,11,9,12,Monday,0,0,39.22237753220693,19.1105901610279,19.2931714249129,22.373860881852284,Within Budget,Moderate,High,Moderate,Good,Very High,Moderate,Moderate,5.426576632642736,51.97
1252,2026-11-09 18:00:00,BLDG_A,2830.59,2605.34,1886.09,1036.02,8358.04,9109.03,8.24,713.76,6.58,3977.24,36.62,61.69,1,74.47,55.19,2026,11,9,18,Monday,0,0,33.86667209058583,31.17166225574417,22.56617580198228,12.395489851687715,Within Budget,Moderate,Moderate,High,Fair,High,Moderate,Low,8.539801197409918,44.84
1253,2026-11-10 00:00:00,BLDG_A,1958.25,3308.75,508.01,1157.6,6932.61,7837.75,11.55,310.6,7.03,8830.42,41.48,77.47,3,84.18,48.08,2026,11,10,0,Tuesday,1,0,28.24693730067031,47.727335015239575,7.327831797836601,16.697895886253516,Within Budget,Low,Moderate,High,Good,High,Low,Low,4.480275105624001,52.54
1254,2026-11-10 06:00:00,BLDG_A,2808.75,2437.04,1077.21,1818.66,8141.66,9535.75,14.62,942.62,6.96,2396.89,43.93,76.87,15,51.29,74.96,2026,11,10,6,Tuesday,1,0,34.49849293632994,29.932962074073345,13.23083990242776,22.337705087168956,Within Budget,Moderate,Moderate,High,Good,Moderate,High,Very High,11.577737218208572,44.76
1255,2026-11-10 12:00:00,BLDG_A,3755.77,2950.51,2066.05,1087.92,9860.25,10426.49,5.43,437.45,6.35,6528.69,48.82,77.47,10,76.96,41.34,2026,11,10,12,Tuesday,1,0,38.09000785984128,29.923277807357827,20.953322684516117,11.03339164828478,Within Budget,Low,Moderate,High,Good,High,Low,High,4.436500088740143,52.4
1256,2026-11-10 18:00:00,BLDG_C,5370.17,934.43,1305.48,931.61,8541.69,8855.56,3.54,461.69,7.23,3595.91,45.41,97.24,3,92.67,63.4,2026,11,10,18,Tuesday,1,0,62.87011118408652,10.93963840879264,15.28362654228847,10.906623864832369,Within Budget,Low,Moderate,High,Excellent,Very High,Moderate,Low,5.405136454261393,60.64
1257,2026-11-11 00:00:00,BLDG_C,2682.86,1780.63,1591.8,817.27,6872.56,7393.29,7.04,294.28,7.65,10035.75,56.37,65.29,15,53.1,68.61,2026,11,11,0,Wednesday,2,0,39.037272864842215,25.90926816208225,23.161674834413954,11.891784138661574,Within Budget,Low,Moderate,Very High,Fair,Moderate,Moderate,Very High,4.281956068772043,45.6
1258,2026-11-11 06:00:00,BLDG_B,5183.02,1747.05,2042.68,1125.37,10098.12,11904.44,15.17,880.52,6.01,575.81,24.84,86.24,7,82.2,57.67,2026,11,11,6,Wednesday,2,0,51.32658356208879,17.300745089184915,20.228319726840244,11.144351621886052,Within Budget,Moderate,Moderate,Moderate,Good,High,Moderate,Moderate,8.71964286421631,49.82
1259,2026-11-11 12:00:00,BLDG_B,5874.59,3181.61,1972.83,711.83,11740.86,11764.01,0.2,1835.02,15.52,3065.82,44.57,75.28,4,61.04,78.99,2026,11,11,12,Wednesday,2,0,50.035431816749366,27.098611174990587,16.803113230206304,6.062843778053737,Within Budget,High,Very High,High,Good,Moderate,High,Moderate,15.62934912774703,49.1
1260,2026-11-11 18:00:00,BLDG_B,3933.55,1123.84,1303.28,537.29,6897.96,7833.14,11.94,1145.3,21.83,7460.27,10.92,79.45,12,85.86,75.13,2026,11,11,18,Wednesday,2,0,57.02483052960585,16.292353101496673,18.89370190607078,7.78911446282669,Within Budget,High,Very High,Low,Good,Very High,High,High,16.603459573555078,49.52
1261,2026-11-12 00:00:00,BLDG_A,5660.73,1125.28,1187.76,2109.28,10083.05,11045.3,8.71,411.22,19.83,1612.17,35.37,88.97,3,79.86,90.51,2026,11,12,0,Thursday,3,0,56.141048591448026,11.160115242907652,11.779769018302995,20.919067147341334,Within Budget,Low,Very High,High,Good,High,Very High,Low,4.07832947372075,56.01
1262,2026-11-12 06:00:00,BLDG_A,4406.89,1619.96,1011.45,775.79,7814.09,8065.78,3.12,978.19,4.82,5862.59,23.28,65.98,6,91.31,66.46,2026,11,12,6,Thursday,3,0,56.396714140738084,20.731268772179487,12.943925652251254,9.928091434831183,Within Budget,Moderate,Low,Moderate,Fair,Very High,Moderate,Moderate,12.51828427878358,46.35
1263,2026-11-12 12:00:00,BLDG_C,4794.33,852.5,1694.23,2051.95,9393.01,9996.08,6.03,1246.06,11.62,5516.38,29.71,89.02,12,80.6,67.97,2026,11,12,12,Thursday,3,0,51.041465941162635,9.075897928353104,18.03713612569347,21.845500004790793,Within Budget,High,High,Moderate,Good,High,Moderate,High,13.265822137951519,52.74
1264,2026-11-12 18:00:00,BLDG_A,4273.51,1210.88,916.58,2095.08,8496.05,8878.29,4.31,935.12,19.47,10304.01,28.22,62.67,10,65.52,52.78,2026,11,12,18,Thursday,3,0,50.299962923947014,14.252270172609627,10.788307507606477,24.65945939583689,Within Budget,Moderate,Very High,Moderate,Fair,Moderate,Moderate,High,11.006526562343678,43.97
1265,2026-11-13 00:00:00,BLDG_A,3976.91,3402.59,849.8,1575.84,9805.14,11526.59,14.93,1275.14,6.42,7692.07,11.44,78.37,6,45.54,60.05,2026,11,13,0,Friday,4,0,40.55944127263864,34.70210522236297,8.666882879795699,16.0715706252027,Within Budget,High,Moderate,Low,Good,Low,Moderate,Moderate,13.00481176199422,35.44
1266,2026-11-13 06:00:00,BLDG_A,2902.87,1898.92,1041.25,1119.36,6962.4,7633.4,8.79,452.93,19.26,7856.57,34.6,88.2,10,84.65,41.4,2026,11,13,6,Friday,4,0,41.6935252211881,27.27392853039182,14.955331494886822,16.077214753533266,Within Budget,Low,Very High,High,Good,High,Low,High,6.505371710904287,56.68
1267,2026-11-13 12:00:00,BLDG_B,3225.01,2469.65,718.99,790.07,7203.72,8014.99,10.12,745.2,14.67,11445.79,64.69,67.32,5,65.42,75.84,2026,11,13,12,Friday,4,0,44.76867507343428,34.282981570632955,9.98081546756398,10.967527888368787,Within Budget,Moderate,High,Very High,Fair,Moderate,High,Moderate,10.344655261448251,53.03
1268,2026-11-13 18:00:00,BLDG_B,3162.86,2733.11,1651.22,1973.61,9520.8,10651.28,10.61,843.84,20.76,11797.14,25.04,89.29,12,78.53,56.2,2026,11,13,18,Friday,4,0,33.220527686749016,28.706726325518865,17.343290479791616,20.729455507940507,Within Budget,Moderate,Very High,Moderate,Good,High,Moderate,High,8.863120746155786,53.4
1269,2026-11-14 00:00:00,BLDG_C,4447.46,1727.49,1509.23,1702.77,9386.95,10587.76,11.34,407.92,19.77,8014.04,49.96,66.34,15,50.25,68.1,2026,11,14,0,Saturday,5,1,47.37918067103798,18.403102179089053,16.077959294552542,18.139757855320415,Within Budget,Low,Very High,High,Fair,Moderate,Moderate,Very High,4.345607465683742,46.58
1270,2026-11-14 06:00:00,BLDG_A,2363.78,1112.24,1269.18,1810.91,6556.11,7205.89,9.02,811.87,16.19,6503.02,39.22,90.37,6,89.55,53.26,2026,11,14,6,Saturday,5,1,36.054611652336526,16.964938050154743,19.358735591684706,27.621714705824036,Within Budget,Moderate,Very High,High,Excellent,Very High,Moderate,Moderate,12.383410284452214,58.83
1271,2026-11-14 12:00:00,BLDG_A,6108.92,1278.43,1102.59,517.34,9007.28,9039.48,0.36,939.3,15.84,7491.08,26.54,77.82,3,66.78,72.29,2026,11,14,12,Saturday,5,1,67.82202840369123,14.193296977555933,12.241098311587958,5.74357630716487,Within Budget,Moderate,Very High,Moderate,Good,Moderate,High,Low,10.428231386167631,46.74
1272,2026-11-14 18:00:00,BLDG_C,5187.08,1577.15,2036.31,2355.03,11155.57,11902.37,6.27,795.13,7.84,4898.1,13.11,86.02,14,90.98,63.27,2026,11,14,18,Saturday,5,1,46.497668877520375,14.137780498889793,18.253751265063105,21.11079935852673,Within Budget,Moderate,Moderate,Low,Good,Very High,Moderate,Very High,7.127650133520744,49.49
1273,2026-11-15 00:00:00,BLDG_A,3686.79,2480.99,452.42,632.58,7252.78,7519.5,3.55,732.91,6.1,11855.75,20.3,94.86,15,80.35,65.06,2026,11,15,0,Sunday,6,1,50.832784118641406,34.20743494218768,6.237883956220926,8.721896982949987,Within Budget,Moderate,Moderate,Moderate,Excellent,High,Moderate,Very High,10.105228615785947,50.4
1274,2026-11-15 06:00:00,BLDG_A,2545.53,1815.19,1784.39,1233.61,7378.72,8382.44,11.97,1079.47,11.48,8607.74,52.57,75.52,13,51.07,89.02,2026,11,15,6,Sunday,6,1,34.49825986078886,24.60033718585337,24.18292061495761,16.718482338400154,Within Budget,High,High,Very High,Good,Moderate,Very High,Very High,14.629502135871805,47.66
1275,2026-11-15 12:00:00,BLDG_B,5945.36,719.08,2023.44,1305.42,9993.3,10106.63,1.12,1501.48,7.36,3846.58,23.9,68.85,10,73.96,76.72,2026,11,15,12,Sunday,6,1,59.49346061861447,7.195621066114298,20.247966137312,13.062952177959234,Within Budget,High,Moderate,Moderate,Fair,High,High,High,15.024866660662644,43.52
1276,2026-11-15 18:00:00,BLDG_C,5671.76,2165.54,1203.44,502.71,9543.45,10619.58,10.13,1216.11,5.84,1164.31,16.23,92.95,5,90.5,53.62,2026,11,15,18,Sunday,6,1,59.4309185881416,22.691374712499147,12.610114790772728,5.2675919085865175,Within Budget,High,Moderate,Moderate,Excellent,Very High,Moderate,Moderate,12.742876003960829,51.38
1277,2026-11-16 00:00:00,BLDG_C,5192.09,3280.24,1391.24,1494.18,11357.75,11836.21,4.04,1137.62,9.44,1014.3,26.88,66.14,9,85.0,66.2,2026,11,16,0,Monday,0,0,45.714071889238625,28.88107239550087,12.249257115185666,13.155598600074839,Within Budget,High,Moderate,Moderate,Fair,High,Moderate,High,10.016244414606765,46.86
1278,2026-11-16 06:00:00,BLDG_C,3076.27,2973.82,2100.03,2005.62,10155.74,12082.99,15.95,1181.75,19.49,2856.5,41.29,84.0,4,65.9,64.27,2026,11,16,6,Monday,0,0,30.290948763950237,29.282159645678206,20.678256828158265,19.748634762213293,Within Budget,High,Very High,High,Good,Moderate,Moderate,Moderate,11.636276627798663,52.67
1279,2026-11-16 12:00:00,BLDG_C,3691.5,3010.59,782.1,2146.54,9630.73,10277.03,6.29,845.12,4.31,3178.5,48.1,95.08,11,92.75,81.34,2026,11,16,12,Monday,0,0,38.33042770381893,31.26024714637416,8.120879725628276,22.288445424178647,Within Budget,Moderate,Low,High,Excellent,Very High,High,High,8.775243413531477,60.06
1280,2026-11-16 18:00:00,BLDG_B,2282.92,2926.16,1336.24,2258.79,8804.11,9376.77,6.11,431.26,9.27,5273.02,30.08,85.63,2,58.43,83.33,2026,11,16,18,Monday,0,0,25.930162162898917,33.2362953211625,15.177456892292348,25.656085623646224,Within Budget,Low,Moderate,High,Good,Moderate,High,Low,4.89839404550829,45.85
1281,2026-11-17 00:00:00,BLDG_B,2688.49,1606.45,1254.5,1475.44,7024.88,8322.21,15.59,617.09,11.63,2970.73,36.39,67.44,5,63.76,54.74,2026,11,17,0,Tuesday,1,0,38.270974023755564,22.868006286228376,17.857956292491828,21.00306339752423,Within Budget,Moderate,High,High,Fair,Moderate,Moderate,Moderate,8.78434934119871,44.8
1282,2026-11-17 06:00:00,BLDG_A,5480.18,2842.54,865.11,1761.27,10949.1,11863.02,7.7,1199.47,13.19,7755.47,33.93,65.79,3,82.49,82.7,2026,11,17,6,Tuesday,1,0,50.05141975139509,25.96140322035601,7.901197358687015,16.08597966956188,Within Budget,High,High,High,Fair,High,High,Low,10.954964334968171,48.85
1283,2026-11-17 12:00:00,BLDG_A,5160.68,1100.85,1873.47,659.04,8794.04,10487.53,16.15,1053.75,7.27,2929.43,8.51,69.59,12,56.65,49.33,2026,11,17,12,Tuesday,1,0,58.68383587065785,12.518137283887723,21.30386034177693,7.494166503677489,Within Budget,High,Moderate,Low,Fair,Moderate,Low,High,11.982547270651486,35.51
1284,2026-11-17 18:00:00,BLDG_A,4589.38,2541.61,2019.28,1476.08,10626.35,10677.72,0.48,1810.41,21.36,2660.58,30.55,74.87,15,70.77,79.66,2026,11,17,18,Tuesday,1,0,43.1886772033671,23.91799630164638,19.00257379062425,13.890752704362269,Within Budget,High,Very High,High,Fair,High,High,Very High,17.036988241494022,49.39
1285,2026-11-18 00:00:00,BLDG_A,6009.92,2496.39,1807.48,809.63,11123.42,11804.94,5.77,1630.69,14.42,5919.23,41.48,66.05,3,81.44,52.94,2026,11,18,0,Wednesday,2,0,54.029426201653806,22.44264803450737,16.249319004406917,7.2786067594319,Within Budget,High,High,High,Fair,High,Moderate,Low,14.659969685582313,50.85
1286,2026-11-18 06:00:00,BLDG_B,4541.35,771.6,751.65,1239.29,7303.89,8277.05,11.76,385.64,13.4,10719.69,40.49,90.32,4,77.2,55.49,2026,11,18,6,Wednesday,2,0,62.17714122200636,10.564233579640439,10.291091459482548,16.967533738870657,Within Budget,Low,High,High,Excellent,High,Moderate,Moderate,5.279926176325218,55.35
1287,2026-11-18 12:00:00,BLDG_C,3994.75,2906.32,556.15,1158.61,8615.83,10150.92,15.12,483.58,4.16,5885.51,50.74,73.57,12,52.77,84.33,2026,11,18,12,Wednesday,2,0,46.36523701140807,33.73232758770774,6.454978800649503,13.447456600234684,Within Budget,Low,Low,Very High,Fair,Moderate,High,High,5.612691986726757,45.31
1288,2026-11-18 18:00:00,BLDG_B,3399.74,3229.09,1489.8,1347.08,9465.71,9951.12,4.88,426.66,12.74,5259.26,46.21,95.57,4,76.48,61.84,2026,11,18,18,Wednesday,2,0,35.916376056312735,34.11355302454861,15.738914460721912,14.231156458416748,Within Budget,Low,High,High,Excellent,High,Moderate,Moderate,4.507427335086328,57.75
1289,2026-11-19 00:00:00,BLDG_A,6220.11,1448.76,502.77,1643.27,9814.91,11641.42,15.69,1381.23,19.08,7148.09,23.78,92.01,5,73.64,91.51,2026,11,19,0,Thursday,3,0,63.37409105126791,14.760807791411231,5.122512585443983,16.74258857187687,Within Budget,High,Very High,Moderate,Excellent,High,Very High,Moderate,14.072772954617008,52.13
1290,2026-11-19 06:00:00,BLDG_B,2188.76,2974.69,1611.09,2305.75,9080.29,10159.25,10.62,1234.18,7.95,3457.96,22.57,94.54,7,72.89,47.9,2026,11,19,6,Thursday,3,0,24.104516485706952,32.7598567887149,17.742715265701865,25.392911459876277,Within Budget,High,Moderate,Moderate,Excellent,High,Low,Moderate,13.591856647750236,49.49
1291,2026-11-19 12:00:00,BLDG_C,6175.17,930.74,1354.76,1288.97,9749.64,11311.55,13.81,1734.99,10.32,4564.52,34.46,71.19,4,86.3,64.09,2026,11,19,12,Thursday,3,0,63.33741553534284,9.546403764651824,13.895487423125367,13.220693276879969,Within Budget,High,High,High,Fair,Very High,Moderate,Moderate,17.795426292663112,50.57
1292,2026-11-19 18:00:00,BLDG_C,5685.56,2379.91,1593.01,2462.26,12120.74,13083.63,7.36,1312.72,4.37,2959.11,49.78,81.8,11,54.19,78.09,2026,11,19,18,Thursday,3,0,46.90769705480029,19.635022284117966,13.142844413789916,20.314436247291834,Within Budget,High,Low,High,Good,Moderate,High,High,10.830361842593769,47.54
1293,2026-11-20 00:00:00,BLDG_B,2410.67,2059.81,1462.31,2018.06,7950.85,8288.25,4.07,1224.13,21.58,7075.81,13.35,72.22,7,82.58,40.28,2026,11,20,0,Friday,4,0,30.319651358030903,25.90678984007999,18.3918700516297,25.381688750259407,Within Budget,High,Very High,Low,Fair,High,Low,Moderate,15.396215498971808,47.43
1294,2026-11-20 06:00:00,BLDG_B,4455.43,2228.59,1160.86,1522.96,9367.84,11075.1,15.42,1091.03,5.2,8519.96,62.05,69.76,9,83.05,47.9,2026,11,20,6,Friday,4,0,47.560910519394014,23.78979572665631,12.391970827853592,16.25732292609609,Within Budget,High,Moderate,Very High,Fair,High,Low,High,11.646548190404618,55.02
1295,2026-11-20 12:00:00,BLDG_B,5872.78,3293.37,761.58,1788.05,11715.78,13902.26,15.73,1887.56,20.17,8247.53,38.96,83.07,3,81.13,41.06,2026,11,20,12,Friday,4,0,50.1270935439211,28.110548337370624,6.500463477463729,15.261894641244542,Within Budget,High,Very High,High,Good,High,Low,Low,16.11126190488384,55.83
1296,2026-11-20 18:00:00,BLDG_A,4487.5,3139.68,950.26,704.45,9281.89,10205.58,9.05,1282.32,9.63,3430.4,25.47,91.08,5,70.3,91.63,2026,11,20,18,Friday,4,0,48.34683453477687,33.82586951579904,10.23778562340213,7.589510326021964,Within Budget,High,Moderate,Moderate,Excellent,High,Very High,Moderate,13.815289773957677,49.12
1297,2026-11-21 00:00:00,BLDG_B,6063.84,2898.23,1344.1,2189.04,12495.21,12511.44,0.13,1579.8,14.58,9465.95,47.52,63.56,4,64.78,79.55,2026,11,21,0,Saturday,5,1,48.529316434057534,23.19472821985385,10.756922052530529,17.519033293558092,Within Budget,High,High,High,Fair,Moderate,High,Moderate,12.643244891442402,47.61
1298,2026-11-21 06:00:00,BLDG_B,6232.02,1466.36,1573.36,1664.71,10936.45,11176.58,2.15,1255.16,16.23,3443.47,10.55,70.48,15,64.73,59.43,2026,11,21,6,Saturday,5,1,56.98393902957542,13.408007168688194,14.386386807419225,15.221666994317168,Within Budget,High,Very High,Low,Fair,Moderate,Moderate,Very High,11.476850349062081,40.5
1299,2026-11-21 12:00:00,BLDG_B,3785.21,3253.09,1803.07,2472.13,11313.5,12610.09,10.28,1566.3,6.53,2228.58,35.61,67.8,9,81.69,48.13,2026,11,21,12,Saturday,5,1,33.45746232377248,28.754054890175457,15.93733150660715,21.85115127944491,Within Budget,High,Moderate,High,Fair,High,Low,High,13.844522031201661,47.91
1300,2026-11-21 18:00:00,BLDG_C,3573.37,973.02,1780.91,1772.86,8100.16,8138.68,0.47,752.89,11.99,4522.8,35.7,90.34,5,69.89,44.7,2026,11,21,18,Saturday,5,1,44.114807608738595,12.01235531150002,21.986108916367087,21.886728163394302,Within Budget,Moderate,High,High,Excellent,Moderate,Low,Moderate,9.294754671512662,51.98
1301,2026-11-22 00:00:00,BLDG_C,6200.71,3089.32,2150.84,2168.22,13609.09,14689.41,7.35,605.42,9.86,7374.06,17.23,95.47,10,61.92,67.66,2026,11,22,0,Sunday,6,1,45.56300237561806,22.700415678050483,15.804436593482741,15.93214535284872,Within Budget,Moderate,Moderate,Moderate,Excellent,Moderate,Moderate,High,4.448644251746443,46.12
1302,2026-11-22 06:00:00,BLDG_A,4973.16,1618.85,914.51,2099.53,9606.05,10188.89,5.72,345.8,5.02,2133.02,55.73,63.04,2,76.27,90.75,2026,11,22,6,Sunday,6,1,51.77112340660314,16.852400310221164,9.52014615789008,21.85633012528563,Within Budget,Low,Moderate,Very High,Fair,High,Very High,Low,3.599814700110868,50.02
1303,2026-11-22 12:00:00,BLDG_A,2345.31,850.56,528.0,1190.92,4914.79,5616.96,12.5,500.59,19.0,7953.0,53.42,74.41,10,86.85,75.08,2026,11,22,12,Sunday,6,1,47.719434604530406,17.30613108596705,10.743083631243655,24.231350678258888,Within Budget,Moderate,Very High,Very High,Fair,Very High,High,High,10.185379232886858,58.42
1304,2026-11-22 18:00:00,BLDG_C,1998.77,2574.2,1022.18,1019.22,6614.37,6687.89,1.1,793.02,4.81,10425.28,16.71,94.75,1,48.08,58.99,2026,11,22,18,Sunday,6,1,30.218599806179576,38.91829456168917,15.453928340869954,15.409177291261301,Within Budget,Moderate,Low,Moderate,Excellent,Low,Moderate,Low,11.989350459680967,41.09
1305,2026-11-23 00:00:00,BLDG_C,4453.76,1347.58,1737.93,1360.99,8900.26,9770.23,8.9,372.27,15.76,3871.12,28.74,73.1,7,93.61,66.04,2026,11,23,0,Monday,0,0,50.04078532537252,15.14090599600461,19.52673292690326,15.291575751719613,Within Budget,Low,Very High,Moderate,Fair,Very High,Moderate,Moderate,4.182686797913768,52.8
1306,2026-11-23 06:00:00,BLDG_C,6171.8,1382.0,1188.6,1434.48,10176.88,11355.6,10.38,743.27,9.65,5677.38,13.72,87.08,11,49.83,91.94,2026,11,23,6,Monday,0,0,60.64530583047064,13.57980048895143,11.679414516040278,14.095479164537657,Within Budget,Moderate,Moderate,Low,Good,Low,Very High,High,7.303515419264057,40.07
1307,2026-11-23 12:00:00,BLDG_B,5767.97,1556.93,1872.02,980.17,10177.09,11433.54,10.99,796.92,7.46,3125.57,56.37,63.83,1,70.59,66.98,2026,11,23,12,Monday,0,0,56.67602428592063,15.29838097137787,18.39445263822959,9.631142104471907,Within Budget,Moderate,Moderate,Very High,Fair,High,Moderate,Low,7.830529159121123,49.56
1308,2026-11-23 18:00:00,BLDG_B,4976.48,878.32,1388.79,2289.2,9532.79,10305.25,7.5,1090.74,16.01,4654.51,26.43,76.89,8,73.01,90.14,2026,11,23,18,Monday,0,0,52.20381441319907,9.213671968017758,14.568557578631228,24.013956040151935,Within Budget,High,Very High,Moderate,Good,High,Very High,High,11.441980784219519,48.08
1309,2026-11-24 00:00:00,BLDG_C,2453.84,1195.96,2073.63,1585.1,7308.53,7753.43,5.74,524.55,14.34,752.66,33.04,79.13,15,51.91,40.85,2026,11,24,0,Tuesday,1,0,33.57501440098078,16.36389260220592,28.372737062035736,21.688355934777583,Within Budget,Moderate,High,High,Good,Moderate,Low,Very High,7.177229894383686,44.6
1310,2026-11-24 06:00:00,BLDG_B,2994.89,714.39,2106.15,2456.89,8272.32,9401.48,12.01,366.85,9.67,11468.35,26.46,88.79,9,90.78,77.49,2026,11,24,6,Tuesday,1,0,36.20374937139763,8.635908668910295,25.460209469653012,29.70013249003907,Within Budget,Low,Moderate,Moderate,Good,Very High,High,High,4.434668871610383,53.92
1311,2026-11-24 12:00:00,BLDG_B,5914.9,1947.15,524.75,2120.04,10506.84,12287.89,14.49,575.02,13.23,5282.74,25.67,70.98,7,68.57,72.61,2026,11,24,12,Tuesday,1,0,56.2957083195328,18.5322133010496,4.994365575187211,20.177712804230385,Within Budget,Moderate,High,Moderate,Fair,Moderate,High,Moderate,5.472815803800191,44.61
1312,2026-11-24 18:00:00,BLDG_A,2659.19,935.92,1221.54,1611.41,6428.06,7319.78,12.18,360.56,8.43,9572.01,50.6,70.04,9,52.16,75.64,2026,11,24,18,Tuesday,1,0,41.368468869301154,14.559913877592928,19.003245147058365,25.068372106047548,Within Budget,Low,Moderate,Very High,Fair,Moderate,High,High,5.609157350740348,45.31
1313,2026-11-25 00:00:00,BLDG_C,3108.67,2611.43,1497.44,2394.08,9611.62,11403.42,15.71,1503.3,19.55,2140.4,50.61,71.51,10,80.58,69.67,2026,11,25,0,Wednesday,2,0,32.342830865140314,27.16950940632276,15.57947567631679,24.908184052220122,Within Budget,High,Very High,Very High,Fair,High,Moderate,High,15.640443546457309,55.56
1314,2026-11-25 06:00:00,BLDG_C,2409.12,1359.74,860.57,1509.75,6139.18,7019.86,12.55,446.0,9.65,9842.08,37.51,81.12,6,78.17,42.3,2026,11,25,6,Wednesday,2,0,39.24172283594877,22.148560556947345,14.017670112295127,24.592046494808752,Within Budget,Low,Moderate,High,Good,High,Low,Moderate,7.264813867650077,51.61
1315,2026-11-25 12:00:00,BLDG_B,4977.71,3342.01,1132.74,2274.21,11726.67,13519.96,13.26,1608.94,8.41,10391.69,45.48,93.29,15,93.14,47.78,2026,11,25,12,Wednesday,2,0,42.447770765272665,28.49922441750301,9.659519710199058,19.393485107025267,Within Budget,High,Moderate,High,Excellent,Very High,Low,Very High,13.720348572953789,60.08
1316,2026-11-25 18:00:00,BLDG_C,6236.72,3139.5,1619.83,1216.29,12212.34,12622.44,3.25,1406.57,17.53,8727.99,37.16,91.58,15,67.08,87.96,2026,11,25,18,Wednesday,2,0,51.06900069929269,25.707603948137702,13.263878994525207,9.959516358044404,Within Budget,High,Very High,High,Excellent,Moderate,Very High,Very High,11.5176125132448,53.34
1317,2026-11-26 00:00:00,BLDG_A,3064.15,1510.43,808.12,1257.28,6639.98,7197.13,7.74,1172.33,4.32,10886.9,9.63,62.2,7,58.39,52.11,2026,11,26,0,Thursday,3,0,46.1469763463143,22.74750827562734,12.170518585899357,18.934996792159016,Within Budget,High,Low,Low,Fair,Moderate,Moderate,Moderate,17.655625468751413,33.64
1318,2026-11-26 06:00:00,BLDG_A,4034.41,2893.0,1483.57,1336.26,9747.24,10692.83,8.84,691.31,8.82,2422.77,11.76,93.4,3,48.0,91.63,2026,11,26,6,Thursday,3,0,41.390280735880104,29.680196650539024,15.220411111247904,13.709111502332968,Within Budget,Moderate,Moderate,Low,Excellent,Low,Very High,Low,7.092366659690333,40.5
1319,2026-11-26 12:00:00,BLDG_A,4781.4,2949.09,1655.41,1593.25,10979.15,11541.93,4.88,590.19,10.76,5979.54,29.87,63.61,14,81.66,75.34,2026,11,26,12,Thursday,3,0,43.549819430465924,26.86082255912343,15.07776102885925,14.511596981551394,Within Budget,Moderate,High,Moderate,Fair,High,High,Very High,5.375552752262243,46.48
1320,2026-11-26 18:00:00,BLDG_C,6497.49,3462.38,562.89,1606.98,12129.74,13411.95,9.56,458.57,19.88,7631.26,50.74,75.78,14,75.86,63.11,2026,11,26,18,Thursday,3,0,53.56660571454953,28.544552480102624,4.640577621614313,13.248264183733536,Within Budget,Low,Very High,Very High,Good,High,Moderate,Very High,3.780542699183989,55.56
1321,2026-11-27 00:00:00,BLDG_C,2292.6,2373.95,1295.55,1492.8,7454.9,7888.46,5.5,493.1,21.11,7356.22,60.05,89.09,9,93.63,87.84,2026,11,27,0,Friday,4,0,30.752927604662705,31.844156192571326,17.37850272974822,20.024413473017745,Within Budget,Low,Very High,Very High,Good,Very High,Very High,High,6.614441508269729,65.97
1322,2026-11-27 06:00:00,BLDG_C,4143.28,929.5,873.54,1112.0,7058.32,8028.84,12.09,936.01,16.9,10401.97,9.69,63.1,3,80.61,81.34,2026,11,27,6,Friday,4,0,58.700653979983905,13.168856045064548,12.376032823674755,15.75445715127679,Within Budget,Moderate,Very High,Low,Fair,High,High,Low,13.26108762425053,42.58
1323,2026-11-27 12:00:00,BLDG_C,3610.06,2511.14,1703.9,2354.41,10179.51,11136.97,8.6,435.57,12.87,2980.45,28.98,61.54,6,91.66,62.31,2026,11,27,12,Friday,4,0,35.46398598753771,24.668574420576235,16.738526707081185,23.128912884804866,Within Budget,Low,High,Moderate,Fair,Very High,Moderate,Moderate,4.27888965185947,48.76
1324,2026-11-27 18:00:00,BLDG_C,5869.35,2449.94,741.2,1677.17,10737.66,11722.96,8.4,716.26,15.53,2519.9,20.76,72.54,4,94.58,43.57,2026,11,27,18,Friday,4,0,54.66135079710105,22.81633055991715,6.902807501820696,15.61951114116111,Within Budget,Moderate,Very High,Moderate,Fair,Very High,Low,Moderate,6.670540881346588,50.85
1325,2026-11-28 00:00:00,BLDG_A,4037.05,2487.38,2006.03,1315.48,9845.94,11782.92,16.44,1558.58,11.45,3413.85,54.47,87.74,9,66.42,85.15,2026,11,28,0,Saturday,5,1,41.00217957858772,25.26300180582047,20.37418468932372,13.360633926268086,Within Budget,High,High,Very High,Good,Moderate,Very High,High,15.829671925687133,55.02
1326,2026-11-28 06:00:00,BLDG_B,2321.59,1560.01,1175.69,1802.35,6859.64,7398.05,7.28,805.62,9.38,10752.83,56.22,79.83,1,52.51,79.78,2026,11,28,6,Saturday,5,1,33.844195905324476,22.741864004525016,17.139237627630603,26.274702462519894,Within Budget,Moderate,Moderate,Very High,Good,Moderate,High,Low,11.744348099900286,49.48
1327,2026-11-28 12:00:00,BLDG_A,4781.79,3107.1,756.41,2035.93,10681.23,11455.18,6.76,431.82,21.11,11321.81,19.77,75.85,9,54.79,81.12,2026,11,28,12,Saturday,5,1,44.768158723293105,29.0893464516727,7.08167505053257,19.060819774501628,Within Budget,Low,Very High,Moderate,Good,Moderate,High,High,4.042792824421906,42.88
1328,2026-11-28 18:00:00,BLDG_C,5422.67,3386.52,1188.44,2421.46,12419.09,13210.45,5.99,461.4,6.08,7050.75,48.52,90.9,12,60.92,78.73,2026,11,28,18,Saturday,5,1,43.66398826323024,27.268664612302512,9.569461208510447,19.497885915956807,Within Budget,Low,Moderate,High,Excellent,Moderate,High,High,3.7152480576274107,51.6
1329,2026-11-29 00:00:00,BLDG_A,1813.54,1309.6,1135.74,1499.1,5757.98,6788.37,15.18,225.53,10.24,6265.78,49.71,89.13,4,70.44,54.34,2026,11,29,0,Sunday,6,1,31.49611495698144,22.74408733618387,19.724625649967525,26.035172056867168,Within Budget,Low,High,High,Good,High,Moderate,Moderate,3.9168249976554286,54.88
1330,2026-11-29 06:00:00,BLDG_C,5837.1,946.83,1172.05,724.2,8680.18,9542.51,9.04,1486.75,20.18,7461.93,18.09,89.87,10,51.12,84.66,2026,11,29,6,Sunday,6,1,67.24630134398136,10.907953521701163,13.502600176494035,8.343144957823455,Within Budget,High,Very High,Moderate,Good,Moderate,High,High,17.128101030162966,44.82
1331,2026-11-29 12:00:00,BLDG_C,2674.31,1244.7,1454.01,1381.53,6754.55,7565.12,10.71,1063.71,17.02,7587.54,32.72,77.47,5,60.09,40.12,2026,11,29,12,Sunday,6,1,39.59271898201953,18.42757844712083,21.526378515223072,20.45332405563657,Within Budget,High,Very High,High,Good,Moderate,Low,Moderate,15.748051313559008,46.82
1332,2026-11-29 18:00:00,BLDG_A,4394.73,2997.55,1338.11,1457.94,10188.33,10556.78,3.49,1596.93,4.52,2458.5,43.36,60.74,11,60.39,52.34,2026,11,29,18,Sunday,6,1,43.13493968098795,29.421406648587162,13.13375204768593,14.309901622738957,Within Budget,High,Low,High,Fair,Moderate,Moderate,High,15.674109495864386,42.25
1333,2026-11-30 00:00:00,BLDG_C,3754.25,2594.6,669.6,2293.99,9312.44,10319.94,9.76,1570.38,4.42,8393.73,9.49,66.54,13,45.2,42.42,2026,11,30,0,Monday,0,0,40.31435370321849,27.86165602140792,7.190381897762562,24.63360837761102,Within Budget,High,Low,Low,Fair,Low,Low,Very High,16.86324958872218,31.41
1334,2026-11-30 06:00:00,BLDG_B,5182.37,2480.93,518.04,1289.6,9470.94,9991.18,5.21,1001.91,13.3,5702.04,31.06,88.17,1,62.71,45.75,2026,11,30,6,Monday,0,0,54.71864461183367,26.19518231558852,5.469784414218651,13.616388658359146,Within Budget,High,High,High,Good,Moderate,Low,Low,10.578780986892536,48.81
1335,2026-11-30 12:00:00,BLDG_C,3544.46,1825.02,1712.95,2406.65,9489.08,10875.69,12.75,636.73,12.72,6449.89,16.83,88.62,14,50.81,67.68,2026,11,30,12,Monday,0,0,37.353041601504046,19.23284449071986,18.051802703739455,25.36231120403664,Within Budget,Moderate,High,Moderate,Good,Moderate,Moderate,Very High,6.71013417528359,42.24
1336,2026-11-30 18:00:00,BLDG_B,5887.89,2317.92,1407.49,1470.26,11083.56,12929.04,14.27,999.76,11.97,848.64,38.89,96.95,1,66.49,41.94,2026,11,30,18,Monday,0,0,53.12273312906684,20.913136212552647,12.698898187946833,13.265232470433688,Within Budget,Moderate,High,High,Excellent,Moderate,Low,Low,9.020206504047437,53.58
1337,2026-12-01 00:00:00,BLDG_B,5233.33,1562.05,1046.2,2447.56,10289.14,11760.1,12.51,1418.15,9.44,9292.4,56.05,67.23,6,54.83,49.43,2026,12,1,0,Tuesday,1,0,50.8626571316942,15.181540925675034,10.168002379207593,23.787799563423185,Within Budget,High,Moderate,Very High,Fair,Moderate,Low,Moderate,13.782978946734131,46.89
1338,2026-12-01 06:00:00,BLDG_C,4844.25,2036.16,1855.04,516.4,9251.85,10603.07,12.74,1493.29,21.76,10107.42,37.91,64.67,10,86.11,52.1,2026,12,1,6,Tuesday,1,0,52.35979831060814,22.00813891275799,20.050476391208242,5.581586385425617,Within Budget,High,Very High,High,Fair,Very High,Moderate,High,16.140447586158444,52.61
1339,2026-12-01 12:00:00,BLDG_A,5542.33,2920.58,1098.51,2297.63,11859.05,13074.54,9.3,1129.74,8.9,7623.35,10.05,65.27,15,49.03,74.08,2026,12,1,12,Tuesday,1,0,46.73502514956932,24.62743643040547,9.263052268099047,19.374486151926167,Within Budget,High,Moderate,Low,Fair,Low,High,Very High,9.526395453261435,33.31
1340,2026-12-01 18:00:00,BLDG_B,5343.91,3447.48,1832.74,2362.24,12986.37,14835.94,12.47,1432.49,12.82,9110.32,9.69,67.02,13,88.28,64.38,2026,12,1,18,Tuesday,1,0,41.15014434364645,26.54691033753081,14.112796724565833,18.1901485942569,Within Budget,High,High,Low,Fair,Very High,Moderate,Very High,11.03071913090417,44.45
1341,2026-12-02 00:00:00,BLDG_A,1968.91,3310.97,950.36,2422.04,8652.28,9383.72,7.79,1468.88,11.29,6511.12,42.51,80.08,15,74.03,63.84,2026,12,2,0,Wednesday,2,0,22.755967213266327,38.267023258609285,10.983925624228526,27.993083903895847,Within Budget,High,High,High,Good,High,Moderate,Very High,16.976796867415295,51.98
1342,2026-12-02 06:00:00,BLDG_B,3655.25,3314.82,531.12,526.15,8027.34,9073.28,11.53,370.26,7.06,7611.06,26.69,97.06,15,67.93,79.96,2026,12,2,6,Wednesday,2,0,45.53500910637895,41.294127319884296,6.616388492327471,6.554475081409283,Within Budget,Low,Moderate,Moderate,Excellent,Moderate,High,Very High,4.612486826271218,49.68
1343,2026-12-02 12:00:00,BLDG_C,6174.79,1826.23,2078.75,843.4,10923.17,11489.08,4.93,1740.55,7.65,5037.57,40.64,82.4,1,72.49,63.75,2026,12,2,12,Wednesday,2,0,56.52928591242286,16.718864578689153,19.030647696593572,7.721201812294416,Within Budget,High,Moderate,High,Good,High,Moderate,Low,15.93447689635884,50.8
1344,2026-12-02 18:00:00,BLDG_C,2390.9,2012.61,1110.19,1807.53,7321.23,7423.37,1.38,394.59,20.53,9606.55,17.33,79.86,13,63.81,58.12,2026,12,2,18,Wednesday,2,0,32.65708084570489,27.49005290094697,15.163982008487647,24.688884244860496,Within Budget,Low,Very High,Moderate,Good,Moderate,Moderate,Very High,5.389668129535611,45.38
1345,2026-12-03 00:00:00,BLDG_B,5264.35,2675.78,1826.85,550.95,10317.93,11171.17,7.64,1058.41,19.45,5885.12,52.28,85.59,2,51.38,90.05,2026,12,3,0,Thursday,3,0,51.021377349914175,25.933302513197898,17.705586294925435,5.339733841962487,Within Budget,High,Very High,Very High,Good,Moderate,Very High,Low,10.257968410330367,52.18
1346,2026-12-03 06:00:00,BLDG_C,6380.58,3282.14,902.46,627.22,11192.4,12226.08,8.45,702.47,7.58,8322.45,57.06,62.81,13,83.29,40.43,2026,12,3,6,Thursday,3,0,57.00814838640507,29.324720345949036,8.06314999463922,5.603981273006683,Within Budget,Moderate,Moderate,Very High,Fair,High,Low,Very High,6.276312497766341,52.68
1347,2026-12-03 12:00:00,BLDG_B,2045.33,1097.58,1563.46,942.16,5648.53,5938.19,4.88,680.32,19.76,7646.44,58.69,90.98,14,91.4,55.88,2026,12,3,12,Thursday,3,0,36.209951969804536,19.43125025449099,27.679059861592307,16.679737914112167,Within Budget,Moderate,Very High,Very High,Excellent,Very High,Moderate,Very High,12.044195569466748,65.21
1348,2026-12-03 18:00:00,BLDG_C,5006.31,1551.88,1971.96,1524.88,10055.03,11518.46,12.71,1144.12,7.77,8576.62,25.33,84.58,3,92.5,71.69,2026,12,3,18,Thursday,3,0,49.789110524782124,15.433867427546213,19.611676941789334,15.16534510588233,Within Budget,High,Moderate,Moderate,Good,Very High,High,Low,11.378583654151205,52.54
1349,2026-12-04 00:00:00,BLDG_A,4000.32,1089.89,474.96,1591.81,7156.98,7262.26,1.45,622.67,15.28,9529.98,45.66,66.51,7,78.54,80.71,2026,12,4,0,Friday,4,0,55.89396644953598,15.228350505380764,6.636318670724243,22.24136437435902,Within Budget,Moderate,Very High,High,Fair,High,High,Moderate,8.7001780080425,51.5
1350,2026-12-04 06:00:00,BLDG_C,4522.12,2413.62,1895.14,568.52,9399.4,9818.14,4.26,1499.16,5.46,6396.21,23.91,83.97,2,65.52,82.45,2026,12,4,6,Friday,4,0,48.1107304721578,25.67844756048258,20.162350788348192,6.048471179011426,Within Budget,High,Moderate,Moderate,Good,Moderate,High,Low,15.949528693320852,44.72
1351,2026-12-04 12:00:00,BLDG_A,2201.1,1557.64,1428.4,840.73,6027.87,6930.32,13.02,777.43,19.85,9850.26,51.48,82.66,5,68.92,42.4,2026,12,4,12,Friday,4,0,36.51538603188191,25.84063690822795,23.696595978347247,13.9473810815429,Within Budget,Moderate,Very High,Very High,Good,Moderate,Low,Moderate,12.897258899080438,55.73
1352,2026-12-04 18:00:00,BLDG_C,2002.13,1613.1,1493.45,1499.41,6608.09,7185.8,8.04,913.11,4.93,6218.46,14.87,62.46,9,77.85,76.87,2026,12,4,18,Friday,4,0,30.298164825236945,24.41098713849236,22.600327780039315,22.690520256231377,Within Budget,Moderate,Low,Low,Fair,High,High,High,13.818062405324383,40.03
1353,2026-12-05 00:00:00,BLDG_A,4934.27,898.56,1341.68,1687.88,8862.39,10112.49,12.36,466.15,13.99,11501.29,51.48,70.14,12,86.15,77.45,2026,12,5,0,Saturday,5,1,55.67651615422026,10.139025702998852,15.139031344817822,19.04542679796308,Within Budget,Low,High,Very High,Fair,Very High,High,High,5.259867823465228,55.44
1354,2026-12-05 06:00:00,BLDG_C,5669.55,1679.43,1974.06,796.8,10119.84,11268.41,10.19,1644.22,18.03,9155.73,33.06,74.86,12,63.73,51.13,2026,12,5,6,Saturday,5,1,56.024107100507514,16.59542048095622,19.506830147512215,7.873642271024048,Within Budget,High,Very High,High,Fair,Moderate,Moderate,High,16.24749007889453,47.42
1355,2026-12-05 12:00:00,BLDG_A,5475.47,3114.99,478.18,1297.68,10366.32,12337.4,15.98,570.73,6.1,2468.13,56.77,69.31,10,90.84,45.86,2026,12,5,12,Saturday,5,1,52.819804906659265,30.049139906929362,4.612823065465855,12.518232120945525,Within Budget,Moderate,Moderate,Very High,Fair,Very High,Low,High,5.505618194306177,55.76
1356,2026-12-05 18:00:00,BLDG_B,4355.89,1352.6,869.85,2308.8,8887.14,9949.68,10.68,563.6,11.28,10040.22,50.12,69.24,8,61.21,78.98,2026,12,5,18,Saturday,5,1,49.01340588760839,15.219744484727372,9.787738237498228,25.979111390166022,Within Budget,Moderate,High,Very High,Fair,Moderate,High,High,6.341747738867623,47.96
1357,2026-12-06 00:00:00,BLDG_B,2269.37,2646.52,1976.37,2497.8,9390.06,9417.98,0.3,462.07,4.76,6843.26,29.46,81.77,12,71.54,52.97,2026,12,6,0,Sunday,6,1,24.16779019516382,28.184271453004563,21.0474693452438,26.60046900658782,Within Budget,Low,Low,Moderate,Good,High,Moderate,High,4.920841826356807,46.88
1358,2026-12-06 06:00:00,BLDG_A,5033.81,2462.96,1754.22,2474.43,11725.42,12552.95,6.59,1126.27,16.29,11821.3,59.5,77.89,8,93.07,40.09,2026,12,6,6,Sunday,6,1,42.93074363221104,21.005303008335733,14.960828695262087,21.10312466419113,Within Budget,High,Very High,Very High,Good,Very High,Low,High,9.60537021275144,61.69
1359,2026-12-06 12:00:00,BLDG_C,2936.88,3117.76,431.76,2263.35,8749.75,9000.1,2.78,1427.58,9.53,8766.42,24.15,85.36,11,91.91,51.63,2026,12,6,12,Sunday,6,1,33.565301865767594,35.632560930312295,4.934540986885339,25.867596217034773,Within Budget,High,Moderate,Moderate,Good,Very High,Moderate,High,16.315666161890338,52.74
1360,2026-12-06 18:00:00,BLDG_A,6082.02,1070.41,1330.61,1289.32,9772.36,11579.53,15.61,663.22,14.07,1470.49,63.12,96.34,2,79.79,41.62,2026,12,6,18,Sunday,6,1,62.23696220769599,10.953444203856591,13.616055896426246,13.193537692021168,Within Budget,Moderate,High,Very High,Excellent,High,Low,Low,6.78669226266736,63.33
1361,2026-12-07 00:00:00,BLDG_C,5739.85,3437.25,1353.23,1873.15,12403.48,12661.5,2.04,1067.48,20.79,5042.04,51.73,85.1,1,61.23,52.96,2026,12,7,0,Monday,0,0,46.27612573245574,27.71198083118609,10.910083299203126,15.10181013715506,Within Budget,High,Very High,Very High,Good,Moderate,Moderate,Low,8.606294362549866,54.71
1362,2026-12-07 06:00:00,BLDG_B,5134.1,2331.36,1121.59,1333.18,9920.23,10689.46,7.2,1556.58,9.51,6448.67,64.47,82.12,9,55.95,57.42,2026,12,7,6,Monday,0,0,51.753840384749154,23.50106801959229,11.306088669315125,13.439002926343443,Within Budget,High,Moderate,Very High,Good,Moderate,Moderate,High,15.690966842502643,53.01
1363,2026-12-07 12:00:00,BLDG_C,6259.58,3487.33,935.31,1797.05,12479.27,13043.58,4.33,1530.86,4.88,10148.66,11.07,92.21,10,49.01,54.11,2026,12,7,12,Monday,0,0,50.15982505386933,27.944983961401586,7.494909558011005,14.400281426718067,Within Budget,High,Low,Low,Excellent,Low,Moderate,High,12.267223964222266,39.29
1364,2026-12-07 18:00:00,BLDG_B,1947.68,3252.24,1627.1,1118.86,7945.88,9291.47,14.48,1134.21,16.16,8887.47,23.62,84.02,12,80.43,87.84,2026,12,7,18,Monday,0,0,24.511822479070915,40.929890710657595,20.47727879102126,14.081008019250227,Within Budget,High,Very High,Moderate,Good,High,Very High,High,14.274189894637221,51.06
1365,2026-12-08 00:00:00,BLDG_C,5260.14,1320.25,774.02,1712.4,9066.81,9626.35,5.81,563.05,18.16,4747.64,50.25,66.29,4,70.17,52.09,2026,12,8,0,Tuesday,1,0,58.01533284584105,14.56135068452962,8.53685033655718,18.88646613307216,Within Budget,Moderate,Very High,Very High,Fair,High,Moderate,Moderate,6.210012121131908,51.22
1366,2026-12-08 06:00:00,BLDG_C,3352.14,857.25,1838.11,1547.52,7595.02,9101.71,16.55,1044.11,21.24,8014.48,60.57,71.96,9,73.61,64.31,2026,12,8,6,Tuesday,1,0,44.136025974915135,11.287001219219963,24.201516256705048,20.375456549159843,Within Budget,High,Very High,Very High,Fair,High,Moderate,High,13.7472975713033,56.84
1367,2026-12-08 12:00:00,BLDG_C,6058.51,1415.79,1845.47,548.96,9868.73,9944.95,0.77,633.0,6.84,7134.48,9.64,87.87,11,68.62,89.79,2026,12,8,12,Tuesday,1,0,61.390979386405355,14.346222867582759,18.70017722645163,5.5626205195602685,Within Budget,Moderate,Moderate,Low,Good,Moderate,Very High,High,6.414199192803938,43.24
1368,2026-12-08 18:00:00,BLDG_A,3053.37,2177.18,1147.47,2081.41,8459.43,8676.46,2.5,1506.6,11.06,1949.61,8.0,88.06,14,69.15,85.72,2026,12,8,18,Tuesday,1,0,36.09427585546543,25.736722214144446,13.564389090045074,24.604612840345034,Within Budget,High,High,Low,Good,Moderate,Very High,Very High,17.809710583337175,44.07
1369,2026-12-09 00:00:00,BLDG_A,5206.83,1180.47,910.39,523.8,7821.49,8172.89,4.3,891.52,19.19,3200.87,22.61,97.51,12,73.56,56.08,2026,12,9,0,Wednesday,2,0,66.57081962643946,15.092648587417488,11.639598081695432,6.696933704447618,Within Budget,Moderate,Very High,Moderate,Excellent,High,Moderate,High,11.398339702537497,53.22
1370,2026-12-09 06:00:00,BLDG_B,5924.94,1168.89,910.98,1086.31,9091.12,10565.89,13.96,1221.35,18.52,4422.91,56.61,83.83,11,90.71,56.98,2026,12,9,6,Wednesday,2,0,65.17282799039062,12.857491706192418,10.02054752329746,11.9491327801195,Within Budget,High,Very High,Very High,Good,Very High,Moderate,High,13.434538318711004,62.42
1371,2026-12-09 12:00:00,BLDG_B,1995.79,1995.26,1268.12,511.85,5771.02,6785.01,14.94,275.63,15.25,2748.06,51.73,94.18,7,46.47,70.85,2026,12,9,12,Wednesday,2,0,34.58296800219025,34.57378418373182,21.973931817945523,8.869315996132398,Within Budget,Low,Very High,Very High,Excellent,Low,High,Moderate,4.776105437167086,51.91
1372,2026-12-09 18:00:00,BLDG_A,3668.94,793.15,1695.24,1252.4,7409.73,7515.62,1.41,500.89,8.85,2226.54,27.4,62.07,12,85.08,87.73,2026,12,9,18,Wednesday,2,0,49.5151645201647,10.704168707901637,22.878566425497286,16.902100346436377,Within Budget,Moderate,Moderate,Moderate,Fair,Very High,Very High,High,6.759895434786422,45.85
1373,2026-12-10 00:00:00,BLDG_B,5382.85,1041.29,1045.96,626.32,8096.42,8148.98,0.64,412.6,9.11,1169.27,8.11,81.52,6,64.53,40.52,2026,12,10,0,Thursday,3,0,66.48432270065041,12.861116394653438,12.918796208694708,7.735764696001443,Within Budget,Low,Moderate,Low,Good,Moderate,Low,Moderate,5.0960795018045015,40.82
1374,2026-12-10 06:00:00,BLDG_A,3938.12,1864.41,1498.08,2327.02,9627.63,11061.29,12.96,852.29,6.23,10540.68,39.62,94.95,10,82.25,60.44,2026,12,10,6,Thursday,3,0,40.90435548520249,19.365202027913416,15.560215754032924,24.17022673285118,Within Budget,Moderate,Moderate,High,Excellent,High,Moderate,High,8.852542110571346,55.76
1375,2026-12-10 12:00:00,BLDG_C,3056.09,876.76,1088.47,1331.36,6352.68,6522.11,2.6,461.33,20.59,3822.85,21.56,70.92,13,92.43,84.19,2026,12,10,12,Thursday,3,0,48.10709810662587,13.801419243531862,17.134028473022408,20.95745417681986,Within Budget,Low,Very High,Moderate,Fair,Very High,High,Very High,7.261974473765402,51.38
1376,2026-12-10 18:00:00,BLDG_B,2833.09,1810.91,948.14,1418.99,7011.13,7197.62,2.59,981.13,7.11,3838.69,50.5,65.89,9,60.31,61.34,2026,12,10,18,Thursday,3,0,40.40846482663993,25.829074628483568,13.523355008393798,20.239105536482707,Within Budget,Moderate,Moderate,Very High,Fair,Moderate,Moderate,High,13.9938925679598,45.95
1377,2026-12-11 00:00:00,BLDG_B,2418.14,2027.22,444.75,1199.7,6089.81,6117.05,0.45,282.0,14.31,2871.62,33.44,73.32,10,49.48,77.44,2026,12,11,0,Friday,4,0,39.70797118465107,33.28872329350177,7.303183514756617,19.70012200709053,Within Budget,Low,High,High,Fair,Low,High,High,4.630686343252088,42.64
1378,2026-12-11 06:00:00,BLDG_A,5828.51,1963.55,407.05,1755.01,9954.12,10053.28,0.99,1421.54,14.52,5967.07,46.68,90.1,4,56.61,75.98,2026,12,11,6,Friday,4,0,58.553744580133646,19.72600290131121,4.089261531908395,17.630990986646733,Within Budget,High,High,High,Excellent,Moderate,High,Moderate,14.280920864928289,51.98
1379,2026-12-11 12:00:00,BLDG_B,4504.17,3133.69,808.97,2068.82,10515.65,11070.19,5.01,387.56,10.65,6413.78,56.58,63.22,14,56.1,50.68,2026,12,11,12,Friday,4,0,42.83301555300909,29.80025010341729,7.69300994232406,19.67372440124957,Within Budget,Low,High,Very High,Fair,Moderate,Moderate,Very High,3.685554387983624,46.64
1380,2026-12-11 18:00:00,BLDG_B,2159.01,2184.17,1131.53,1796.29,7271.0,7365.53,1.28,438.46,10.35,2895.24,38.54,82.81,1,82.09,63.38,2026,12,11,18,Friday,4,0,29.693439691926837,30.03947187457021,15.562233530463484,24.70485490303947,Within Budget,Low,High,High,Good,High,Moderate,Low,6.030257186081694,53.45
1381,2026-12-12 00:00:00,BLDG_C,3598.13,2010.35,1932.27,1996.41,9537.16,10240.77,6.87,1419.08,16.03,7498.56,27.15,65.15,5,48.09,69.44,2026,12,12,0,Saturday,5,1,37.72747862046983,21.079126280779604,20.26043392372572,20.93296117502485,Within Budget,High,Very High,Moderate,Fair,Low,Moderate,Moderate,14.879481942213404,39.11
1382,2026-12-12 06:00:00,BLDG_B,3528.35,1849.99,1837.27,2311.95,9527.56,11114.42,14.28,1347.35,10.99,8814.5,51.86,76.55,13,47.55,77.2,2026,12,12,6,Saturday,5,1,37.03309136861904,19.417248487545606,19.283741062769483,24.265919081065874,Within Budget,High,High,Very High,Good,Low,High,Very High,14.141606035543203,46.74
1383,2026-12-12 12:00:00,BLDG_C,2654.17,2989.35,880.9,2227.09,8751.51,9322.67,6.13,887.83,8.59,4799.16,23.12,96.71,6,79.68,82.76,2026,12,12,12,Saturday,5,1,30.328137658529787,34.15810528697333,10.065691520663291,25.448065533833592,Within Budget,Moderate,Moderate,Moderate,Excellent,High,High,Moderate,10.144877855364388,52.02
1384,2026-12-12 18:00:00,BLDG_A,3846.89,3206.16,840.17,1848.12,9741.34,11159.36,12.71,365.27,11.18,7232.69,58.82,67.42,6,72.84,79.52,2026,12,12,18,Saturday,5,1,39.490357589407616,32.91292573711625,8.62478878675829,18.971927886717843,Within Budget,Low,High,Very High,Fair,High,High,Moderate,3.7496894677734276,52.57
1385,2026-12-13 00:00:00,BLDG_B,3360.87,3089.08,809.18,929.28,8188.41,8342.2,1.84,994.76,18.54,6276.47,12.07,61.29,12,65.89,41.47,2026,12,13,0,Sunday,6,1,41.04423203039418,37.72502842432169,9.882016166752763,11.348723378531362,Within Budget,Moderate,Very High,Low,Fair,Moderate,Low,High,12.14839022472006,39.45
1386,2026-12-13 06:00:00,BLDG_C,3406.48,2585.93,1010.63,1775.41,8778.45,9936.11,11.65,798.91,21.4,2748.81,55.62,76.23,1,73.77,74.87,2026,12,13,6,Sunday,6,1,38.805028222522196,29.45770608706548,11.512624666085697,20.224641024326615,Within Budget,Moderate,Very High,Very High,Good,High,High,Low,9.10080936839647,56.76
1387,2026-12-13 12:00:00,BLDG_A,5273.42,1084.61,1296.76,1512.17,9166.96,9747.68,5.96,710.25,15.45,8895.13,13.22,81.95,15,81.76,65.86,2026,12,13,12,Sunday,6,1,57.526377337743384,11.831730475533874,14.14602005463098,16.495872132091776,Within Budget,Moderate,Very High,Low,Good,High,Moderate,Very High,7.747933884297521,48.1
1388,2026-12-13 18:00:00,BLDG_B,2849.34,1475.24,1189.6,1934.44,7448.62,8565.54,13.04,938.98,18.08,9716.71,11.2,71.31,7,50.17,69.84,2026,12,13,18,Sunday,6,1,38.25326033547154,19.805547873297336,15.970743573977462,25.970448217253665,Within Budget,Moderate,Very High,Low,Fair,Moderate,Moderate,Moderate,12.60609347771802,37.69
1389,2026-12-14 00:00:00,BLDG_A,4816.74,828.98,792.89,2165.86,8604.47,8838.95,2.65,821.66,13.59,7961.12,28.71,80.59,8,72.66,59.39,2026,12,14,0,Monday,0,0,55.979508325323934,9.63429473285397,9.214861577761328,25.171335364060777,Within Budget,Moderate,High,Moderate,Good,High,Moderate,High,9.549222671471922,48.89
1390,2026-12-14 06:00:00,BLDG_B,4482.05,3306.31,634.81,1985.44,10408.61,12277.75,15.22,456.55,15.25,4224.8,62.52,96.23,12,86.22,77.13,2026,12,14,6,Monday,0,0,43.060985088306694,31.7651444333105,6.098893127900843,19.074977350481955,Within Budget,Low,Very High,Very High,Excellent,Very High,High,High,4.386272518616799,65.06
1391,2026-12-14 12:00:00,BLDG_A,4470.03,2550.24,422.64,2193.12,9636.03,10103.53,4.63,1613.0,21.79,11158.11,64.06,71.85,5,63.12,75.04,2026,12,14,12,Monday,0,0,46.38870987325693,26.46567102842145,4.38603864869661,22.759580449625,Within Budget,High,Very High,Very High,Fair,Moderate,High,Moderate,16.739258802639675,55.2
1392,2026-12-14 18:00:00,BLDG_A,4916.13,2789.82,677.13,627.73,9010.81,9647.22,6.6,1322.55,11.89,5736.62,19.52,71.76,2,83.15,70.13,2026,12,14,18,Monday,0,0,54.55813628297568,30.960812623948353,7.514640748168035,6.96641034490795,Within Budget,High,High,Moderate,Fair,High,High,Low,14.67737084679402,46.58
1393,2026-12-15 00:00:00,BLDG_C,4377.4,1572.4,1669.64,563.24,8182.68,9737.68,15.97,314.68,5.19,3557.6,16.47,78.35,2,87.27,84.8,2026,12,15,0,Tuesday,1,0,53.49592065191354,19.21619811602067,20.40456183059829,6.88331940146749,Within Budget,Low,Moderate,Moderate,Good,Very High,High,Low,3.845683810194215,46.82
1394,2026-12-15 06:00:00,BLDG_A,5932.5,3067.83,838.55,1017.0,10855.88,12111.87,10.37,1180.68,21.23,5194.7,28.12,79.58,11,86.05,45.3,2026,12,15,6,Tuesday,1,0,54.64780377085967,28.259615986912163,7.724385310080804,9.368194932147372,Within Budget,High,Very High,Moderate,Good,Very High,Low,High,10.875949255150205,53.74
1395,2026-12-15 12:00:00,BLDG_B,4975.23,1426.89,1243.48,2301.33,9946.93,10674.59,6.82,422.81,18.28,8458.86,27.21,60.05,5,77.52,55.65,2026,12,15,12,Tuesday,1,0,50.01774416830117,14.34502906927062,12.50114356892026,23.136083193507943,Within Budget,Low,Very High,Moderate,Fair,High,Moderate,Moderate,4.250658243297178,45.76
1396,2026-12-15 18:00:00,BLDG_B,4370.73,704.6,1464.34,2147.32,8686.99,10336.83,15.96,1351.64,11.17,10228.22,51.3,83.4,7,80.87,65.75,2026,12,15,18,Tuesday,1,0,50.31351480777576,8.110979752480434,16.856701803501558,24.718803636242246,Within Budget,High,High,Very High,Good,High,Moderate,Moderate,15.559359455922017,56.68
1397,2026-12-16 00:00:00,BLDG_C,5699.89,1753.96,1996.31,1865.45,11315.61,12060.35,6.18,1379.96,21.68,4600.62,33.31,97.9,7,84.38,89.85,2026,12,16,0,Wednesday,2,0,50.37191985231022,15.50035747078593,17.642089114064554,16.4856335628393,Within Budget,High,Very High,High,Excellent,High,Very High,Moderate,12.195188770203286,59.32
1398,2026-12-16 06:00:00,BLDG_B,4648.89,2298.13,1999.94,1901.52,10848.48,11054.32,1.86,606.08,10.22,3175.18,52.45,71.1,13,81.69,43.74,2026,12,16,6,Wednesday,2,0,42.85291580018583,21.183889355928205,18.43520935651815,17.52798548736782,Within Budget,Moderate,High,Very High,Fair,High,Low,Very High,5.586773446602658,53.86
1399,2026-12-16 12:00:00,BLDG_B,3168.38,2040.37,1742.32,1953.34,8904.41,10679.68,16.62,294.84,10.7,7704.67,50.68,83.97,4,67.58,57.53,2026,12,16,12,Wednesday,2,0,35.58214412858348,22.914151527164627,19.56693368791419,21.9367706563377,Within Budget,Low,High,Very High,Good,Moderate,Moderate,Moderate,3.3111682862761262,53.23
1400,2026-12-16 18:00:00,BLDG_B,2773.35,3113.81,463.28,2385.21,8735.65,9203.61,5.08,303.45,14.98,11093.97,40.96,60.18,11,52.96,88.15,2026,12,16,18,Wednesday,2,0,31.747494462346822,35.64485756640891,5.303326026111394,27.304321945132877,Within Budget,Low,High,High,Fair,Moderate,Very High,High,3.4736968628550824,42.27
1401,2026-12-17 00:00:00,BLDG_A,2515.94,995.13,1435.13,2164.38,7110.58,8321.17,14.55,754.47,8.94,2607.87,55.51,82.96,14,60.49,86.69,2026,12,17,0,Thursday,3,0,35.383048921466326,13.99506088110956,20.18302304453364,30.43886715289048,Within Budget,Moderate,Moderate,Very High,Good,Moderate,Very High,Very High,10.610526848724014,51.98
1402,2026-12-17 06:00:00,BLDG_A,6027.44,2250.71,1815.85,1746.78,11840.78,12232.81,3.2,1659.56,16.57,9734.72,19.15,76.99,3,55.36,84.99,2026,12,17,6,Thursday,3,0,50.90407895425807,19.00812277569552,15.335560664077871,14.752237605968524,Within Budget,High,Very High,Moderate,Good,Moderate,High,Low,14.015630727029807,42.02
1403,2026-12-17 12:00:00,BLDG_B,5137.64,2136.34,431.12,1831.43,9536.53,10931.45,12.76,458.96,6.75,5980.98,17.22,80.15,9,63.07,56.04,2026,12,17,12,Thursday,3,0,53.87326417470506,22.401649237196338,4.520721897797207,19.204364690301396,Within Budget,Low,Moderate,Moderate,Good,Moderate,Moderate,High,4.812651981381068,41.8
1404,2026-12-17 18:00:00,BLDG_C,6205.68,1487.9,1389.43,927.48,10010.49,11060.49,9.49,632.59,5.94,9694.39,50.79,80.67,12,69.47,84.04,2026,12,17,18,Thursday,3,0,61.9917706326064,14.863408284709342,13.879740152579945,9.26508093010432,Within Budget,Moderate,Moderate,Very High,Good,Moderate,High,High,6.319271084632221,51.72
1405,2026-12-18 00:00:00,BLDG_A,4635.47,3002.24,1943.98,1814.64,11396.33,13632.08,16.4,901.32,13.63,6313.72,21.95,66.72,14,92.95,66.28,2026,12,18,0,Friday,4,0,40.675112075554146,26.34391948987086,17.057947602429905,15.923020832145085,Within Budget,Moderate,High,Moderate,Fair,Very High,Moderate,Very High,7.908861887993766,48.81
1406,2026-12-18 06:00:00,BLDG_C,4024.98,2807.98,1253.38,1349.36,9435.7,10478.97,9.96,591.73,14.0,4839.27,8.16,89.26,14,92.97,72.23,2026,12,18,6,Friday,4,0,42.65693059338469,29.759106372606166,13.283381201182742,14.300581832826392,Within Budget,Moderate,High,Low,Good,Very High,High,Very High,6.271182848119376,51.1
1407,2026-12-18 12:00:00,BLDG_B,2080.67,2752.01,407.39,805.92,6045.99,6076.24,0.5,536.28,5.92,8512.52,59.98,81.11,7,83.48,52.42,2026,12,18,12,Friday,4,0,34.41404964282111,45.51793833598799,6.738185144203017,13.329826876987887,Within Budget,Moderate,Moderate,Very High,Good,High,Moderate,Moderate,8.870011362903346,57.62
1408,2026-12-18 18:00:00,BLDG_B,4956.72,3153.34,419.82,2112.81,10642.69,11928.07,10.78,1212.65,21.36,10857.21,43.51,70.27,2,94.01,76.75,2026,12,18,18,Friday,4,0,46.57393948334491,29.62916330363846,3.944679399663055,19.85221781335358,Within Budget,High,Very High,High,Fair,Very High,High,Low,11.394205788198285,57.29
1409,2026-12-19 00:00:00,BLDG_A,4536.38,2723.8,1149.94,1520.49,9930.61,10219.23,2.82,1318.19,14.32,4182.89,33.36,95.62,1,94.9,57.04,2026,12,19,0,Saturday,5,1,45.68077892496029,27.42832514820338,11.579751898423158,15.31114402841316,Within Budget,High,High,High,Excellent,Very High,Moderate,Low,13.274008343898311,59.55
1410,2026-12-19 06:00:00,BLDG_B,6453.98,1349.16,679.02,2454.85,10937.01,12683.74,13.77,1909.23,6.72,5798.6,49.37,60.49,11,89.26,57.88,2026,12,19,6,Saturday,5,1,59.010460811501495,12.335729783551447,6.208460996195486,22.445348408751567,Within Budget,High,Moderate,High,Fair,Very High,Moderate,High,17.456599198501234,51.46
1411,2026-12-19 12:00:00,BLDG_A,2924.05,2675.58,1596.01,1063.36,8259.0,9673.88,14.63,1400.95,9.61,3138.11,27.0,87.59,2,48.98,73.11,2026,12,19,12,Saturday,5,1,35.404407313234046,32.39593171086088,19.324494490858456,12.875166485046616,Within Budget,High,Moderate,Moderate,Good,Low,High,Low,16.96270734955806,43.3
1412,2026-12-19 18:00:00,BLDG_B,4294.47,1561.57,1675.84,1461.34,8993.22,9860.33,8.79,1038.89,18.4,2609.21,62.36,74.49,13,66.3,52.47,2026,12,19,18,Saturday,5,1,47.75230673774244,17.363858551219696,18.63448242120175,16.24935228983612,Within Budget,High,Very High,Very High,Fair,Moderate,Moderate,Very High,11.551924672141904,55.39
1413,2026-12-20 00:00:00,BLDG_B,4859.5,1378.09,720.18,1395.99,8353.76,9662.33,13.54,1170.55,13.42,9445.74,11.91,79.86,12,71.71,51.67,2026,12,20,0,Sunday,6,1,58.17141023922162,16.496643427630193,8.621028135833445,16.710918197314744,Within Budget,High,High,Low,Good,High,Moderate,High,14.01225316504185,44.22
1414,2026-12-20 06:00:00,BLDG_A,4829.58,904.41,1999.36,741.56,8474.91,8720.87,2.82,1463.03,7.39,2807.64,44.53,71.08,3,51.2,59.2,2026,12,20,6,Sunday,6,1,56.986799859821524,10.671617751692938,23.59151896598312,8.750063422502421,Within Budget,High,Moderate,High,Fair,Moderate,Moderate,Low,17.263074180138783,43.55
1415,2026-12-20 12:00:00,BLDG_A,4438.08,2783.28,1195.43,1352.23,9769.02,10730.44,8.96,415.39,5.85,9623.16,52.31,72.21,5,85.43,80.46,2026,12,20,12,Sunday,6,1,45.430145500776945,28.490882401714813,12.236949049136966,13.84202304837128,Within Budget,Low,Moderate,Very High,Fair,Very High,High,Moderate,4.252115360599118,53.95
1416,2026-12-20 18:00:00,BLDG_A,5451.56,2690.8,657.12,1075.11,9874.59,10652.6,7.3,304.58,11.75,5436.0,34.74,60.58,14,52.43,51.68,2026,12,20,18,Sunday,6,1,55.20796306479561,27.24973897650434,6.654656041415391,10.887641917284666,Within Budget,Low,High,High,Fair,Moderate,Moderate,Very High,3.084482494969411,39.88
1417,2026-12-21 00:00:00,BLDG_B,2763.41,1356.6,1775.65,820.64,6716.3,7537.46,10.89,231.51,10.07,11943.06,51.03,87.73,15,64.17,80.94,2026,12,21,0,Monday,0,0,41.14482676473653,20.198621264684423,26.43791968792341,12.218632282655628,Within Budget,Low,High,Very High,Good,Moderate,High,Very High,3.4469871804416123,53.25
1418,2026-12-21 06:00:00,BLDG_B,5210.45,2798.26,1821.95,1064.31,10894.97,10991.89,0.88,1247.5,15.81,2769.43,60.83,87.01,3,48.45,76.17,2026,12,21,6,Monday,0,0,47.82436298585494,25.68396241568357,16.72285467513908,9.768819923322415,Within Budget,High,Very High,Very High,Good,Low,High,Low,11.45023804563023,53.03
1419,2026-12-21 12:00:00,BLDG_C,4712.75,3269.95,1550.73,966.5,10499.93,12079.38,13.08,1516.45,20.65,1569.25,50.41,84.87,10,71.23,75.31,2026,12,21,12,Monday,0,0,44.883632557550385,31.14258856963808,14.76895560256116,9.204823270250373,Within Budget,High,Very High,Very High,Good,High,High,High,14.442477235562523,56.79
1420,2026-12-21 18:00:00,BLDG_A,6011.55,1002.48,1936.24,1968.15,10918.42,11091.21,1.56,928.73,8.46,1367.48,25.63,93.36,9,74.85,64.69,2026,12,21,18,Monday,0,0,55.05879055760815,9.181548245991635,17.733701396355883,18.02595980004433,Within Budget,Moderate,Moderate,Moderate,Excellent,High,Moderate,High,8.50608421364996,50.58
1421,2026-12-22 00:00:00,BLDG_B,5781.81,1351.38,1727.27,561.55,9422.01,10659.07,11.61,1053.25,19.39,10107.31,40.03,94.25,10,81.76,78.79,2026,12,22,0,Tuesday,1,0,61.36493168655096,14.342799466355904,18.332287908843227,5.959980938249906,Within Budget,High,Very High,High,Excellent,High,High,High,11.178612631487336,58.86
1422,2026-12-22 06:00:00,BLDG_B,3281.19,2800.73,1987.97,1734.93,9804.82,9841.01,0.37,1053.58,20.57,5534.43,59.96,81.14,4,61.97,40.7,2026,12,22,6,Tuesday,1,0,33.46507126086966,28.564828319132836,20.275435959048714,17.6946644609488,Within Budget,High,Very High,Very High,Good,Moderate,Low,Moderate,10.745531279513546,55.91
1423,2026-12-22 12:00:00,BLDG_A,3098.32,1468.62,1181.0,2021.32,7769.26,9061.89,14.26,343.52,20.24,535.93,33.6,86.02,7,74.53,55.89,2026,12,22,12,Tuesday,1,0,39.8792162960179,18.902958582928104,15.20093290738114,26.01689221367286,Within Budget,Low,Very High,High,Good,High,Moderate,Moderate,4.421527919003869,53.6
1424,2026-12-22 18:00:00,BLDG_C,6413.77,2449.06,1745.67,1461.45,12069.95,12491.67,3.38,944.33,21.14,10559.87,46.86,60.42,4,81.71,75.32,2026,12,22,18,Tuesday,1,0,53.13833114470234,20.290556298907617,14.462943094213315,12.108169462176727,Within Budget,Moderate,Very High,High,Fair,High,High,Moderate,7.823810372039652,52.53
1425,2026-12-23 00:00:00,BLDG_A,4278.15,927.26,2199.55,2363.13,9768.09,10775.18,9.35,321.52,19.16,10584.59,34.53,92.16,3,83.1,91.34,2026,12,23,0,Wednesday,2,0,43.79720088574122,9.49274627895525,22.51770817017452,24.192344665129006,Within Budget,Low,Very High,High,Excellent,High,Very High,Low,3.291533964162902,57.24
1426,2026-12-23 06:00:00,BLDG_C,6060.18,1966.17,1704.88,1915.76,11646.99,12256.11,4.97,542.82,14.68,9773.79,14.92,91.02,10,60.08,40.13,2026,12,23,6,Wednesday,2,0,52.03215594758818,16.881357329232706,14.637945082806802,16.44854164037232,Within Budget,Moderate,High,Low,Excellent,Moderate,Low,High,4.660603297504334,45.18
1427,2026-12-23 12:00:00,BLDG_B,2570.24,2769.46,605.53,1995.85,7941.08,9088.8,12.63,1205.29,11.38,3355.66,11.34,60.77,1,48.39,66.52,2026,12,23,12,Wednesday,2,0,32.36637837674472,34.875105149425515,7.625285225687185,25.133231248142568,Within Budget,High,High,Low,Fair,Low,Moderate,Low,15.177910309428944,32.97
1428,2026-12-23 18:00:00,BLDG_C,4821.25,2622.24,1332.97,893.87,9670.33,10291.84,6.04,1493.22,12.85,4786.66,62.28,80.63,14,46.88,88.04,2026,12,23,18,Wednesday,2,0,49.85610625490547,27.116344530124614,13.78412112099587,9.243428093974043,Within Budget,High,High,Very High,Good,Low,Very High,Very High,15.441251746320964,50.66
1429,2026-12-24 00:00:00,BLDG_B,5606.34,2982.2,1457.23,2054.59,12100.36,13853.97,12.66,1818.59,19.71,9066.65,42.91,94.45,12,83.4,84.9,2026,12,24,0,Thursday,3,0,46.33200995672856,24.645547735769842,12.042864840384913,16.97957746711668,Within Budget,High,Very High,High,Excellent,High,High,High,15.029222271072925,60.12
1430,2026-12-24 06:00:00,BLDG_A,6252.76,3156.87,713.58,2164.19,12287.4,12987.47,5.39,1708.23,9.43,6127.56,13.92,66.89,9,64.27,41.2,2026,12,24,6,Thursday,3,0,50.88757589074988,25.691928316812344,5.807412471312076,17.613083321125707,Within Budget,High,Moderate,Low,Fair,Moderate,Low,High,13.902290150886273,38.63
1431,2026-12-24 12:00:00,BLDG_A,3385.5,2864.91,2133.2,1222.53,9606.14,11051.81,13.08,1431.29,6.87,2269.01,56.87,73.4,13,51.7,67.54,2026,12,24,12,Thursday,3,0,35.24308411078748,29.82373773440737,22.20663034267666,12.726547812128494,Within Budget,High,Moderate,Very High,Fair,Moderate,Moderate,Very High,14.899741207186237,47.21
1432,2026-12-24 18:00:00,BLDG_A,5207.41,2580.45,716.04,926.73,9430.63,9488.36,0.61,1232.09,6.53,3292.18,37.79,72.58,11,54.22,40.22,2026,12,24,18,Thursday,3,0,55.218050119663275,27.362434959276317,7.592705895576437,9.826809025483982,Within Budget,High,Moderate,High,Fair,Moderate,Low,High,13.0647687376135,42.78
1433,2026-12-25 00:00:00,BLDG_C,4332.42,788.82,719.6,1270.1,7110.94,7513.86,5.36,927.8,18.89,11684.78,52.0,73.53,1,83.31,81.06,2026,12,25,0,Friday,4,0,60.92612228481749,11.093048176471749,10.119618503320236,17.86121103539054,Within Budget,Moderate,Very High,Very High,Fair,High,High,Low,13.047501455503774,56.93
1434,2026-12-25 06:00:00,BLDG_B,2084.96,2197.91,2047.3,1979.22,8309.39,9138.06,9.07,1081.09,17.71,2236.65,15.23,61.59,11,74.95,56.06,2026,12,25,6,Friday,4,0,25.091613223112653,26.450918779838233,24.6383910250933,23.819076971955823,Within Budget,High,Very High,Moderate,Fair,High,Moderate,High,13.010461658437023,42.37
1435,2026-12-25 12:00:00,BLDG_A,5043.0,805.55,1237.37,1335.28,8421.2,8497.09,0.89,901.96,12.96,8849.93,59.69,70.6,13,70.07,79.81,2026,12,25,12,Friday,4,0,59.88457701990214,9.565738849570131,14.693511613546761,15.856172516980951,Within Budget,Moderate,High,Very High,Fair,High,High,Very High,10.710587564717617,53.33
1436,2026-12-25 18:00:00,BLDG_A,5043.45,2962.59,513.74,1973.3,10493.08,10883.49,3.59,886.69,8.95,5997.21,41.66,71.2,1,76.15,89.13,2026,12,25,18,Friday,4,0,48.0645339595238,28.2337502430173,4.89598859438792,18.805727203070976,Within Budget,Moderate,Moderate,High,Fair,High,Very High,Low,8.4502357744342,49.49
1437,2026-12-26 00:00:00,BLDG_B,6173.85,1598.03,1476.74,727.13,9975.75,11840.29,15.75,1391.91,16.2,9108.92,50.08,92.9,15,51.87,90.76,2026,12,26,0,Saturday,5,1,61.88857980602962,16.019146430092977,14.803297997644288,7.288975766233115,Within Budget,High,Very High,Very High,Excellent,Moderate,Very High,Very High,13.952935869483499,52.76
1438,2026-12-26 06:00:00,BLDG_A,4137.37,2274.8,1483.29,2112.02,10007.48,11962.61,16.34,748.53,4.69,8102.8,9.79,73.38,1,60.95,86.49,2026,12,26,6,Saturday,5,1,41.34277560384832,22.730997214083867,14.82181328366382,21.104413898403994,Within Budget,Moderate,Low,Low,Fair,Moderate,Very High,Low,7.4797051805249675,37.2
1439,2026-12-26 12:00:00,BLDG_B,2882.18,1482.45,516.1,1006.41,5887.14,6758.14,12.89,656.04,14.23,5550.42,25.97,76.99,14,63.7,50.62,2026,12,26,12,Saturday,5,1,48.95721861549071,25.181157573966306,8.766565768777369,17.09505804176561,Within Budget,Moderate,High,Moderate,Good,Moderate,Moderate,Very High,11.143611329100377,45.22
1440,2026-12-26 18:00:00,BLDG_B,2009.45,2891.0,2150.54,997.86,8048.85,8454.83,4.8,764.67,11.17,4569.97,23.24,74.47,5,60.72,50.12,2026,12,26,18,Saturday,5,1,24.96567832671748,35.91817464606745,26.71859955148872,12.397547475726347,Within Budget,Moderate,High,Moderate,Fair,Moderate,Moderate,Moderate,9.500363405952402,42.4
1441,2026-12-27 00:00:00,BLDG_B,3753.52,3182.21,1379.25,1680.76,9995.74,10516.55,4.95,714.63,21.6,9175.13,62.13,64.59,7,88.22,72.54,2026,12,27,0,Sunday,6,1,37.551196809840995,31.835661992008596,13.798378109074466,16.814763089075946,Within Budget,Moderate,Very High,Very High,Fair,Very High,High,Moderate,7.149345621234645,59.14
1442,2026-12-27 06:00:00,BLDG_B,3219.01,1816.2,1407.63,640.24,7083.08,7997.92,11.44,1248.06,13.14,4216.12,18.56,97.63,7,74.07,68.29,2026,12,27,6,Sunday,6,1,45.44647243854369,25.64138764492283,19.873134286214473,9.039005630319014,Within Budget,High,High,Moderate,Excellent,High,Moderate,Moderate,17.620300773110003,50.85
1443,2026-12-27 12:00:00,BLDG_B,5377.12,3116.18,1336.21,552.6,10382.11,10626.3,2.3,714.42,13.94,9559.37,48.3,91.38,10,81.47,40.5,2026,12,27,12,Sunday,6,1,51.79216941450244,30.01490063195246,12.87031248946505,5.322617464080038,Within Budget,Moderate,High,High,Excellent,High,Low,High,6.8812601677308365,58.77
1444,2026-12-27 18:00:00,BLDG_C,3465.06,1447.81,1499.32,1022.06,7434.25,8844.24,15.94,567.93,16.82,8318.2,10.44,80.55,1,56.84,60.37,2026,12,27,18,Sunday,6,1,46.60940915357972,19.474862965329386,20.167737162457545,13.747990718633352,Within Budget,Moderate,Very High,Low,Good,Moderate,Moderate,Low,7.639371826344283,41.16
1445,2026-12-28 00:00:00,BLDG_A,6260.63,2197.05,875.74,1576.14,10909.56,11400.08,4.3,591.71,12.72,7143.2,19.27,78.1,6,58.2,87.15,2026,12,28,0,Monday,0,0,57.3866407077829,20.138759033361566,8.027271493992426,14.447328764863112,Within Budget,Moderate,High,Moderate,Good,Moderate,Very High,Moderate,5.423775111003561,42.07
1446,2026-12-28 06:00:00,BLDG_C,6322.86,3104.53,917.03,2315.23,12659.65,15190.66,16.66,1942.59,8.04,4741.21,27.3,84.67,9,56.27,86.71,2026,12,28,6,Monday,0,0,49.94498268119577,24.523031837373075,7.243723167702108,18.288262313729053,Within Budget,High,Moderate,Moderate,Good,Moderate,Very High,High,15.344737018795938,44.07
1447,2026-12-28 12:00:00,BLDG_A,4718.27,1612.47,1320.41,2192.87,9844.02,10820.02,9.02,1161.48,13.67,2858.44,53.29,72.4,6,79.4,50.6,2026,12,28,12,Monday,0,0,47.93031708590597,16.380198333607613,13.413320980656277,22.27616359983015,Within Budget,High,High,Very High,Fair,High,Moderate,Moderate,11.79883827948338,54.69
1448,2026-12-28 18:00:00,BLDG_C,6164.7,3371.32,1852.03,1480.89,12868.94,14854.44,13.37,1569.44,21.0,8669.83,53.03,61.91,15,62.45,59.86,2026,12,28,18,Monday,0,0,47.90371234926886,26.197340262678974,14.391472801955715,11.507474586096446,Within Budget,High,Very High,Very High,Fair,Moderate,Moderate,Very High,12.19556544672677,49.6
1449,2026-12-29 00:00:00,BLDG_B,5376.02,1041.26,489.76,574.1,7481.14,7484.41,0.04,1145.24,11.38,1550.52,62.3,75.36,4,65.25,69.14,2026,12,29,0,Tuesday,1,0,71.86097306025553,13.918466971611279,6.546595839671493,7.673964128461705,Within Budget,High,High,Very High,Good,Moderate,Moderate,Moderate,15.308362094547087,53.57
1450,2026-12-29 06:00:00,BLDG_A,4370.24,751.17,1486.13,1570.51,8178.05,9631.69,15.09,666.0,16.23,11661.24,60.26,97.39,15,80.46,84.34,2026,12,29,6,Tuesday,1,0,53.4386559143072,9.185196960155539,18.172180409755384,19.203966715781878,Within Budget,Moderate,Very High,Very High,Excellent,High,High,Very High,8.143750649604735,63.58
1451,2026-12-29 12:00:00,BLDG_A,2647.45,3231.58,1852.2,1909.59,9640.82,10161.43,5.12,569.24,21.6,11755.6,12.65,66.93,10,93.59,67.66,2026,12,29,12,Tuesday,1,0,27.460838393414665,33.51976284174998,19.212058725295154,19.807340039540204,Within Budget,Moderate,Very High,Low,Fair,Very High,Moderate,High,5.904477005068034,48.69
1452,2026-12-29 18:00:00,BLDG_C,3955.41,892.22,682.45,1178.33,6708.41,7604.57,11.78,400.9,18.94,1997.56,55.3,80.05,9,53.09,90.35,2026,12,29,18,Tuesday,1,0,58.961959689404786,13.300021912793047,10.173051438418344,17.564966959383817,Within Budget,Low,Very High,Very High,Good,Moderate,Very High,High,5.9760807702570355,51.84
1453,2026-12-30 00:00:00,BLDG_C,4436.11,3477.29,427.04,722.13,9062.57,10524.1,13.89,1267.79,15.86,1695.26,33.72,60.32,13,48.13,81.55,2026,12,30,0,Wednesday,2,0,48.94980121532854,38.369800178095176,4.712129120106107,7.968269486470174,Within Budget,High,Very High,High,Fair,Low,High,Very High,13.989298841277916,39.51
1454,2026-12-30 06:00:00,BLDG_A,5860.62,3363.91,962.88,1057.14,11244.55,11613.7,3.18,1373.15,17.25,5246.24,57.36,64.64,3,54.74,89.56,2026,12,30,6,Wednesday,2,0,52.11964907444051,29.915914820957706,8.563081670676016,9.40135443392577,Within Budget,High,Very High,Very High,Fair,Moderate,Very High,Low,12.211693664931014,48.5
1455,2026-12-30 12:00:00,BLDG_C,4062.27,1083.66,1458.66,2043.18,8647.77,9413.11,8.13,527.09,20.86,11582.36,13.09,82.31,13,81.75,78.04,2026,12,30,12,Wednesday,2,0,46.97476921796023,12.531091830610666,16.867469879518072,23.626669071911024,Within Budget,Moderate,Very High,Low,Good,High,High,Very High,6.095097348796279,49.5
1456,2026-12-30 18:00:00,BLDG_C,6019.07,2205.24,648.91,1202.49,10075.71,11070.86,8.99,521.52,21.28,5103.58,54.9,71.3,10,54.73,85.64,2026,12,30,18,Wednesday,2,0,59.738420419007696,21.886695825902095,6.440340184463428,11.934543570626786,Within Budget,Moderate,Very High,Very High,Fair,Moderate,Very High,High,5.17601241004356,50.55
1457,2026-12-31 00:00:00,BLDG_C,4969.44,1217.78,1167.02,2123.96,9478.2,10069.87,5.88,455.93,21.44,4683.72,17.1,94.42,4,74.22,83.21,2026,12,31,0,Thursday,3,0,52.43020826739253,12.848220126184295,12.312675402502583,22.408896203920577,Within Budget,Low,Very High,Moderate,Excellent,High,High,Moderate,4.810301534046549,51.8
1458,2026-12-31 06:00:00,BLDG_B,2443.9,1898.83,1394.18,1139.04,6875.95,7538.46,8.79,853.79,15.26,8591.23,27.03,75.43,4,74.52,53.2,2026,12,31,6,Thursday,3,0,35.542725005272004,27.615529490470408,20.276180018761046,16.56556548549655,Within Budget,Moderate,Very High,Moderate,Good,High,Moderate,Moderate,12.417047826118573,48.06
1459,2026-12-31 12:00:00,BLDG_B,6476.41,871.99,1477.99,827.11,9653.5,10266.59,5.97,289.78,10.92,2555.41,9.64,67.91,4,59.72,51.94,2026,12,31,12,Thursday,3,0,67.08872429688714,9.03288962552442,15.310405552390325,8.567980525198115,Within Budget,Low,High,Low,Fair,Moderate,Moderate,Moderate,3.001812814005283,37.05
1460,2026-12-31 18:00:00,BLDG_C,4277.99,1326.99,893.94,1371.7,7870.62,8438.48,6.73,257.75,6.4,4678.22,15.05,80.73,6,48.44,84.95,2026,12,31,18,Thursday,3,0,54.35391366880881,16.860044062602437,11.35793622357578,17.428106045012974,Within Budget,Low,Moderate,Moderate,Good,Low,High,Moderate,3.274837306336731,37.66
1461,2027-01-01 00:00:00,BLDG_C,3641.73,1717.16,1120.05,1404.55,7883.49,8938.82,11.81,697.16,10.94,3850.04,33.41,90.21,13,64.96,44.4,2027,1,1,0,Friday,4,0,46.19438852589399,21.78172357674076,14.207540061571716,17.81634783579354,Within Budget,Moderate,High,High,Excellent,Moderate,Low,Very High,8.843291486384837,49.88
1462,2027-01-01 06:00:00,BLDG_B,4897.83,1928.21,1801.01,532.22,9159.27,10318.09,11.23,1224.62,20.97,7417.65,54.65,60.74,11,54.34,61.25,2027,1,1,6,Friday,4,0,53.47402140126888,21.052005236225156,19.663248271969273,5.810725090536692,Within Budget,High,Very High,Very High,Fair,Moderate,Moderate,High,13.370279509174857,47.68
1463,2027-01-01 12:00:00,BLDG_B,2311.8,3436.99,2094.19,734.09,8577.07,8975.5,4.44,1151.52,20.02,2371.66,52.1,79.21,15,54.22,82.67,2027,1,1,12,Friday,4,0,26.95326026253721,40.0718427155194,24.416146772732414,8.558750249210977,Within Budget,High,Very High,Very High,Good,Moderate,High,Very High,13.425563741464162,51.39
1464,2027-01-01 18:00:00,BLDG_A,4791.73,2962.02,1951.38,869.85,10574.98,12473.15,15.22,999.52,13.43,6810.06,21.41,89.39,15,71.13,82.29,2027,1,1,18,Friday,4,0,45.31195330865874,28.009698363495723,18.45280085636096,8.22554747148458,Within Budget,Moderate,High,Moderate,Good,High,High,Very High,9.451743643959611,48.84
1465,2027-01-02 00:00:00,BLDG_A,4141.71,2764.75,1415.71,727.17,9049.34,10610.87,14.72,1209.54,13.67,10361.79,16.65,63.94,11,78.66,47.22,2027,1,2,0,Saturday,5,1,45.768089164513654,30.551951855052412,15.644345333471835,8.0356136469621,Within Budget,High,High,Moderate,Fair,High,Low,High,13.36605763514245,43.23
1466,2027-01-02 06:00:00,BLDG_B,3711.37,2203.72,1138.53,1183.05,8236.67,9075.3,9.24,890.91,9.56,6412.96,30.19,94.31,7,48.77,65.36,2027,1,2,6,Saturday,5,1,45.05910762480468,26.754987148932756,13.822697764994835,14.363207461267722,Within Budget,Moderate,Moderate,High,Excellent,Low,Moderate,Moderate,10.816385748123938,45.71
1467,2027-01-02 12:00:00,BLDG_C,6279.19,3051.99,999.32,2429.25,12759.75,13865.38,7.97,2252.6,12.18,8360.21,58.35,70.05,14,73.92,64.95,2027,1,2,12,Saturday,5,1,49.21091714179352,23.918885558102627,7.831814886655303,19.03838241344854,Within Budget,Very High,High,Very High,Fair,High,Moderate,Very High,17.653950900291935,53.62
1468,2027-01-02 18:00:00,BLDG_C,4255.94,1650.1,624.92,1518.45,8049.41,8656.1,7.01,437.64,16.86,1365.35,13.21,66.48,9,57.31,56.83,2027,1,2,18,Saturday,5,1,52.87269501739878,20.49963910398402,7.763550372014843,18.864115506602346,Within Budget,Low,Very High,Low,Fair,Moderate,Moderate,High,5.4369202214820715,38.47
1469,2027-01-03 00:00:00,BLDG_C,2829.85,2684.92,591.79,1755.11,7861.67,8973.73,12.39,944.19,11.24,5663.56,38.95,82.39,14,78.66,87.69,2027,1,3,0,Sunday,6,1,35.99553275576309,34.15203131141348,7.527535498182955,22.324900434640476,Within Budget,Moderate,High,High,Good,High,Very High,Very High,12.010043667566816,52.81
1470,2027-01-03 06:00:00,BLDG_C,3957.13,3482.6,1639.04,1212.77,10291.54,11674.04,11.84,1067.09,7.38,1591.27,13.06,66.65,11,85.51,73.96,2027,1,3,6,Sunday,6,1,38.45031938854632,33.839444825555745,15.926090750266722,11.784145035631207,Within Budget,High,Moderate,Low,Fair,Very High,High,High,10.368613443663435,43.15
1471,2027-01-03 12:00:00,BLDG_A,6121.12,1580.96,867.63,1146.98,9716.69,10097.94,3.78,574.94,13.74,7393.81,34.8,85.83,3,85.35,90.97,2027,1,3,12,Sunday,6,1,62.995937917130206,16.27056127137945,8.929275298481272,11.804225513009058,Within Budget,Moderate,High,High,Good,Very High,Very High,Low,5.917035533705408,54.93
1472,2027-01-03 18:00:00,BLDG_B,2627.65,2587.25,858.39,546.29,6619.58,7508.53,11.84,943.28,8.06,3732.13,15.23,78.62,8,63.49,43.47,2027,1,3,18,Sunday,6,1,39.69511660860659,39.08480598466972,12.96743902181105,8.252638384912638,Within Budget,Moderate,Moderate,Moderate,Good,Moderate,Low,High,14.249846667009086,41.35
1473,2027-01-04 00:00:00,BLDG_C,2805.6,3064.08,2196.75,1500.67,9567.1,10050.11,4.81,682.38,21.54,3803.56,12.58,64.18,8,73.36,60.51,2027,1,4,0,Monday,0,0,29.325500935497693,32.027260089264246,22.961503485904817,15.685735489333236,Within Budget,Moderate,Very High,Low,Fair,High,Moderate,High,7.1325689080285555,42.92
1474,2027-01-04 06:00:00,BLDG_A,1861.24,3264.26,738.27,1467.22,7330.99,7358.2,0.37,639.68,11.03,1382.82,18.88,94.67,1,84.68,83.43,2027,1,4,6,Monday,0,0,25.388658284897403,44.52686472086308,10.07053617587802,20.013940818361505,Within Budget,Moderate,High,Moderate,Excellent,High,High,Low,8.72569734783433,52.32
1475,2027-01-04 12:00:00,BLDG_C,1866.69,2710.21,666.51,815.66,6059.07,6906.38,12.27,522.44,20.37,4067.74,22.55,85.58,5,48.04,61.98,2027,1,4,12,Monday,0,0,30.808193336601164,44.72980176825816,11.000203001450718,13.461801893689957,Within Budget,Moderate,Very High,Moderate,Good,Low,Moderate,Moderate,8.622445358776183,44.14
1476,2027-01-04 18:00:00,BLDG_B,5698.14,1494.1,577.63,2028.65,9798.52,11062.12,11.42,652.88,8.06,6326.79,23.75,80.75,13,75.28,53.62,2027,1,4,18,Monday,0,0,58.153068014353195,15.248221159930273,5.895073949943461,20.703636875773075,Within Budget,Moderate,Moderate,Moderate,Good,High,Moderate,Very High,6.663047072415017,46.96
1477,2027-01-05 00:00:00,BLDG_A,5240.98,1613.59,1443.65,1485.35,9783.57,10587.41,7.59,925.58,7.41,7223.59,44.78,74.22,10,86.83,91.89,2027,1,5,0,Tuesday,1,0,53.56919815568345,16.492854857684875,14.75586110182684,15.182085884804831,Within Budget,Moderate,Moderate,High,Fair,Very High,Very High,High,9.460554787260683,53.31
1478,2027-01-05 06:00:00,BLDG_B,3468.69,758.12,1530.15,1177.99,6934.95,7664.07,9.51,700.44,15.1,1266.65,11.13,65.12,5,63.62,85.4,2027,1,5,6,Tuesday,1,0,50.01751995328013,10.931874058212388,22.064326346981595,16.986279641525893,Within Budget,Moderate,Very High,Low,Fair,Moderate,Very High,Moderate,10.100144918132072,38.74
1479,2027-01-05 12:00:00,BLDG_B,5082.06,2830.48,1057.41,793.82,9763.77,11613.36,15.93,1382.87,18.03,7991.78,12.61,86.89,12,67.77,68.42,2027,1,5,12,Tuesday,1,0,52.05018143606415,28.98962183664711,10.829935567920998,8.130261159367743,Within Budget,High,Very High,Low,Good,Moderate,Moderate,High,14.163279143199809,46.32
1480,2027-01-05 18:00:00,BLDG_A,3657.47,819.67,1363.74,1604.32,7445.2,8331.48,10.64,1077.77,14.2,6122.07,18.76,90.92,8,79.94,69.21,2027,1,5,18,Tuesday,1,0,49.12520818782571,11.009375167893408,18.317036479879654,21.548380164401223,Within Budget,High,High,Moderate,Excellent,High,Moderate,High,14.476038252834043,50.96
1481,2027-01-06 00:00:00,BLDG_A,6278.61,3121.03,1819.12,2005.63,13224.39,14964.41,11.63,711.25,8.14,6674.44,57.71,64.78,8,48.39,40.36,2027,1,6,0,Wednesday,2,0,47.47750179781449,23.600559269652514,13.755795163330783,15.166143769202211,Within Budget,Moderate,Moderate,Very High,Fair,Low,Low,High,5.378319907383252,44.76
1482,2027-01-06 06:00:00,BLDG_A,6345.15,1032.25,1872.59,1064.0,10313.99,10445.83,1.26,1226.5,4.68,10077.16,43.83,78.79,12,64.28,91.01,2027,1,6,6,Wednesday,2,0,61.51983858817005,10.008250929077883,18.155825243189106,10.316085239562963,Within Budget,High,Low,High,Good,Moderate,Very High,High,11.891615175116517,47.9
1483,2027-01-06 12:00:00,BLDG_A,3646.13,1181.25,2124.24,937.59,7889.21,8151.12,3.21,1297.22,15.13,4435.6,49.63,78.42,2,59.79,81.93,2027,1,6,12,Wednesday,2,0,46.21666808210201,14.972982085658767,26.92588991800193,11.884459914237294,Within Budget,High,Very High,High,Good,Moderate,High,Low,16.442964504684245,50.74
1484,2027-01-06 18:00:00,BLDG_A,5814.84,2034.27,1883.68,1543.87,11276.66,11955.41,5.68,522.31,6.36,2501.59,29.11,73.3,3,45.85,41.91,2027,1,6,18,Wednesday,2,0,51.5652684394138,18.039650038220536,16.70423689283884,13.690844629526827,Within Budget,Moderate,Moderate,Moderate,Fair,Low,Low,Low,4.6317792679747365,38.66
1485,2027-01-07 00:00:00,BLDG_A,5433.52,2766.07,1416.71,810.69,10426.99,11551.81,9.74,1052.47,10.18,6845.82,20.15,89.99,2,54.8,49.17,2027,1,7,0,Thursday,3,0,52.1101487581747,26.527981709007108,13.586950788290771,7.774918744527424,Within Budget,High,High,Moderate,Good,Moderate,Low,Low,10.09370873089933,43.78
1486,2027-01-07 06:00:00,BLDG_A,3257.0,1089.21,723.38,1833.23,6902.82,7974.95,13.44,984.02,16.16,11367.75,10.16,63.78,1,64.79,82.69,2027,1,7,6,Thursday,3,0,47.18361481249692,15.779203282136866,10.479485195905442,26.55769670946077,Within Budget,Moderate,Very High,Low,Fair,Moderate,High,Low,14.2553333275386,38.72
1487,2027-01-07 12:00:00,BLDG_C,2890.59,1932.2,579.57,1710.69,7113.05,7570.05,6.04,865.83,5.76,6455.5,35.85,67.79,2,54.87,44.52,2027,1,7,12,Thursday,3,0,40.637841713470316,27.16415602308433,8.147981526911803,24.050020736533554,Within Budget,Moderate,Moderate,High,Fair,Moderate,Low,Low,12.172415489839098,41.07
1488,2027-01-07 18:00:00,BLDG_B,3953.7,2051.98,498.12,674.16,7177.96,7689.58,6.65,323.64,6.29,10066.99,40.73,60.06,10,75.12,88.97,2027,1,7,18,Thursday,3,0,55.08110939598437,28.58723091240408,6.939576146983266,9.392083544628278,Within Budget,Low,Moderate,High,Fair,High,Very High,High,4.508801943727744,45.55
1489,2027-01-08 00:00:00,BLDG_A,5472.34,1294.4,1599.75,573.04,8939.53,9397.5,4.87,800.01,5.11,9205.87,59.13,74.17,6,67.43,91.99,2027,1,8,0,Friday,4,0,61.21507506546765,14.4795084305327,17.8952361030166,6.410180400983048,Within Budget,Moderate,Moderate,Very High,Fair,Moderate,Very High,Moderate,8.949128198014884,51.46
1490,2027-01-08 06:00:00,BLDG_C,6312.79,1023.56,1853.57,1740.58,10930.5,11487.1,4.85,1159.57,21.93,6460.8,58.28,71.06,12,46.97,86.09,2027,1,8,6,Friday,4,0,57.75389963862586,9.364255980970677,16.957778692649008,15.92406568775445,Within Budget,High,Very High,Very High,Fair,Low,Very High,High,10.60857234344266,49.56
1491,2027-01-08 12:00:00,BLDG_C,5388.82,3041.98,1315.63,1088.59,10835.02,12891.21,15.95,1943.55,10.97,7946.88,32.21,92.95,1,58.75,78.42,2027,1,8,12,Friday,4,0,49.735210456464316,28.075444253910003,12.142386446910113,10.046958842715565,Within Budget,High,High,High,Excellent,Moderate,High,Low,17.937668781414338,48.72
1492,2027-01-08 18:00:00,BLDG_C,5819.47,2106.9,498.49,672.89,9097.75,10254.0,11.28,516.67,20.3,5176.82,32.14,88.34,6,45.97,65.34,2027,1,8,18,Friday,4,0,63.96603555824243,23.158473248880217,5.4792668516941,7.3962243411832596,Within Budget,Moderate,Very High,High,Good,Low,Moderate,Moderate,5.679096479898876,46.69
1493,2027-01-09 00:00:00,BLDG_B,4634.4,740.27,1363.85,2018.86,8757.38,9030.44,3.02,1553.24,9.28,6602.23,17.18,63.21,1,62.91,44.29,2027,1,9,0,Saturday,5,1,52.91993724150373,8.453098986226475,15.573721820909908,23.053241951359883,Within Budget,High,Moderate,Moderate,Fair,Moderate,Low,Low,17.73635493720725,38.14
1494,2027-01-09 06:00:00,BLDG_A,5726.42,2948.35,2084.35,1128.09,11887.21,13604.31,12.62,1027.32,17.56,6333.79,22.67,88.16,2,57.96,77.98,2027,1,9,6,Saturday,5,1,48.17295227391457,24.802708120744903,17.53439200619826,9.489947599142273,Within Budget,High,Very High,Moderate,Good,Moderate,High,Low,8.642229757865808,46.59
1495,2027-01-09 12:00:00,BLDG_C,5486.78,3446.22,1475.7,1419.2,11827.9,13535.9,12.62,710.24,7.94,8654.77,60.76,85.67,8,79.41,60.64,2027,1,9,12,Saturday,5,1,46.38845441709856,29.13636402066301,12.4764328409946,11.998748721243839,Within Budget,Moderate,Moderate,Very High,Good,High,Moderate,High,6.004785295783698,58.44
1496,2027-01-09 18:00:00,BLDG_B,3571.83,2396.59,1856.97,973.63,8799.02,9971.88,11.76,810.53,12.97,5214.79,16.04,70.71,14,60.37,69.65,2027,1,9,18,Saturday,5,1,40.5934979122675,27.237010485258583,21.104282067775728,11.06520953469818,Within Budget,Moderate,High,Moderate,Fair,Moderate,Moderate,Very High,9.211594018424778,40.02
1497,2027-01-10 00:00:00,BLDG_B,4394.35,2110.38,1840.27,1754.63,10099.63,10371.76,2.62,1233.16,18.84,1647.32,63.22,60.59,6,63.76,55.26,2027,1,10,0,Sunday,6,1,43.51000977263524,20.89561696814636,18.221162557440223,17.373210701778184,Within Budget,High,Very High,Very High,Fair,Moderate,Moderate,Moderate,12.209952245775343,51.6
1498,2027-01-10 06:00:00,BLDG_B,5582.34,3159.56,2077.83,1102.98,11922.71,12895.58,7.54,739.5,18.69,9570.16,36.77,64.38,9,81.27,52.59,2027,1,10,6,Sunday,6,1,46.821066687019986,26.500351010802074,17.42749760750702,9.251084694670928,Within Budget,Moderate,Very High,High,Fair,High,Moderate,High,6.202448939880279,50.28
1499,2027-01-10 12:00:00,BLDG_C,2016.47,3367.05,1786.41,2436.04,9605.97,9811.07,2.09,708.11,18.3,8375.81,34.03,69.5,1,69.05,56.86,2027,1,10,12,Sunday,6,1,20.9918415318807,35.051639761523305,18.596872569870616,25.359646136725395,Within Budget,Moderate,Very High,High,Fair,Moderate,Moderate,Low,7.371561643436323,47.72
1500,2027-01-10 18:00:00,BLDG_A,5597.97,2812.7,1745.86,1905.9,12062.43,14032.52,14.04,1908.06,18.83,11426.42,17.95,91.03,5,72.82,82.32,2027,1,10,18,Sunday,6,1,46.40831076325417,23.317855523306662,14.473534768699176,15.80029894473999,Within Budget,High,Very High,Moderate,Excellent,High,High,Moderate,15.818205784406626,50.16
1501,2027-01-11 00:00:00,BLDG_C,2636.07,1947.27,821.38,773.44,6178.16,6987.71,11.59,1111.15,7.81,5430.24,45.71,77.68,7,87.07,62.18,2027,1,11,0,Monday,0,0,42.66755797842724,31.518607481839254,13.294896862496278,12.518937677237238,Within Budget,High,Moderate,High,Good,Very High,Moderate,Moderate,17.985128258251653,54.57
1502,2027-01-11 06:00:00,BLDG_C,4219.01,2358.22,507.87,1333.39,8418.49,9272.47,9.21,654.33,12.68,1399.37,34.21,94.9,9,55.34,56.21,2027,1,11,6,Monday,0,0,50.115994673629125,28.012387019524876,6.0327921040471635,15.838826202798842,Within Budget,Moderate,High,High,Excellent,Moderate,Moderate,High,7.772534029261781,49.28
1503,2027-01-11 12:00:00,BLDG_A,5598.89,2662.62,1331.68,1270.84,10864.03,11609.34,6.42,568.5,12.73,1898.62,29.13,89.99,14,94.46,62.51,2027,1,11,12,Monday,0,0,51.53603220904214,24.508584751698955,12.25769811018563,11.69768492907328,Within Budget,Moderate,High,Moderate,Good,Very High,Moderate,Very High,5.232864784062636,56.58
1504,2027-01-11 18:00:00,BLDG_A,2992.96,1243.97,623.98,1568.49,6429.4,6666.32,3.55,957.82,20.03,9393.17,23.08,70.91,11,90.01,41.68,2027,1,11,18,Monday,0,0,46.55115562883007,19.348150682800885,9.705104675397394,24.395589012971662,Within Budget,Moderate,Very High,Moderate,Fair,Very High,Low,High,14.89750209972937,51.01
1505,2027-01-12 00:00:00,BLDG_A,2955.29,1952.16,2131.95,2183.86,9223.26,9419.62,2.08,1107.42,9.34,1279.21,11.79,92.12,9,59.33,86.31,2027,1,12,0,Tuesday,1,0,32.04170759579584,21.165618230430454,23.114928994737216,23.67774517903648,Within Budget,High,Moderate,Low,Excellent,Moderate,Very High,High,12.00681754607373,43.14
1506,2027-01-12 06:00:00,BLDG_B,3692.99,3023.5,921.86,1666.84,9305.19,11108.98,16.24,419.29,20.77,10940.0,37.6,64.44,4,89.65,68.69,2027,1,12,6,Tuesday,1,0,39.68742175065743,32.49261971007577,9.906944404144353,17.91301413512244,Within Budget,Low,Very High,High,Fair,Very High,Moderate,Moderate,4.505979996109698,53.12
1507,2027-01-12 12:00:00,BLDG_A,6004.82,2533.23,1935.3,623.11,11096.46,11539.54,3.84,1908.77,12.11,3738.98,25.84,61.37,13,82.7,45.45,2027,1,12,12,Tuesday,1,0,54.114735690481474,22.829172546920372,17.44069730346435,5.615394459133814,Within Budget,High,High,Moderate,Fair,High,Low,Very High,17.201612045643387,45.5
1508,2027-01-12 18:00:00,BLDG_C,1802.08,1851.37,1097.72,1810.83,6562.0,6640.58,1.18,273.68,16.06,10837.11,48.35,83.12,4,91.54,55.0,2027,1,12,18,Tuesday,1,0,27.462359036878997,28.213501981103324,16.72843645230113,27.595702529716547,Within Budget,Low,Very High,High,Good,Very High,Moderate,Moderate,4.1706796708320635,59.77
1509,2027-01-13 00:00:00,BLDG_A,6036.5,2557.42,981.75,516.53,10092.2,12033.27,16.13,1249.45,8.84,9395.33,49.24,72.99,15,79.56,91.14,2027,1,13,0,Wednesday,2,0,59.813519351578435,25.340560036463806,9.72780959552922,5.118111016428529,Within Budget,High,Moderate,High,Fair,High,Very High,Very High,12.380353144012208,52.66
1510,2027-01-13 06:00:00,BLDG_C,2522.89,1031.02,2083.29,2059.92,7697.12,8542.19,9.89,720.38,11.39,10518.81,26.93,72.52,4,78.72,70.84,2027,1,13,6,Wednesday,2,0,32.77706466834348,13.394880162970047,27.06583761198994,26.762217556696534,Within Budget,Moderate,High,Moderate,Fair,High,High,Moderate,9.359084956451245,47.39
1511,2027-01-13 12:00:00,BLDG_B,6453.41,1824.19,1053.98,1833.27,11164.85,12943.76,13.74,1267.14,16.78,2961.46,46.14,86.11,3,45.17,55.15,2027,1,13,12,Wednesday,2,0,57.80113481148425,16.33868793579851,9.440162653327183,16.420014599390047,Within Budget,High,Very High,High,Good,Low,Moderate,Low,11.34936877790566,48.55
1512,2027-01-13 18:00:00,BLDG_C,6287.78,2920.76,1102.52,1117.57,11428.63,11528.67,0.87,708.37,13.23,7350.48,22.74,92.3,8,68.73,62.17,2027,1,13,18,Wednesday,2,0,55.017793033810705,25.556519022840014,9.647000559122135,9.778687384227155,Within Budget,Moderate,High,Moderate,Excellent,Moderate,Moderate,High,6.198205734195613,49.25
1513,2027-01-14 00:00:00,BLDG_C,4124.97,1317.42,590.97,1084.88,7118.24,7925.37,10.18,948.27,20.75,1576.28,49.45,72.24,5,55.01,53.44,2027,1,14,0,Thursday,3,0,57.94929645530357,18.50766481602194,8.302192676841468,15.24084605183304,Within Budget,Moderate,Very High,High,Fair,Moderate,Moderate,Moderate,13.321691878891412,49.36
1514,2027-01-14 06:00:00,BLDG_A,4209.79,1220.69,1606.8,2096.55,9133.83,9861.27,7.38,1588.9,17.27,2826.23,8.92,72.35,7,61.2,41.65,2027,1,14,6,Thursday,3,0,46.09008488224545,13.364492222868174,17.591744098587338,22.953678796299034,Within Budget,High,Very High,Low,Fair,Moderate,Low,Moderate,17.39576935414826,39.94
1515,2027-01-14 12:00:00,BLDG_A,4063.28,3362.29,919.91,2066.67,10412.15,12019.71,13.37,1028.34,14.16,4063.88,16.64,80.29,10,93.94,83.79,2027,1,14,12,Thursday,3,0,39.024408983735356,32.29198580504507,8.834966841622528,19.848638369597058,Within Budget,High,High,Moderate,Good,Very High,High,High,9.876346383792011,51.26
1516,2027-01-14 18:00:00,BLDG_C,4786.59,1287.71,1454.09,1204.6,8732.99,8800.1,0.76,947.04,19.96,9019.34,21.97,84.82,6,49.28,55.21,2027,1,14,18,Thursday,3,0,54.81043720421071,14.745350675999857,16.650540078484,13.793672041305442,Within Budget,Moderate,Very High,Moderate,Good,Low,Moderate,Moderate,10.844395791132246,44.01
1517,2027-01-15 00:00:00,BLDG_A,2226.39,1430.57,1464.43,1097.9,6219.29,6718.94,7.44,410.3,15.98,784.22,52.06,67.71,14,81.12,83.6,2027,1,15,0,Friday,4,0,35.79813772954791,23.002143331473526,23.54657846796017,17.653140471018396,Within Budget,Low,Very High,Very High,Fair,High,High,Very High,6.597216080935284,54.22
1518,2027-01-15 06:00:00,BLDG_B,1953.3,3414.92,1694.56,1619.65,8682.43,10070.01,13.78,1422.01,15.65,10885.85,11.78,94.68,9,53.65,64.88,2027,1,15,6,Friday,4,0,22.497158053678522,39.33138533797566,19.517116751877065,18.654339856468756,Within Budget,High,Very High,Low,Excellent,Moderate,Moderate,High,16.378018596176418,43.94
1519,2027-01-15 12:00:00,BLDG_B,2071.2,2757.18,1741.43,516.73,7086.54,7827.36,9.46,1244.94,8.43,1314.24,18.72,84.87,14,45.37,49.51,2027,1,15,12,Friday,4,0,29.227239245104098,38.907280562869886,24.573769427675565,7.291710764350445,Within Budget,High,Moderate,Moderate,Good,Low,Low,Very High,17.567670541618334,39.35
1520,2027-01-15 18:00:00,BLDG_A,3888.52,2658.87,1326.01,665.33,8538.73,9478.06,9.91,1263.26,11.11,4829.64,28.44,83.76,3,70.07,81.7,2027,1,15,18,Friday,4,0,45.53979338847815,31.13893986576458,15.529358581428387,7.7919081643288886,Within Budget,High,High,Moderate,Good,High,High,Low,14.794471777418892,48.34
1521,2027-01-16 00:00:00,BLDG_B,3095.08,3088.19,995.79,752.34,7931.4,8085.53,1.91,883.69,16.3,1432.53,8.52,94.36,6,53.06,59.61,2027,1,16,0,Saturday,5,1,39.02312328214439,38.936253372670656,12.555034420152811,9.48558892503215,Within Budget,Moderate,Very High,Low,Excellent,Moderate,Moderate,Moderate,11.141664775449481,43.06
1522,2027-01-16 06:00:00,BLDG_A,4723.59,1024.3,1907.41,870.82,8526.12,8751.77,2.58,1479.45,20.05,9343.13,51.44,94.48,3,93.27,76.8,2027,1,16,6,Saturday,5,1,55.40140180996749,12.013670931209036,22.371371737672,10.213555521151472,Within Budget,High,Very High,Very High,Excellent,Very High,High,Low,17.351972526776542,64.81
1523,2027-01-16 12:00:00,BLDG_C,6464.48,2676.68,957.76,1524.04,11622.96,13196.71,11.93,616.92,9.68,2125.12,39.93,65.15,2,55.18,83.54,2027,1,16,12,Saturday,5,1,55.6181902028399,23.029245562231996,8.24024172844095,13.112322506487162,Within Budget,Moderate,Moderate,High,Fair,Moderate,High,Low,5.3077701377273945,42.48
1524,2027-01-16 18:00:00,BLDG_C,3615.72,2110.33,1313.52,2484.48,9524.05,10809.89,11.9,969.3,7.88,10674.7,59.34,65.51,3,54.6,90.08,2027,1,16,18,Saturday,5,1,37.96410140643949,22.1579055128858,13.791611761803017,26.086381318871698,Within Budget,Moderate,Moderate,Very High,Fair,Moderate,Very High,Low,10.177393020826225,46.83
1525,2027-01-17 00:00:00,BLDG_B,4497.05,3021.62,1122.25,1805.23,10446.15,12491.72,16.38,1155.77,14.69,6597.55,9.77,88.95,2,46.61,44.46,2027,1,17,0,Sunday,6,1,43.04983175619726,28.925680753196154,10.743192468038465,17.281295022568123,Within Budget,High,High,Low,Good,Low,Low,Low,11.064076238614225,40.0
1526,2027-01-17 06:00:00,BLDG_A,3753.34,2122.8,1939.14,622.6,8437.88,9639.35,12.46,875.75,5.21,11407.44,23.47,96.36,2,61.49,40.44,2027,1,17,6,Sunday,6,1,44.482026290964086,25.157978070320986,22.981364987413905,7.378630651301038,Within Budget,Moderate,Moderate,Moderate,Excellent,Moderate,Low,Low,10.378791829227248,46.63
1527,2027-01-17 12:00:00,BLDG_A,5782.18,2436.68,1177.45,1551.16,10947.47,12027.42,8.98,1646.09,16.86,3839.15,49.68,85.33,10,46.21,68.52,2027,1,17,12,Sunday,6,1,52.81750029915588,22.25792808749419,10.755453086420882,14.169118526929056,Within Budget,High,Very High,High,Good,Low,Moderate,High,15.036259519322728,49.52
1528,2027-01-17 18:00:00,BLDG_B,6040.51,2037.68,1094.98,1493.29,10666.46,12495.39,14.64,1392.62,16.66,5724.64,46.48,75.63,11,69.94,53.74,2027,1,17,18,Sunday,6,1,56.63087847327043,19.103620132640074,10.265636396705187,13.999864997384325,Within Budget,High,Very High,High,Good,Moderate,Moderate,High,13.056065461268313,52.18
1529,2027-01-18 00:00:00,BLDG_C,5923.57,2038.84,1641.68,788.34,10392.43,10609.58,2.05,509.22,10.39,8483.84,21.85,85.97,7,70.28,64.39,2027,1,18,0,Monday,0,0,56.99889246307167,19.61851078140531,15.796882923435614,7.585713832087395,Within Budget,Moderate,High,Moderate,Good,High,Moderate,Moderate,4.899912724935362,47.12
1530,2027-01-18 06:00:00,BLDG_B,6379.55,2850.32,1484.39,2340.54,13054.8,14227.89,8.25,1070.07,20.07,10067.0,41.95,68.69,10,47.66,43.78,2027,1,18,6,Monday,0,0,48.86746637252199,21.8335018537243,11.37045377945277,17.928577994300948,Within Budget,High,Very High,High,Fair,Low,Low,High,8.196755216472102,44.59
1531,2027-01-18 12:00:00,BLDG_C,1929.34,2459.99,593.04,1381.53,6363.9,6729.33,5.43,514.59,13.04,5345.61,53.24,97.92,15,57.0,66.08,2027,1,18,12,Monday,0,0,30.316944012319492,38.6553842769371,9.31881393485127,21.70885777589214,Within Budget,Moderate,High,Very High,Excellent,Moderate,Moderate,Very High,8.086079291000804,55.3
1532,2027-01-18 18:00:00,BLDG_A,5747.14,2473.14,1314.7,2489.12,12024.1,12275.74,2.05,1380.91,15.62,10762.97,9.9,76.38,3,86.61,46.49,2027,1,18,18,Monday,0,0,47.79684134363487,20.568192213970274,10.93387446877521,20.701091973619647,Within Budget,High,Very High,Low,Good,Very High,Low,Low,11.48451859182808,47.13
1533,2027-01-19 00:00:00,BLDG_C,5333.33,1960.79,1723.86,1340.14,10358.12,11939.81,13.25,763.59,7.77,1856.85,48.9,95.4,8,68.13,83.61,2027,1,19,0,Tuesday,1,0,51.48936293458658,18.929979571582486,16.642595374450188,12.938062119380737,Within Budget,Moderate,Moderate,High,Excellent,Moderate,High,High,7.371897603039934,55.05
1534,2027-01-19 06:00:00,BLDG_B,2874.86,2187.11,2185.73,1715.92,8963.62,9879.33,9.27,426.59,11.51,8649.87,22.37,76.37,13,66.73,79.49,2027,1,19,6,Tuesday,1,0,32.072533195293865,24.39985184557132,24.38445627994047,19.143158679194343,Within Budget,Low,High,Moderate,Good,Moderate,High,Very High,4.75912633511907,44.24
1535,2027-01-19 12:00:00,BLDG_A,6294.7,2788.01,1532.46,709.53,11324.7,12585.75,10.02,1450.16,19.52,4504.29,62.03,95.27,2,79.94,43.85,2027,1,19,12,Tuesday,1,0,55.58381237472074,24.618842000229588,13.532014093088558,6.2653315319611105,Within Budget,High,Very High,Very High,Excellent,High,Low,Low,12.80528402518389,64.19
1536,2027-01-19 18:00:00,BLDG_B,2496.44,3012.63,1066.53,1408.46,7984.06,8640.76,7.6,1258.73,7.83,1665.36,38.68,72.76,11,80.74,83.49,2027,1,19,18,Tuesday,1,0,31.267801093679154,37.73305811830072,13.358241295781845,17.640899492238287,Within Budget,High,Moderate,High,Fair,High,High,High,15.765537834134513,50.0
1537,2027-01-20 00:00:00,BLDG_B,4993.88,2650.37,807.07,977.53,9428.85,10296.94,8.43,1600.46,11.03,4946.64,9.9,88.9,11,83.1,56.9,2027,1,20,0,Wednesday,2,0,52.96382909898875,28.109154350742667,8.559580436638614,10.367436113629976,Within Budget,High,High,Low,Good,High,Moderate,High,16.97407425083653,48.23
1538,2027-01-20 06:00:00,BLDG_C,2856.98,3287.4,1971.09,2171.13,10286.6,10525.28,2.27,1809.28,9.73,10622.48,31.0,96.14,7,86.52,58.35,2027,1,20,6,Wednesday,2,0,27.77380281142457,31.95808138743608,19.161724962572666,21.10639083856668,Within Budget,High,Moderate,High,Excellent,Very High,Moderate,Moderate,17.588707639064413,55.85
1539,2027-01-20 12:00:00,BLDG_B,3827.49,2996.91,1866.22,2067.84,10758.46,12206.37,11.86,1583.3,6.72,11776.14,63.08,84.55,3,56.61,49.35,2027,1,20,12,Wednesday,2,0,35.576560214008325,27.856310289762664,17.346534727089193,19.220594769139822,Within Budget,High,Moderate,Very High,Good,Moderate,Low,Low,14.716790321291336,52.74
1540,2027-01-20 18:00:00,BLDG_C,5180.05,2273.22,821.06,2148.36,10422.69,11324.14,7.96,531.09,9.21,5017.2,49.63,85.75,9,48.32,83.44,2027,1,20,18,Wednesday,2,0,49.69974162140483,21.810300411889827,7.877620844522862,20.61233712218247,Within Budget,Moderate,Moderate,High,Good,Low,High,High,5.095517567921525,48.23
1541,2027-01-21 00:00:00,BLDG_A,4447.63,2579.94,761.14,1947.22,9735.93,11326.33,14.04,1537.95,8.19,10693.79,25.13,63.91,7,64.01,61.04,2027,1,21,0,Thursday,3,0,45.68264151447268,26.499163408118175,7.817845855506356,20.000349221902784,Within Budget,High,Moderate,Moderate,Fair,Moderate,Moderate,Moderate,15.796641923267732,40.31
1542,2027-01-21 06:00:00,BLDG_C,3809.26,3293.66,1687.25,2165.37,10955.54,11385.63,3.78,985.93,20.62,6361.03,40.79,78.02,15,87.75,42.54,2027,1,21,6,Thursday,3,0,34.77017107326522,30.06387635844513,15.400883936346357,19.76506863194329,Within Budget,Moderate,Very High,High,Good,Very High,Low,Very High,8.999373832782318,56.8
1543,2027-01-21 12:00:00,BLDG_A,3333.79,2433.67,966.91,901.66,7636.03,7949.19,3.94,1065.12,17.34,8745.67,42.15,93.7,9,48.9,90.24,2027,1,21,12,Thursday,3,0,43.6586812780987,31.870880549185905,12.66246989600617,11.807968276709232,Within Budget,High,Very High,High,Excellent,Low,Very High,High,13.948609421387815,50.52
1544,2027-01-21 18:00:00,BLDG_C,5746.4,3009.46,951.52,1404.09,11111.47,12546.54,11.44,1218.82,9.69,1021.77,9.33,69.15,2,73.8,53.31,2027,1,21,18,Thursday,3,0,51.71592957547472,27.084265178234745,8.563403402070113,12.636401844220432,Within Budget,High,Moderate,Low,Fair,High,Moderate,Low,10.969025700469876,40.49
1545,2027-01-22 00:00:00,BLDG_B,2475.93,2628.67,674.12,1883.69,7662.41,8958.9,14.47,1182.24,17.74,6909.09,18.19,89.96,6,80.05,88.68,2027,1,22,0,Friday,4,0,32.31267969215951,34.3060473140957,8.797754231371071,24.583518762373718,Within Budget,High,Very High,Moderate,Good,High,Very High,Moderate,15.429088237251726,51.48
1546,2027-01-22 06:00:00,BLDG_C,3821.48,2245.42,875.16,1774.78,8716.84,9540.05,8.63,817.87,4.4,1306.86,39.45,85.68,5,69.07,55.66,2027,1,22,6,Friday,4,0,43.84019897118681,25.75956424575879,10.039876836101156,20.360359946953253,Within Budget,Moderate,Low,High,Good,Moderate,Moderate,Moderate,9.382643251453509,49.65
1547,2027-01-22 12:00:00,BLDG_C,6047.66,1377.15,1169.51,1932.71,10527.03,12057.56,12.69,413.39,13.48,3589.11,30.96,68.47,14,57.76,83.23,2027,1,22,12,Friday,4,0,57.44887209402842,13.082037383763511,11.109591214236113,18.35949930797195,Within Budget,Low,High,High,Fair,Moderate,High,Very High,3.9269385572188926,42.67
1548,2027-01-22 18:00:00,BLDG_A,5775.49,1892.79,1719.11,948.52,10335.91,12401.71,16.66,1173.37,8.51,7018.36,18.83,70.75,2,61.32,74.54,2027,1,22,18,Friday,4,0,55.87790528361799,18.312756206275015,16.63240101742372,9.176937492683276,Within Budget,High,Moderate,Moderate,Fair,Moderate,High,Low,11.352362781796668,39.85
1549,2027-01-23 00:00:00,BLDG_B,3684.43,3409.68,1005.35,696.87,8796.33,10538.47,16.53,489.9,6.06,9782.38,52.04,76.25,4,48.58,84.79,2027,1,23,0,Saturday,5,1,41.88599108946572,38.762529373045346,11.429198313387515,7.9222812241014156,Within Budget,Low,Moderate,Very High,Good,Low,High,Moderate,5.569368134210517,45.73
1550,2027-01-23 06:00:00,BLDG_C,5386.61,2541.74,991.49,2333.61,11253.45,12928.72,12.96,1967.41,19.91,6950.28,35.87,64.75,4,59.63,90.76,2027,1,23,6,Saturday,5,1,47.8662987794854,22.586317973599204,8.810542544730726,20.736840702184665,Within Budget,High,Very High,High,Fair,Moderate,Very High,Moderate,17.48272751911636,45.04
1551,2027-01-23 12:00:00,BLDG_B,5668.86,2280.31,912.84,1620.34,10482.35,12032.87,12.89,1143.04,7.59,11266.2,25.67,94.71,8,47.22,85.32,2027,1,23,12,Saturday,5,1,54.08004884400921,21.753805205893713,8.708352611771215,15.457793338325851,Within Budget,High,Moderate,Moderate,Excellent,Low,Very High,High,10.90442505735832,43.8
1552,2027-01-23 18:00:00,BLDG_C,5977.77,3312.28,1260.91,807.65,11358.61,11921.13,4.72,1283.91,18.8,9818.82,17.22,88.1,13,81.32,60.99,2027,1,23,18,Saturday,5,1,52.62765426403407,29.16096247692279,11.100918158119699,7.11046510092344,Within Budget,High,Very High,Moderate,Good,High,Moderate,Very High,11.303407723304172,51.36
1553,2027-01-24 00:00:00,BLDG_C,4359.18,2342.23,725.15,2086.87,9513.43,11099.39,14.29,1580.08,11.44,2296.76,42.84,73.87,7,89.9,82.35,2027,1,24,0,Sunday,6,1,45.8213283747292,24.62024737660339,7.622382253298757,21.93604199536865,Within Budget,High,High,High,Fair,Very High,High,Moderate,16.60894125462635,54.51
1554,2027-01-24 06:00:00,BLDG_B,2760.97,2173.03,1274.14,2329.86,8538.0,9229.75,7.49,1056.05,4.26,4973.02,45.98,71.39,13,76.68,77.01,2027,1,24,6,Sunday,6,1,32.337432654017334,25.451276645584446,14.923167018037011,27.28812368236121,Within Budget,High,Low,High,Fair,High,High,Very High,12.36882173811197,49.58
1555,2027-01-24 12:00:00,BLDG_C,2999.95,2826.07,1667.52,839.13,8332.67,9935.87,16.14,628.36,17.19,8187.58,46.17,86.2,5,77.84,43.2,2027,1,24,12,Sunday,6,1,36.00226578035611,33.91553967695829,20.011832941902174,10.070361600783423,Within Budget,Moderate,Very High,High,Good,High,Low,Moderate,7.540920257252477,56.85
1556,2027-01-24 18:00:00,BLDG_B,3189.76,2695.46,453.62,2134.82,8473.66,8611.66,1.6,630.56,14.73,11291.67,20.56,76.12,9,68.61,88.35,2027,1,24,18,Sunday,6,1,37.64323798689115,31.809867282850625,5.353294798233585,25.19359993202465,Within Budget,Moderate,High,Moderate,Good,Moderate,Very High,High,7.4414125655265835,45.0
1557,2027-01-25 00:00:00,BLDG_C,4590.87,1240.85,417.6,2366.45,8615.77,9366.79,8.02,906.7,10.2,11858.73,41.93,68.71,1,52.8,64.23,2027,1,25,0,Monday,0,0,53.28450039868752,14.40207897843141,4.8469260437546495,27.46649457912641,Within Budget,Moderate,High,High,Fair,Moderate,Moderate,Low,10.523725679770932,43.41
1558,2027-01-25 06:00:00,BLDG_A,1954.21,2019.66,535.22,2376.72,6885.81,7651.29,10.0,1101.67,9.07,9276.64,59.61,76.35,4,45.39,46.99,2027,1,25,6,Monday,0,0,28.38024865629461,29.330754116073486,7.772796519218509,34.516200708413386,Within Budget,High,Moderate,Very High,Good,Low,Low,Moderate,15.999134451865505,47.6
1559,2027-01-25 12:00:00,BLDG_B,4789.4,2023.04,1364.19,2328.31,10504.94,11356.17,7.5,1567.44,5.33,7098.35,28.13,93.11,5,62.2,62.12,2027,1,25,12,Monday,0,0,45.59188343769692,19.257987194596065,12.986176027659369,22.16395334004763,Within Budget,High,Moderate,Moderate,Excellent,Moderate,Moderate,Moderate,14.92098003415536,47.19
1560,2027-01-25 18:00:00,BLDG_C,3512.46,1759.03,1938.02,1592.84,8802.35,9173.07,4.04,1535.23,20.95,9201.01,20.01,62.61,8,82.57,71.36,2027,1,25,18,Monday,0,0,39.90366209023726,19.98364073230444,22.01707498565724,18.09562219180105,Within Budget,High,Very High,Moderate,Fair,High,High,High,17.441137877953047,46.54
1561,2027-01-26 00:00:00,BLDG_C,3187.64,2148.42,408.79,1212.42,6957.27,7782.39,10.6,283.74,12.89,3642.22,52.01,74.0,3,93.02,69.79,2027,1,26,0,Tuesday,1,0,45.81739676626032,30.88021594677223,5.8757242424111755,17.42666304455627,Within Budget,Low,High,Very High,Fair,Very High,Moderate,Low,4.078323825293541,57.98
1562,2027-01-26 06:00:00,BLDG_A,5933.63,1856.7,2085.99,514.55,10390.87,11961.8,13.13,729.95,5.54,3761.43,18.08,96.57,14,66.55,69.89,2027,1,26,6,Tuesday,1,0,57.10426557160277,17.868571159104096,20.07521988052973,4.951943388763404,Within Budget,Moderate,Moderate,Moderate,Excellent,Moderate,Moderate,Very High,7.024917066617135,46.68
1563,2027-01-26 12:00:00,BLDG_B,3962.01,1258.17,591.3,621.82,6433.3,7262.99,11.42,270.4,19.64,8025.02,22.46,60.56,12,63.27,53.3,2027,1,26,12,Tuesday,1,0,61.58596676666719,19.557147964497226,9.191239332846283,9.665645935989305,Within Budget,Low,Very High,Moderate,Fair,Moderate,Moderate,High,4.2031305861688395,41.48
1564,2027-01-26 18:00:00,BLDG_C,2246.75,1854.63,1915.57,1357.68,7374.63,7720.42,4.48,1052.08,9.02,10526.11,13.74,93.84,5,67.3,72.9,2027,1,26,18,Tuesday,1,0,30.465935240140862,25.148787125591387,25.97513366772299,18.410143966544762,Within Budget,High,Moderate,Low,Excellent,Moderate,High,Moderate,14.266207253787647,45.97
1565,2027-01-27 00:00:00,BLDG_A,5685.71,902.38,1269.14,1298.65,9155.88,10495.58,12.76,468.09,7.66,11652.81,23.27,74.24,3,66.39,87.19,2027,1,27,0,Wednesday,2,0,62.09900086064912,9.855742976098421,13.861474811814922,14.183781351437549,Within Budget,Low,Moderate,Moderate,Fair,Moderate,Very High,Low,5.112452325718555,42.89
1566,2027-01-27 06:00:00,BLDG_C,2023.91,2312.2,1586.84,869.43,6792.38,7141.37,4.89,305.54,9.06,4425.35,31.39,67.2,13,76.29,60.21,2027,1,27,6,Wednesday,2,0,29.796772265391514,34.041087218324066,23.3620616043272,12.800078911957222,Within Budget,Low,Moderate,High,Fair,High,Moderate,Very High,4.498276009292766,45.98
1567,2027-01-27 12:00:00,BLDG_B,5215.72,3090.23,1319.23,1290.96,10916.14,11298.65,3.39,1247.18,14.16,9660.37,11.66,60.57,7,81.71,72.79,2027,1,27,12,Wednesday,2,0,47.779892892542605,28.308816119983803,12.08513265678161,11.826158330691985,Within Budget,High,High,Low,Fair,High,High,Moderate,11.425100814024006,42.02
1568,2027-01-27 18:00:00,BLDG_C,5437.36,2730.8,1258.69,849.3,10276.15,11695.63,12.14,942.56,5.33,10292.6,57.69,62.68,10,84.25,52.69,2027,1,27,18,Wednesday,2,0,52.9124234270617,26.574154717476876,12.248653435381929,8.264768420079506,Within Budget,Moderate,Moderate,Very High,Fair,High,Moderate,High,9.172306749122969,52.49
1569,2027-01-28 00:00:00,BLDG_C,3457.23,1709.1,1902.82,2197.58,9266.73,10828.71,14.42,1272.0,12.67,7666.49,37.28,66.53,3,77.48,42.51,2027,1,28,0,Thursday,3,0,37.30798242745823,18.443399127847687,20.533888437453125,23.71473000724096,Within Budget,High,High,High,Fair,High,Low,Low,13.726524890657224,48.49
1570,2027-01-28 06:00:00,BLDG_C,5676.5,943.8,1760.6,1096.39,9477.29,10390.03,8.78,976.66,20.12,4497.31,41.52,60.97,7,66.89,70.46,2027,1,28,6,Thursday,3,0,59.89581409875607,9.95854300121659,18.577040483091682,11.568602416935644,Within Budget,Moderate,Very High,High,Fair,Moderate,High,Moderate,10.3052665899218,47.38
1571,2027-01-28 12:00:00,BLDG_C,4223.6,1266.02,1270.12,1697.13,8456.87,9355.65,9.61,793.26,7.39,7619.52,29.16,72.76,14,92.51,42.47,2027,1,28,12,Thursday,3,0,49.94282754730769,14.970314076011574,15.01879536991818,20.06806300676255,Within Budget,Moderate,Moderate,Moderate,Fair,Very High,Low,Very High,9.380066147404417,50.46
1572,2027-01-28 18:00:00,BLDG_A,3977.48,2227.37,600.94,1505.69,8311.48,8814.74,5.71,779.83,9.96,7221.16,46.18,61.71,2,80.55,77.63,2027,1,28,18,Thursday,3,0,47.85525562234404,26.798716955343693,7.230240582904609,18.11578683940766,Within Budget,Moderate,Moderate,High,Fair,High,High,Low,9.382564838031254,49.6
1573,2027-01-29 00:00:00,BLDG_A,2013.4,1279.76,607.73,603.76,4504.65,4950.27,9.0,724.26,11.13,7475.04,32.61,86.3,7,66.33,74.86,2027,1,29,0,Friday,4,0,44.696036318026934,28.409754364934013,13.491170235201405,13.403039081837658,Within Budget,Moderate,High,High,Good,Moderate,High,Moderate,16.078052678898473,49.09
1574,2027-01-29 06:00:00,BLDG_B,3163.14,2223.12,1842.77,2384.47,9613.5,9867.26,2.57,858.33,14.55,7621.49,51.39,91.12,9,67.33,59.2,2027,1,29,6,Friday,4,0,32.903105008581676,23.12498049617725,19.168565038747595,24.80334945649347,Within Budget,Moderate,High,Very High,Excellent,Moderate,Moderate,High,8.928381962864721,56.1
1575,2027-01-29 12:00:00,BLDG_A,6175.75,1348.48,1352.9,1554.45,10431.58,12425.75,16.05,834.63,20.55,10241.17,54.82,93.72,12,85.9,61.39,2027,1,29,12,Friday,4,0,59.20244104919868,12.926900814641694,12.969272152444788,14.901385983714835,Within Budget,Moderate,Very High,Very High,Excellent,Very High,Moderate,High,8.000993138143981,63.75
1576,2027-01-29 18:00:00,BLDG_A,3641.57,3076.99,1266.86,1150.12,9135.54,10597.89,13.8,737.97,11.1,2455.94,46.3,80.87,5,67.03,87.72,2027,1,29,18,Friday,4,0,39.861573590614235,33.6815338775814,13.867379487145804,12.58951304465855,Within Budget,Moderate,High,High,Good,Moderate,Very High,Moderate,8.078011808825751,51.32
1577,2027-01-30 00:00:00,BLDG_B,4369.49,1812.36,1625.02,816.25,8623.12,9775.12,11.79,512.99,5.24,4723.88,36.01,95.97,12,70.81,40.68,2027,1,30,0,Saturday,5,1,50.67179860653683,21.01745076028166,18.84491924036775,9.465831392813737,Within Budget,Moderate,Moderate,High,Excellent,High,Low,High,5.949006855987159,52.01
1578,2027-01-30 06:00:00,BLDG_A,4300.5,1387.54,1945.91,1177.05,8811.0,9759.41,9.72,1401.86,10.26,7239.02,52.59,60.21,6,59.58,69.29,2027,1,30,6,Saturday,5,1,48.80830779707184,15.747815230961299,22.08500737714221,13.358869594824652,Within Budget,High,High,Very High,Fair,Moderate,Moderate,Moderate,15.910339348541594,45.66
1579,2027-01-30 12:00:00,BLDG_A,4575.03,2974.51,1531.97,541.02,9622.53,11147.06,13.68,500.32,7.42,3758.27,36.17,65.09,13,86.95,88.01,2027,1,30,12,Saturday,5,1,47.544980374184334,30.911932724553733,15.920657041339439,5.6224298599224936,Within Budget,Moderate,Moderate,High,Fair,Very High,Very High,Very High,5.19946417418288,48.91
1580,2027-01-30 18:00:00,BLDG_B,2088.26,1659.95,1773.13,1227.12,6748.46,7416.23,9.0,1122.21,15.73,11748.76,14.36,71.14,10,71.11,87.53,2027,1,30,18,Saturday,5,1,30.944245057390873,24.597463717648175,26.27458709098076,18.183704133980193,Within Budget,High,Very High,Low,Fair,High,Very High,High,16.629127237917984,43.08
1581,2027-01-31 00:00:00,BLDG_B,3502.23,1012.17,1777.49,1562.97,7854.86,8326.11,5.66,569.64,4.53,3526.23,14.63,89.98,11,72.63,70.4,2027,1,31,0,Sunday,6,1,44.58679085305149,12.885907578238188,22.62917480387938,19.89812676483095,Within Budget,Moderate,Low,Low,Good,High,High,High,7.252070692539396,45.44
1582,2027-01-31 06:00:00,BLDG_B,5198.7,2297.15,1041.27,2243.73,10780.85,11126.64,3.11,1777.91,9.25,5900.73,62.07,93.64,3,89.03,59.82,2027,1,31,6,Sunday,6,1,48.22161517876605,21.307689096870842,9.65851486663853,20.812180857724577,Within Budget,High,Moderate,Very High,Excellent,Very High,Moderate,Low,16.49137127406466,63.5
1583,2027-01-31 12:00:00,BLDG_C,2742.63,2328.38,893.35,1874.75,7839.11,8854.41,11.47,1165.07,13.81,10589.7,20.17,83.49,13,91.03,45.14,2027,1,31,12,Sunday,6,1,34.98649719164548,29.70209628388937,11.396064094010674,23.91534243045448,Within Budget,High,High,Moderate,Good,Very High,Low,Very High,14.86227390609393,52.12
1584,2027-01-31 18:00:00,BLDG_C,2756.82,2701.15,1842.1,723.16,8023.23,9514.63,15.67,941.11,8.99,1420.73,54.51,74.56,10,86.21,49.04,2027,1,31,18,Sunday,6,1,34.360475768487255,33.66661556505298,22.959581116333446,9.013327550126322,Within Budget,Moderate,Moderate,Very High,Fair,Very High,Low,High,11.729814550997542,56.07
1585,2027-02-01 00:00:00,BLDG_B,1847.43,1372.61,1078.92,795.49,5094.45,5250.97,2.98,664.42,13.92,9937.91,22.06,85.3,5,48.27,75.34,2027,2,1,0,Monday,0,0,36.26358095574596,26.94324215567922,21.17834113594206,15.61483575263277,Within Budget,Moderate,High,Moderate,Good,Low,High,Moderate,13.042035941073129,42.39
1586,2027-02-01 06:00:00,BLDG_B,3856.17,1942.56,2026.0,1356.25,9180.98,9511.53,3.48,724.16,6.06,7066.6,32.55,66.87,13,67.18,40.86,2027,2,1,6,Monday,0,0,42.001725306013086,21.15852556045215,22.067361000677487,14.772388132857278,Within Budget,Moderate,Moderate,High,Fair,Moderate,Low,Very High,7.88761112648105,43.17
1587,2027-02-01 12:00:00,BLDG_B,5948.85,1490.63,525.44,891.42,8856.34,9624.37,7.98,1028.52,20.97,865.72,45.33,77.4,15,62.17,85.94,2027,2,1,12,Monday,0,0,67.17052416686803,16.83121921696773,5.932924887707563,10.065331728456675,Within Budget,High,Very High,High,Good,Moderate,Very High,Very High,11.613375276920262,51.47
1588,2027-02-01 18:00:00,BLDG_C,2043.93,926.67,504.79,555.7,4031.09,4681.63,13.9,297.74,9.24,10883.5,17.06,79.29,5,55.68,70.57,2027,2,1,18,Monday,0,0,50.7041519787452,22.98807518561977,12.522419494479161,13.785353341155867,Within Budget,Low,Moderate,Moderate,Good,Moderate,High,Moderate,7.3860916030155614,40.32
1589,2027-02-02 00:00:00,BLDG_C,2698.26,3154.52,2068.61,2110.03,10031.42,10621.11,5.55,906.25,20.61,950.76,50.02,63.99,3,90.45,42.35,2027,2,2,0,Tuesday,1,0,26.898086213118383,31.44639542557285,20.621307850732997,21.034210510575775,Within Budget,Moderate,Very High,Very High,Fair,Very High,Low,Low,9.034114811263011,56.27
1590,2027-02-02 06:00:00,BLDG_A,3257.4,2740.84,1567.22,539.05,8104.51,8516.08,4.83,1172.72,9.87,6425.0,47.33,61.29,8,89.5,52.47,2027,2,2,6,Tuesday,1,0,40.19243606337706,33.81870094552293,19.33762806141272,6.651234929687297,Within Budget,High,Moderate,High,Fair,Very High,Moderate,High,14.469967956113324,52.0
1591,2027-02-02 12:00:00,BLDG_A,5239.11,1544.1,1083.28,2161.38,10027.87,11271.26,11.03,667.75,18.07,1063.86,38.96,88.5,6,68.26,70.9,2027,2,2,12,Tuesday,1,0,52.2454918143135,15.398085535612246,10.802692894901906,21.553729755172334,Within Budget,Moderate,Very High,High,Good,Moderate,High,Moderate,6.658941529956013,53.45
1592,2027-02-02 18:00:00,BLDG_B,4810.99,2378.24,1759.11,788.21,9736.55,10779.56,9.68,1517.22,8.43,1318.8,40.26,80.32,13,51.73,41.85,2027,2,2,18,Tuesday,1,0,49.411649917065084,24.425900344577904,18.06707714744956,8.09537259090746,Within Budget,High,Moderate,High,Good,Moderate,Low,Very High,15.5827269412677,45.18
1593,2027-02-03 00:00:00,BLDG_C,3754.94,1263.54,1610.19,2449.36,9078.03,9187.37,1.19,784.18,16.06,10702.85,14.03,72.63,3,45.67,80.56,2027,2,3,0,Wednesday,2,0,41.36293887550492,13.918658563587034,17.737218317189964,26.981184243718076,Within Budget,Moderate,Very High,Low,Fair,Low,High,Low,8.63821776310499,37.1
1594,2027-02-03 06:00:00,BLDG_C,5367.62,3192.66,1356.16,1707.75,11624.19,11813.64,1.6,1276.63,9.83,9306.99,32.85,76.61,1,66.92,87.84,2027,2,3,6,Wednesday,2,0,46.17629271372887,27.465655671491945,11.666705379041463,14.691346235737715,Within Budget,High,Moderate,High,Good,Moderate,Very High,Low,10.982528675116288,46.55
1595,2027-02-03 12:00:00,BLDG_C,4665.27,1021.74,577.97,1969.97,8234.95,9293.99,11.39,1410.6,13.16,2764.82,12.93,96.39,10,47.0,89.98,2027,2,3,12,Wednesday,2,0,56.65207439025131,12.407361307597494,7.018500415910236,23.92206388624096,Within Budget,High,High,Low,Excellent,Low,Very High,High,17.12943005118428,42.37
1596,2027-02-03 18:00:00,BLDG_B,6011.39,710.74,1861.92,720.97,9305.02,10170.62,8.51,1230.02,16.13,7635.38,25.55,74.63,1,75.48,78.15,2027,2,3,18,Wednesday,2,0,64.60373002959693,7.638242583035823,20.009844148642344,7.748183238724904,Within Budget,High,Very High,Moderate,Fair,High,High,Low,13.21888614962676,47.95
1597,2027-02-04 00:00:00,BLDG_A,5644.73,2105.62,1958.84,2224.21,11933.4,14250.81,16.26,1513.64,14.6,9638.82,59.32,63.93,13,75.42,84.55,2027,2,4,0,Thursday,3,0,47.3019424472489,17.644761761107482,16.414768632577474,18.63852715906615,Within Budget,High,High,Very High,Fair,High,High,Very High,12.684063217523924,53.32
1598,2027-02-04 06:00:00,BLDG_B,2988.22,2332.76,709.9,2178.38,8209.26,9323.31,11.95,1122.54,14.37,10730.29,40.75,77.62,11,89.95,71.76,2027,2,4,6,Thursday,3,0,36.400601272221856,28.416203165693375,8.647551667263553,26.535643894821213,Within Budget,High,High,High,Good,Very High,High,High,13.674070500873404,55.67
1599,2027-02-04 12:00:00,BLDG_A,3075.76,2321.1,1930.92,1805.99,9133.77,9152.17,0.2,1531.89,5.18,5885.53,50.33,84.63,10,54.5,63.84,2027,2,4,12,Thursday,3,0,33.67459438983027,25.41228868254839,21.14044912451266,19.772667803108682,Within Budget,High,Moderate,Very High,Good,Moderate,Moderate,High,16.771716388741996,48.66
1600,2027-02-04 18:00:00,BLDG_A,2389.18,852.63,1980.13,1504.55,6726.49,7373.6,8.78,452.54,8.48,10821.25,40.71,60.46,12,63.57,77.08,2027,2,4,18,Thursday,3,0,35.51897051805622,12.675704565085208,29.437789991511178,22.367534925347396,Within Budget,Low,Moderate,High,Fair,Moderate,High,High,6.7277287262747745,43.3
1601,2027-02-05 00:00:00,BLDG_B,3383.73,1579.32,1388.97,1942.98,8295.0,8982.57,7.65,1011.88,14.29,6340.28,19.07,72.63,2,87.98,51.66,2027,2,5,0,Friday,4,0,40.792405063291135,19.039421338155517,16.74466546112116,23.42350813743219,Within Budget,High,High,Moderate,Fair,Very High,Moderate,Low,12.198673899939722,48.49
1602,2027-02-05 06:00:00,BLDG_A,6497.86,2097.76,1581.12,511.86,10688.6,10916.72,2.09,962.61,4.33,8414.62,41.9,74.95,10,68.71,45.71,2027,2,5,6,Friday,4,0,60.79243305952136,19.626143741930658,14.792582751716782,4.788840446831203,Within Budget,Moderate,Low,High,Fair,Moderate,Low,High,9.005950264768071,47.47
1603,2027-02-05 12:00:00,BLDG_A,3707.03,1306.42,1088.03,1684.88,7786.36,9224.05,15.59,247.44,8.51,11758.84,51.06,77.62,5,47.99,79.62,2027,2,5,12,Friday,4,0,47.60928084496479,16.778314899388164,13.973538341407282,21.638865914239773,Within Budget,Low,Moderate,Very High,Good,Low,High,Moderate,3.1778648816648603,46.3
1604,2027-02-05 18:00:00,BLDG_C,2836.3,3143.35,907.22,2194.81,9081.68,10543.85,13.87,443.14,8.13,3213.45,15.89,71.46,7,50.54,89.83,2027,2,5,18,Friday,4,0,31.231005717003903,34.61198809030928,9.989561402736058,24.167444789950757,Within Budget,Low,Moderate,Moderate,Fair,Moderate,Very High,Moderate,4.879493661965627,36.5
1605,2027-02-06 00:00:00,BLDG_A,5383.67,943.91,1699.57,1213.8,9240.95,9666.19,4.4,727.71,8.5,2437.99,54.56,85.34,1,85.67,70.03,2027,2,6,0,Saturday,5,1,58.25883702433191,10.214426005984233,18.391723794631503,13.135013175052347,Within Budget,Moderate,Moderate,Very High,Good,Very High,High,Low,7.874839708038675,58.52
1606,2027-02-06 06:00:00,BLDG_B,4349.61,2064.68,1951.38,716.58,9082.25,9547.23,4.87,1042.19,13.64,4433.22,39.66,95.9,1,82.18,65.09,2027,2,6,6,Saturday,5,1,47.891326488480274,22.733133309477275,21.485645076935782,7.889895125106665,Within Budget,High,High,High,Excellent,High,Moderate,Low,11.475019956508575,57.84
1607,2027-02-06 12:00:00,BLDG_B,2503.13,2635.96,1577.34,1341.75,8058.18,8109.78,0.64,1307.21,14.48,2390.59,8.24,94.73,4,88.79,67.79,2027,2,6,12,Saturday,5,1,31.063217748920973,32.71160485370145,19.574395210829245,16.650782186548327,Within Budget,High,High,Low,Excellent,Very High,Moderate,Moderate,16.222149418355013,51.56
1608,2027-02-06 18:00:00,BLDG_A,3589.24,1432.9,1320.86,1954.21,8297.21,8789.6,5.6,1233.52,20.36,3767.87,37.63,85.25,13,50.94,64.88,2027,2,6,18,Saturday,5,1,43.258396497135784,17.269660524441353,15.919327099109218,23.552615879313652,Within Budget,High,Very High,High,Good,Moderate,Moderate,Very High,14.866684102246419,48.54
1609,2027-02-07 00:00:00,BLDG_C,3748.01,2447.87,686.06,714.6,7596.54,8484.76,10.47,858.41,10.95,9044.33,30.55,79.26,10,83.02,62.99,2027,2,7,0,Sunday,6,1,49.33838300068189,32.22348595544814,9.03121684345768,9.406914200412293,Within Budget,Moderate,High,High,Good,High,Moderate,High,11.300012900610014,50.94
1610,2027-02-07 06:00:00,BLDG_C,5343.0,3022.28,496.23,912.1,9773.61,10596.24,7.76,401.51,20.68,5991.53,24.9,91.38,15,77.76,89.25,2027,2,7,6,Sunday,6,1,54.667620254951856,30.922862688402752,5.077243720590447,9.332273336054946,Within Budget,Low,Very High,Moderate,Excellent,High,Very High,Very High,4.108103351780969,53.68
1611,2027-02-07 12:00:00,BLDG_A,1897.16,1232.94,1202.25,795.1,5127.45,6121.41,16.24,373.72,15.74,4812.97,51.96,91.77,6,56.61,64.95,2027,2,7,12,Sunday,6,1,37.00006826005129,24.0458707544686,23.4473276189919,15.506733366488215,Within Budget,Low,Very High,Very High,Excellent,Moderate,Moderate,Moderate,7.288613248300813,54.02
1612,2027-02-07 18:00:00,BLDG_A,3064.39,3268.22,488.83,2093.9,8915.34,9015.33,1.11,757.86,20.43,4740.33,59.27,91.52,9,93.7,44.22,2027,2,7,18,Sunday,6,1,34.37210470941097,36.658388799529796,5.4830213990717125,23.486485091987518,Within Budget,Moderate,Very High,Very High,Excellent,Very High,Low,High,8.500629252501868,66.23
1613,2027-02-08 00:00:00,BLDG_B,4232.7,2249.96,1424.8,625.79,8533.25,9542.61,10.58,1051.79,19.0,2737.09,51.47,66.0,1,73.52,79.81,2027,2,8,0,Monday,0,0,49.60243752380394,26.366976240002344,16.697038057012275,7.333548179181437,Within Budget,High,Very High,Very High,Fair,High,High,Low,12.32578443148859,52.5
1614,2027-02-08 06:00:00,BLDG_A,3063.58,1537.85,1088.91,1873.17,7563.51,8861.88,14.65,300.56,16.38,5645.23,56.27,60.97,11,90.34,60.36,2027,2,8,6,Monday,0,0,40.50473920177272,20.332491131762897,14.396887159533076,24.765882506931305,Within Budget,Low,Very High,Very High,Fair,Very High,Moderate,High,3.9738163894805454,55.99
1615,2027-02-08 12:00:00,BLDG_C,4753.64,1906.4,1762.94,1232.91,9655.89,10584.29,8.77,1057.6,10.41,7683.31,59.8,97.36,10,87.95,76.96,2027,2,8,12,Monday,0,0,49.23046969259178,19.743389785923412,18.25766449286394,12.768476028620872,Within Budget,High,High,Very High,Excellent,Very High,High,High,10.952900250520667,63.88
1616,2027-02-08 18:00:00,BLDG_A,4064.78,1574.14,950.17,2011.58,8600.67,8605.77,0.06,1421.0,8.34,2100.28,60.02,96.47,5,61.66,70.14,2027,2,8,18,Monday,0,0,47.2612017435851,18.302527593780486,11.047627684819902,23.38864297781452,Within Budget,High,Moderate,Very High,Excellent,Moderate,High,Moderate,16.52196863732709,56.62
1617,2027-02-09 00:00:00,BLDG_B,3500.04,2730.31,1467.37,2428.77,10126.49,10618.24,4.63,1375.33,8.0,11687.35,14.53,81.45,9,71.8,77.09,2027,2,9,0,Tuesday,1,0,34.563209957250734,26.962056941743885,14.490410793868358,23.984322307137024,Within Budget,High,Moderate,Low,Good,High,High,High,13.581507511487198,43.94
1618,2027-02-09 06:00:00,BLDG_B,6261.28,2929.64,1367.83,729.09,11287.84,12018.77,6.08,1688.23,21.14,5597.73,34.01,97.74,8,66.57,43.22,2027,2,9,6,Tuesday,1,0,55.46924832386001,25.953946902153113,12.11773023005287,6.459074543934004,Within Budget,High,Very High,High,Excellent,Moderate,Low,High,14.956182936682305,54.86
1619,2027-02-09 12:00:00,BLDG_B,4771.15,3032.22,408.48,1128.77,9340.62,11145.22,16.19,1235.31,21.25,11401.55,8.02,89.28,7,80.45,41.76,2027,2,9,12,Tuesday,1,0,51.079585723431634,32.46272731360445,4.3731572422387375,12.084529720725175,Within Budget,High,Very High,Low,Good,High,Low,Moderate,13.225139230586406,49.75
1620,2027-02-09 18:00:00,BLDG_B,2410.72,3460.15,530.3,2120.25,8521.42,10075.34,15.42,519.71,17.05,2048.58,36.87,79.66,13,74.4,59.68,2027,2,9,18,Tuesday,1,0,28.290120660641065,40.605321648269886,6.223141213553609,24.881416477535435,Within Budget,Moderate,Very High,High,Good,High,Moderate,Very High,6.098866151416079,52.0
1621,2027-02-10 00:00:00,BLDG_B,4432.43,2915.6,922.66,1032.32,9303.01,11069.04,15.95,433.27,19.91,9322.98,60.68,74.79,10,84.24,76.04,2027,2,10,0,Wednesday,2,0,47.64511701051595,31.34039413050185,9.917865293061062,11.096623565921137,Within Budget,Low,Very High,Very High,Fair,High,High,High,4.657309838428637,59.9
1622,2027-02-10 06:00:00,BLDG_A,5469.44,2383.88,1988.02,930.24,10771.58,12550.52,14.17,1663.39,20.54,7602.84,19.35,82.53,2,45.59,51.63,2027,2,10,6,Wednesday,2,0,50.77658059449032,22.131200808052302,18.456159634891076,8.63605896256631,Within Budget,High,Very High,Moderate,Good,Low,Moderate,Low,15.442395637408811,42.0
1623,2027-02-10 12:00:00,BLDG_A,5129.9,1649.82,664.63,2150.76,9595.11,10269.93,6.57,1288.87,13.21,9930.74,44.47,79.6,9,79.39,62.54,2027,2,10,12,Wednesday,2,0,53.46369140114078,17.19438338903879,6.926757483759956,22.415167726060464,Within Budget,High,High,High,Good,High,Moderate,High,13.432571382714736,54.17
1624,2027-02-10 18:00:00,BLDG_A,2608.82,2224.87,1679.61,2474.16,8987.46,10615.77,15.34,1044.88,15.32,7407.8,44.73,97.76,12,60.95,91.0,2027,2,10,18,Wednesday,2,0,29.027333640427887,24.755270120812778,18.688372465635453,27.52902377312389,Within Budget,High,Very High,High,Excellent,Moderate,Very High,High,11.625976638560843,54.69
1625,2027-02-11 00:00:00,BLDG_A,6370.37,814.99,2152.06,1613.76,10951.18,13101.3,16.41,639.47,11.54,11572.62,17.14,78.64,13,56.21,51.17,2027,2,11,0,Thursday,3,0,58.1706263617254,7.442029078145003,19.651398296804544,14.735946263325047,Within Budget,Moderate,High,Moderate,Good,Moderate,Moderate,Very High,5.839279420117284,40.88
1626,2027-02-11 06:00:00,BLDG_B,3909.42,2785.51,1823.02,1056.1,9574.05,10244.37,6.54,1153.69,11.53,7709.72,21.6,91.77,8,85.06,84.09,2027,2,11,6,Thursday,3,0,40.83350306296708,29.09437489881503,19.041262579577086,11.030859458640805,Within Budget,High,High,Moderate,Excellent,Very High,High,High,12.050177302186642,52.49
1627,2027-02-11 12:00:00,BLDG_C,2547.42,1948.68,837.3,1297.13,6630.53,6976.05,4.95,230.07,4.69,9522.95,34.34,90.92,13,49.46,82.92,2027,2,11,12,Thursday,3,0,38.41955318805586,29.389505816277133,12.627949801901206,19.56299119376581,Within Budget,Low,Low,High,Excellent,Low,High,Very High,3.4698583672798406,44.85
1628,2027-02-11 18:00:00,BLDG_A,2646.92,756.07,2035.06,840.26,6278.31,6965.05,9.86,300.27,11.81,10592.19,18.73,62.71,11,56.42,86.35,2027,2,11,18,Thursday,3,0,42.15975318198687,12.042571966022704,32.41413692538278,13.383537926607636,Within Budget,Low,High,Moderate,Fair,Moderate,Very High,High,4.782656479211762,37.42
1629,2027-02-12 00:00:00,BLDG_C,2261.7,875.02,567.59,2023.77,5728.08,5942.48,3.61,439.82,16.12,8717.71,41.34,63.31,15,55.19,87.59,2027,2,12,0,Friday,4,0,39.4844345749361,15.275973799248613,9.9089049035628,35.33068672225248,Within Budget,Low,Very High,High,Fair,Moderate,Very High,Very High,7.678314548679488,43.99
1630,2027-02-12 06:00:00,BLDG_A,5576.54,1784.91,1242.66,2046.95,10651.06,10720.56,0.65,1028.47,11.6,6528.72,35.62,85.07,10,65.99,66.38,2027,2,12,6,Friday,4,0,52.35666684818226,16.758050372451194,11.667007790773877,19.218274988592686,Within Budget,High,High,High,Good,Moderate,Moderate,High,9.656034235090218,49.57
1631,2027-02-12 12:00:00,BLDG_A,2373.54,2333.58,1997.58,2250.24,8954.94,10648.91,15.91,430.6,19.7,3637.4,37.59,69.85,10,61.12,75.46,2027,2,12,12,Friday,4,0,26.50537022023598,26.059136074613566,22.307017132443097,25.128476572707353,Within Budget,Low,Very High,High,Fair,Moderate,High,High,4.808519096722033,47.06
1632,2027-02-12 18:00:00,BLDG_C,2388.09,1999.77,1554.28,553.21,6495.35,7697.95,15.62,311.72,9.99,10326.67,15.66,84.99,9,81.02,72.18,2027,2,12,18,Friday,4,0,36.766148090557095,30.787717367039498,23.929118523251248,8.517016019152162,Within Budget,Low,Moderate,Moderate,Good,High,High,High,4.799125528262527,47.91
1633,2027-02-13 00:00:00,BLDG_B,5797.22,2433.77,1144.56,1623.96,10999.51,11357.33,3.15,1527.66,6.39,6026.65,37.48,65.5,9,79.97,56.07,2027,2,13,0,Saturday,5,1,52.70434773912657,22.12616743836771,10.405554429242757,14.763930393262973,Within Budget,High,Moderate,High,Fair,High,Moderate,High,13.888436848550526,47.34
1634,2027-02-13 06:00:00,BLDG_A,3419.64,2044.82,927.06,928.51,7320.03,7916.96,7.54,845.16,18.61,7638.14,10.82,75.09,9,61.27,54.55,2027,2,13,6,Saturday,5,1,46.71620198277876,27.93458496754795,12.664702193843466,12.684510855829826,Within Budget,Moderate,Very High,Low,Good,Moderate,Moderate,High,11.545854320269179,41.45
1635,2027-02-13 12:00:00,BLDG_A,1945.03,2552.77,1075.18,1181.77,6754.75,7877.44,14.25,743.44,16.13,1411.11,58.25,63.89,3,66.85,57.76,2027,2,13,12,Saturday,5,1,28.794996113845812,37.79222028942596,15.917391465265185,17.495392131463046,Within Budget,Moderate,Very High,Very High,Fair,Moderate,Moderate,Low,11.006180835708205,51.28
1636,2027-02-13 18:00:00,BLDG_A,2043.91,1313.55,1316.1,2069.91,6743.47,7634.96,11.68,659.95,8.35,6219.54,27.57,70.72,7,55.4,51.36,2027,2,13,18,Saturday,5,1,30.309469753702473,19.478843977952,19.516658337621433,30.695027930724088,Within Budget,Moderate,Moderate,Moderate,Fair,Moderate,Moderate,Moderate,9.786504574054604,40.51
1637,2027-02-14 00:00:00,BLDG_C,2468.2,1015.96,974.28,884.07,5342.51,5764.34,7.32,942.85,13.66,8528.81,56.81,63.36,12,78.54,79.38,2027,2,14,0,Sunday,6,1,46.19925840101375,19.016529683613133,18.236372042354624,16.54783987301849,Within Budget,Moderate,High,Very High,Fair,High,High,High,17.648071786482383,53.09
1638,2027-02-14 06:00:00,BLDG_B,2802.95,2370.02,2144.14,1776.68,9093.79,10447.26,12.96,340.74,11.23,7216.83,47.99,96.88,1,64.81,90.16,2027,2,14,6,Sunday,6,1,30.822682291981668,26.061960964570325,23.57806811021587,19.537288633232127,Within Budget,Low,High,High,Excellent,Moderate,Very High,Low,3.7469525907239993,55.23
1639,2027-02-14 12:00:00,BLDG_C,4926.19,2057.13,2079.54,1809.13,10871.99,12822.53,15.21,620.73,20.9,5658.38,51.67,75.01,9,51.64,85.12,2027,2,14,12,Sunday,6,1,45.31084005779991,18.921375019660616,19.12750103706865,16.64028388547083,Within Budget,Moderate,Very High,Very High,Good,Moderate,Very High,High,5.709442337603328,49.8
1640,2027-02-14 18:00:00,BLDG_C,2539.43,775.23,1967.21,2408.19,7690.06,9114.5,15.63,977.61,14.93,3069.41,25.93,94.25,14,51.36,51.33,2027,2,14,18,Sunday,6,1,33.022239098264514,10.080935649396753,25.58120482805076,31.315620424287978,Within Budget,Moderate,High,Moderate,Excellent,Moderate,Moderate,Very High,12.712644634762277,46.62
1641,2027-02-15 00:00:00,BLDG_B,2358.71,1765.35,1159.29,2050.32,7333.67,7889.34,7.04,370.02,6.85,4061.21,20.98,96.9,15,61.12,42.7,2027,2,15,0,Monday,0,0,32.16275071008104,24.071849428730772,15.807774279453534,27.957625581734657,Within Budget,Low,Moderate,Moderate,Excellent,Moderate,Low,Very High,5.045495638609318,46.46
1642,2027-02-15 06:00:00,BLDG_C,5394.18,997.15,1644.34,2107.27,10142.94,10495.02,3.35,1201.0,13.04,8557.18,31.18,94.56,9,82.37,79.37,2027,2,15,6,Monday,0,0,53.181621896609855,9.830976028646527,16.21167038353771,20.775731691205902,Within Budget,High,High,High,Excellent,High,High,High,11.840748343182549,55.29
1643,2027-02-15 12:00:00,BLDG_B,4953.96,2187.8,2025.09,1563.2,10730.05,12689.01,15.44,1235.72,19.53,3078.19,9.38,77.29,3,46.28,60.29,2027,2,15,12,Monday,0,0,46.169029967241535,20.389466964273236,18.873071420916027,14.568431647569211,Within Budget,High,Very High,Low,Good,Low,Moderate,Low,11.51644214146253,38.12
1644,2027-02-15 18:00:00,BLDG_A,3846.02,1808.18,1930.77,873.56,8458.53,8615.11,1.82,1485.75,16.09,7649.86,60.37,89.6,5,57.89,82.88,2027,2,15,18,Monday,0,0,45.46912997884975,21.37700049535794,22.826306698681684,10.32756282711062,Within Budget,High,Very High,Very High,Good,Moderate,High,Moderate,17.565108830967084,55.99
1645,2027-02-16 00:00:00,BLDG_B,4381.76,2416.83,1145.79,1351.13,9295.51,10637.2,12.61,1510.59,19.16,7281.98,30.06,65.84,12,53.12,80.52,2027,2,16,0,Tuesday,1,0,47.138457169106374,25.99997202950672,12.32627365254838,14.535297148838527,Within Budget,High,Very High,High,Fair,Moderate,High,High,16.25074901753642,42.04
1646,2027-02-16 06:00:00,BLDG_A,3266.32,2955.69,602.29,1598.98,8423.28,8659.97,2.73,1447.4,8.51,11659.8,64.35,63.6,13,92.82,72.52,2027,2,16,6,Tuesday,1,0,38.77729340589414,35.08953756731344,7.150302494990074,18.982866531802337,Within Budget,High,Moderate,Very High,Fair,Very High,High,Very High,17.183330009212565,57.32
1647,2027-02-16 12:00:00,BLDG_C,4067.75,1539.07,536.13,1856.84,7999.79,8622.79,7.23,376.31,19.99,1198.99,51.4,93.32,8,80.26,53.28,2027,2,16,12,Tuesday,1,0,50.84820976550635,19.23888002060054,6.701800922274209,23.211109291618904,Within Budget,Low,Very High,Very High,Excellent,High,Moderate,High,4.703998479960099,61.24
1648,2027-02-16 18:00:00,BLDG_C,4181.36,3393.89,1438.72,1715.42,10729.39,11612.54,7.61,1719.09,17.6,1743.41,12.59,61.18,6,56.66,45.41,2027,2,16,18,Tuesday,1,0,38.97108782512333,31.631714384508346,13.40915000759596,15.98804778277237,Within Budget,High,Very High,Low,Fair,Moderate,Low,Moderate,16.02225289601739,37.01
1649,2027-02-17 00:00:00,BLDG_A,3620.02,2199.78,1556.73,1287.96,8664.49,8939.6,3.08,427.71,17.12,6319.96,45.63,96.95,10,55.37,53.14,2027,2,17,0,Wednesday,2,0,41.77995473478531,25.388453330778848,17.966781657085416,14.864810277350426,Within Budget,Low,Very High,High,Excellent,Moderate,Moderate,High,4.936355169202111,53.77
1650,2027-02-17 06:00:00,BLDG_C,6060.89,2431.21,1929.72,1030.63,11452.45,13565.84,15.58,1430.87,10.24,6561.76,23.44,85.54,10,87.9,66.51,2027,2,17,6,Wednesday,2,0,52.922213150897846,21.228732716580296,16.849844356447747,8.999209776074116,Within Budget,High,High,Moderate,Good,Very High,Moderate,High,12.494007832385208,51.78
1651,2027-02-17 12:00:00,BLDG_B,1875.49,2605.88,926.53,836.46,6244.36,6247.69,0.05,861.79,19.98,959.17,21.89,75.95,9,54.51,90.93,2027,2,17,12,Wednesday,2,0,30.034943533044224,41.731738721021856,14.837869693611516,13.395448052322417,Within Budget,Moderate,Very High,Moderate,Good,Moderate,Very High,High,13.801094107322449,43.08
1652,2027-02-17 18:00:00,BLDG_A,5476.2,2566.85,701.45,1887.69,10632.19,12532.82,15.17,575.5,15.48,9997.34,22.62,65.37,14,94.85,43.31,2027,2,17,18,Wednesday,2,0,51.50585156962018,24.142251032007515,6.597417841479507,17.754479556892793,Within Budget,Moderate,Very High,Moderate,Fair,Very High,Low,Very High,5.412807709418285,49.58
1653,2027-02-18 00:00:00,BLDG_C,2384.6,2130.72,1082.21,1790.8,7388.33,8694.33,15.02,922.79,19.33,6189.32,60.22,87.48,13,59.12,50.4,2027,2,18,0,Thursday,3,0,32.27522322365135,28.838993385514723,14.6475590559707,24.238224334863222,Within Budget,Moderate,Very High,Very High,Good,Moderate,Moderate,Very High,12.489831937663856,56.54
1654,2027-02-18 06:00:00,BLDG_A,5548.47,1900.54,1036.44,1874.74,10360.19,11016.95,5.96,392.33,10.5,4486.4,36.5,81.4,3,49.22,72.62,2027,2,18,6,Thursday,3,0,53.55567803293183,18.344644258454718,10.004063632037637,18.095614076575814,Within Budget,Low,High,High,Good,Low,High,Low,3.786899661106601,44.4
1655,2027-02-18 12:00:00,BLDG_B,4694.79,850.59,638.44,1245.05,7428.87,8475.28,12.35,549.66,6.62,4166.82,46.16,87.02,12,79.55,55.83,2027,2,18,12,Thursday,3,0,63.196556138416746,11.449789806525084,8.594039201116725,16.759614853941446,Within Budget,Moderate,Moderate,High,Good,High,Moderate,High,7.3989718490160685,54.84
1656,2027-02-18 18:00:00,BLDG_B,5763.41,761.84,1610.11,1024.82,9160.18,9623.34,4.81,1540.5,9.98,10406.18,24.01,75.88,7,75.48,84.64,2027,2,18,18,Thursday,3,0,62.91808676248719,8.316867135798642,17.577274682375236,11.187771419338919,Within Budget,High,Moderate,Moderate,Good,High,High,Moderate,16.817355117475856,46.34
1657,2027-02-19 00:00:00,BLDG_C,2258.32,1702.29,1315.65,2019.44,7295.7,8402.86,13.18,406.81,12.19,2762.43,37.81,62.52,13,94.99,47.25,2027,2,19,0,Friday,4,0,30.95412366188303,23.332785065175376,18.03322505037214,27.67986622256946,Within Budget,Low,High,High,Fair,Very High,Low,Very High,5.576024233452582,51.88
1658,2027-02-19 06:00:00,BLDG_B,4427.21,1634.25,1698.02,2047.29,9806.77,10907.32,10.09,390.22,13.6,2344.8,27.96,71.97,6,85.1,90.08,2027,2,19,6,Friday,4,0,45.14442573854593,16.66450829376033,17.314773365746312,20.87629260194743,Within Budget,Low,High,Moderate,Fair,Very High,Very High,Moderate,3.9790879157969443,49.66
1659,2027-02-19 12:00:00,BLDG_A,4155.11,1785.55,1034.84,1411.23,8386.73,8890.31,5.66,809.75,13.19,2951.55,26.3,71.97,14,66.44,87.44,2027,2,19,12,Friday,4,0,49.543862745074655,21.290181035993765,12.339016517760795,16.82693970117078,Within Budget,Moderate,High,Moderate,Fair,Moderate,Very High,Very High,9.655133764888104,44.48
1660,2027-02-19 18:00:00,BLDG_B,5119.11,1087.43,986.26,1723.81,8916.61,9630.36,7.41,1405.19,13.83,7687.76,22.08,60.33,15,78.83,86.15,2027,2,19,18,Friday,4,0,57.410944293851585,12.195554139970236,11.060930106845538,19.332571459332637,Within Budget,High,High,Moderate,Fair,High,Very High,Very High,15.759240339097483,43.77
1661,2027-02-20 00:00:00,BLDG_A,4311.17,2766.87,1250.64,1247.04,9575.72,10896.96,12.12,397.4,19.15,9825.7,31.31,60.36,5,85.89,49.0,2027,2,20,0,Saturday,5,1,45.021888693487284,28.894641865050357,13.06053226284812,13.022937178614246,Within Budget,Low,Very High,High,Fair,Very High,Low,Moderate,4.1500795762616285,49.18
1662,2027-02-20 06:00:00,BLDG_A,4341.45,3099.5,1979.33,1903.89,11324.17,13376.33,15.34,943.65,7.06,4306.25,45.62,72.57,4,70.69,57.13,2027,2,20,6,Saturday,5,1,38.337909091792156,27.370659394904877,17.47880860142509,16.81262291187787,Within Budget,Moderate,Moderate,High,Fair,High,Moderate,Moderate,8.333061054364249,48.98
1663,2027-02-20 12:00:00,BLDG_B,3819.1,3328.4,472.51,2171.44,9791.45,10047.45,2.55,1615.26,9.69,2494.81,20.66,87.65,5,58.64,81.81,2027,2,20,12,Saturday,5,1,39.00443754500099,33.99292239658069,4.8257408249033595,22.176899233514956,Within Budget,High,Moderate,Moderate,Good,Moderate,High,Moderate,16.49663737240143,44.16
1664,2027-02-20 18:00:00,BLDG_C,3251.52,2078.61,1848.7,1876.47,9055.3,10090.07,10.26,432.15,19.99,2905.73,63.03,83.71,13,55.51,82.01,2027,2,20,18,Saturday,5,1,35.90736916501938,22.954623259306707,20.41566817223063,20.72233940344329,Within Budget,Low,Very High,Very High,Good,Moderate,High,Very High,4.77234326858304,55.56
1665,2027-02-21 00:00:00,BLDG_B,4066.64,2662.42,1064.18,1525.17,9318.41,9791.28,4.83,713.79,14.09,7620.61,15.1,69.08,4,59.76,76.67,2027,2,21,0,Sunday,6,1,43.64092157353025,28.571612539049045,11.420188637331906,16.367277250088804,Within Budget,Moderate,High,Moderate,Fair,Moderate,High,Moderate,7.659997789322428,39.51
1666,2027-02-21 06:00:00,BLDG_A,2356.91,3095.54,1938.31,1417.32,8808.08,10219.79,13.81,1292.7,14.5,3329.41,35.37,82.9,3,87.4,63.3,2027,2,21,6,Sunday,6,1,26.758499014541194,35.144322031589176,22.00604445009582,16.09113450377381,Within Budget,High,High,High,Good,Very High,Moderate,Low,14.67629721800892,55.04
1667,2027-02-21 12:00:00,BLDG_A,6319.11,1871.22,1843.97,1784.64,11818.94,11984.97,1.39,1317.59,12.61,10588.72,12.85,84.6,7,64.02,56.2,2027,2,21,12,Sunday,6,1,53.465962260574976,15.832384291653904,15.601822160024504,15.099831287746618,Within Budget,High,High,Low,Good,Moderate,Moderate,Moderate,11.148123266553513,43.52
1668,2027-02-21 18:00:00,BLDG_B,5157.73,1566.36,1027.77,1859.62,9611.48,10935.86,12.11,1488.34,13.88,1694.75,9.29,79.86,6,59.33,90.07,2027,2,21,18,Sunday,6,1,53.66218313932921,16.29676178902729,10.693150274463454,19.34790479718004,Within Budget,High,High,Low,Good,Moderate,Very High,Moderate,15.485024158610328,40.59
1669,2027-02-22 00:00:00,BLDG_C,6276.6,3322.83,1648.98,1617.46,12865.87,13316.04,3.38,601.34,7.57,872.24,60.59,79.81,4,85.29,47.24,2027,2,22,0,Monday,0,0,48.78488590355724,25.826702741439174,12.816700308646054,12.571711046357533,Within Budget,Moderate,Moderate,Very High,Good,Very High,Low,Moderate,4.673916338343229,58.32
1670,2027-02-22 06:00:00,BLDG_C,2865.62,2143.89,687.34,1749.88,7446.73,8334.95,10.66,1251.67,13.84,1516.35,54.19,74.05,9,46.6,42.28,2027,2,22,6,Monday,0,0,38.48158856303371,28.789683525520598,9.230091597251413,23.498636314194286,Within Budget,High,High,Very High,Fair,Low,Low,High,16.808317207687136,47.17
1671,2027-02-22 12:00:00,BLDG_A,5932.9,2092.31,2013.31,693.18,10731.7,12525.38,14.32,1826.93,21.95,10224.9,47.57,64.69,1,74.7,40.47,2027,2,22,12,Monday,0,0,55.2838786026445,19.49653829309429,18.760401427546427,6.4591816767147785,Within Budget,High,Very High,High,Fair,High,Low,Low,17.02367751614376,52.23
1672,2027-02-22 18:00:00,BLDG_A,5601.31,1199.57,1128.08,2403.53,10332.49,11892.86,13.12,550.69,14.19,7989.14,57.32,74.65,1,88.68,80.3,2027,2,22,18,Monday,0,0,54.21065009499163,11.609689435944288,10.917794258692727,23.261866210371366,Within Budget,Moderate,High,Very High,Fair,Very High,High,Low,5.329693036238119,58.71
1673,2027-02-23 00:00:00,BLDG_C,4982.62,1002.83,1220.13,2081.55,9287.13,10685.67,13.09,325.8,4.8,11514.06,53.76,73.12,9,65.5,42.95,2027,2,23,0,Tuesday,1,0,53.650804931125116,10.798061403253751,13.13785852033944,22.4132751452817,Within Budget,Low,Low,Very High,Fair,Moderate,Low,High,3.508080537259627,49.3
1674,2027-02-23 06:00:00,BLDG_B,4737.64,3057.9,1670.37,1247.86,10713.77,11823.39,9.38,1912.15,18.34,4367.41,44.89,82.49,7,58.47,68.01,2027,2,23,6,Tuesday,1,0,44.22010179423303,28.541773810712755,15.59087044056387,11.647253954490342,Within Budget,High,Very High,High,Good,Moderate,Moderate,Moderate,17.8475923974474,51.05
1675,2027-02-23 12:00:00,BLDG_A,3287.78,2419.57,1877.51,1625.63,9210.49,10851.33,15.12,942.58,11.14,2945.8,56.3,92.54,2,69.59,59.1,2027,2,23,12,Tuesday,1,0,35.6960378872351,26.269720720613126,20.3844746587858,17.64976673336598,Within Budget,Moderate,High,Very High,Excellent,Moderate,Moderate,Low,10.23376606456334,57.39
1676,2027-02-23 18:00:00,BLDG_A,5637.13,1612.31,825.42,594.65,8669.51,9689.23,10.52,1004.03,6.77,6962.72,30.28,74.26,11,80.87,47.64,2027,2,23,18,Tuesday,1,0,65.0224753186743,18.597475520531148,9.52095331800759,6.859095842786962,Within Budget,High,Moderate,High,Fair,High,Low,High,11.58116202645824,48.04
1677,2027-02-24 00:00:00,BLDG_C,4157.12,1236.86,1590.43,582.46,7566.87,8955.42,15.51,926.08,19.53,6685.03,39.51,86.97,10,70.83,78.51,2027,2,24,0,Wednesday,2,0,54.93843557507926,16.345728154441662,21.018333868561243,7.697502401917834,Within Budget,Moderate,Very High,High,Good,High,High,High,12.238613852226878,54.21
1678,2027-02-24 06:00:00,BLDG_B,2133.19,2255.39,1105.6,1001.6,6495.78,7205.8,9.85,964.3,7.56,7296.78,52.25,90.85,5,45.38,42.86,2027,2,24,6,Wednesday,2,0,32.83962818937834,34.7208495361604,17.02028085926555,15.419241415195712,Within Budget,Moderate,Moderate,Very High,Excellent,Low,Low,Moderate,14.845022460736047,49.01
1679,2027-02-24 12:00:00,BLDG_C,3270.46,2334.97,1063.67,1879.4,8548.5,9413.55,9.19,1297.65,20.57,4496.64,12.83,68.05,13,48.92,56.56,2027,2,24,12,Wednesday,2,0,38.25770603029771,27.31438264022928,12.44276773702989,21.98514359244312,Within Budget,High,Very High,Low,Fair,Low,Moderate,Very High,15.179856115107915,37.59
1680,2027-02-24 18:00:00,BLDG_B,6195.9,1279.58,1642.05,2204.3,11321.83,11825.32,4.26,668.99,11.95,567.81,56.94,94.26,4,81.07,69.23,2027,2,24,18,Wednesday,2,0,54.72525201314629,11.301883176129653,14.50339741896849,19.469467391755575,Within Budget,Moderate,High,Very High,Excellent,High,Moderate,Moderate,5.908850424357193,61.06
1681,2027-02-25 00:00:00,BLDG_B,5798.2,3083.94,1096.93,1618.37,11597.44,12861.07,9.83,759.58,17.37,902.86,16.94,62.68,1,65.0,60.93,2027,2,25,0,Thursday,3,0,49.995516251862476,26.591558136968157,9.458380470172727,13.954545140996633,Within Budget,Moderate,Very High,Moderate,Fair,Moderate,Moderate,Low,6.549548865956625,40.5
1682,2027-02-25 06:00:00,BLDG_B,6414.96,935.94,1023.0,1564.27,9938.17,10217.6,2.73,1605.26,13.85,8134.0,57.28,94.27,12,84.24,53.48,2027,2,25,6,Thursday,3,0,64.54870464079403,9.417629201351959,10.293645610811648,15.740020547042363,Within Budget,High,High,Very High,Excellent,High,Moderate,High,16.15247072650196,62.41
1683,2027-02-25 12:00:00,BLDG_A,4751.57,1697.06,1904.6,1304.62,9657.85,11337.72,14.82,1476.95,8.62,6517.47,25.75,66.22,13,77.47,88.15,2027,2,25,12,Thursday,3,0,49.1990453361773,17.57181981496917,19.72074530045507,13.50838954839845,Within Budget,High,Moderate,Moderate,Fair,High,Very High,Very High,15.292741138037968,44.52
1684,2027-02-25 18:00:00,BLDG_C,2963.3,2605.08,582.3,823.2,6973.88,7916.6,11.91,855.3,16.08,9941.63,26.63,72.81,9,74.08,88.41,2027,2,25,18,Thursday,3,0,42.49141080718338,37.35481539688093,8.349727841603238,11.804045954332452,Within Budget,Moderate,Very High,Moderate,Fair,High,Very High,High,12.264334918295123,47.4
1685,2027-02-26 00:00:00,BLDG_C,2565.23,1467.54,1616.61,736.71,6386.09,7655.18,16.58,1144.42,21.24,3954.71,12.22,83.0,15,90.07,61.64,2027,2,26,0,Friday,4,0,40.16902361225726,22.98025865592248,25.31455084410022,11.53616688772003,Within Budget,High,Very High,Low,Good,Very High,Moderate,Very High,17.920511611956613,51.63
1686,2027-02-26 06:00:00,BLDG_B,2678.5,3017.49,847.71,2021.36,8565.06,8722.82,1.81,1201.49,17.85,9877.93,58.5,94.42,6,46.07,60.47,2027,2,26,6,Friday,4,0,31.272402061398285,35.23022605796107,9.89730369664661,23.60006818399404,Within Budget,High,Very High,Very High,Excellent,Low,Moderate,Moderate,14.02780599318627,54.21
1687,2027-02-26 12:00:00,BLDG_A,1893.04,2771.63,427.9,2355.01,7447.58,7806.07,4.59,464.55,14.87,5393.15,17.95,69.72,11,52.75,55.98,2027,2,26,12,Friday,4,0,25.41818953270727,37.21517593634442,5.745490481471833,31.62114404947648,Within Budget,Low,High,Moderate,Fair,Moderate,Moderate,High,6.2375966421307325,38.82
1688,2027-02-26 18:00:00,BLDG_A,3636.21,2909.26,700.18,1416.57,8662.22,10181.85,14.92,1359.94,21.83,1612.03,43.91,89.02,13,76.22,84.5,2027,2,26,18,Friday,4,0,41.97780707486072,33.58561662021977,8.08314727633332,16.353429028586206,Within Budget,High,Very High,High,Good,High,High,Very High,15.699670523260783,57.74
1689,2027-02-27 00:00:00,BLDG_C,2699.71,1033.5,1491.99,1818.89,7044.09,7600.93,7.33,649.53,8.78,11745.98,44.71,87.0,14,48.29,69.53,2027,2,27,0,Saturday,5,1,38.325887375090325,14.671873868732513,21.180734488060203,25.821504268116964,Within Budget,Moderate,Moderate,High,Good,Low,Moderate,Very High,9.22092136812562,47.2
1690,2027-02-27 06:00:00,BLDG_A,3734.78,1093.53,1676.43,2328.92,8833.66,9657.49,8.53,312.91,5.12,6387.26,24.03,66.07,12,77.25,44.66,2027,2,27,6,Saturday,5,1,42.27896477790633,12.379127111525687,18.97775101147203,26.36415709909596,Within Budget,Low,Moderate,Moderate,Fair,High,Low,High,3.542246362210002,43.12
1691,2027-02-27 12:00:00,BLDG_A,6194.47,1502.13,437.9,680.23,8814.73,10332.01,14.69,689.43,4.58,7739.0,64.18,78.22,6,94.21,84.37,2027,2,27,12,Saturday,5,1,70.27407532618697,17.041134555454338,4.967820908865048,7.716969209493654,Within Budget,Moderate,Low,Very High,Good,Very High,High,Moderate,7.821339961632404,60.3
1692,2027-02-27 18:00:00,BLDG_B,3823.54,2150.62,465.57,2040.96,8480.69,9365.77,9.45,1225.74,16.79,8214.17,11.66,78.3,4,88.94,67.81,2027,2,27,18,Saturday,5,1,45.08524660139682,25.35902149471328,5.489765573320095,24.0659663305698,Within Budget,High,Very High,Low,Good,Very High,Moderate,Moderate,14.453305096637184,48.92
1693,2027-02-28 00:00:00,BLDG_A,5926.53,2794.45,2024.58,1733.63,12479.19,12962.07,3.73,2171.77,18.94,4667.74,42.65,71.58,13,74.55,61.61,2027,2,28,0,Sunday,6,1,47.49130352210359,22.39287966606807,16.223649131073408,13.892167680754921,Within Budget,Very High,Very High,High,Fair,High,Moderate,Very High,17.40313273537786,51.93
1694,2027-02-28 06:00:00,BLDG_B,4645.87,3042.29,531.95,1697.27,9917.38,11686.7,15.14,708.3,15.43,9096.58,35.33,89.64,2,89.7,57.57,2027,2,28,6,Sunday,6,1,46.84573949974691,30.676347987069168,5.363815846523981,17.114096666659943,Within Budget,Moderate,Very High,High,Good,Very High,Moderate,Low,7.1420072640152945,57.53
1695,2027-02-28 12:00:00,BLDG_C,2961.52,2672.14,2009.53,1085.08,8728.27,8782.49,0.62,584.6,20.29,10508.06,21.99,95.19,8,50.81,45.17,2027,2,28,12,Sunday,6,1,33.93020610040707,30.614772457772272,23.02323369923249,12.431787742588163,Within Budget,Moderate,Very High,Moderate,Excellent,Moderate,Low,High,6.697776306186679,47.07
1696,2027-02-28 18:00:00,BLDG_A,3472.52,3300.07,810.7,1867.79,9451.08,11143.57,15.19,1082.55,16.56,4952.65,17.32,87.23,15,67.73,89.75,2027,2,28,18,Sunday,6,1,36.74204429546676,34.91738510307817,8.577855652475696,19.762714948979376,Within Budget,High,Very High,Moderate,Good,Moderate,Very High,Very High,11.454246498812834,47.21
1697,2027-03-01 00:00:00,BLDG_C,2194.42,2768.48,1732.03,2089.6,8784.53,8873.29,1.0,1333.08,10.68,8055.51,50.01,96.97,15,66.43,78.54,2027,3,1,0,Monday,0,0,24.980505502286405,31.51540264533219,19.71682036489146,23.787271487489935,Within Budget,High,High,Very High,Excellent,Moderate,High,Very High,15.175313875642749,56.02
1698,2027-03-01 06:00:00,BLDG_C,3367.27,1557.55,957.52,725.72,6608.06,7488.05,11.75,938.2,7.26,9206.92,60.23,61.92,8,61.82,46.85,2027,3,1,6,Monday,0,0,50.95701310218127,23.57045789535809,14.490183200515732,10.982345801944897,Within Budget,Moderate,Moderate,Very High,Fair,Moderate,Low,High,14.197812973853145,47.81
1699,2027-03-01 12:00:00,BLDG_A,4984.44,1442.23,1945.75,1567.04,9939.46,10081.95,1.41,1133.04,20.64,2686.45,14.13,61.41,3,45.01,66.59,2027,3,1,12,Monday,0,0,50.147995967587775,14.510144414284076,19.576013183814815,15.765846434313335,Within Budget,High,Very High,Low,Fair,Low,Moderate,Low,11.399412040493146,35.3
1700,2027-03-01 18:00:00,BLDG_A,2138.92,2649.34,1660.82,702.53,7151.61,8161.72,12.38,891.87,5.86,4324.85,19.06,93.97,7,89.55,68.89,2027,3,1,18,Monday,0,0,29.90823045440118,37.045364610206654,23.22302250821843,9.82338242717374,Within Budget,Moderate,Moderate,Moderate,Excellent,Very High,Moderate,Moderate,12.470898161393029,52.11
1701,2027-03-02 00:00:00,BLDG_C,2765.39,1240.04,1123.26,2245.15,7373.84,7423.94,0.67,489.0,13.77,1751.15,64.22,94.12,14,83.89,48.73,2027,3,2,0,Tuesday,1,0,37.50271229101798,16.816746769661396,15.23304004426459,30.447500895056034,Within Budget,Low,High,Very High,Excellent,High,Low,Very High,6.631551538953924,64.0
1702,2027-03-02 06:00:00,BLDG_A,3592.77,959.6,537.34,1515.27,6604.98,7717.86,14.42,626.72,9.65,7425.4,8.86,64.07,7,77.64,62.22,2027,3,2,6,Tuesday,1,0,54.39486569225039,14.52843157738555,8.135376640050387,22.941326090313673,Within Budget,Moderate,Moderate,Low,Fair,High,Moderate,Moderate,9.488597997268728,40.05
1703,2027-03-02 12:00:00,BLDG_B,6415.63,2190.22,1718.86,2115.93,12440.64,13599.97,8.52,849.76,8.89,9710.78,36.97,73.58,14,51.45,73.58,2027,3,2,12,Tuesday,1,0,51.5699353087944,17.605364354245438,13.816491756051136,17.00820858090902,Within Budget,Moderate,Moderate,High,Fair,Moderate,High,Very High,6.830516757980297,42.72
1704,2027-03-02 18:00:00,BLDG_B,5488.85,3000.6,1510.39,1236.17,11236.01,11446.02,1.83,1827.68,15.63,7524.64,37.42,91.74,5,63.91,54.77,2027,3,2,18,Tuesday,1,0,48.85052612092727,26.705209411525978,13.442405266638247,11.001859200908507,Within Budget,High,Very High,High,Excellent,Moderate,Moderate,Moderate,16.26627245792768,52.18
1705,2027-03-03 00:00:00,BLDG_A,5247.39,983.86,405.24,750.16,7386.65,8430.86,12.39,346.31,8.16,2567.51,23.0,64.88,15,91.22,57.24,2027,3,3,0,Wednesday,2,0,71.03883357137539,13.319434385005383,5.486113461447341,10.155618582171892,Within Budget,Low,Moderate,Moderate,Fair,Very High,Moderate,Very High,4.688322852714018,46.82
1706,2027-03-03 06:00:00,BLDG_C,2346.1,2917.3,416.96,583.0,6263.36,6876.28,8.91,826.52,20.49,6783.24,45.79,70.16,5,75.85,46.35,2027,3,3,6,Wednesday,2,0,37.457530782199974,46.577236499259186,6.6571297195115715,9.308102999029275,Within Budget,Moderate,Very High,High,Fair,High,Low,Moderate,13.196111991008022,53.07
1707,2027-03-03 12:00:00,BLDG_A,5470.68,2972.4,1855.83,1063.02,11361.93,11795.84,3.68,784.46,11.31,10101.74,61.86,85.88,15,75.17,61.49,2027,3,3,12,Wednesday,2,0,48.149214085987154,26.16104834301919,16.333756676902603,9.355980894091056,Within Budget,Moderate,High,Very High,Good,High,Moderate,Very High,6.90428474739767,58.56
1708,2027-03-03 18:00:00,BLDG_A,5490.76,2050.37,866.92,988.47,9396.52,9425.97,0.31,952.21,16.19,3981.34,33.66,97.31,8,90.66,70.36,2027,3,3,18,Wednesday,2,0,58.43397342846075,21.820525045442356,9.225968762903712,10.519532763193181,Within Budget,Moderate,Very High,High,Excellent,Very High,High,High,10.133645221848088,59.46
1709,2027-03-04 00:00:00,BLDG_C,4625.18,860.47,1545.04,1620.7,8651.39,9374.64,7.71,648.09,17.1,10075.49,50.72,90.29,4,72.99,46.06,2027,3,4,0,Thursday,3,0,53.461698062392294,9.94603179373488,17.85886429810701,18.733405845765827,Within Budget,Moderate,Very High,Very High,Excellent,High,Low,Moderate,7.491166159426404,57.78
1710,2027-03-04 06:00:00,BLDG_C,6454.7,1188.85,1217.59,543.48,9404.62,9565.68,1.68,738.14,16.29,9523.17,44.83,89.54,1,74.88,71.97,2027,3,4,6,Thursday,3,0,68.6332887453188,12.641127445872346,12.946721930285326,5.778861878523534,Within Budget,Moderate,Very High,High,Good,High,High,Low,7.848695641078534,56.38
1711,2027-03-04 12:00:00,BLDG_B,3328.69,2680.79,1954.17,1541.14,9504.79,9683.8,1.85,656.39,20.26,750.02,34.96,73.02,1,62.29,60.69,2027,3,4,12,Thursday,3,0,35.02118405561827,28.20462103844482,20.559844036533157,16.21435086940374,Within Budget,Moderate,Very High,High,Fair,Moderate,Moderate,Low,6.90588640043599,47.63
1712,2027-03-04 18:00:00,BLDG_C,6223.98,2692.98,2050.53,1283.54,12251.03,12906.04,5.08,1750.9,8.16,3253.73,10.84,85.13,9,63.57,75.27,2027,3,4,18,Thursday,3,0,50.80372833957634,21.981661950056445,16.73761308232859,10.47699662803862,Within Budget,High,Moderate,Low,Good,Moderate,High,High,14.29185954160589,41.92
1713,2027-03-05 00:00:00,BLDG_B,6099.24,3215.39,2194.25,1654.24,13163.12,14822.88,11.2,1116.99,5.55,6743.84,50.28,64.3,4,79.28,56.37,2027,3,5,0,Friday,4,0,46.33582311792341,24.427263445140664,16.669680136624144,12.56723330031178,Within Budget,High,Moderate,Very High,Fair,High,Moderate,Moderate,8.485754137316988,49.85
1714,2027-03-05 06:00:00,BLDG_C,1853.96,2331.52,676.63,1904.84,6766.95,7484.13,9.58,940.29,5.0,8752.6,28.71,97.71,1,61.02,69.56,2027,3,5,6,Friday,4,0,27.39727646871929,34.454517914274525,9.999039449087107,28.149166167919077,Within Budget,Moderate,Low,Moderate,Excellent,Moderate,Moderate,Low,13.89532950590739,48.11
1715,2027-03-05 12:00:00,BLDG_A,3915.55,1047.5,1953.34,1768.18,8684.57,8804.4,1.36,854.65,19.8,10626.1,20.8,78.26,13,72.96,71.87,2027,3,5,12,Friday,4,0,45.08628521619379,12.06162193407388,22.49207502501563,20.36001782471671,Within Budget,Moderate,Very High,Moderate,Good,High,High,Very High,9.841016883967772,47.96
1716,2027-03-05 18:00:00,BLDG_B,6392.39,1039.96,878.84,2469.29,10780.48,12868.51,16.23,1208.35,21.52,7871.99,62.05,84.27,2,58.96,75.91,2027,3,5,18,Friday,4,0,59.29596826857432,9.646694766837841,8.152141648609339,22.90519531597851,Within Budget,High,Very High,Very High,Good,Moderate,High,Low,11.208684585473003,56.7
1717,2027-03-06 00:00:00,BLDG_B,2284.67,2719.17,1463.47,776.53,7243.84,8529.14,15.07,807.64,9.45,4873.96,52.09,93.29,10,53.31,79.36,2027,3,6,0,Saturday,5,1,31.539487343729295,37.53768719353271,20.20295865176481,10.719866810973185,Within Budget,Moderate,Moderate,Very High,Excellent,Moderate,High,High,11.149335159252551,52.04
1718,2027-03-06 06:00:00,BLDG_B,4374.59,1214.6,1310.39,1359.47,8259.05,8687.24,4.93,1456.71,16.48,2623.21,62.85,60.04,7,67.72,47.09,2027,3,6,6,Saturday,5,1,52.96722988721464,14.706291885870652,15.866110509077924,16.4603677178368,Within Budget,High,Very High,Very High,Fair,Moderate,Low,Moderate,17.637742839672846,51.77
1719,2027-03-06 12:00:00,BLDG_A,6401.1,1619.48,432.38,1349.66,9802.62,10042.47,2.39,833.8,4.16,9240.41,22.6,97.09,2,55.87,90.19,2027,3,6,12,Saturday,5,1,65.29988921329195,16.520889313265226,4.410861585984155,13.768359887458658,Within Budget,Moderate,Low,Moderate,Excellent,Moderate,Very High,Low,8.505889241855748,44.93
1720,2027-03-06 18:00:00,BLDG_A,4410.83,2064.19,2078.99,1334.11,9888.12,11751.84,15.86,604.68,7.4,2877.99,55.64,73.65,1,89.92,83.87,2027,3,6,18,Saturday,5,1,44.60736722450779,20.87545458590713,21.025129144872835,13.492049044712237,Within Budget,Moderate,Moderate,Very High,Fair,Very High,High,Low,6.115217048336791,56.65
1721,2027-03-07 00:00:00,BLDG_A,2692.13,769.34,540.99,1827.6,5830.06,6367.76,8.44,972.27,16.41,8497.45,42.64,72.9,10,60.18,69.24,2027,3,7,0,Sunday,6,1,46.176711731954725,13.196090606271632,9.279321310586855,31.347876351186777,Within Budget,Moderate,Very High,High,Fair,Moderate,Moderate,High,16.676843806067172,48.03
1722,2027-03-07 06:00:00,BLDG_A,4536.26,1396.69,1638.79,1479.66,9051.4,9614.7,5.86,508.92,5.19,2583.93,63.95,65.51,14,74.87,86.3,2027,3,7,6,Sunday,6,1,50.116667034933826,15.430651611905342,18.10537596393928,16.34730538922156,Within Budget,Moderate,Moderate,Very High,Fair,High,Very High,Very High,5.622555626753873,52.38
1723,2027-03-07 12:00:00,BLDG_A,2760.87,1842.09,1813.01,1534.87,7950.84,8730.59,8.93,1233.68,12.43,1547.12,61.94,92.61,9,58.17,59.89,2027,3,7,12,Sunday,6,1,34.72425555035694,23.168495404259172,22.80274788575798,19.3045011596259,Within Budget,High,High,Very High,Excellent,Moderate,Moderate,High,15.51634795820316,56.29
1724,2027-03-07 18:00:00,BLDG_B,4242.61,1482.98,1831.52,1364.71,8921.82,10300.68,13.39,468.68,15.93,3387.65,63.46,93.09,14,57.9,41.78,2027,3,7,18,Sunday,6,1,47.5531898200143,16.621944849817638,20.528546865998194,15.296318464169866,Within Budget,Low,Very High,Very High,Excellent,Moderate,Low,Very High,5.253188250827747,57.6
1725,2027-03-08 00:00:00,BLDG_A,2148.0,1081.84,643.89,2483.4,6357.13,6571.22,3.26,818.85,17.79,3776.69,62.25,60.76,5,62.53,77.81,2027,3,8,0,Monday,0,0,33.788832381908186,17.017742283074277,10.128627226437088,39.06479810858045,Within Budget,Moderate,Very High,Very High,Fair,Moderate,High,Moderate,12.880812567935532,50.83
1726,2027-03-08 06:00:00,BLDG_B,4645.77,2738.43,1205.63,2355.12,10944.95,12624.99,13.31,575.5,12.17,7942.91,8.44,62.12,14,90.79,89.05,2027,3,8,6,Monday,0,0,42.44669916262752,25.0200320695846,11.015399796253067,21.517868971534813,Within Budget,Moderate,High,Low,Fair,Very High,Very High,Very High,5.258132746152334,43.38
1727,2027-03-08 12:00:00,BLDG_A,4228.91,2976.81,1892.97,1115.45,10214.14,11745.13,13.04,1720.7,15.35,2350.16,50.24,94.9,13,64.57,48.42,2027,3,8,12,Monday,0,0,41.40250672107491,29.144010166298877,18.53283781111283,10.920645301513392,Within Budget,High,Very High,Very High,Excellent,Moderate,Low,Very High,16.84625431020135,56.26
1728,2027-03-08 18:00:00,BLDG_C,5278.76,1420.94,944.82,723.19,8367.71,9270.33,9.74,960.21,13.71,11198.53,23.5,64.67,4,86.06,73.48,2027,3,8,18,Monday,0,0,63.084882243768014,16.98122903398899,11.291261288930905,8.642627433312104,Within Budget,Moderate,High,Moderate,Fair,Very High,High,Moderate,11.475182576834046,46.98
1729,2027-03-09 00:00:00,BLDG_B,4764.29,2868.37,1241.95,2179.53,11054.14,12968.37,14.76,877.6,4.94,6875.16,48.19,83.6,4,54.86,82.3,2027,3,9,0,Tuesday,1,0,43.09959888331431,25.948377711879893,11.235157144743962,19.716866260061845,Within Budget,Moderate,Low,High,Good,Moderate,High,Moderate,7.939106977114458,47.9
1730,2027-03-09 06:00:00,BLDG_C,4383.15,1779.55,891.03,2494.34,9548.07,9800.41,2.57,487.41,17.37,6145.71,63.89,83.55,15,47.41,87.06,2027,3,9,6,Tuesday,1,0,45.90613600444907,18.637798005251323,9.332043020212462,26.12402297008715,Within Budget,Low,Very High,Very High,Good,Low,Very High,Very High,5.104801284448062,53.06
1731,2027-03-09 12:00:00,BLDG_B,5041.96,2118.72,1234.39,1085.22,9480.29,10609.35,10.64,812.26,7.1,5498.99,10.24,93.05,14,84.08,54.38,2027,3,9,12,Tuesday,1,0,53.183605142880644,22.348683426350878,13.020593251894194,11.447118178874275,Within Budget,Moderate,Moderate,Low,Excellent,High,Moderate,Very High,8.567881362279001,48.62
1732,2027-03-09 18:00:00,BLDG_C,2476.53,3096.8,1998.11,1215.57,8787.01,9576.69,8.25,1192.86,4.57,7015.92,40.32,81.76,11,72.09,46.69,2027,3,9,18,Tuesday,1,0,28.183989775816805,35.24293246508198,22.739361853463237,13.83371590563798,Within Budget,High,Low,High,Good,High,Low,High,13.575266216835988,49.68
1733,2027-03-10 00:00:00,BLDG_A,4598.19,2799.87,1219.22,2383.27,11000.55,11929.64,7.79,965.22,12.12,758.14,49.89,76.49,13,70.19,52.89,2027,3,10,0,Wednesday,2,0,41.79963729086273,25.452091031812046,11.083264018617252,21.665007658707975,Within Budget,Moderate,High,High,Good,High,Moderate,Very High,8.774288558299359,52.17
1734,2027-03-10 06:00:00,BLDG_A,2608.92,2954.33,1400.64,1922.26,8886.15,9335.01,4.81,594.61,19.58,11885.99,22.44,97.03,1,58.61,70.04,2027,3,10,6,Wednesday,2,0,29.35939636400466,33.24645656442892,15.762056683715672,21.63209038785076,Within Budget,Moderate,Very High,Moderate,Excellent,Moderate,High,Low,6.691424295110932,49.42
1735,2027-03-10 12:00:00,BLDG_A,6149.95,1083.17,1127.16,1091.28,9451.56,10155.28,6.93,1102.16,6.71,6911.53,20.83,68.69,3,48.62,87.77,2027,3,10,12,Wednesday,2,0,65.06809457909594,11.46022455552311,11.925650368828004,11.54603049655295,Within Budget,High,Moderate,Moderate,Fair,Low,Very High,Low,11.661143768859322,36.21
1736,2027-03-10 18:00:00,BLDG_B,2121.17,895.21,1228.21,1662.09,5906.68,6034.44,2.12,547.39,4.23,904.74,11.44,69.98,13,69.14,70.29,2027,3,10,18,Wednesday,2,0,35.911374917889574,15.155891295956442,20.793576086735698,28.139157699418284,Within Budget,Moderate,Low,Low,Fair,Moderate,High,Very High,9.267304137010978,38.7
1737,2027-03-11 00:00:00,BLDG_C,3822.76,3201.53,427.31,2388.46,9840.06,10335.21,4.79,539.93,5.98,7284.74,13.35,63.22,1,88.36,87.82,2027,3,11,0,Thursday,3,0,38.8489501080278,32.53567559547402,4.342554821820192,24.272819474678002,Within Budget,Moderate,Moderate,Low,Fair,Very High,Very High,Low,5.487060038251799,42.73
1738,2027-03-11 06:00:00,BLDG_A,5070.25,1785.94,910.74,2123.63,9890.56,10428.54,5.16,525.17,10.55,5526.41,45.43,97.06,5,51.0,80.04,2027,3,11,6,Thursday,3,0,51.26352805099004,18.057015982917047,9.208174259091498,21.471281707001424,Within Budget,Moderate,High,High,Excellent,Moderate,High,Moderate,5.309810566843535,51.01
1739,2027-03-11 12:00:00,BLDG_C,3952.7,1506.06,1185.85,1983.67,8628.28,9871.9,12.6,1174.48,14.44,776.43,36.8,86.84,5,91.46,71.12,2027,3,11,12,Thursday,3,0,45.81098434450435,17.454927285623555,13.743758895167982,22.99032947470411,Within Budget,High,High,High,Good,Very High,High,Moderate,13.611982921277473,57.38
1740,2027-03-11 18:00:00,BLDG_C,2232.85,2729.15,1540.83,1973.99,8476.82,8559.13,0.96,1493.62,7.47,11130.93,9.71,60.46,9,58.74,41.13,2027,3,11,18,Thursday,3,0,26.34065604790476,32.19544593373458,18.176981462388017,23.286916555972642,Within Budget,High,Moderate,Low,Fair,Moderate,Low,High,17.62005091531966,34.1
1741,2027-03-12 00:00:00,BLDG_A,4400.88,3041.96,1210.09,856.04,9508.97,10747.4,11.52,617.74,18.44,621.52,63.27,86.76,13,71.61,57.32,2027,3,12,0,Friday,4,0,46.2813532906298,31.990425882088182,12.725773664234927,9.002447163047101,Within Budget,Moderate,Very High,Very High,Good,High,Moderate,Very High,6.49639235374599,60.02
1742,2027-03-12 06:00:00,BLDG_A,4815.67,3114.97,1008.07,2149.36,11088.07,11579.07,4.24,1618.55,17.56,7145.52,45.39,75.36,8,48.33,42.99,2027,3,12,6,Friday,4,0,43.4310930576737,28.092986425951494,9.091483008314343,19.38443750806047,Within Budget,High,Very High,High,Good,Low,Low,High,14.59722025564413,46.66
1743,2027-03-12 12:00:00,BLDG_C,5107.82,1584.79,1098.58,1052.24,8843.43,8988.22,1.61,381.51,16.53,11560.59,37.38,96.77,5,66.25,56.76,2027,3,12,12,Friday,4,0,57.75835846498474,17.920535357887154,12.4225555016549,11.898550675473205,Within Budget,Low,Very High,High,Excellent,Moderate,Moderate,Moderate,4.314050091423803,54.23
1744,2027-03-12 18:00:00,BLDG_A,3554.32,3086.19,836.13,2360.73,9837.37,10429.2,5.67,858.18,12.77,3232.45,23.55,70.54,5,51.29,43.24,2027,3,12,18,Friday,4,0,36.130795121053694,31.372104536070104,8.499527820952144,23.99757252192405,Within Budget,Moderate,High,Moderate,Fair,Moderate,Low,Moderate,8.723673095552977,39.54
1745,2027-03-13 00:00:00,BLDG_A,4449.2,814.62,2064.09,1229.28,8557.19,8941.36,4.3,907.09,10.57,3423.06,45.51,86.99,7,47.4,48.73,2027,3,13,0,Saturday,5,1,51.99370354053141,9.51971383129275,24.121119199176366,14.365463428999472,Within Budget,Moderate,High,High,Good,Low,Low,Moderate,10.600325574166286,47.62
1746,2027-03-13 06:00:00,BLDG_A,3918.23,839.05,1339.14,2215.32,8311.74,9229.41,9.94,584.42,10.76,504.87,28.76,83.84,12,93.33,61.36,2027,3,13,6,Saturday,5,1,47.140911529956426,10.094757535726574,16.11142793205755,26.65290300225946,Within Budget,Moderate,High,Moderate,Good,Very High,Moderate,High,7.03125939935561,54.17
1747,2027-03-13 12:00:00,BLDG_B,4958.66,2445.85,424.14,1032.47,8861.12,9494.47,6.67,969.73,13.06,1263.04,48.04,60.46,2,81.5,66.77,2027,3,13,12,Saturday,5,1,55.95974323787512,27.602041276949187,4.786528113827597,11.65168737134809,Within Budget,Moderate,High,High,Fair,High,Moderate,Low,10.943650464049691,50.76
1748,2027-03-13 18:00:00,BLDG_C,4542.72,876.7,435.0,1529.05,7383.47,8809.95,16.19,1199.02,5.39,1016.22,46.91,93.64,13,80.95,51.29,2027,3,13,18,Saturday,5,1,61.52554286805526,11.873820845754098,5.891538802216302,20.709097483974336,Within Budget,High,Moderate,High,Excellent,High,Moderate,Very High,16.239247941685957,56.72
1749,2027-03-14 00:00:00,BLDG_C,4271.05,1608.91,2151.33,713.77,8745.06,10430.32,16.16,1501.23,16.28,9960.55,13.29,65.31,7,49.53,78.09,2027,3,14,0,Sunday,6,1,48.83957342774092,18.3979298026543,24.600517320635877,8.161979448968903,Within Budget,High,Very High,Low,Fair,Low,High,Moderate,17.16660606102188,36.1
1750,2027-03-14 06:00:00,BLDG_B,2972.76,2583.72,798.61,1820.24,8175.33,8900.83,8.15,368.57,10.33,10122.48,59.83,85.22,1,91.47,70.7,2027,3,14,6,Sunday,6,1,36.36256885043173,31.603861862456927,9.768535337411457,22.265033949699887,Within Budget,Low,High,Very High,Good,Very High,High,Low,4.508319541841124,61.71
1751,2027-03-14 12:00:00,BLDG_C,1809.49,1644.35,1850.09,2172.16,7476.09,8664.92,13.72,529.13,8.05,8857.05,35.76,89.47,14,68.47,75.97,2027,3,14,12,Sunday,6,1,24.20369471207543,21.994786044576774,24.74675933542801,29.05475990791978,Within Budget,Moderate,Moderate,High,Good,Moderate,High,Very High,7.077630151589935,50.44
1752,2027-03-14 18:00:00,BLDG_A,2618.18,1202.88,504.9,1936.89,6262.85,6279.47,0.26,1107.71,9.01,4556.57,30.4,83.98,5,87.61,78.1,2027,3,14,18,Sunday,6,1,41.80492906584063,19.206591248393305,8.061824888030209,30.926654797735853,Within Budget,High,Moderate,High,Good,Very High,High,Moderate,17.68699553717557,52.75
1753,2027-03-15 00:00:00,BLDG_C,2350.21,1487.78,2058.09,1546.52,7442.6,8258.03,9.87,525.17,7.25,9944.43,62.46,63.69,15,45.63,77.8,2027,3,15,0,Monday,0,0,31.577808830247495,19.99005723806197,27.6528363743853,20.77929755730524,Within Budget,Moderate,Moderate,Very High,Fair,Low,High,Very High,7.05627065810335,44.76
1754,2027-03-15 06:00:00,BLDG_A,3910.7,1981.21,1973.95,590.23,8456.09,9713.17,12.94,1132.32,20.23,6707.41,32.98,97.06,12,59.91,88.68,2027,3,15,6,Monday,0,0,46.24714259190713,23.429386394894095,23.34353111189687,6.9799399013019015,Within Budget,High,Very High,High,Excellent,Moderate,Very High,High,13.390585956393558,52.54
1755,2027-03-15 12:00:00,BLDG_B,4677.61,2031.08,1427.97,2366.88,10503.54,10959.27,4.16,714.43,7.04,3999.57,49.11,69.0,15,94.8,52.34,2027,3,15,12,Monday,0,0,44.53365246383599,19.337099682583204,13.595130784478373,22.534117069102415,Within Budget,Moderate,Moderate,High,Fair,Very High,Moderate,Very High,6.801802059115307,54.99
1756,2027-03-15 18:00:00,BLDG_A,2801.5,2892.4,416.2,1910.98,8021.08,8119.21,1.21,669.4,19.89,5528.68,45.34,83.86,12,66.39,54.05,2027,3,15,18,Monday,0,0,34.92671809781226,36.05998194756816,5.1888274396964,23.82447251492318,Within Budget,Moderate,Very High,High,Good,Moderate,Moderate,High,8.34550958225077,53.87
1757,2027-03-16 00:00:00,BLDG_C,6213.57,2800.43,864.06,1991.73,11869.79,12239.94,3.02,696.66,14.3,1256.33,17.41,90.29,6,89.42,44.9,2027,3,16,0,Tuesday,1,0,52.34776689393831,23.592919504051878,7.2794885166460395,16.77982508536377,Within Budget,Moderate,High,Moderate,Excellent,Very High,Low,Moderate,5.869185554251591,52.86
1758,2027-03-16 06:00:00,BLDG_C,1831.41,1979.09,1132.28,2089.36,7032.14,7653.57,8.12,1114.21,19.61,11366.45,64.5,95.69,13,61.4,70.81,2027,3,16,6,Tuesday,1,0,26.04342348133001,28.143495436666505,16.10149968572867,29.711581396274816,Within Budget,High,Very High,Very High,Excellent,Moderate,High,Very High,15.844536655982388,60.3
1759,2027-03-16 12:00:00,BLDG_C,5429.81,3067.87,1228.12,1995.49,11721.29,12908.36,9.2,1903.51,12.53,7619.84,34.43,82.95,11,71.27,60.55,2027,3,16,12,Tuesday,1,0,46.32433802081511,26.173484317852385,10.47768632974698,17.024491331585516,Within Budget,High,High,High,Good,High,Moderate,High,16.239765418311464,50.3
1760,2027-03-16 18:00:00,BLDG_B,4738.46,1019.86,935.82,1382.23,8076.37,8691.6,7.08,601.99,20.7,8909.19,30.5,69.84,14,87.71,65.8,2027,3,16,18,Tuesday,1,0,58.67066516269066,12.627702792219772,11.587136300095217,17.114495744994347,Within Budget,Moderate,Very High,High,Fair,Very High,Moderate,Very High,7.453719926154943,52.19
1761,2027-03-17 00:00:00,BLDG_B,3555.71,1414.99,459.31,1967.24,7397.25,8048.17,8.09,1135.76,7.81,8280.71,60.42,91.79,10,75.29,48.83,2027,3,17,0,Wednesday,2,0,48.06799824259016,19.128595086011693,6.2091993646287476,26.59420730676941,Within Budget,High,Moderate,Very High,Excellent,High,Low,High,15.353813917334143,58.83
1762,2027-03-17 06:00:00,BLDG_C,2037.3,3018.33,1462.23,1750.05,8267.91,9045.48,8.6,692.32,13.98,8179.12,38.17,66.2,1,81.26,73.75,2027,3,17,6,Wednesday,2,0,24.641051970812455,36.50656574636154,17.68560615681593,21.166776126010078,Within Budget,Moderate,High,High,Fair,High,High,Low,8.373579296339704,49.9
1763,2027-03-17 12:00:00,BLDG_A,4749.19,1758.38,1343.48,2208.03,10059.08,11607.04,13.34,451.18,6.27,698.5,48.19,60.85,15,56.44,72.19,2027,3,17,12,Wednesday,2,0,47.21296579806503,17.48052505795759,13.355893381899737,21.950615762077646,Within Budget,Low,Moderate,High,Fair,Moderate,High,Very High,4.485300842621791,42.94
1764,2027-03-17 18:00:00,BLDG_B,3612.38,3447.31,909.4,2104.92,10074.01,10286.05,2.06,1447.75,12.05,6541.77,56.24,94.51,9,52.79,53.77,2027,3,17,18,Wednesday,2,0,35.85841189357565,34.21983897176993,9.02718976852316,20.89455936613126,Within Budget,High,High,Very High,Excellent,Moderate,Moderate,High,14.371139198789756,53.9
1765,2027-03-18 00:00:00,BLDG_C,6200.46,2005.51,468.36,582.75,9257.08,10680.73,13.33,1105.91,14.26,9949.67,21.42,81.86,9,56.52,64.2,2027,3,18,0,Thursday,3,0,66.98073258522126,21.664606981899258,5.059478798930116,6.295181633949366,Within Budget,High,High,Moderate,Good,Moderate,Moderate,High,11.94663976113418,43.52
1766,2027-03-18 06:00:00,BLDG_C,4347.35,2917.42,2190.27,1257.77,10712.81,12188.24,12.11,762.3,14.9,1011.97,17.66,62.65,1,69.65,86.5,2027,3,18,6,Thursday,3,0,40.58085600323352,27.233004225782032,20.445336004278992,11.740803766705469,Within Budget,Moderate,High,Moderate,Fair,Moderate,Very High,Low,7.1157800801097,41.22
1767,2027-03-18 12:00:00,BLDG_B,6216.36,1826.46,1267.58,569.43,9879.83,11345.33,12.92,671.33,10.58,11495.91,11.9,82.03,4,85.05,80.22,2027,3,18,12,Thursday,3,0,62.91970610830347,18.486755338907653,12.829977843748322,5.76356070904054,Within Budget,Moderate,High,Low,Good,Very High,High,Moderate,6.794954973921616,47.39
1768,2027-03-18 18:00:00,BLDG_B,2836.27,1889.87,1760.81,704.15,7191.1,8247.43,12.81,1268.1,5.37,5377.84,59.14,65.51,15,62.7,51.8,2027,3,18,18,Thursday,3,0,39.44139283280722,26.280680285352727,24.485961813908858,9.791965067931192,Within Budget,High,Moderate,Very High,Fair,Moderate,Moderate,Very High,17.634297951634657,48.18
1769,2027-03-19 00:00:00,BLDG_B,5210.91,1772.07,1214.17,1702.82,9899.97,10831.74,8.6,1577.81,15.8,3833.8,19.42,61.19,8,73.24,85.7,2027,3,19,0,Friday,4,0,52.63561404731529,17.899751211367306,12.26438059913313,17.20025414218427,Within Budget,High,Very High,Moderate,Fair,High,Very High,High,15.937523042999121,42.41
1770,2027-03-19 06:00:00,BLDG_A,4701.07,2713.41,477.71,2247.64,10139.83,10568.54,4.06,1535.88,12.79,6615.95,25.54,64.43,2,85.24,43.5,2027,3,19,6,Friday,4,0,46.36241436000406,26.759916093267833,4.711222969221377,22.166446577506722,Within Budget,High,High,Moderate,Fair,Very High,Low,Low,15.146999505908878,47.0
1771,2027-03-19 12:00:00,BLDG_A,5275.22,2233.05,957.28,739.65,9205.2,10193.16,9.69,452.92,6.46,9713.96,24.29,89.45,13,56.94,61.52,2027,3,19,12,Friday,4,0,57.30695693738321,24.258571242341283,10.399339503758744,8.035132316516751,Within Budget,Low,Moderate,Moderate,Good,Moderate,Moderate,Very High,4.920262460348498,44.28
1772,2027-03-19 18:00:00,BLDG_C,2808.94,3342.58,976.2,1402.18,8529.9,10164.2,16.08,1222.15,20.85,5959.68,25.36,88.72,13,89.15,44.17,2027,3,19,18,Friday,4,0,32.93051501189932,39.186625869001986,11.444448352266734,16.438410766831968,Within Budget,High,Very High,Moderate,Good,Very High,Low,Very High,14.327835027374297,56.02
1773,2027-03-20 00:00:00,BLDG_B,4925.47,1402.49,1909.04,2321.76,10558.76,11801.58,10.53,656.55,21.2,7918.72,46.08,82.96,11,92.65,88.06,2027,3,20,0,Saturday,5,1,46.6481859612303,13.282715015778368,18.080153351340496,21.98894567165084,Within Budget,Moderate,Very High,High,Good,Very High,Very High,High,6.218059696403744,60.72
1774,2027-03-20 06:00:00,BLDG_A,4140.79,981.58,1577.61,2128.6,8828.58,8848.09,0.22,1559.2,19.42,6249.02,62.38,67.95,13,46.95,42.12,2027,3,20,6,Saturday,5,1,46.90210656753408,11.118209270346988,17.869351583153804,24.11033257896513,Within Budget,High,Very High,Very High,Fair,Low,Low,Very High,17.660824277516884,49.18
1775,2027-03-20 12:00:00,BLDG_B,5291.28,1801.13,895.77,1539.34,9527.52,9641.3,1.18,360.27,19.19,7759.63,26.78,88.08,8,47.96,47.86,2027,3,20,12,Saturday,5,1,55.53680286160512,18.90449980687524,9.401922011184443,16.156775320335196,Within Budget,Low,Very High,Moderate,Good,Low,Low,High,3.781361781449947,45.5
1776,2027-03-20 18:00:00,BLDG_C,3337.11,2426.8,2141.93,2043.14,9948.98,11924.58,16.57,823.98,5.78,2087.36,31.24,75.51,10,49.55,87.58,2027,3,20,18,Saturday,5,1,33.54223247006226,24.392450281335375,21.529141680855727,20.536175567746646,Within Budget,Moderate,Moderate,High,Good,Low,Very High,High,8.282055044838769,40.52
1777,2027-03-21 00:00:00,BLDG_A,5983.27,3110.24,978.78,1545.39,11617.68,11784.85,1.42,1095.51,21.88,944.63,51.96,79.41,13,83.84,70.27,2027,3,21,0,Sunday,6,1,51.50141852762342,26.7716101665737,8.42491788377714,13.302053422025741,Within Budget,High,Very High,Very High,Good,High,High,Very High,9.429679591794574,59.27
1778,2027-03-21 06:00:00,BLDG_A,2196.22,1669.35,2196.82,816.18,6878.57,6941.91,0.91,1056.76,11.21,2074.37,32.64,94.11,12,54.47,81.35,2027,3,21,6,Sunday,6,1,31.92843861442131,24.268852392285023,31.937161357665918,11.865547635627752,Within Budget,High,High,High,Excellent,Moderate,High,High,15.36307691860372,48.11
1779,2027-03-21 12:00:00,BLDG_A,5593.79,2530.6,2193.09,749.47,11066.95,11848.33,6.59,1603.97,6.94,3787.14,60.78,77.4,14,81.28,40.85,2027,3,21,12,Sunday,6,1,50.54500110689937,22.86628203795987,19.816570961285628,6.772145893855128,Within Budget,High,Moderate,Very High,Good,High,Low,Very High,14.493333755009283,56.6
1780,2027-03-21 18:00:00,BLDG_C,5848.2,1680.56,744.18,876.74,9149.68,10923.47,16.24,789.15,18.62,3413.59,36.68,83.8,13,67.06,61.79,2027,3,21,18,Sunday,6,1,63.91698944662545,18.367418314083114,8.133399200846368,9.582193038445059,Within Budget,Moderate,Very High,High,Good,Moderate,Moderate,Very High,8.624891799494627,51.54
1781,2027-03-22 00:00:00,BLDG_B,5641.09,2428.21,962.93,1201.84,10234.07,10886.34,5.99,1175.22,8.06,7574.52,27.82,96.55,9,86.81,91.19,2027,3,22,0,Monday,0,0,55.120690008960274,23.726728466778123,9.40906208380439,11.743519440457217,Within Budget,High,Moderate,Moderate,Excellent,Very High,Very High,High,11.483407871941468,54.81
1782,2027-03-22 06:00:00,BLDG_A,4209.81,3177.46,1274.88,2361.06,11023.21,11926.86,7.58,1712.34,13.47,5742.73,63.38,77.15,9,85.43,70.15,2027,3,22,6,Monday,0,0,38.19041821756095,28.82517887257886,11.565415155839363,21.418987754020836,Within Budget,High,High,Very High,Good,Very High,High,High,15.533950636883448,59.86
1783,2027-03-22 12:00:00,BLDG_C,3860.41,1347.8,1595.38,2099.36,8902.95,10031.98,11.25,291.39,6.3,946.34,32.27,81.31,14,92.98,84.18,2027,3,22,12,Monday,0,0,43.36102078524534,15.138802307100455,17.91967830887515,23.580498598779055,Within Budget,Low,Moderate,High,Good,Very High,High,Very High,3.272960086263541,53.22
1784,2027-03-22 18:00:00,BLDG_B,6482.43,1831.88,1350.49,1365.6,11030.4,11083.59,0.48,1658.16,12.54,900.96,21.18,82.21,1,57.55,90.11,2027,3,22,18,Monday,0,0,58.76876631853787,16.607557296199595,12.243345662895273,12.380330722367274,Within Budget,High,High,Moderate,Good,Moderate,Very High,Low,15.032637075718016,43.37
1785,2027-03-23 00:00:00,BLDG_C,2877.11,3481.14,2144.99,1486.15,9989.39,11783.01,15.22,1718.52,14.05,1541.76,18.13,69.15,9,56.46,75.62,2027,3,23,0,Tuesday,1,0,28.80165855973188,34.84837412494657,21.472682516149632,14.877284799171923,Within Budget,High,High,Moderate,Fair,Moderate,High,High,17.20345286348816,39.45
1786,2027-03-23 06:00:00,BLDG_B,4370.32,3131.96,1703.18,1031.22,10236.68,11300.15,9.41,356.34,12.03,4560.43,64.73,88.0,4,46.58,57.04,2027,3,23,6,Tuesday,1,0,42.6927480394034,30.59546649890394,16.638011542804897,10.073773918887765,Within Budget,Low,High,Very High,Good,Low,Moderate,Moderate,3.4810114216718704,52.83
1787,2027-03-23 12:00:00,BLDG_C,4952.17,2280.99,781.68,1908.71,9923.55,10850.03,8.54,365.56,5.25,571.1,50.92,87.61,12,65.52,56.05,2027,3,23,12,Tuesday,1,0,49.90321004076163,22.985625103919464,7.87701981649712,19.234145038821797,Within Budget,Low,Moderate,Very High,Good,Moderate,Moderate,High,3.6837623632671774,52.32
1788,2027-03-23 18:00:00,BLDG_B,5094.08,2146.56,589.18,2105.53,9935.35,11645.67,14.69,811.49,12.73,6180.85,31.29,68.12,12,67.95,43.71,2027,3,23,18,Tuesday,1,0,51.27227525955301,21.60527812306562,5.930138344396522,21.192308272984846,Within Budget,Moderate,High,High,Fair,Moderate,Low,High,8.1677042077028,45.02
1789,2027-03-24 00:00:00,BLDG_A,2758.92,1496.88,1639.12,977.81,6872.73,8182.78,16.01,296.66,12.44,4647.7,55.1,60.51,8,93.23,62.24,2027,3,24,0,Wednesday,2,0,40.14299994325399,21.77999135714629,23.849620165494642,14.227388534105078,Within Budget,Low,High,Very High,Fair,Very High,Moderate,High,4.316479768592685,55.32
1790,2027-03-24 06:00:00,BLDG_B,4873.77,2148.19,685.21,583.64,8290.81,8992.92,7.81,844.76,8.71,6887.57,39.17,97.96,13,86.54,87.6,2027,3,24,6,Wednesday,2,0,58.785209165328844,25.910496079393937,8.264693075827333,7.0396016794498975,Within Budget,Moderate,Moderate,High,Excellent,Very High,Very High,Very High,10.189113005846233,58.1
1791,2027-03-24 12:00:00,BLDG_C,5646.34,3074.91,1817.82,1747.78,12286.85,12710.6,3.33,1711.64,20.59,8789.49,26.09,82.1,14,53.34,64.86,2027,3,24,12,Wednesday,2,0,45.95433329128296,25.026023757106174,14.794841639639126,14.22480131197174,Within Budget,High,Very High,Moderate,Good,Moderate,Moderate,Very High,13.930665711716184,45.53
1792,2027-03-24 18:00:00,BLDG_C,2035.09,2618.49,959.87,1625.02,7238.47,8419.37,14.03,832.68,11.52,3386.19,50.37,66.88,9,84.92,87.37,2027,3,24,18,Wednesday,2,0,28.11491931305925,36.174633589695055,13.260675253195773,22.449771844049916,Within Budget,Moderate,High,Very High,Fair,High,Very High,High,11.503535968236381,53.42
1793,2027-03-25 00:00:00,BLDG_B,6084.15,1512.12,988.41,1304.26,9888.94,10686.5,7.46,588.04,19.55,2306.46,50.52,70.78,3,53.91,82.49,2027,3,25,0,Thursday,3,0,61.52479436623136,15.291022091346493,9.995105643274202,13.189077899147936,Within Budget,Moderate,Very High,Very High,Fair,Moderate,High,Low,5.946441175697294,48.69
1794,2027-03-25 06:00:00,BLDG_A,1938.67,1264.1,419.44,1787.79,5410.0,6422.26,15.76,693.68,5.97,3697.62,36.51,83.48,6,48.89,91.18,2027,3,25,6,Thursday,3,0,35.834935304990765,23.365988909426985,7.753049907578557,33.0460258780037,Within Budget,Moderate,Moderate,High,Good,Low,Very High,Moderate,12.822181146025876,43.71
1795,2027-03-25 12:00:00,BLDG_A,3473.06,1442.58,1661.82,1601.23,8178.69,9732.48,15.96,1085.54,9.74,520.28,10.57,65.23,3,86.85,89.28,2027,3,25,12,Thursday,3,0,42.464746799304045,17.63827703458622,20.318901926836695,19.57807423927304,Within Budget,High,Moderate,Low,Fair,Very High,Very High,Low,13.272785739525522,43.1
1796,2027-03-25 18:00:00,BLDG_B,1874.32,1175.33,603.89,1001.16,4654.7,4761.6,2.25,790.68,7.17,1880.15,12.39,61.42,1,93.8,76.74,2027,3,25,18,Thursday,3,0,40.26725675124068,25.250392076825573,12.973768449094464,21.508582722839282,Within Budget,Moderate,Moderate,Low,Fair,Very High,High,Low,16.98670161342299,43.7
1797,2027-03-26 00:00:00,BLDG_B,2162.58,967.79,1791.19,1295.46,6217.02,7406.4,16.06,323.41,11.35,9134.55,52.96,90.34,10,49.41,85.3,2027,3,26,0,Friday,4,0,34.78483260468842,15.566782799476275,28.811070255524353,20.837314340310954,Within Budget,Low,High,Very High,Excellent,Low,Very High,High,5.202009966189589,51.02
1798,2027-03-26 06:00:00,BLDG_C,6082.49,1873.58,1285.36,1356.23,10597.66,11378.22,6.86,1418.5,6.01,3062.28,54.94,87.2,6,85.7,78.9,2027,3,26,6,Friday,4,0,57.39465127207327,17.6791857825218,12.128715206941909,12.797447738463019,Within Budget,High,Moderate,Very High,Good,Very High,High,Moderate,13.385030280269419,58.46
1799,2027-03-26 12:00:00,BLDG_A,3467.85,1017.24,1811.7,2260.5,8557.29,9663.32,11.45,1426.62,11.94,11934.45,46.66,71.76,5,87.96,76.58,2027,3,26,12,Friday,4,0,40.52509614609298,11.88740827995779,21.17142226101955,26.416073312929672,Within Budget,High,High,High,Fair,Very High,High,Moderate,16.67139947343142,54.58
1800,2027-03-26 18:00:00,BLDG_B,3796.43,1181.36,1451.07,2421.81,8850.67,8912.18,0.69,931.4,10.37,2430.06,55.83,62.22,3,50.94,77.21,2027,3,26,18,Friday,4,0,42.89426676172538,13.34769006188232,16.395029980781114,27.36301319561118,Within Budget,Moderate,High,Very High,Fair,Moderate,High,Low,10.523497091180667,44.84
1801,2027-03-27 00:00:00,BLDG_A,2812.12,2232.51,548.38,2286.0,7879.01,9279.72,15.09,663.96,8.02,9570.87,49.01,78.48,14,59.16,77.49,2027,3,27,0,Saturday,5,1,35.691286087972976,28.334905019793098,6.960011473522688,29.013797418711235,Within Budget,Moderate,Moderate,High,Good,Moderate,High,Very High,8.42694704030075,48.67
1802,2027-03-27 06:00:00,BLDG_B,4606.35,1160.88,1778.17,1938.36,9483.76,10700.71,11.37,527.41,15.56,8608.01,59.13,70.5,14,81.68,59.73,2027,3,27,6,Saturday,5,1,48.570925455726425,12.24071465325989,18.749630948062794,20.438728942950895,Within Budget,Moderate,Very High,Very High,Fair,High,Moderate,Very High,5.561190920057023,56.72
1803,2027-03-27 12:00:00,BLDG_B,4595.58,878.86,525.64,1669.99,7670.07,8657.29,11.4,1227.35,21.12,4204.52,16.57,75.12,4,85.39,62.03,2027,3,27,12,Saturday,5,1,59.91575044295554,11.458304813385016,6.853131718484969,21.77281302517448,Within Budget,High,Very High,Moderate,Good,Very High,Moderate,Moderate,16.001809631463598,49.55
1804,2027-03-27 18:00:00,BLDG_A,3549.34,1588.69,1261.66,1878.52,8278.21,9771.89,15.29,737.89,7.73,4303.5,30.1,70.41,2,62.7,55.29,2027,3,27,18,Saturday,5,1,42.87569414160791,19.191226122555484,15.240734409975106,22.69234532586151,Within Budget,Moderate,Moderate,High,Fair,Moderate,Moderate,Low,8.913641958829265,42.74
1805,2027-03-28 00:00:00,BLDG_B,3365.26,1316.89,710.23,2378.22,7770.6,8560.63,9.23,1311.15,16.81,6980.84,34.45,66.66,12,53.0,47.71,2027,3,28,0,Sunday,6,1,43.30759529508661,16.947082593364733,9.13996345198569,30.605358659562963,Within Budget,High,Very High,High,Fair,Moderate,Low,High,16.873214423596632,42.73
1806,2027-03-28 06:00:00,BLDG_B,5959.33,2142.85,1754.2,1000.0,10856.38,11747.72,7.59,1706.23,17.36,10302.3,24.97,74.71,10,77.42,63.84,2027,3,28,6,Sunday,6,1,54.892422704437394,19.738163181465644,16.158240592167925,9.211173521929043,Within Budget,High,Very High,Moderate,Fair,High,Moderate,High,15.716380598320988,48.61
1807,2027-03-28 12:00:00,BLDG_C,3601.44,986.63,2040.86,1570.24,8199.17,9619.48,14.76,709.2,12.97,4941.15,49.35,96.67,10,80.1,86.8,2027,3,28,12,Sunday,6,1,43.92444601099867,12.0332911745945,24.89105604591684,19.15120676848998,Within Budget,Moderate,High,High,Excellent,High,Very High,High,8.649656001766033,59.77
1808,2027-03-28 18:00:00,BLDG_B,4119.45,2804.96,1397.43,1879.22,10201.06,11715.76,12.93,1184.21,20.16,1203.57,60.01,70.12,13,70.18,73.87,2027,3,28,18,Sunday,6,1,40.382568086061646,27.49675033771,13.698870509535285,18.42181106669307,Within Budget,High,Very High,Very High,Fair,High,High,Very High,11.60869556693128,55.12
1809,2027-03-29 00:00:00,BLDG_B,3131.53,3237.45,1348.87,1858.49,9576.34,11393.88,15.95,326.32,21.4,4805.82,31.51,72.77,14,52.25,42.92,2027,3,29,0,Monday,0,0,32.70069776135768,33.806757070028844,14.085443916987073,19.407101251626404,Within Budget,Low,Very High,High,Fair,Moderate,Low,Very High,3.4075648943124404,44.48
1810,2027-03-29 06:00:00,BLDG_B,5497.82,2781.62,1775.13,1004.56,11059.13,13138.52,15.83,768.42,10.52,2884.1,61.67,72.51,4,87.22,82.18,2027,3,29,6,Monday,0,0,49.712952103827334,25.152249770099456,16.05126262192415,9.083535504149062,Within Budget,Moderate,High,Very High,Fair,Very High,High,Moderate,6.948286167175899,57.98
1811,2027-03-29 12:00:00,BLDG_C,3668.01,2191.92,409.14,1673.46,7942.53,8549.86,7.1,1084.48,15.72,11300.88,37.46,78.25,4,77.26,88.64,2027,3,29,12,Monday,0,0,46.18188410997504,27.597251757311593,5.151255330480338,21.06960880223304,Within Budget,High,Very High,High,Good,High,Very High,Moderate,13.654087551447713,52.17
1812,2027-03-29 18:00:00,BLDG_A,4213.97,3109.87,2051.97,2091.83,11467.64,12492.82,8.21,1510.14,15.92,8518.65,37.78,92.05,3,88.46,83.13,2027,3,29,18,Monday,0,0,36.746619182325226,27.118657369781403,17.89356833664119,18.241155111252187,Within Budget,High,Very High,High,Excellent,Very High,High,Low,13.16870777247978,58.55
1813,2027-03-30 00:00:00,BLDG_C,2990.78,2645.77,755.41,1450.16,7842.12,8243.61,4.87,650.94,11.27,1084.58,42.21,75.28,6,91.65,77.83,2027,3,30,0,Tuesday,1,0,38.13739141966713,33.73794331124747,9.632726864674348,18.491938404411055,Within Budget,Moderate,High,High,Good,Very High,High,Moderate,8.300561582837295,55.1
1814,2027-03-30 06:00:00,BLDG_C,6442.0,729.54,2171.41,2086.6,11429.55,12939.73,11.67,1729.19,9.7,3869.37,23.29,90.63,1,85.28,47.81,2027,3,30,6,Tuesday,1,0,56.36267394604337,6.382928461750463,18.998210778202115,18.256186814004053,Within Budget,High,Moderate,Moderate,Excellent,Very High,Low,Low,15.12911706935094,52.22
1815,2027-03-30 12:00:00,BLDG_A,3170.03,1803.45,1725.26,1219.77,7918.51,8495.84,6.8,517.68,20.81,1077.48,29.85,64.37,9,92.93,58.15,2027,3,30,12,Tuesday,1,0,40.03316280461855,22.775118046198084,21.787684804338188,15.404034344845178,Within Budget,Moderate,Very High,Moderate,Fair,Very High,Moderate,High,6.537593562425253,51.99
1816,2027-03-30 18:00:00,BLDG_C,5422.49,3082.67,1793.65,2377.52,12676.33,14669.3,13.59,1257.37,18.22,10045.19,39.53,94.01,11,92.71,69.39,2027,3,30,18,Tuesday,1,0,42.776497614057064,24.31831610568674,14.149600081411576,18.755586198844618,Within Budget,High,Very High,High,Excellent,Very High,Moderate,High,9.919038081211202,61.12
1817,2027-03-31 00:00:00,BLDG_A,3809.23,1668.4,1581.17,1567.86,8626.66,8836.38,2.37,870.25,6.06,10922.41,61.69,67.04,10,75.97,44.0,2027,3,31,0,Wednesday,2,0,44.15648698337479,19.340045857840696,18.32887815214695,18.17458900663756,Within Budget,Moderate,Moderate,Very High,Fair,High,Low,High,10.087913514616318,52.69
1818,2027-03-31 06:00:00,BLDG_C,2769.22,798.6,1248.99,1691.9,6508.71,6660.24,2.28,528.0,6.16,1791.22,44.63,61.49,3,81.41,45.53,2027,3,31,6,Wednesday,2,0,42.54637247626641,12.269712431495643,19.189516816696393,25.994398275541545,Within Budget,Moderate,Moderate,High,Fair,High,Low,Low,8.11220656627811,48.42
1819,2027-03-31 12:00:00,BLDG_A,5558.68,2789.3,1428.93,562.72,10339.63,10762.43,3.93,1790.82,20.61,5563.34,26.99,66.02,3,79.97,88.58,2027,3,31,12,Wednesday,2,0,53.76091794387228,26.976787370534538,13.819933595302736,5.442361090290466,Within Budget,High,Very High,Moderate,Fair,High,Very High,Low,17.31996212630433,48.4
1820,2027-03-31 18:00:00,BLDG_B,3367.95,2945.71,483.53,840.54,7637.73,7766.49,1.66,1027.29,5.47,11216.66,8.6,67.25,12,76.06,76.54,2027,3,31,18,Wednesday,2,0,44.09621706973145,38.56787291512007,6.3308077138102545,11.005102301338225,Within Budget,High,Moderate,Low,Fair,High,High,High,13.450200517693084,39.34
1821,2027-04-01 00:00:00,BLDG_C,5866.41,1149.66,1523.13,1765.87,10305.07,11582.96,11.03,1142.63,16.39,2169.93,63.95,79.32,3,45.97,54.3,2027,4,1,0,Thursday,3,0,56.92741534021602,11.156256095300664,14.780394504840821,17.135934059642484,Within Budget,High,Very High,Very High,Good,Low,Moderate,Low,11.088037247684879,51.41
1822,2027-04-01 06:00:00,BLDG_C,6101.71,2204.55,1526.98,1339.74,11172.98,11502.25,2.86,1190.79,8.08,3856.89,36.1,77.1,7,62.8,57.02,2027,4,1,6,Thursday,3,0,54.611303340738104,19.73108338151505,13.666720964326437,11.990892313420414,Within Budget,High,Moderate,High,Good,Moderate,Moderate,Moderate,10.657765430529723,46.02
1823,2027-04-01 12:00:00,BLDG_C,5841.17,1237.48,2004.16,1516.33,10599.14,10938.23,3.1,571.23,4.63,3999.16,61.49,87.2,8,50.0,59.99,2027,4,1,12,Thursday,3,0,55.10984853488113,11.675286862896424,18.908703913713758,14.30616068850869,Within Budget,Moderate,Low,Very High,Good,Low,Moderate,High,5.38939951731933,50.83
1824,2027-04-01 18:00:00,BLDG_C,1964.54,2713.86,1310.18,625.94,6614.52,6633.34,0.28,567.71,5.07,845.67,39.31,61.94,2,60.01,43.9,2027,4,1,18,Thursday,3,0,29.700416659107535,41.02882748861595,19.80763532350042,9.463120528776086,Within Budget,Moderate,Moderate,High,Fair,Moderate,Low,Low,8.582784540677176,41.58
1825,2027-04-02 00:00:00,BLDG_B,5500.65,1460.34,538.86,2168.27,9668.12,11180.39,13.53,1265.71,10.72,917.14,42.51,78.91,1,48.43,78.44,2027,4,2,0,Friday,4,0,56.89472203489405,15.104694604535315,5.573575834805525,22.427007525765088,Within Budget,High,High,High,Good,Low,High,Low,13.091583472277959,45.14
1826,2027-04-02 06:00:00,BLDG_C,3733.3,1585.4,951.15,2069.01,8338.86,9693.58,13.98,1406.65,5.4,11457.12,48.58,72.63,5,91.0,49.2,2027,4,2,6,Friday,4,0,44.76990859661873,19.01219111485263,11.406235384692872,24.81166490383578,Within Budget,High,Moderate,High,Fair,Very High,Low,Moderate,16.868612736033462,54.4
1827,2027-04-02 12:00:00,BLDG_B,5906.5,3065.92,1580.13,870.71,11423.26,11793.42,3.14,1741.7,14.74,7067.57,26.3,83.97,8,67.57,81.87,2027,4,2,12,Friday,4,0,51.705905319497234,26.839273552383467,13.832566185134542,7.6222549429847515,Within Budget,High,High,Moderate,Good,Moderate,High,High,15.246961025136432,48.14
1828,2027-04-02 18:00:00,BLDG_B,4798.39,2033.7,830.67,1768.66,9431.42,10826.37,12.88,707.91,15.65,4026.46,47.84,61.66,14,54.47,83.99,2027,4,2,18,Friday,4,0,50.876644238089284,21.563030805541477,8.807475438481163,18.75284951788808,Within Budget,Moderate,Very High,High,Fair,Moderate,High,Very High,7.505868681492288,44.9
1829,2027-04-03 00:00:00,BLDG_B,5718.12,2575.31,904.95,2136.63,11335.01,12317.86,7.98,1077.89,10.72,4854.76,38.03,61.33,3,74.24,73.2,2027,4,3,0,Saturday,5,1,50.4465368799851,22.71996231145804,7.983671827373774,18.849828981183077,Within Budget,High,High,High,Fair,High,High,Low,9.509387287704202,46.08
1830,2027-04-03 06:00:00,BLDG_B,4147.33,1826.64,1876.84,1781.71,9632.52,10094.1,4.57,408.78,17.37,8720.69,46.33,76.24,6,54.82,80.03,2027,4,3,6,Saturday,5,1,43.05550364805886,18.963261950143888,19.484413216894435,18.49682118490281,Within Budget,Low,Very High,High,Good,Moderate,High,Moderate,4.243749299248794,48.69
1831,2027-04-03 12:00:00,BLDG_A,4314.62,1534.42,1451.78,1120.8,8421.62,9468.23,11.05,381.72,12.82,4714.95,55.64,90.83,3,85.22,48.94,2027,4,3,12,Saturday,5,1,51.232660699485365,18.220009926831178,17.238726040832997,13.308603332850447,Within Budget,Low,High,Very High,Excellent,Very High,Low,Low,4.532619614753456,61.13
1832,2027-04-03 18:00:00,BLDG_A,2478.62,2451.34,1315.35,1812.22,8057.53,8345.16,3.45,810.06,11.74,3119.24,18.5,85.5,15,60.3,69.95,2027,4,3,18,Saturday,5,1,30.761536103495736,30.422970811154286,16.3244815718961,22.491011513453877,Within Budget,Moderate,High,Moderate,Good,Moderate,Moderate,Very High,10.053453105356107,44.01
1833,2027-04-04 00:00:00,BLDG_C,5484.74,1133.6,973.21,920.92,8512.47,9801.06,13.15,932.4,11.33,1671.13,42.97,60.63,6,60.75,75.19,2027,4,4,0,Sunday,6,1,64.43182765989191,13.316933862909355,11.43275688489945,10.818481592299298,Within Budget,Moderate,High,High,Fair,Moderate,High,Moderate,10.953342566846052,43.92
1834,2027-04-04 06:00:00,BLDG_A,3771.13,1744.4,1715.67,1136.51,8367.71,8447.4,0.94,582.43,11.76,8882.73,10.97,66.78,12,88.5,74.4,2027,4,4,6,Sunday,6,1,45.06764694283144,20.84680276921643,20.503459130395296,13.582091157556848,Within Budget,Moderate,High,Low,Fair,Very High,High,High,6.960446765005002,44.5
1835,2027-04-04 12:00:00,BLDG_A,4150.38,1285.3,917.89,980.14,7333.71,8740.51,16.1,927.11,21.42,2576.5,13.82,68.62,4,72.96,46.1,2027,4,4,12,Sunday,6,1,56.593184077363304,17.52591798693976,12.516038948908534,13.364858986788406,Within Budget,Moderate,Very High,Low,Fair,High,Low,Moderate,12.641759764157568,44.2
1836,2027-04-04 18:00:00,BLDG_C,5489.96,2648.23,1726.71,1613.85,11478.75,11643.76,1.42,1555.45,16.27,1300.96,46.45,76.08,14,89.37,57.91,2027,4,4,18,Sunday,6,1,47.827158880540125,23.07071763040401,15.042665795491668,14.059457693564195,Within Budget,High,Very High,High,Good,Very High,Moderate,Very High,13.55069149515409,57.04
1837,2027-04-05 00:00:00,BLDG_C,4614.57,3343.78,526.18,716.45,9200.98,10267.28,10.39,688.85,9.67,5409.98,12.04,82.3,11,65.64,56.9,2027,4,5,0,Monday,0,0,50.15302717753979,36.3415636160496,5.718738656099676,7.786670550310946,Within Budget,Moderate,Moderate,Low,Good,Moderate,Moderate,High,7.486702503428984,42.41
1838,2027-04-05 06:00:00,BLDG_C,2745.16,3487.43,1956.17,2366.62,10555.38,12459.98,15.29,1517.48,17.21,955.07,41.94,68.23,15,62.2,69.77,2027,4,5,6,Monday,0,0,26.007211488359488,33.03936002304038,18.532445065928467,22.42098342267166,Within Budget,High,Very High,High,Fair,Moderate,Moderate,Very High,14.376365417445891,47.4
1839,2027-04-05 12:00:00,BLDG_A,4574.09,1960.78,1299.22,1167.02,9001.11,9022.54,0.24,547.63,9.94,11597.48,20.54,74.54,7,70.31,79.79,2027,4,5,12,Monday,0,0,50.81695479779715,21.78375778098479,14.433997584742325,12.965289836475721,Within Budget,Moderate,Moderate,Moderate,Fair,High,High,Moderate,6.084027414396669,43.83
1840,2027-04-05 18:00:00,BLDG_A,3715.87,1407.09,1189.31,937.94,7250.21,7973.08,9.07,809.4,6.26,7713.87,25.33,82.19,11,48.07,69.67,2027,4,5,18,Monday,0,0,51.25189477270313,19.407575780563597,16.40380071749646,12.93672872923681,Within Budget,Moderate,Moderate,Moderate,Good,Low,Moderate,High,11.16381456537121,40.46
1841,2027-04-06 00:00:00,BLDG_C,4006.77,1939.92,1499.84,1493.1,8939.63,9565.42,6.54,1346.69,12.56,2256.01,15.39,74.57,10,52.71,79.25,2027,4,6,0,Tuesday,1,0,44.820311355167945,21.700226966887897,16.77742814859228,16.702033529351887,Within Budget,High,High,Moderate,Fair,Moderate,High,High,15.064269997751586,38.81
1842,2027-04-06 06:00:00,BLDG_B,1933.06,3072.35,1523.55,1054.0,7582.96,8463.09,10.4,838.31,17.52,2483.22,22.17,65.44,1,55.98,45.15,2027,4,6,6,Tuesday,1,0,25.492156097355124,40.51650015297456,20.091758363488662,13.899585386181649,Within Budget,Moderate,Very High,Moderate,Fair,Moderate,Low,Low,11.055181617732389,40.28
1843,2027-04-06 12:00:00,BLDG_C,2787.14,1276.82,637.66,1569.81,6271.43,6554.22,4.31,1042.28,10.8,7053.03,54.81,78.68,1,85.83,85.66,2027,4,6,12,Tuesday,1,0,44.44185775811896,20.359311991045104,10.167697000524601,25.03113325031133,Within Budget,High,High,Very High,Good,Very High,Very High,Low,16.619495075285858,57.53
1844,2027-04-06 18:00:00,BLDG_B,3120.88,3365.87,1761.22,1197.02,9444.99,9567.58,1.28,366.23,19.65,4600.51,44.42,72.31,15,81.69,67.9,2027,4,6,18,Tuesday,1,0,33.04270306268191,35.63656499371625,18.6471346184591,12.673597325142746,Within Budget,Low,Very High,High,Fair,High,Moderate,Very High,3.877505428804054,54.52
1845,2027-04-07 00:00:00,BLDG_B,5150.91,1657.22,896.67,764.13,8468.93,9529.13,11.13,1001.43,10.97,9404.07,62.14,92.84,5,54.67,41.95,2027,4,7,0,Wednesday,2,0,60.821260773202745,19.568233531272544,10.58776020111159,9.022745494413108,Within Budget,High,High,Very High,Excellent,Moderate,Low,Moderate,11.824752359507045,55.16
1846,2027-04-07 06:00:00,BLDG_C,1854.01,3460.25,2028.93,1031.79,8374.98,9073.2,7.7,956.95,10.3,6776.77,10.78,89.47,9,58.84,73.45,2027,4,7,6,Wednesday,2,0,22.13748570145839,41.31651657675601,24.22608770409004,12.319910017695564,Within Budget,Moderate,High,Low,Good,Moderate,High,High,11.4262959433933,42.35
1847,2027-04-07 12:00:00,BLDG_C,3721.25,3048.1,1872.13,1376.88,10018.36,11265.62,11.07,1292.9,21.97,5483.34,53.17,67.23,5,92.21,66.9,2027,4,7,12,Wednesday,2,0,37.144303059582604,30.425139443980846,18.686990685102153,13.74356681133439,Within Budget,High,Very High,Very High,Fair,Very High,Moderate,Moderate,12.905305858443898,58.64
1848,2027-04-07 18:00:00,BLDG_C,6142.93,2964.0,1023.28,560.59,10690.8,11140.97,4.04,1657.19,12.68,11574.27,47.85,65.8,4,49.29,51.46,2027,4,7,18,Wednesday,2,0,57.459965577880055,27.724772701762262,9.57159426796872,5.24366745238897,Within Budget,High,High,High,Fair,Low,Moderate,Moderate,15.501085045085498,43.9
1849,2027-04-08 00:00:00,BLDG_A,2325.84,1590.13,1853.93,2041.29,7811.19,8340.38,6.34,1084.8,18.49,4993.38,22.87,73.21,8,72.37,79.75,2027,4,8,0,Thursday,3,0,29.775744796887544,20.357077474750966,23.734283764701665,26.132893963659825,Within Budget,High,Very High,Moderate,Fair,High,High,High,13.887768701055794,46.74
1850,2027-04-08 06:00:00,BLDG_B,4227.19,724.58,1041.5,1743.65,7736.92,8606.06,10.1,1149.26,18.49,5107.03,49.56,75.66,13,71.1,88.55,2027,4,8,6,Thursday,3,0,54.636599577092696,9.365225438546606,13.461429095815905,22.536745888544797,Within Budget,High,Very High,High,Good,High,Very High,Very High,14.854231399575024,53.7
1851,2027-04-08 12:00:00,BLDG_A,5496.66,1769.97,581.71,1702.72,9551.06,10684.03,10.6,700.31,20.67,8156.38,48.84,95.42,5,81.29,56.78,2027,4,8,12,Thursday,3,0,57.55026143695046,18.531660360211326,6.090528171742195,17.827550031096028,Within Budget,Moderate,Very High,High,Excellent,High,Moderate,Moderate,7.332275161081597,61.56
1852,2027-04-08 18:00:00,BLDG_A,6229.9,1545.07,2131.4,1592.1,11498.47,12354.68,6.93,1013.3,5.53,9809.0,34.18,71.46,1,58.07,65.68,2027,4,8,18,Thursday,3,0,54.18025180741438,13.437179033384442,18.536379187839774,13.846189971361408,Within Budget,High,Moderate,High,Fair,Moderate,Moderate,Low,8.812476790390374,42.31
1853,2027-04-09 00:00:00,BLDG_C,5309.85,804.71,1574.68,1680.63,9369.87,9894.68,5.3,1162.02,8.88,7701.47,47.25,92.97,7,91.74,46.67,2027,4,9,0,Friday,4,0,56.66940950087888,8.588272836229317,16.805782791009907,17.936534871881893,Within Budget,High,Moderate,High,Excellent,Very High,Low,Moderate,12.401666191740118,60.21
1854,2027-04-09 06:00:00,BLDG_A,5186.66,2115.02,1220.98,2369.3,10891.96,11488.19,5.19,1231.0,17.82,8534.02,33.34,79.2,11,65.53,88.35,2027,4,9,6,Friday,4,0,47.61916128961179,19.418176342917164,11.209919977671605,21.75274238979945,Within Budget,High,Very High,High,Good,Moderate,Very High,High,11.301914439641719,48.97
1855,2027-04-09 12:00:00,BLDG_C,5684.49,1828.49,1115.99,517.14,9146.11,9465.67,3.38,1592.94,14.13,4788.71,27.13,93.65,15,59.29,56.58,2027,4,9,12,Friday,4,0,62.1519968598672,19.99199659746056,12.20179945353817,5.6542070891340686,Within Budget,High,High,Moderate,Excellent,Moderate,Moderate,Very High,17.416584755704882,48.55
1856,2027-04-09 18:00:00,BLDG_B,3897.15,2476.76,984.47,595.6,7953.98,8471.63,6.11,461.53,14.07,6014.21,34.59,86.67,4,61.84,50.13,2027,4,9,18,Friday,4,0,48.99622578885037,31.138624939967162,12.377074118868794,7.488075152313685,Within Budget,Low,High,High,Good,Moderate,Moderate,Moderate,5.802503903706069,49.29
1857,2027-04-10 00:00:00,BLDG_C,5587.47,2439.32,2166.61,882.99,11076.39,11518.21,3.84,915.93,6.99,2765.9,59.02,86.92,10,62.44,64.88,2027,4,10,0,Saturday,5,1,50.44486515913579,22.022698731265333,19.56061496570634,7.971821143892551,Within Budget,Moderate,Moderate,Very High,Good,Moderate,Moderate,High,8.269210455753182,53.84
1858,2027-04-10 06:00:00,BLDG_A,1837.43,1038.09,642.55,834.6,4352.67,4904.43,11.25,504.53,9.06,8322.83,29.92,79.71,5,54.95,42.25,2027,4,10,6,Saturday,5,1,42.21385953908751,23.849499272860104,14.762203429159573,19.174437758892818,Within Budget,Moderate,Moderate,Moderate,Good,Moderate,Low,Moderate,11.591276159230999,43.41
1859,2027-04-10 12:00:00,BLDG_A,6145.44,3435.5,966.65,862.39,11409.98,12708.59,10.22,1827.82,13.38,3046.7,31.01,91.93,13,91.4,53.15,2027,4,10,12,Saturday,5,1,53.86021710818073,30.109605801237166,8.471969276019765,7.55820781456234,Within Budget,High,High,High,Excellent,Very High,Moderate,Very High,16.01948469673041,56.93
1860,2027-04-10 18:00:00,BLDG_C,3883.54,1223.41,1273.9,1843.89,8224.74,8854.08,7.11,1393.29,8.99,514.45,42.68,69.67,6,53.74,43.52,2027,4,10,18,Saturday,5,1,47.21778439196862,14.874755919336053,15.488635507019069,22.41882418167626,Within Budget,High,Moderate,High,Fair,Moderate,Low,Moderate,16.940231545313285,43.77
1861,2027-04-11 00:00:00,BLDG_C,4400.89,1946.77,1260.4,1418.97,9027.03,9615.29,6.12,725.82,7.79,11238.26,50.92,94.48,13,89.14,46.62,2027,4,11,0,Sunday,6,1,48.752358195331134,21.566007867482437,13.96251037162832,15.719123565558107,Within Budget,Moderate,Moderate,Very High,Excellent,Very High,Low,Very High,8.04051831000894,60.58
1862,2027-04-11 06:00:00,BLDG_A,2997.95,2066.73,1248.46,2483.56,8796.7,9214.74,4.54,352.45,5.58,4019.18,49.87,84.2,7,65.25,45.83,2027,4,11,6,Sunday,6,1,34.080393784032644,23.494378573783347,14.192367592392602,28.232860049791398,Within Budget,Low,Moderate,High,Good,Moderate,Low,Moderate,4.006616117407664,51.22
1863,2027-04-11 12:00:00,BLDG_B,5289.89,2976.58,716.41,953.77,9936.65,11000.78,9.67,926.52,6.8,2761.27,9.13,76.67,11,58.46,85.37,2027,4,11,12,Sunday,6,1,53.236151016690734,29.955568526616112,7.209773917769067,9.598506538924084,Within Budget,Moderate,Moderate,Low,Good,Moderate,Very High,High,9.324269245671328,37.76
1864,2027-04-11 18:00:00,BLDG_B,2160.19,977.84,660.88,1121.66,4920.57,5824.88,15.52,438.68,17.84,3583.69,47.18,97.32,2,54.93,88.38,2027,4,11,18,Sunday,6,1,43.901214696671325,19.872494446781573,13.430964298851556,22.795326557695557,Within Budget,Low,Very High,High,Excellent,Moderate,Very High,Low,8.915227300902131,54.32
1865,2027-04-12 00:00:00,BLDG_C,5901.39,1900.2,858.58,2468.48,11128.65,12654.84,12.06,1980.6,16.94,4300.15,33.68,92.76,15,70.22,64.68,2027,4,12,0,Monday,0,0,53.028804032834174,17.074847353452576,7.715041806508427,22.18130680720483,Within Budget,High,Very High,High,Excellent,High,Moderate,Very High,17.79730695097788,53.4
1866,2027-04-12 06:00:00,BLDG_B,5692.15,2459.81,2046.15,2163.52,12361.63,14202.07,12.96,1170.14,4.83,5957.28,37.87,89.34,14,78.46,72.78,2027,4,12,6,Monday,0,0,46.04692099666468,19.89875121646579,16.552428765462164,17.50189902140737,Within Budget,High,Low,High,Good,High,High,Very High,9.465903768354176,52.62
1867,2027-04-12 12:00:00,BLDG_A,2815.48,1302.44,603.5,1439.6,6161.02,7189.14,14.3,467.37,7.66,1297.54,40.01,70.41,15,89.91,76.19,2027,4,12,12,Monday,0,0,45.69827723331526,21.140006037961246,9.795455947229517,23.36626078149397,Within Budget,Low,Moderate,High,Fair,Very High,High,Very High,7.585919214675492,52.0
1868,2027-04-12 18:00:00,BLDG_C,5603.82,2456.91,1763.37,1609.19,11433.29,12237.36,6.57,969.62,14.09,1105.74,49.71,97.0,1,77.62,60.35,2027,4,12,18,Monday,0,0,49.013188679723854,21.489090191887023,15.42311967946234,14.074601448926774,Within Budget,Moderate,High,High,Excellent,High,Moderate,Low,8.480673541911383,59.6
1869,2027-04-13 00:00:00,BLDG_A,5495.88,3286.26,1763.59,2186.36,12732.09,12892.2,1.24,1140.02,9.81,3868.47,55.39,88.23,12,69.18,59.25,2027,4,13,0,Tuesday,1,0,43.1655761151547,25.810844880926858,13.851535765141465,17.172043238776983,Within Budget,High,Moderate,Very High,Good,Moderate,Moderate,High,8.95391094470743,55.65
1870,2027-04-13 06:00:00,BLDG_A,4771.42,3493.05,1857.59,1461.96,11584.02,13026.37,11.07,1775.03,18.82,3901.31,44.84,83.0,3,46.67,75.13,2027,4,13,6,Tuesday,1,0,41.18967336037058,30.154039789295943,16.03579759012847,12.620489260205007,Within Budget,High,Very High,High,Good,Low,High,Low,15.323091638308634,48.33
1871,2027-04-13 12:00:00,BLDG_B,3555.54,790.86,1995.91,912.05,7254.36,7528.1,3.64,305.79,18.13,1852.93,40.14,95.03,10,90.77,59.59,2027,4,13,12,Tuesday,1,0,49.01245595752072,10.901857641473542,27.5132472058183,12.572439195187446,Within Budget,Low,Very High,High,Excellent,Very High,Moderate,High,4.215258134418474,61.02
1872,2027-04-13 18:00:00,BLDG_C,3076.04,1359.65,873.47,2156.89,7466.05,8315.75,10.22,578.44,20.05,5155.1,29.3,66.16,12,90.12,70.21,2027,4,13,18,Tuesday,1,0,41.200366994595534,18.211102256213124,11.69922515922074,28.889305589970597,Within Budget,Moderate,Very High,Moderate,Fair,Very High,High,High,7.747604154807429,51.41
1873,2027-04-14 00:00:00,BLDG_C,2889.38,1568.86,804.21,1575.54,6837.99,7849.34,12.88,1196.29,14.13,3766.33,15.86,65.28,1,63.94,66.79,2027,4,14,0,Wednesday,2,0,42.25481464582429,22.9432918152849,11.760912197882712,23.040981341008106,Within Budget,High,High,Moderate,Fair,Moderate,Moderate,Low,17.494760887336778,39.8
1874,2027-04-14 06:00:00,BLDG_B,3297.46,1817.55,1237.91,806.09,7159.01,8281.02,13.55,379.18,10.34,799.64,62.64,81.42,4,46.45,67.27,2027,4,14,6,Wednesday,2,0,46.0602792844262,25.388286927941152,17.29163669278294,11.259797094849706,Within Budget,Low,High,Very High,Good,Low,Moderate,Moderate,5.2965423990188585,50.21
1875,2027-04-14 12:00:00,BLDG_A,6046.72,1378.32,877.16,1511.17,9813.37,10405.78,5.69,1387.51,14.91,10685.79,34.33,62.16,6,81.67,83.13,2027,4,14,12,Wednesday,2,0,61.61716107718347,14.045327955636033,8.93841768933608,15.399093277844408,Within Budget,High,High,High,Fair,High,High,Moderate,14.138975703555454,48.27
1876,2027-04-14 18:00:00,BLDG_A,2164.91,1269.77,1721.76,1326.41,6482.85,7147.26,9.3,541.05,5.6,10689.22,40.27,85.23,5,84.58,76.61,2027,4,14,18,Wednesday,2,0,33.394417578688376,19.586601571839545,26.55868946528147,20.460291384190597,Within Budget,Moderate,Moderate,High,Good,High,High,Moderate,8.345866401351257,53.92
1877,2027-04-15 00:00:00,BLDG_A,5695.69,3372.75,1544.69,2253.69,12866.82,14464.79,11.05,1508.86,4.17,2905.6,50.81,69.15,13,72.12,89.96,2027,4,15,0,Thursday,3,0,44.26649319723133,26.21277052138757,12.005219626916364,17.51551665446474,Within Budget,High,Low,Very High,Fair,High,Very High,Very High,11.726751442858452,49.06
1878,2027-04-15 06:00:00,BLDG_A,3439.78,3271.86,1974.98,752.11,9438.73,10985.7,14.08,424.1,4.31,2373.03,11.9,64.52,11,65.14,81.13,2027,4,15,6,Thursday,3,0,36.443250310158255,34.664197407913996,20.924213321071797,7.968338960855963,Within Budget,Low,Low,Low,Fair,Moderate,High,High,4.4931892320259195,36.47
1879,2027-04-15 12:00:00,BLDG_C,4251.52,831.58,548.93,2250.42,7882.45,9082.77,13.22,598.76,11.34,6793.87,56.74,75.56,4,87.56,47.58,2027,4,15,12,Thursday,3,0,53.93652988601261,10.549765618557682,6.963951563282988,28.54975293214673,Within Budget,Moderate,High,Very High,Good,Very High,Low,Moderate,7.596115420966831,57.8
1880,2027-04-15 18:00:00,BLDG_C,5534.08,1648.68,2047.15,1524.42,10754.33,12879.33,16.5,1130.6,8.11,7753.67,53.43,77.71,7,54.63,78.4,2027,4,15,18,Thursday,3,0,51.45908671204994,15.330383203788614,19.035588455998653,14.174941628162795,Within Budget,High,Moderate,Very High,Good,Moderate,High,Moderate,10.512974773881774,48.47
1881,2027-04-16 00:00:00,BLDG_B,5956.57,1834.42,928.03,1308.73,10027.75,10043.96,0.16,649.35,6.83,11511.74,52.14,66.48,13,66.98,74.61,2027,4,16,0,Friday,4,0,59.4008626062676,18.29343571588841,9.254618433846076,13.051083243997905,Within Budget,Moderate,Moderate,Very High,Fair,Moderate,High,Very High,6.475530403131311,48.11
1882,2027-04-16 06:00:00,BLDG_B,3420.47,1369.24,1283.25,823.93,6896.89,7500.35,8.05,767.49,15.08,4839.51,9.25,61.58,11,46.22,73.59,2027,4,16,6,Friday,4,0,49.5943823955435,19.853006210045397,18.606212365283483,11.94639902912762,Within Budget,Moderate,Very High,Low,Fair,Low,High,High,11.128059168697774,33.03
1883,2027-04-16 12:00:00,BLDG_C,3970.66,2460.84,1189.5,1901.64,9522.64,10010.28,4.87,599.58,21.91,7609.3,38.01,75.73,11,53.2,65.0,2027,4,16,12,Friday,4,0,41.69705039778885,25.84199339678913,12.491283929666563,19.969672275755464,Within Budget,Moderate,Very High,High,Good,Moderate,Moderate,High,6.2963631934001505,47.21
1884,2027-04-16 18:00:00,BLDG_C,3748.23,2493.07,1768.56,2353.61,10363.47,10611.97,2.34,1321.5,7.2,10599.08,11.09,88.86,6,92.04,43.25,2027,4,16,18,Friday,4,0,36.167712165905826,24.05632476380981,17.06532657497923,22.71063649530515,Within Budget,High,Moderate,Low,Good,Very High,Low,Moderate,12.751520484934101,49.8
1885,2027-04-17 00:00:00,BLDG_A,1862.28,3081.41,1156.6,1250.75,7351.04,8691.16,15.42,1217.72,13.84,5674.47,39.4,93.22,3,73.9,89.48,2027,4,17,0,Saturday,5,1,25.33355824481978,41.91801432178303,15.733828138603517,17.014599294793662,Within Budget,High,High,High,Excellent,High,Very High,Low,16.56527511753439,55.09
1886,2027-04-17 06:00:00,BLDG_A,3190.93,2774.43,2098.4,983.17,9046.93,10852.63,16.64,387.42,6.16,1906.98,48.95,63.71,9,85.28,84.3,2027,4,17,6,Saturday,5,1,35.27085983864139,30.667088172451866,23.194608557820168,10.867443431086567,Within Budget,Low,Moderate,High,Fair,Very High,High,High,4.282336660060374,51.02
1887,2027-04-17 12:00:00,BLDG_B,3958.19,2219.21,2024.56,1609.73,9811.69,10166.08,3.49,613.16,20.82,4840.64,14.95,79.94,15,69.33,65.31,2027,4,17,12,Saturday,5,1,40.341572145063694,22.6180199333652,20.634161902791465,16.406246018779637,Within Budget,Moderate,Very High,Low,Good,Moderate,Moderate,Very High,6.249280195358801,46.26
1888,2027-04-17 18:00:00,BLDG_C,3732.14,2530.04,1969.89,2092.37,10324.44,10403.8,0.76,1617.46,9.25,2070.52,47.61,70.01,5,86.74,48.25,2027,4,17,18,Saturday,5,1,36.14859498432845,24.5053484741061,19.079872612945593,20.266183928619856,Within Budget,High,Moderate,High,Fair,Very High,Low,Moderate,15.666321853776088,53.4
1889,2027-04-18 00:00:00,BLDG_B,5193.07,1467.17,528.26,507.54,7696.04,8119.41,5.21,959.95,19.81,691.35,33.62,74.24,13,71.95,82.87,2027,4,18,0,Sunday,6,1,67.4771700770786,19.063960166527202,6.8640495631519585,6.594820193242239,Within Budget,Moderate,Very High,High,Fair,High,High,Very High,12.473297955831832,49.9
1890,2027-04-18 06:00:00,BLDG_C,3608.58,2360.56,1937.66,1762.75,9669.55,11284.1,14.31,404.25,9.1,9142.86,54.26,95.47,10,45.23,62.39,2027,4,18,6,Sunday,6,1,37.31900657217761,24.412304605695198,20.03878153585224,18.22990728627496,Within Budget,Low,Moderate,Very High,Excellent,Low,Moderate,High,4.180649564871168,51.01
1891,2027-04-18 12:00:00,BLDG_A,4100.07,2069.84,1806.94,1693.03,9669.88,10238.26,5.55,995.54,18.51,3241.87,38.41,73.38,1,89.98,60.29,2027,4,18,12,Sunday,6,1,42.4004227560218,21.405022606278468,18.686271184337347,17.5082834533624,Within Budget,Moderate,Very High,High,Fair,Very High,Moderate,Low,10.29526736629617,55.07
1892,2027-04-18 18:00:00,BLDG_B,3819.16,1073.36,586.32,1136.3,6615.14,6690.42,1.13,406.59,7.77,523.08,27.16,73.88,13,52.43,74.6,2027,4,18,18,Sunday,6,1,57.73362317350804,16.225809279924537,8.863304480328459,17.17726306623896,Within Budget,Low,Moderate,Moderate,Fair,Moderate,High,Very High,6.1463551791798805,40.31
1893,2027-04-19 00:00:00,BLDG_B,5280.94,1379.12,593.35,1402.85,8656.26,8747.14,1.04,518.2,9.27,10532.97,26.92,67.96,6,67.53,79.45,2027,4,19,0,Monday,0,0,61.00717861986584,15.93205379690536,6.854576918900309,16.206190664328474,Within Budget,Moderate,Moderate,Moderate,Fair,Moderate,High,Moderate,5.986419077060994,42.92
1894,2027-04-19 06:00:00,BLDG_C,5855.97,1516.74,582.09,993.93,8948.73,9713.71,7.88,1531.1,7.46,5603.57,59.16,96.48,5,68.83,43.27,2027,4,19,6,Monday,0,0,65.43911817654573,16.949220727410484,6.504721899085123,11.106939196958674,Within Budget,High,Moderate,Very High,Excellent,Moderate,Low,Moderate,17.109690425345274,57.98
1895,2027-04-19 12:00:00,BLDG_A,4299.88,3288.07,420.4,2079.77,10088.12,11968.19,15.71,1455.02,8.76,3246.89,33.81,77.35,10,47.36,79.91,2027,4,19,12,Monday,0,0,42.623204323501305,32.593486199609046,4.1672779467333845,20.616031530156263,Within Budget,High,Moderate,High,Good,Low,High,High,14.423103610980043,41.82
1896,2027-04-19 18:00:00,BLDG_B,5510.33,1345.08,1387.54,1769.07,10012.02,10584.55,5.41,1345.96,19.03,3522.08,31.13,81.67,8,47.65,78.16,2027,4,19,18,Monday,0,0,55.037145351287755,13.434651548838294,13.858741792365576,17.669461307508374,Within Budget,High,Very High,High,Good,Low,High,High,13.443440983937307,44.87
1897,2027-04-20 00:00:00,BLDG_A,3194.9,1509.88,2152.11,1565.42,8422.31,9141.84,7.87,554.52,15.5,3266.19,10.27,77.22,4,83.13,70.64,2027,4,20,0,Tuesday,1,0,37.933773513442276,17.927148252676524,25.55249094369597,18.586587290185236,Within Budget,Moderate,Very High,Low,Good,High,High,Moderate,6.583941935169806,46.53
1898,2027-04-20 06:00:00,BLDG_B,4344.44,1734.19,1189.63,1285.05,8553.31,8727.68,2.0,408.73,11.31,2737.4,28.77,69.61,12,60.02,57.6,2027,4,20,6,Tuesday,1,0,50.79250021336769,20.27507479560545,13.90841674158893,15.024008249437937,Within Budget,Low,High,Moderate,Fair,Moderate,Moderate,High,4.7786178684041625,42.43
1899,2027-04-20 12:00:00,BLDG_A,3422.58,2558.48,1373.36,1082.77,8437.19,9270.06,8.98,1355.22,21.49,10174.1,56.43,90.8,1,65.48,48.57,2027,4,20,12,Tuesday,1,0,40.56540151401118,30.32384004627133,16.27745730509802,12.833301134619463,Within Budget,High,Very High,Very High,Excellent,Moderate,Low,Low,16.062456813228103,58.55
1900,2027-04-20 18:00:00,BLDG_C,3746.74,1031.07,2142.35,2145.47,9065.63,10328.56,12.23,279.96,12.37,2458.81,51.38,61.08,11,73.21,45.34,2027,4,20,18,Tuesday,1,0,41.329063727507084,11.373396002263494,23.631562285246584,23.66597798498284,Within Budget,Low,High,Very High,Fair,High,Low,High,3.088147210949487,49.51
1901,2027-04-21 00:00:00,BLDG_B,5242.35,3371.05,859.33,1402.82,10875.55,11465.33,5.14,959.38,21.46,6961.33,20.59,86.23,2,63.67,40.06,2027,4,21,0,Wednesday,2,0,48.203079384490906,30.996593275742377,7.901485442115572,12.898841897651153,Within Budget,Moderate,Very High,Moderate,Good,Moderate,Low,Low,8.821438915733,47.99
1902,2027-04-21 06:00:00,BLDG_B,5943.81,3123.6,1945.25,1502.89,12515.55,13258.25,5.6,896.64,7.54,1389.18,31.54,82.58,8,83.75,50.74,2027,4,21,6,Wednesday,2,0,47.49140069753228,24.95775255582056,15.542664924833508,12.008181821813665,Within Budget,Moderate,Moderate,High,Good,High,Moderate,High,7.164207725589367,51.35
1903,2027-04-21 12:00:00,BLDG_A,2371.03,2316.21,1383.5,1541.66,7612.4,8894.29,14.41,879.66,20.28,11419.5,19.21,65.48,10,89.22,61.39,2027,4,21,12,Wednesday,2,0,31.146944459040515,30.42680363617256,18.174294572014084,20.251957332772847,Within Budget,Moderate,Very High,Moderate,Fair,Very High,Moderate,High,11.55561977825653,48.55
1904,2027-04-21 18:00:00,BLDG_A,4782.8,2587.31,1425.06,1396.73,10191.9,10213.03,0.21,688.73,4.25,7438.11,62.39,66.3,8,47.99,52.67,2027,4,21,18,Wednesday,2,0,46.927462004140544,25.385943739636378,13.982280045918818,13.704314210304261,Within Budget,Moderate,Low,Very High,Fair,Low,Moderate,High,6.757621248246156,45.23
1905,2027-04-22 00:00:00,BLDG_B,4536.08,746.65,1017.71,1012.18,7312.62,8243.47,11.29,560.74,13.82,10886.25,42.09,85.05,13,76.77,56.07,2027,4,22,0,Thursday,3,0,62.03084530578643,10.210430734811874,13.917173325018942,13.841550634382752,Within Budget,Moderate,High,High,Good,High,Moderate,Very High,7.668113480530918,54.43
1906,2027-04-22 06:00:00,BLDG_C,2356.55,1649.05,1410.85,740.68,6157.13,6642.17,7.3,969.78,11.61,5075.59,51.0,71.86,14,60.88,60.3,2027,4,22,6,Thursday,3,0,38.273513796200504,26.78277054406842,22.91408497140713,12.029630688323941,Within Budget,Moderate,High,Very High,Fair,Moderate,Moderate,Very High,15.750520128696325,48.84
1907,2027-04-22 12:00:00,BLDG_A,2795.9,2927.85,531.66,697.07,6952.48,7367.38,5.63,837.62,13.45,9822.73,48.69,70.1,5,74.16,56.03,2027,4,22,12,Thursday,3,0,40.214427082134726,42.112311002692564,7.64705543921018,10.026206475962535,Within Budget,Moderate,High,High,Fair,High,Moderate,Moderate,12.047787264400618,51.6
1908,2027-04-22 18:00:00,BLDG_A,3261.71,916.95,1776.36,2014.93,7969.95,9018.15,11.62,413.26,13.96,10317.03,57.8,62.25,6,69.2,77.68,2027,4,22,18,Thursday,3,0,40.92509990652388,11.505090998061469,22.288220126851485,25.281588968563167,Within Budget,Low,High,Very High,Fair,Moderate,High,Moderate,5.185227008952378,50.8
1909,2027-04-23 00:00:00,BLDG_A,2584.58,1490.48,912.44,947.06,5934.56,6925.24,14.31,824.73,11.0,8583.92,62.11,89.13,2,61.68,65.57,2027,4,23,0,Friday,4,0,43.55133320751665,25.115257070448354,15.375023590628453,15.958386131406538,Within Budget,Moderate,High,Very High,Good,Moderate,Moderate,Low,13.897070717963924,55.98
1910,2027-04-23 06:00:00,BLDG_B,2945.53,2338.83,1997.69,611.35,7893.4,8774.92,10.05,482.44,21.97,1568.9,9.85,93.54,11,49.74,41.01,2027,4,23,6,Friday,4,0,37.31636557123673,29.630197380089697,25.308358882104038,7.74507816656954,Within Budget,Low,Very High,Low,Excellent,Low,Low,High,6.111941622114679,43.78
1911,2027-04-23 12:00:00,BLDG_B,3057.72,1417.96,1062.13,2095.03,7632.84,7680.31,0.62,724.74,21.58,684.92,63.59,91.15,12,72.97,51.79,2027,4,23,12,Friday,4,0,40.06005628311349,18.577095812305775,13.915266139471024,27.447581765109714,Within Budget,Moderate,Very High,Very High,Excellent,High,Moderate,High,9.495024132564026,62.32
1912,2027-04-23 18:00:00,BLDG_B,3377.67,3315.14,657.08,808.12,8158.01,8910.83,8.45,1035.99,21.31,2438.44,57.62,77.71,9,50.64,76.9,2027,4,23,18,Friday,4,0,41.40311178829151,40.63662584380259,8.054415231165443,9.905847136740455,Within Budget,High,Very High,Very High,Good,Moderate,High,High,12.699052832737395,51.82
1913,2027-04-24 00:00:00,BLDG_B,5322.14,1066.96,1652.59,1750.29,9791.98,10698.25,8.47,693.17,21.62,1858.11,29.83,80.29,15,52.81,55.65,2027,4,24,0,Saturday,5,1,54.35203094777563,10.896264085506711,16.876974830422448,17.874730136295213,Within Budget,Moderate,Very High,Moderate,Good,Moderate,Moderate,Very High,7.0789564521169375,46.14
1914,2027-04-24 06:00:00,BLDG_C,4487.99,2932.7,696.24,1177.29,9294.22,10305.06,9.81,814.32,18.27,8839.08,55.71,69.21,6,94.11,87.85,2027,4,24,6,Saturday,5,1,48.287968221109466,31.55401959497408,7.491107376412437,12.66690480750402,Within Budget,Moderate,Very High,Very High,Fair,Very High,Very High,Moderate,8.76157439785157,59.32
1915,2027-04-24 12:00:00,BLDG_C,6435.36,2122.26,1756.62,752.96,11067.2,12552.33,11.83,1550.76,21.79,6905.58,49.98,66.57,12,60.84,77.06,2027,4,24,12,Saturday,5,1,58.148041058262244,19.176124042214834,15.872307358681507,6.803527540841404,Within Budget,High,Very High,High,Fair,Moderate,High,High,14.012216278733556,49.79
1916,2027-04-24 18:00:00,BLDG_B,3749.26,2800.93,2142.6,1328.96,10021.75,10060.47,0.38,1710.58,20.06,6548.43,53.21,91.27,9,74.22,55.08,2027,4,24,18,Saturday,5,1,37.411230573502635,27.948511986429516,21.37949958839524,13.260757851672613,Within Budget,High,Very High,Very High,Excellent,High,Moderate,High,17.068675630503655,59.69
1917,2027-04-25 00:00:00,BLDG_C,5343.17,1570.0,1803.2,529.62,9245.99,10174.31,9.12,1011.39,11.49,3407.97,20.58,90.34,11,58.61,66.85,2027,4,25,0,Sunday,6,1,57.78905233512042,16.980334177302808,19.502508655103455,5.7281048324733215,Within Budget,High,High,Moderate,Excellent,Moderate,Moderate,High,10.938688015020565,45.26
1918,2027-04-25 06:00:00,BLDG_A,5895.9,2140.57,440.41,2182.09,10658.97,11913.12,10.53,335.71,18.13,2277.99,44.97,89.54,10,88.28,74.7,2027,4,25,6,Sunday,6,1,55.313974990078776,20.0823344094223,4.131825120063196,20.47186548043573,Within Budget,Low,Very High,High,Good,Very High,High,High,3.1495538499498545,60.23
1919,2027-04-25 12:00:00,BLDG_A,4991.2,3099.14,1479.79,1527.0,11097.13,11859.18,6.43,896.31,20.42,2875.3,9.48,77.61,3,59.17,50.06,2027,4,25,12,Sunday,6,1,44.977395056199214,27.927401048739632,13.334889291195113,13.760314603866044,Within Budget,Moderate,Very High,Low,Good,Moderate,Moderate,Low,8.076953230249623,41.67
1920,2027-04-25 18:00:00,BLDG_A,3735.76,2007.26,1651.74,778.32,8173.08,9265.6,11.79,733.9,16.83,5103.19,56.35,92.85,6,63.34,52.8,2027,4,25,18,Sunday,6,1,45.70810514518395,24.55940722469375,20.20951709759356,9.522970532528742,Within Budget,Moderate,Very High,Very High,Excellent,Moderate,Moderate,Moderate,8.979478972431446,57.34
1921,2027-04-26 00:00:00,BLDG_B,5341.89,1707.22,1885.82,973.96,9908.89,10361.09,4.36,801.39,11.61,9011.65,62.21,95.2,10,75.42,66.37,2027,4,26,0,Monday,0,0,53.9100746905052,17.229175013548442,19.03159687916608,9.829153416780285,Within Budget,Moderate,High,Very High,Excellent,High,Moderate,High,8.087585996009643,61.11
1922,2027-04-26 06:00:00,BLDG_A,2757.24,2201.24,500.8,1395.95,6855.23,7290.36,5.97,654.27,5.18,3426.94,45.74,72.48,5,88.5,88.09,2027,4,26,6,Monday,0,0,40.2209699747492,32.11037412311476,7.3053712275153435,20.363284674620694,Within Budget,Moderate,Moderate,High,Fair,Very High,Very High,Moderate,9.544099906203002,52.98
1923,2027-04-26 12:00:00,BLDG_C,3339.5,2708.62,1264.19,877.74,8190.05,9767.05,16.15,1022.94,18.57,8534.05,37.22,68.54,9,85.81,57.89,2027,4,26,12,Monday,0,0,40.77508684318166,33.07208136702462,15.435681100847981,10.717150688945733,Within Budget,High,Very High,High,Fair,Very High,Moderate,High,12.490033638378277,52.54
1924,2027-04-26 18:00:00,BLDG_B,4369.42,1941.98,1363.67,1037.2,8712.27,9318.77,6.51,419.66,21.15,6152.39,49.37,77.64,13,58.19,60.91,2027,4,26,18,Monday,0,0,50.15248609145493,22.290172366099764,15.6522926860623,11.90504885638301,Within Budget,Low,Very High,High,Good,Moderate,Moderate,Very High,4.816884692508381,51.59
1925,2027-04-27 00:00:00,BLDG_C,4504.42,3328.86,704.42,1568.77,10106.47,10806.85,6.48,716.49,10.52,10682.57,26.6,66.81,10,86.48,49.91,2027,4,27,0,Tuesday,1,0,44.56966675802729,32.93791007146908,6.969990511029074,15.522432659474575,Within Budget,Moderate,High,Moderate,Fair,Very High,Low,High,7.089418956371513,47.6
1926,2027-04-27 06:00:00,BLDG_A,1904.06,1525.85,980.41,2165.22,6575.54,7358.92,10.65,697.98,6.73,3178.52,43.7,93.59,15,80.06,70.85,2027,4,27,6,Tuesday,1,0,28.956709258859348,23.204938301645186,14.90995416346034,32.92839827603512,Within Budget,Moderate,Moderate,High,Excellent,High,High,Very High,10.614793613908516,56.02
1927,2027-04-27 12:00:00,BLDG_A,6242.04,2031.3,1192.4,1303.68,10769.42,12860.79,16.26,832.86,9.88,5684.85,48.98,72.84,1,94.49,78.49,2027,4,27,12,Tuesday,1,0,57.960781546267114,18.861740000854272,11.072091161826728,12.105387291051887,Within Budget,Moderate,Moderate,High,Fair,Very High,High,Low,7.733564110230634,56.55
1928,2027-04-27 18:00:00,BLDG_A,5074.15,2819.4,1899.78,1933.95,11727.28,14033.05,16.43,2095.23,14.49,1611.64,16.13,81.89,9,91.77,62.91,2027,4,27,18,Tuesday,1,0,43.26791890361618,24.04138043945399,16.199664372301164,16.49103628462866,Within Budget,Very High,High,Moderate,Good,Very High,Moderate,High,17.866291245710855,51.07
1929,2027-04-28 00:00:00,BLDG_B,4129.81,2629.54,2072.93,2253.37,11085.65,12370.83,10.39,1049.97,9.7,4354.26,15.98,82.6,5,71.66,79.01,2027,4,28,0,Wednesday,2,0,37.253656754452834,23.720214872380062,18.699219260936434,20.326909112230677,Within Budget,High,Moderate,Moderate,Good,High,High,Moderate,9.471433790531002,44.98
1930,2027-04-28 06:00:00,BLDG_C,6185.7,3118.19,1531.16,932.6,11767.65,11770.21,0.02,1888.35,14.99,6329.13,48.82,79.57,1,82.5,55.74,2027,4,28,6,Wednesday,2,0,52.56529553479242,26.497983879534146,13.011603846137504,7.925116739535931,Within Budget,High,High,High,Good,High,Moderate,Low,16.046959248448076,56.47
1931,2027-04-28 12:00:00,BLDG_B,3863.75,3491.07,1110.9,2114.38,10580.1,12485.91,15.26,1740.18,21.4,8926.51,32.61,65.95,10,73.51,76.76,2027,4,28,12,Wednesday,2,0,36.519031011049044,32.99656903053847,10.499900757081692,19.9844992013308,Within Budget,High,Very High,High,Fair,High,High,High,16.447670626931693,48.37
1932,2027-04-28 18:00:00,BLDG_B,6408.05,1895.2,857.26,2014.8,11175.31,12449.83,10.24,1736.65,16.07,2777.89,58.68,97.66,8,74.75,53.43,2027,4,28,18,Wednesday,2,0,57.34113863508037,16.95881367049326,7.671017627251504,18.02903006717487,Within Budget,High,Very High,Very High,Excellent,High,Moderate,High,15.540061081079632,61.79
1933,2027-04-29 00:00:00,BLDG_A,4207.74,1011.22,2167.84,1213.87,8600.67,9230.23,6.82,318.52,10.53,3008.06,25.78,66.56,7,50.08,80.59,2027,4,29,0,Thursday,3,0,48.92339782830872,11.7574561051639,25.20547817786289,14.113667888664486,Within Budget,Low,High,Moderate,Fair,Moderate,High,Moderate,3.7034324070101516,38.24
1934,2027-04-29 06:00:00,BLDG_B,2337.14,785.16,2169.44,2479.04,7770.78,9059.48,14.22,1337.83,20.84,7763.15,10.42,88.56,14,45.11,83.19,2027,4,29,6,Thursday,3,0,30.076002666399,10.104005003358736,27.917918149786768,31.902074180455504,Within Budget,High,Very High,Low,Good,Low,High,Very High,17.216161054617427,41.23
1935,2027-04-29 12:00:00,BLDG_B,5394.56,2735.26,2064.96,1025.14,11219.92,12117.14,7.4,553.27,14.18,4898.26,45.04,90.07,6,47.41,81.48,2027,4,29,12,Thursday,3,0,48.08020021533131,24.378605195045957,18.404409300601074,9.136785289021669,Within Budget,Moderate,High,High,Excellent,Low,High,Moderate,4.931140328986302,49.18
1936,2027-04-29 18:00:00,BLDG_A,4990.82,3147.24,1814.2,1009.61,10961.87,11036.51,0.68,385.43,6.31,6044.09,47.0,65.52,2,93.33,51.2,2027,4,29,18,Thursday,3,0,45.528910669438694,28.710794782277105,16.550095923414528,9.210198624869662,Within Budget,Low,Moderate,High,Fair,Very High,Moderate,Low,3.5160971622542503,53.04
1937,2027-04-30 00:00:00,BLDG_B,5433.04,1318.0,986.4,2044.52,9781.96,11388.3,14.11,901.46,12.98,10115.55,39.55,95.46,5,51.31,76.1,2027,4,30,0,Friday,4,0,55.54142523584231,13.473782350367411,10.083868672535976,20.90092374125431,Within Budget,Moderate,High,High,Excellent,Moderate,High,Moderate,9.215535536845378,49.82
1938,2027-04-30 06:00:00,BLDG_A,6271.78,1143.65,1870.6,1369.31,10655.34,11818.6,9.84,630.74,15.77,6239.46,46.95,78.53,3,47.22,68.0,2027,4,30,6,Friday,4,0,58.8604399296503,10.733115977528639,17.555516764364157,12.850927328456905,Within Budget,Moderate,Very High,High,Good,Low,Moderate,Low,5.919473240647412,47.12
1939,2027-04-30 12:00:00,BLDG_A,5449.5,874.17,1135.83,1161.59,8621.09,9204.12,6.33,496.83,19.09,8003.74,37.85,83.9,2,60.48,91.27,2027,4,30,12,Friday,4,0,63.211264468878056,10.139901102992777,13.175016152249889,13.473818275879268,Within Budget,Low,Very High,High,Good,Moderate,Very High,Low,5.762960368120504,50.33
1940,2027-04-30 18:00:00,BLDG_A,4673.28,3003.57,988.19,857.33,9522.37,10000.19,4.78,696.78,20.86,8052.91,47.48,84.4,14,74.41,58.8,2027,4,30,18,Friday,4,0,49.076857967081715,31.542252611482226,10.377563568733414,9.003325852702636,Within Budget,Moderate,Very High,High,Good,High,Moderate,Very High,7.317296009291803,56.79
1941,2027-05-01 00:00:00,BLDG_A,5829.35,1571.87,1740.76,2030.66,11172.64,12499.5,10.62,751.48,9.71,9741.54,10.5,79.19,10,92.42,80.11,2027,5,1,0,Saturday,5,1,52.17522447693652,14.068921937876814,15.58056108493606,18.175292500250613,Within Budget,Moderate,Moderate,Low,Good,Very High,High,High,6.726073694310387,47.96
1942,2027-05-01 06:00:00,BLDG_B,4964.26,1824.75,543.38,2072.64,9405.03,9796.37,3.99,1248.23,6.8,7838.6,29.0,65.4,1,79.99,59.24,2027,5,1,6,Saturday,5,1,52.783032058377266,19.401851987712956,5.777546695757482,22.037569258152285,Within Budget,High,Moderate,Moderate,Fair,High,Moderate,Low,13.271940653033534,45.3
1943,2027-05-01 12:00:00,BLDG_A,3718.16,2107.7,487.41,1633.13,7946.4,8461.09,6.08,461.02,5.33,1245.31,20.02,88.57,9,58.82,60.64,2027,5,1,12,Saturday,5,1,46.79049632538005,26.523960535588444,6.133720930232559,20.551822208798956,Within Budget,Low,Moderate,Moderate,Good,Moderate,Moderate,High,5.801620859760394,43.18
1944,2027-05-01 18:00:00,BLDG_A,5962.41,3050.47,1206.32,2414.63,12633.83,14242.19,11.29,1408.26,17.29,4434.99,13.66,82.11,2,91.95,45.77,2027,5,1,18,Saturday,5,1,47.194002135536095,24.145251281677844,9.548331741047647,19.112414841738413,Within Budget,High,Very High,Low,Good,Very High,Low,Low,11.146738558299422,51.25
1945,2027-05-02 00:00:00,BLDG_B,2842.93,2522.33,1202.15,1136.33,7703.74,9061.98,14.99,1370.99,18.31,11877.14,21.34,64.51,13,46.8,52.46,2027,5,2,0,Sunday,6,1,36.90324439817543,32.74162939039999,15.60475820835075,14.75036800307383,Within Budget,High,Very High,Moderate,Fair,Low,Moderate,Very High,17.79642095917048,37.74
1946,2027-05-02 06:00:00,BLDG_B,5158.81,2422.18,2012.16,939.24,10532.39,11654.91,9.63,999.07,11.37,2759.87,18.9,86.61,11,93.95,48.55,2027,5,2,6,Sunday,6,1,48.98043084238241,22.997439327635988,19.104495750727043,8.917634079254565,Within Budget,Moderate,High,Moderate,Good,Very High,Low,High,9.485691281845812,52.71
1947,2027-05-02 12:00:00,BLDG_C,5943.35,1191.88,627.08,1854.93,9617.24,11077.34,13.18,1214.47,11.13,7247.38,63.47,86.71,1,47.93,48.28,2027,5,2,12,Sunday,6,1,61.79891528130732,12.39316061572759,6.52037382866602,19.287550274299072,Within Budget,High,High,Very High,Good,Low,Low,Low,12.628051291222848,52.31
1948,2027-05-02 18:00:00,BLDG_B,5237.19,2136.93,621.91,2016.82,10012.85,11540.93,13.24,1756.31,21.18,10193.82,24.33,80.84,14,82.69,40.47,2027,5,2,18,Sunday,6,1,52.30468847530923,21.341875689738686,6.211118712454495,20.142317122497587,Within Budget,High,Very High,Moderate,Good,High,Low,Very High,17.540560379911813,52.26
1949,2027-05-03 00:00:00,BLDG_B,5077.19,2703.07,665.41,949.81,9395.48,10643.86,11.73,475.84,20.5,7245.42,21.16,63.44,7,47.26,81.28,2027,5,3,0,Monday,0,0,54.03864411397821,28.769897865782273,7.082235287606381,10.109222732633139,Within Budget,Low,Very High,Moderate,Fair,Low,High,Moderate,5.064562960061647,38.09
1950,2027-05-03 06:00:00,BLDG_C,5337.4,3425.13,453.53,653.22,9869.28,10354.53,4.69,915.78,8.2,4781.11,55.59,73.4,9,91.58,64.33,2027,5,3,6,Monday,0,0,54.08094612778236,34.70496327999611,4.595370685602191,6.618719906619328,Within Budget,Moderate,Moderate,Very High,Fair,Very High,Moderate,High,9.279096347453915,57.19
1951,2027-05-03 12:00:00,BLDG_B,3985.76,1263.94,529.12,2121.03,7899.85,9269.35,14.77,1244.45,18.05,1422.63,31.89,61.94,6,50.43,81.82,2027,5,3,12,Monday,0,0,50.453616207902684,15.999544295144844,6.697848693329619,26.848990803622858,Within Budget,High,Very High,High,Fair,Moderate,High,Moderate,15.752830749950949,40.58
1952,2027-05-03 18:00:00,BLDG_B,5908.6,726.72,1587.77,2453.0,10676.09,11607.63,8.03,1813.29,15.21,4659.15,32.02,78.15,8,47.52,71.85,2027,5,3,18,Monday,0,0,55.34423183019251,6.8069864529055115,14.872205086319054,22.97657663058292,Within Budget,High,Very High,High,Good,Low,High,High,16.984588927219608,43.22
1953,2027-05-04 00:00:00,BLDG_B,2756.15,910.84,1176.85,1789.34,6633.18,6691.83,0.88,797.21,6.78,2593.78,33.28,94.44,15,89.46,83.23,2027,5,4,0,Tuesday,1,0,41.550960474463224,13.73157369466832,17.741867399949946,26.975598430918502,Within Budget,Moderate,Moderate,High,Excellent,Very High,High,Very High,12.018519021042698,55.99
1954,2027-05-04 06:00:00,BLDG_B,2398.72,1752.39,1774.49,1055.73,6981.33,7322.87,4.66,359.63,10.42,11549.92,31.74,60.09,11,49.79,66.2,2027,5,4,6,Tuesday,1,0,34.359069117202594,25.10109105285096,25.417649645554647,15.122190184391801,Within Budget,Low,High,High,Fair,Low,Moderate,High,5.151310710136894,38.01
1955,2027-05-04 12:00:00,BLDG_C,3141.89,2997.53,2186.68,2493.35,10819.45,12476.01,13.28,1787.6,7.19,8722.87,26.61,70.13,7,84.9,44.89,2027,5,4,12,Tuesday,1,0,29.039276488176384,27.70501273170078,20.210639172970897,23.045071607151932,Within Budget,High,Moderate,Moderate,Fair,High,Low,Moderate,16.522096779411154,47.21
1956,2027-05-04 18:00:00,BLDG_B,4298.41,720.0,1586.26,2286.53,8891.2,9014.14,1.36,499.39,9.31,9117.91,24.32,90.39,9,82.35,72.07,2027,5,4,18,Tuesday,1,0,48.34454291884109,8.09789454741767,17.840786395537158,25.716776138204068,Within Budget,Low,Moderate,Moderate,Excellent,High,High,High,5.616677163937376,51.59
1957,2027-05-05 00:00:00,BLDG_B,4199.64,1978.85,490.82,1526.76,8196.07,8437.63,2.86,679.71,15.08,5513.65,58.27,60.37,7,74.94,75.24,2027,5,5,0,Wednesday,2,0,51.23967950493346,24.143888473378095,5.988479844608452,18.62795217707999,Within Budget,Moderate,Very High,Very High,Fair,High,High,Moderate,8.293120971392387,52.16
1958,2027-05-05 06:00:00,BLDG_C,5656.81,1621.85,588.21,2150.64,10017.51,11408.39,12.19,864.77,10.75,1764.6,17.22,60.39,13,63.9,72.58,2027,5,5,6,Wednesday,2,0,56.469222391592325,16.190151045519293,5.871818445901227,21.468808116987155,Within Budget,Moderate,High,Moderate,Fair,Moderate,High,Very High,8.632584344812233,38.06
1959,2027-05-05 12:00:00,BLDG_A,3701.47,846.95,1985.81,2131.64,8665.87,10212.9,15.15,841.4,11.09,3567.24,18.32,83.21,6,90.78,81.67,2027,5,5,12,Wednesday,2,0,42.713195559130234,9.773398400853,22.915298752462242,24.598107287554505,Within Budget,Moderate,High,Moderate,Good,Very High,High,Moderate,9.709354052160947,50.85
1960,2027-05-05 18:00:00,BLDG_C,4076.42,1960.66,1349.49,2369.6,9756.17,10992.73,11.25,1449.03,13.71,3486.68,40.59,89.99,1,88.55,78.04,2027,5,5,18,Wednesday,2,0,41.7829947612639,20.096615782627815,13.832169796139263,24.288219659969023,Within Budget,High,High,High,Good,Very High,High,Low,14.852447220579387,58.21
1961,2027-05-06 00:00:00,BLDG_A,1862.83,1413.3,1884.71,2181.85,7342.69,7669.13,4.26,1103.77,5.57,6097.96,27.59,89.51,9,66.31,62.5,2027,5,6,0,Thursday,3,0,25.369857640728398,19.247714393498843,25.667841077316357,29.714586888456413,Within Budget,High,Moderate,Moderate,Good,Moderate,Moderate,High,15.032229332846683,47.24
1962,2027-05-06 06:00:00,BLDG_C,3725.77,1685.28,1941.9,1787.36,9140.31,9237.95,1.06,1260.89,17.3,5801.27,32.03,89.62,10,56.59,82.59,2027,5,6,6,Thursday,3,0,40.761965403799216,18.437886679992253,21.24545009961369,19.554697816594842,Within Budget,High,Very High,High,Good,Moderate,High,High,13.794827527731556,48.88
1963,2027-05-06 12:00:00,BLDG_C,4844.54,2675.72,2069.81,1718.61,11308.68,12699.93,10.95,376.8,11.23,5484.19,53.97,73.72,5,58.63,75.97,2027,5,6,12,Thursday,3,0,42.83912888153171,23.660763236734965,18.302843479521925,15.197264402211397,Within Budget,Low,High,Very High,Fair,Moderate,High,Moderate,3.3319538619891973,49.39
1964,2027-05-06 18:00:00,BLDG_B,1872.89,2160.34,2109.69,1434.71,7577.63,7649.46,0.94,869.36,12.65,6203.74,59.51,93.54,13,56.02,46.26,2027,5,6,18,Thursday,3,0,24.716039183755345,28.50944160641256,27.84102681181319,18.933492398018906,Within Budget,Moderate,High,Very High,Excellent,Moderate,Low,Very High,11.472716403413733,55.43
1965,2027-05-07 00:00:00,BLDG_A,3120.15,1049.01,1398.69,1752.97,7320.82,8217.95,10.92,1040.46,21.54,11850.77,53.06,60.49,2,72.06,68.07,2027,5,7,0,Friday,4,0,42.62022560314282,14.329132528869717,19.105646635213,23.94499523277447,Within Budget,High,Very High,Very High,Fair,High,Moderate,Low,14.212342333235895,51.79
1966,2027-05-07 06:00:00,BLDG_B,2777.39,3391.96,1013.84,2090.43,9273.62,9692.01,4.32,896.7,10.2,3931.07,21.39,71.86,15,88.43,77.88,2027,5,7,6,Friday,4,0,29.949361737918956,36.57643940553958,10.932516104822064,22.54168275171939,Within Budget,Moderate,High,Moderate,Fair,Very High,High,Very High,9.669363204444434,47.97
1967,2027-05-07 12:00:00,BLDG_A,1997.33,2480.55,2131.36,2438.08,9047.32,10684.26,15.32,1553.79,15.67,7575.6,63.86,72.81,14,83.68,68.77,2027,5,7,12,Friday,4,0,22.076482317415543,27.417511484063795,23.55791549320683,26.948090705313838,Within Budget,High,Very High,Very High,Fair,High,Moderate,Very High,17.174036068139515,59.0
1968,2027-05-07 18:00:00,BLDG_C,4052.52,2844.43,1385.33,1434.57,9716.85,10640.13,8.68,1492.23,11.07,3254.34,28.7,66.29,12,84.78,89.35,2027,5,7,18,Friday,4,0,41.706108461075345,29.27316980297113,14.25698657486737,14.763735161086153,Within Budget,High,High,Moderate,Fair,High,Very High,High,15.35713734389231,47.71
1969,2027-05-08 00:00:00,BLDG_C,2654.1,921.8,515.65,1647.31,5738.86,5995.89,4.29,721.51,20.1,5865.97,17.64,72.78,11,67.41,45.28,2027,5,8,0,Saturday,5,1,46.24786107345361,16.06242354753383,8.985234001177934,28.70448137783462,Within Budget,Moderate,Very High,Moderate,Fair,Moderate,Low,High,12.572357576243364,44.48
1970,2027-05-08 06:00:00,BLDG_A,5292.48,831.76,1557.0,1389.61,9070.85,10618.6,14.58,357.06,19.24,2800.57,36.47,82.26,8,61.12,77.56,2027,5,8,6,Saturday,5,1,58.34602049422048,9.169592706306466,17.16487429513221,15.319512504340826,Within Budget,Low,Very High,High,Good,Moderate,High,High,3.936345546448238,49.77
1971,2027-05-08 12:00:00,BLDG_B,5785.26,754.45,1457.83,1836.98,9834.52,10334.18,4.84,1257.36,8.35,6919.21,49.34,79.77,13,82.87,82.87,2027,5,8,12,Saturday,5,1,58.82605353387862,7.671447106722036,14.823600948495704,18.67889841090363,Within Budget,High,Moderate,High,Good,High,High,Very High,12.785168976218461,55.08
1972,2027-05-08 18:00:00,BLDG_B,4364.25,1228.62,2012.43,1759.84,9365.14,9939.41,5.78,1561.51,16.45,3547.64,12.75,72.14,4,84.66,76.54,2027,5,8,18,Saturday,5,1,46.60101183751658,13.11907777139477,21.488520192970956,18.7913901981177,Within Budget,High,Very High,Low,Fair,High,High,Moderate,16.673642892685,46.5
1973,2027-05-09 00:00:00,BLDG_B,6414.02,1860.34,1575.74,535.67,10385.77,12118.69,14.3,902.7,5.17,923.07,44.15,88.47,14,79.77,60.05,2027,5,9,0,Sunday,6,1,61.75777048788872,17.912393592386504,15.172105679212999,5.157730240511777,Within Budget,Moderate,Moderate,High,Good,High,Moderate,Very High,8.691700278361642,54.39
1974,2027-05-09 06:00:00,BLDG_B,3917.25,3320.31,1028.29,1582.32,9848.17,10456.38,5.82,1533.56,21.34,9875.62,56.91,87.16,3,46.61,60.04,2027,5,9,6,Sunday,6,1,39.7764254678788,33.71499476552496,10.441432266096138,16.06714750050009,Within Budget,High,Very High,Very High,Good,Low,Moderate,Low,15.57203013351719,53.0
1975,2027-05-09 12:00:00,BLDG_C,4212.83,1979.77,2139.21,676.97,9008.78,9747.8,7.58,693.44,10.28,1974.93,22.92,70.67,13,74.48,70.5,2027,5,9,12,Sunday,6,1,46.763601730755994,21.976005630063113,23.745834619116017,7.51455802006487,Within Budget,Moderate,High,Moderate,Fair,High,High,Very High,7.697379667391145,44.59
1976,2027-05-09 18:00:00,BLDG_C,6449.32,1512.71,1842.92,552.77,10357.72,11077.92,6.5,1196.48,18.97,4732.45,47.51,72.28,1,62.35,60.65,2027,5,9,18,Sunday,6,1,62.2658268422008,14.60466202986758,17.792718860907613,5.336792267024017,Within Budget,High,Very High,High,Fair,Moderate,Moderate,Low,11.551576987985774,50.28
1977,2027-05-10 00:00:00,BLDG_C,2888.28,2273.42,1534.75,2082.39,8778.84,8983.21,2.28,1117.23,9.73,5987.54,30.79,70.93,5,54.81,85.93,2027,5,10,0,Monday,0,0,32.900474322347826,25.89658770407024,17.48237808184225,23.720559891739683,Within Budget,High,Moderate,High,Fair,Moderate,Very High,Moderate,12.726396653772024,41.56
1978,2027-05-10 06:00:00,BLDG_C,6229.97,1013.42,927.27,1017.3,9187.96,9259.43,0.77,1210.05,15.39,5473.52,31.61,64.9,3,79.72,45.72,2027,5,10,6,Monday,0,0,67.80580237615314,11.029869524899977,10.092229395861542,11.072098703085341,Within Budget,High,Very High,High,Fair,High,Low,Low,13.169952851340232,47.9
1979,2027-05-10 12:00:00,BLDG_C,2001.34,2406.62,1072.37,1181.31,6661.64,7626.97,12.66,1081.73,21.7,8845.16,24.01,88.61,15,58.43,73.24,2027,5,10,12,Monday,0,0,30.042752235185326,36.12653941071567,16.097687656492994,17.733020697605994,Within Budget,High,Very High,Moderate,Good,Moderate,High,Very High,16.238193597972874,48.19
1980,2027-05-10 18:00:00,BLDG_B,3898.02,2291.61,1605.95,628.17,8423.75,9510.64,11.43,549.17,19.78,7362.93,43.59,61.76,4,90.64,46.97,2027,5,10,18,Monday,0,0,46.27416530642529,27.204154919127472,19.06454963644458,7.457130138002671,Within Budget,Moderate,Very High,High,Fair,Very High,Low,Moderate,6.519305534945838,53.94
1981,2027-05-11 00:00:00,BLDG_B,2129.02,2917.58,529.57,859.0,6435.17,6798.58,5.35,446.31,6.89,3896.77,28.58,65.72,15,59.9,68.09,2027,5,11,0,Tuesday,1,0,33.08412986758702,45.338040797679,8.229308627433308,13.348520707300663,Within Budget,Low,Moderate,Moderate,Fair,Moderate,Moderate,Very High,6.935481113941046,40.27
1982,2027-05-11 06:00:00,BLDG_B,5227.4,3462.73,862.03,2031.21,11583.37,12268.18,5.58,1570.78,13.85,1094.58,55.36,64.0,9,72.76,77.21,2027,5,11,6,Tuesday,1,0,45.12849024075031,29.893977314028646,7.441962054220835,17.5355703910002,Within Budget,High,High,Very High,Fair,High,High,High,13.560647721690664,51.49
1983,2027-05-11 12:00:00,BLDG_B,4659.52,1402.45,1685.02,1487.06,9234.05,10979.3,15.9,522.45,10.27,9327.34,62.89,91.36,11,86.39,48.61,2027,5,11,12,Tuesday,1,0,50.460198937627595,15.187810332411026,18.24789772634976,16.104093003611634,Within Budget,Moderate,High,Very High,Excellent,Very High,Low,High,5.6578641008008415,62.73
1984,2027-05-11 18:00:00,BLDG_C,5121.18,2127.04,1264.03,2261.34,10773.59,12901.74,16.5,1073.49,11.82,4554.06,61.3,61.67,14,65.11,76.61,2027,5,11,18,Tuesday,1,0,47.5345729696415,19.743093991882,11.732672210470232,20.989660828006265,Within Budget,High,High,Very High,Fair,Moderate,High,Very High,9.964088108049406,49.98
1985,2027-05-12 00:00:00,BLDG_C,3560.06,3244.82,1124.31,1294.48,9223.67,10097.03,8.65,304.43,10.03,10731.83,17.3,85.26,7,86.43,47.28,2027,5,12,0,Wednesday,2,0,38.5970009768346,35.17927245879352,12.189399664125016,14.034326900246866,Within Budget,Low,High,Moderate,Good,Very High,Low,Moderate,3.300530049318764,49.76
1986,2027-05-12 06:00:00,BLDG_C,3536.57,2898.53,672.62,1037.4,8145.12,9452.33,13.83,416.6,10.05,5043.15,8.81,61.69,11,81.18,72.27,2027,5,12,6,Wednesday,2,0,43.41949535427348,35.58609326811637,8.257950772978177,12.736460604631977,Within Budget,Low,High,Low,Fair,High,High,High,5.114718997387393,40.43
1987,2027-05-12 12:00:00,BLDG_A,2013.0,2064.74,1195.33,1195.2,6468.27,7421.29,12.84,852.69,13.77,8753.07,32.99,89.88,5,91.04,66.29,2027,5,12,12,Wednesday,2,0,31.12114985923593,31.921054625116142,18.479902663308735,18.47789285233919,Within Budget,Moderate,High,High,Good,Very High,Moderate,Moderate,13.182659350954737,56.92
1988,2027-05-12 18:00:00,BLDG_B,3444.74,3347.04,1787.25,1925.54,10504.57,11129.21,5.61,1492.9,7.46,11304.99,49.55,94.68,8,61.29,55.5,2027,5,12,18,Wednesday,2,0,32.792774954139006,31.86270356616216,17.014023420282793,18.330498059416044,Within Budget,High,Moderate,High,Excellent,Moderate,Moderate,High,14.211909673599207,53.24
1989,2027-05-13 00:00:00,BLDG_B,6167.66,860.26,875.22,1610.01,9513.15,9624.57,1.16,449.95,13.67,7988.25,63.71,78.5,6,50.25,45.8,2027,5,13,0,Thursday,3,0,64.83299432890263,9.042851211218156,9.200107220005993,16.92404723987323,Within Budget,Low,High,Very High,Good,Moderate,Low,Moderate,4.729768793722374,51.53
1990,2027-05-13 06:00:00,BLDG_C,3582.36,3306.8,409.72,2308.38,9607.26,9881.18,2.77,616.37,9.02,5255.12,52.66,90.57,10,66.52,78.26,2027,5,13,6,Thursday,3,0,37.288050911498175,34.41980335704457,4.264691493724538,24.027454237732716,Within Budget,Moderate,Moderate,Very High,Excellent,Moderate,High,High,6.415668983664437,54.69
1991,2027-05-13 12:00:00,BLDG_B,5707.43,841.42,1603.31,1704.34,9856.5,11509.03,14.36,441.92,9.2,7025.09,41.09,86.84,2,84.29,59.85,2027,5,13,12,Thursday,3,0,57.90524019682444,8.536701668949425,16.266524628417795,17.29153350580835,Within Budget,Low,Moderate,High,Good,High,Moderate,Low,4.483538781514737,55.36
1992,2027-05-13 18:00:00,BLDG_B,5758.93,2232.45,2150.73,1486.04,11628.15,13328.68,12.76,1104.81,17.3,6749.62,9.5,90.23,7,67.52,44.5,2027,5,13,18,Thursday,3,0,49.525762911555155,19.19866874782317,18.49589143586899,12.77967690475269,Within Budget,High,Very High,Low,Excellent,Moderate,Low,Moderate,9.501167425600805,46.14
1993,2027-05-14 00:00:00,BLDG_C,3554.23,3193.23,1492.29,2071.51,10311.26,11681.29,11.73,504.4,4.53,7225.43,55.06,89.14,1,58.1,80.19,2027,5,14,0,Friday,4,0,34.46940529091498,30.96837825833118,14.472431109292172,20.089785341461667,Within Budget,Moderate,Low,Very High,Good,Moderate,High,Low,4.891739709792983,51.71
1994,2027-05-14 06:00:00,BLDG_A,4770.35,1435.62,615.86,2395.07,9216.9,9457.74,2.55,881.08,10.86,2188.43,18.1,67.8,3,46.38,52.11,2027,5,14,6,Friday,4,0,51.75655589189424,15.575952869185953,6.681856155540366,25.98563508337945,Within Budget,Moderate,High,Moderate,Fair,Low,Moderate,Low,9.55939632631362,35.78
1995,2027-05-14 12:00:00,BLDG_A,2248.25,2022.3,977.32,1211.69,6459.56,7286.29,11.35,903.14,11.34,8532.86,11.17,78.98,12,60.65,78.3,2027,5,14,12,Friday,4,0,34.80500219829214,31.307085931549516,15.12982308392522,18.758088786233117,Within Budget,Moderate,High,Low,Good,Moderate,High,High,13.981447652781304,40.54
1996,2027-05-14 18:00:00,BLDG_A,2287.29,1608.12,1961.75,999.75,6856.91,7915.83,13.38,908.6,12.73,2168.0,56.47,96.5,1,80.67,69.37,2027,5,14,18,Friday,4,0,33.3574452632454,23.452546409388482,28.609825708664694,14.580182618701427,Within Budget,Moderate,High,Very High,Excellent,High,Moderate,Low,13.25086664401312,61.59
1997,2027-05-15 00:00:00,BLDG_C,2028.69,3366.0,818.62,1732.43,7945.74,9313.36,14.68,572.64,16.04,668.09,40.28,73.05,14,52.38,50.12,2027,5,15,0,Saturday,5,1,25.531794395487395,42.362322452030895,10.302627571503724,21.803255580977986,Within Budget,Moderate,Very High,High,Fair,Moderate,Moderate,Very High,7.206880668131603,45.44
1998,2027-05-15 06:00:00,BLDG_B,4530.77,3006.21,1493.85,1497.75,10528.58,10556.44,0.26,1379.92,10.65,7684.97,15.33,96.88,15,62.04,43.97,2027,5,15,6,Saturday,5,1,43.033058589097486,28.5528532812592,14.188523048692225,14.225565080951089,Within Budget,High,High,Moderate,Excellent,Moderate,Low,Very High,13.106420808884009,46.22
1999,2027-05-15 12:00:00,BLDG_C,3802.53,2685.2,1124.81,2478.37,10090.91,11472.31,12.04,1706.95,7.84,1844.51,30.03,82.16,1,46.01,70.85,2027,5,15,12,Saturday,5,1,37.68272633488952,26.61008769278489,11.146764761552724,24.560421210772862,Within Budget,High,Moderate,High,Good,Low,High,Low,16.915719196782057,41.51
2000,2027-05-15 18:00:00,BLDG_C,4375.75,2345.36,774.12,1424.72,8919.95,8954.02,0.38,732.58,19.93,9359.73,12.88,77.54,15,81.09,41.31,2027,5,15,18,Saturday,5,1,49.05576824982202,26.29342092724735,8.678523982757751,15.97228684017287,Within Budget,Moderate,Very High,Low,Good,High,Low,Very High,8.212826305080185,47.86
