Event_ID,Timestamp,Building_ID,Zone,Person_ID,Person_Type,Badge_ID,Access_Type,Authorization_Status,Risk_Level,Event_Type,Access_Duration_Min,Security_Alert,CCTV_Status,Incident_Detected,Hour,Day,Day_of_Week,Month,Date,Working_Hours,Unauthorized_Access,Security_Alert_Flag,Incident_Flag,CCTV_Issue_Flag,High_Risk_Flag,Security_Event_Score,Security_Status
SEC_0001,2026-01-01 08:00:00,BLDG_A,Restricted Zone,P1088,Visitor,BADGE_10373,Exit,Authorized,Low,Normal Access,101,No,Normal,No,8,1,Thursday,1,2026-01-01,No,0,0,0,0,0,0,Normal
SEC_0002,2026-01-01 08:30:00,BLDG_A,Common Area,P1022,Employee,BADGE_10253,Exit,Denied,Medium,Failed Access,90,No,Unusual,No,8,1,Thursday,1,2026-01-01,No,0,0,0,1,0,1,Monitoring
SEC_0003,2026-01-01 09:00:00,BLDG_A,Common Area,P1051,Employee,BADGE_10364,Entry,Authorized,Low,Normal Access,56,No,Normal,No,9,1,Thursday,1,2026-01-01,Yes,0,0,0,0,0,0,Normal
SEC_0004,2026-01-01 09:30:00,BLDG_C,Meeting Room,P1014,Visitor,BADGE_10242,Exit,Authorized,Medium,Normal Access,10,No,Normal,No,9,1,Thursday,1,2026-01-01,Yes,0,0,0,0,0,0,Normal
SEC_0005,2026-01-01 10:00:00,BLDG_A,Office Floor,P1081,Employee,BADGE_10420,Exit,Authorized,Low,Normal Access,51,No,Normal,No,10,1,Thursday,1,2026-01-01,Yes,0,0,0,0,0,0,Normal
SEC_0006,2026-01-01 10:30:00,BLDG_B,Meeting Room,P1270,Employee,BADGE_10351,Entry,Authorized,Critical,Suspicious Activity,49,Yes,Suspicious,Yes,10,1,Thursday,1,2026-01-01,Yes,0,1,1,0,1,3,Warning
SEC_0007,2026-01-01 11:00:00,BLDG_A,Common Area,P1280,Employee,BADGE_10410,Exit,Authorized,Low,Normal Access,125,No,Normal,No,11,1,Thursday,1,2026-01-01,Yes,0,0,0,0,0,0,Normal
SEC_0008,2026-01-01 11:30:00,BLDG_A,Office Floor,P1063,Employee,BADGE_10139,Entry,Authorized,Low,Normal Access,82,No,Normal,No,11,1,Thursday,1,2026-01-01,Yes,0,0,0,0,0,0,Normal
SEC_0009,2026-01-01 12:00:00,BLDG_B,Parking Area,P1268,Employee,BADGE_10418,Exit,Authorized,Low,Normal Access,34,No,Normal,No,12,1,Thursday,1,2026-01-01,Yes,0,0,0,0,0,0,Normal
SEC_0010,2026-01-01 12:30:00,BLDG_A,Meeting Room,P1101,Employee,BADGE_10431,Exit,Authorized,Low,Normal Access,132,No,Normal,No,12,1,Thursday,1,2026-01-01,Yes,0,0,0,0,0,0,Normal
SEC_0011,2026-01-01 13:00:00,BLDG_C,Common Area,P1179,Visitor,BADGE_10063,Entry,Authorized,Low,Normal Access,97,No,Normal,No,13,1,Thursday,1,2026-01-01,Yes,0,0,0,0,0,0,Normal
SEC_0012,2026-01-01 13:30:00,BLDG_B,Meeting Room,P1036,Employee,BADGE_10013,Exit,Authorized,Low,Normal Access,161,No,Normal,No,13,1,Thursday,1,2026-01-01,Yes,0,0,0,0,0,0,Normal
SEC_0013,2026-01-01 14:00:00,BLDG_B,Parking Area,P1108,Visitor,BADGE_10044,Exit,Authorized,Low,Normal Access,85,No,Normal,No,14,1,Thursday,1,2026-01-01,Yes,0,0,0,0,0,0,Normal
SEC_0014,2026-01-01 14:30:00,BLDG_C,Common Area,P1121,Visitor,BADGE_10116,Exit,Authorized,Low,Normal Access,4,No,Normal,No,14,1,Thursday,1,2026-01-01,Yes,0,0,0,0,0,0,Normal
SEC_0015,2026-01-01 15:00:00,BLDG_A,Common Area,P1160,Employee,BADGE_10096,Entry,Authorized,Medium,Normal Access,114,No,Normal,No,15,1,Thursday,1,2026-01-01,Yes,0,0,0,0,0,0,Normal
SEC_0016,2026-01-01 15:30:00,BLDG_A,Office Floor,P1187,Employee,BADGE_10113,Exit,Authorized,Medium,Normal Access,3,No,Normal,No,15,1,Thursday,1,2026-01-01,Yes,0,0,0,0,0,0,Normal
SEC_0017,2026-01-01 16:00:00,BLDG_B,Office Floor,P1160,Employee,BADGE_10198,Exit,Authorized,Low,Normal Access,161,No,Normal,No,16,1,Thursday,1,2026-01-01,Yes,0,0,0,0,0,0,Normal
SEC_0018,2026-01-01 16:30:00,BLDG_B,Office Floor,P1240,Employee,BADGE_10144,Entry,Authorized,Medium,Normal Access,98,No,Normal,No,16,1,Thursday,1,2026-01-01,Yes,0,0,0,0,0,0,Normal
SEC_0019,2026-01-01 17:00:00,BLDG_A,Common Area,P1147,Employee,BADGE_10148,Exit,Authorized,Low,Normal Access,97,No,Normal,No,17,1,Thursday,1,2026-01-01,Yes,0,0,0,0,0,0,Normal
SEC_0020,2026-01-01 17:30:00,BLDG_A,Restricted Zone,P1298,Employee,BADGE_10099,Entry,Denied,Medium,Restricted Access,8,Yes,Unusual,No,17,1,Thursday,1,2026-01-01,Yes,0,1,0,1,0,2,Warning
SEC_0021,2026-01-01 18:00:00,BLDG_B,Server Room,P1037,Employee,BADGE_10160,Entry,Authorized,Low,Normal Access,10,No,Normal,No,18,1,Thursday,1,2026-01-01,No,0,0,0,0,0,0,Normal
SEC_0022,2026-01-01 18:30:00,BLDG_A,Parking Area,P1113,Visitor,BADGE_10456,Exit,Authorized,Low,Normal Access,165,No,Normal,No,18,1,Thursday,1,2026-01-01,No,0,0,0,0,0,0,Normal
SEC_0023,2026-01-01 19:00:00,BLDG_C,Common Area,P1194,Employee,BADGE_10310,Entry,Authorized,Low,Normal Access,164,No,Normal,No,19,1,Thursday,1,2026-01-01,No,0,0,0,0,0,0,Normal
SEC_0024,2026-01-01 19:30:00,BLDG_B,Office Floor,P1135,Employee,BADGE_10195,Entry,Authorized,Low,Normal Access,146,No,Normal,No,19,1,Thursday,1,2026-01-01,No,0,0,0,0,0,0,Normal
SEC_0025,2026-01-01 20:00:00,BLDG_A,Common Area,P1051,Employee,BADGE_10438,Exit,Authorized,Medium,Normal Access,9,No,Normal,No,20,1,Thursday,1,2026-01-01,No,0,0,0,0,0,0,Normal
SEC_0026,2026-01-01 20:30:00,BLDG_B,Parking Area,P1147,Employee,BADGE_10004,Exit,Authorized,Low,Normal Access,36,No,Normal,No,20,1,Thursday,1,2026-01-01,No,0,0,0,0,0,0,Normal
SEC_0027,2026-01-01 21:00:00,BLDG_C,Office Floor,P1037,Contractor,BADGE_10280,Entry,Authorized,Low,Normal Access,94,No,Normal,No,21,1,Thursday,1,2026-01-01,No,0,0,0,0,0,0,Normal
SEC_0028,2026-01-01 21:30:00,BLDG_B,Restricted Zone,P1256,Contractor,BADGE_10323,Exit,Authorized,Low,Normal Access,129,No,Normal,No,21,1,Thursday,1,2026-01-01,No,0,0,0,0,0,0,Normal
SEC_0029,2026-01-01 22:00:00,BLDG_A,Meeting Room,P1151,Visitor,BADGE_10450,Exit,Authorized,Low,Normal Access,128,No,Normal,No,22,1,Thursday,1,2026-01-01,No,0,0,0,0,0,0,Normal
SEC_0030,2026-01-01 22:30:00,BLDG_B,Server Room,P1247,Visitor,BADGE_10026,Exit,Authorized,Low,Normal Access,100,No,Normal,No,22,1,Thursday,1,2026-01-01,No,0,0,0,0,0,0,Normal
SEC_0031,2026-01-01 23:00:00,BLDG_A,Common Area,P1142,Employee,BADGE_10460,Entry,Authorized,Low,Normal Access,116,No,Normal,No,23,1,Thursday,1,2026-01-01,No,0,0,0,0,0,0,Normal
SEC_0032,2026-01-01 23:30:00,BLDG_A,Meeting Room,P1125,Employee,BADGE_10150,Exit,Authorized,Low,Normal Access,59,No,Normal,No,23,1,Thursday,1,2026-01-01,No,0,0,0,0,0,0,Normal
SEC_0033,2026-01-02 00:00:00,BLDG_C,Office Floor,P1060,Employee,BADGE_10492,Entry,Authorized,Low,Normal Access,109,No,Normal,No,0,2,Friday,1,2026-01-02,No,0,0,0,0,0,0,Normal
SEC_0034,2026-01-02 00:30:00,BLDG_B,Office Floor,P1269,Employee,BADGE_10370,Entry,Authorized,Low,Normal Access,125,No,Normal,No,0,2,Friday,1,2026-01-02,No,0,0,0,0,0,0,Normal
SEC_0035,2026-01-02 01:00:00,BLDG_B,Office Floor,P1279,Employee,BADGE_10127,Entry,Authorized,Low,Normal Access,138,No,Normal,No,1,2,Friday,1,2026-01-02,No,0,0,0,0,0,0,Normal
SEC_0036,2026-01-02 01:30:00,BLDG_B,Office Floor,P1237,Contractor,BADGE_10373,Entry,Authorized,Low,Normal Access,130,No,Normal,No,1,2,Friday,1,2026-01-02,No,0,0,0,0,0,0,Normal
SEC_0037,2026-01-02 02:00:00,BLDG_C,Parking Area,P1086,Employee,BADGE_10185,Exit,Authorized,Low,Normal Access,30,No,Normal,No,2,2,Friday,1,2026-01-02,No,0,0,0,0,0,0,Normal
SEC_0038,2026-01-02 02:30:00,BLDG_A,Office Floor,P1039,Employee,BADGE_10100,Exit,Authorized,Low,Normal Access,34,No,Normal,No,2,2,Friday,1,2026-01-02,No,0,0,0,0,0,0,Normal
SEC_0039,2026-01-02 03:00:00,BLDG_B,Common Area,P1147,Employee,BADGE_10442,Exit,Authorized,Low,Normal Access,97,No,Normal,No,3,2,Friday,1,2026-01-02,No,0,0,0,0,0,0,Normal
SEC_0040,2026-01-02 03:30:00,BLDG_C,Common Area,P1152,Employee,BADGE_10396,Entry,Authorized,Low,Normal Access,179,No,Normal,No,3,2,Friday,1,2026-01-02,No,0,0,0,0,0,0,Normal
SEC_0041,2026-01-02 04:00:00,BLDG_B,Office Floor,P1043,Visitor,BADGE_10044,Exit,Authorized,Low,Normal Access,30,No,Normal,No,4,2,Friday,1,2026-01-02,No,0,0,0,0,0,0,Normal
SEC_0042,2026-01-02 04:30:00,BLDG_A,Office Floor,P1090,Employee,BADGE_10418,Entry,Authorized,Low,Normal Access,116,No,Normal,No,4,2,Friday,1,2026-01-02,No,0,0,0,0,0,0,Normal
SEC_0043,2026-01-02 05:00:00,BLDG_A,Office Floor,P1249,Employee,BADGE_10164,Exit,Authorized,Low,Normal Access,139,No,Normal,No,5,2,Friday,1,2026-01-02,No,0,0,0,0,0,0,Normal
SEC_0044,2026-01-02 05:30:00,BLDG_B,Common Area,P1151,Employee,BADGE_10190,Exit,Authorized,Low,Normal Access,38,No,Normal,No,5,2,Friday,1,2026-01-02,No,0,0,0,0,0,0,Normal
SEC_0045,2026-01-02 06:00:00,BLDG_A,Common Area,P1217,Visitor,BADGE_10342,Entry,Authorized,Low,Normal Access,142,No,Normal,No,6,2,Friday,1,2026-01-02,No,0,0,0,0,0,0,Normal
SEC_0046,2026-01-02 06:30:00,BLDG_C,Meeting Room,P1052,Employee,BADGE_10339,Exit,Authorized,Medium,Normal Access,112,No,Normal,No,6,2,Friday,1,2026-01-02,No,0,0,0,0,0,0,Normal
SEC_0047,2026-01-02 07:00:00,BLDG_A,Office Floor,P1039,Employee,BADGE_10109,Exit,Authorized,Low,Normal Access,43,No,Normal,No,7,2,Friday,1,2026-01-02,No,0,0,0,0,0,0,Normal
SEC_0048,2026-01-02 07:30:00,BLDG_C,Restricted Zone,P1009,Employee,BADGE_10074,Exit,Authorized,Medium,Normal Access,146,No,Normal,No,7,2,Friday,1,2026-01-02,No,0,0,0,0,0,0,Normal
SEC_0049,2026-01-02 08:00:00,BLDG_A,Office Floor,P1165,Employee,BADGE_10422,Entry,Authorized,Low,Normal Access,84,No,Normal,No,8,2,Friday,1,2026-01-02,No,0,0,0,0,0,0,Normal
SEC_0050,2026-01-02 08:30:00,BLDG_B,Server Room,P1275,Visitor,BADGE_10445,Entry,Denied,Medium,Restricted Access,109,Yes,Normal,No,8,2,Friday,1,2026-01-02,No,0,1,0,0,0,1,Monitoring
SEC_0051,2026-01-02 09:00:00,BLDG_B,Meeting Room,P1058,Contractor,BADGE_10148,Entry,Authorized,Low,Normal Access,62,No,Normal,No,9,2,Friday,1,2026-01-02,Yes,0,0,0,0,0,0,Normal
SEC_0052,2026-01-02 09:30:00,BLDG_C,Parking Area,P1117,Employee,BADGE_10134,Entry,Authorized,Low,Normal Access,59,No,Normal,No,9,2,Friday,1,2026-01-02,Yes,0,0,0,0,0,0,Normal
SEC_0053,2026-01-02 10:00:00,BLDG_A,Restricted Zone,P1020,Employee,BADGE_10441,Exit,Authorized,High,Suspicious Activity,147,Yes,Unusual,Yes,10,2,Friday,1,2026-01-02,Yes,0,1,1,1,1,4,Critical
SEC_0054,2026-01-02 10:30:00,BLDG_A,Office Floor,P1012,Employee,BADGE_10330,Exit,Authorized,Low,Normal Access,17,No,Normal,No,10,2,Friday,1,2026-01-02,Yes,0,0,0,0,0,0,Normal
SEC_0055,2026-01-02 11:00:00,BLDG_C,Meeting Room,P1178,Employee,BADGE_10028,Entry,Authorized,Low,Normal Access,102,No,Normal,No,11,2,Friday,1,2026-01-02,Yes,0,0,0,0,0,0,Normal
SEC_0056,2026-01-02 11:30:00,BLDG_C,Restricted Zone,P1046,Employee,BADGE_10035,Entry,Authorized,Low,Normal Access,135,No,Normal,No,11,2,Friday,1,2026-01-02,Yes,0,0,0,0,0,0,Normal
SEC_0057,2026-01-02 12:00:00,BLDG_C,Parking Area,P1289,Employee,BADGE_10374,Entry,Denied,Low,Restricted Access,66,Yes,Normal,No,12,2,Friday,1,2026-01-02,Yes,0,1,0,0,0,1,Monitoring
SEC_0058,2026-01-02 12:30:00,BLDG_B,Restricted Zone,P1098,Employee,BADGE_10105,Exit,Authorized,Low,Normal Access,100,No,Normal,No,12,2,Friday,1,2026-01-02,Yes,0,0,0,0,0,0,Normal
SEC_0059,2026-01-02 13:00:00,BLDG_A,Office Floor,P1023,Employee,BADGE_10485,Exit,Authorized,Medium,Normal Access,54,No,Normal,No,13,2,Friday,1,2026-01-02,Yes,0,0,0,0,0,0,Normal
SEC_0060,2026-01-02 13:30:00,BLDG_C,Server Room,P1288,Employee,BADGE_10034,Entry,Authorized,Low,Normal Access,93,No,Normal,No,13,2,Friday,1,2026-01-02,Yes,0,0,0,0,0,0,Normal
SEC_0061,2026-01-02 14:00:00,BLDG_A,Office Floor,P1236,Employee,BADGE_10389,Entry,Authorized,Low,Normal Access,58,No,Normal,No,14,2,Friday,1,2026-01-02,Yes,0,0,0,0,0,0,Normal
SEC_0062,2026-01-02 14:30:00,BLDG_B,Common Area,P1192,Employee,BADGE_10252,Exit,Authorized,Medium,Normal Access,39,No,Normal,No,14,2,Friday,1,2026-01-02,Yes,0,0,0,0,0,0,Normal
SEC_0063,2026-01-02 15:00:00,BLDG_B,Common Area,P1030,Employee,BADGE_10247,Entry,Authorized,Low,Normal Access,107,No,Normal,No,15,2,Friday,1,2026-01-02,Yes,0,0,0,0,0,0,Normal
SEC_0064,2026-01-02 15:30:00,BLDG_C,Restricted Zone,P1034,Employee,BADGE_10262,Exit,Authorized,Low,Normal Access,54,No,Normal,No,15,2,Friday,1,2026-01-02,Yes,0,0,0,0,0,0,Normal
SEC_0065,2026-01-02 16:00:00,BLDG_A,Office Floor,P1008,Employee,BADGE_10388,Entry,Authorized,Low,Normal Access,105,No,Normal,No,16,2,Friday,1,2026-01-02,Yes,0,0,0,0,0,0,Normal
SEC_0066,2026-01-02 16:30:00,BLDG_B,Meeting Room,P1092,Visitor,BADGE_10170,Entry,Denied,High,Restricted Access,62,Yes,Normal,No,16,2,Friday,1,2026-01-02,Yes,0,1,0,0,1,2,Warning
SEC_0067,2026-01-02 17:00:00,BLDG_A,Common Area,P1073,Employee,BADGE_10282,Entry,Authorized,Low,Normal Access,48,No,Normal,No,17,2,Friday,1,2026-01-02,Yes,0,0,0,0,0,0,Normal
SEC_0068,2026-01-02 17:30:00,BLDG_B,Office Floor,P1113,Visitor,BADGE_10355,Exit,Authorized,Low,Normal Access,48,No,Normal,No,17,2,Friday,1,2026-01-02,Yes,0,0,0,0,0,0,Normal
SEC_0069,2026-01-02 18:00:00,BLDG_A,Common Area,P1007,Employee,BADGE_10003,Entry,Authorized,Low,Normal Access,112,No,Normal,No,18,2,Friday,1,2026-01-02,No,0,0,0,0,0,0,Normal
SEC_0070,2026-01-02 18:30:00,BLDG_C,Parking Area,P1119,Employee,BADGE_10485,Exit,Authorized,Low,Normal Access,29,No,Normal,No,18,2,Friday,1,2026-01-02,No,0,0,0,0,0,0,Normal
SEC_0071,2026-01-02 19:00:00,BLDG_A,Meeting Room,P1068,Employee,BADGE_10394,Entry,Authorized,Low,Normal Access,68,No,Normal,No,19,2,Friday,1,2026-01-02,No,0,0,0,0,0,0,Normal
SEC_0072,2026-01-02 19:30:00,BLDG_B,Meeting Room,P1042,Employee,BADGE_10425,Exit,Authorized,Low,Normal Access,102,No,Normal,No,19,2,Friday,1,2026-01-02,No,0,0,0,0,0,0,Normal
SEC_0073,2026-01-02 20:00:00,BLDG_A,Common Area,P1198,Employee,BADGE_10070,Entry,Denied,Low,Restricted Access,113,Yes,Normal,No,20,2,Friday,1,2026-01-02,No,0,1,0,0,0,1,Monitoring
SEC_0074,2026-01-02 20:30:00,BLDG_A,Office Floor,P1040,Employee,BADGE_10229,Entry,Authorized,Low,Normal Access,37,No,Normal,No,20,2,Friday,1,2026-01-02,No,0,0,0,0,0,0,Normal
SEC_0075,2026-01-02 21:00:00,BLDG_C,Restricted Zone,P1062,Employee,BADGE_10441,Exit,Authorized,High,Suspicious Activity,80,Yes,Suspicious,Yes,21,2,Friday,1,2026-01-02,No,0,1,1,0,1,3,Warning
SEC_0076,2026-01-02 21:30:00,BLDG_B,Meeting Room,P1140,Visitor,BADGE_10047,Entry,Denied,Medium,Restricted Access,2,Yes,Normal,No,21,2,Friday,1,2026-01-02,No,0,1,0,0,0,1,Monitoring
SEC_0077,2026-01-02 22:00:00,BLDG_B,Office Floor,P1178,Employee,BADGE_10010,Entry,Authorized,Low,Normal Access,6,No,Normal,No,22,2,Friday,1,2026-01-02,No,0,0,0,0,0,0,Normal
SEC_0078,2026-01-02 22:30:00,BLDG_A,Restricted Zone,P1038,Employee,BADGE_10419,Exit,Authorized,Low,Normal Access,95,No,Normal,No,22,2,Friday,1,2026-01-02,No,0,0,0,0,0,0,Normal
SEC_0079,2026-01-02 23:00:00,BLDG_A,Server Room,P1001,Visitor,BADGE_10296,Entry,Denied,Medium,Restricted Access,65,Yes,Normal,No,23,2,Friday,1,2026-01-02,No,0,1,0,0,0,1,Monitoring
SEC_0080,2026-01-02 23:30:00,BLDG_B,Server Room,P1005,Employee,BADGE_10339,Exit,Authorized,Low,Normal Access,124,No,Normal,No,23,2,Friday,1,2026-01-02,No,0,0,0,0,0,0,Normal
SEC_0081,2026-01-03 00:00:00,BLDG_B,Restricted Zone,P1125,Employee,BADGE_10422,Exit,Denied,Critical,Failed Access,98,Yes,Unusual,Yes,0,3,Saturday,1,2026-01-03,No,0,1,1,1,1,4,Critical
SEC_0082,2026-01-03 00:30:00,BLDG_C,Common Area,P1039,Employee,BADGE_10435,Exit,Authorized,Medium,Normal Access,135,No,Normal,No,0,3,Saturday,1,2026-01-03,No,0,0,0,0,0,0,Normal
SEC_0083,2026-01-03 01:00:00,BLDG_A,Parking Area,P1157,Employee,BADGE_10038,Entry,Authorized,Low,Normal Access,98,No,Normal,No,1,3,Saturday,1,2026-01-03,No,0,0,0,0,0,0,Normal
SEC_0084,2026-01-03 01:30:00,BLDG_B,Parking Area,P1118,Employee,BADGE_10294,Entry,Authorized,Low,Normal Access,142,No,Normal,No,1,3,Saturday,1,2026-01-03,No,0,0,0,0,0,0,Normal
SEC_0085,2026-01-03 02:00:00,BLDG_A,Server Room,P1173,Employee,BADGE_10130,Entry,Authorized,Low,Normal Access,156,No,Normal,No,2,3,Saturday,1,2026-01-03,No,0,0,0,0,0,0,Normal
SEC_0086,2026-01-03 02:30:00,BLDG_B,Parking Area,P1038,Employee,BADGE_10134,Entry,Authorized,Medium,Normal Access,24,No,Normal,No,2,3,Saturday,1,2026-01-03,No,0,0,0,0,0,0,Normal
SEC_0087,2026-01-03 03:00:00,BLDG_B,Restricted Zone,P1171,Employee,BADGE_10460,Exit,Authorized,Low,Normal Access,101,No,Normal,No,3,3,Saturday,1,2026-01-03,No,0,0,0,0,0,0,Normal
SEC_0088,2026-01-03 03:30:00,BLDG_C,Parking Area,P1051,Employee,BADGE_10029,Exit,Authorized,Low,Normal Access,41,No,Normal,No,3,3,Saturday,1,2026-01-03,No,0,0,0,0,0,0,Normal
SEC_0089,2026-01-03 04:00:00,BLDG_C,Restricted Zone,P1001,Employee,BADGE_10319,Entry,Authorized,Low,Normal Access,56,No,Normal,No,4,3,Saturday,1,2026-01-03,No,0,0,0,0,0,0,Normal
SEC_0090,2026-01-03 04:30:00,BLDG_A,Common Area,P1291,Employee,BADGE_10063,Exit,Authorized,Low,Normal Access,26,No,Normal,No,4,3,Saturday,1,2026-01-03,No,0,0,0,0,0,0,Normal
SEC_0091,2026-01-03 05:00:00,BLDG_C,Restricted Zone,P1182,Employee,BADGE_10152,Entry,Denied,Critical,Restricted Access,26,Yes,Normal,Yes,5,3,Saturday,1,2026-01-03,No,0,1,1,0,1,3,Warning
SEC_0092,2026-01-03 05:30:00,BLDG_B,Meeting Room,P1049,Contractor,BADGE_10455,Entry,Authorized,Low,Normal Access,82,No,Normal,No,5,3,Saturday,1,2026-01-03,No,0,0,0,0,0,0,Normal
SEC_0093,2026-01-03 06:00:00,BLDG_C,Office Floor,P1215,Employee,BADGE_10435,Entry,Denied,Low,Failed Access,124,No,Normal,No,6,3,Saturday,1,2026-01-03,No,0,0,0,0,0,0,Normal
SEC_0094,2026-01-03 06:30:00,BLDG_C,Meeting Room,P1257,Employee,BADGE_10078,Exit,Authorized,Low,Normal Access,116,No,Normal,No,6,3,Saturday,1,2026-01-03,No,0,0,0,0,0,0,Normal
SEC_0095,2026-01-03 07:00:00,BLDG_B,Common Area,P1055,Employee,BADGE_10359,Entry,Authorized,Low,Normal Access,132,No,Normal,No,7,3,Saturday,1,2026-01-03,No,0,0,0,0,0,0,Normal
SEC_0096,2026-01-03 07:30:00,BLDG_A,Office Floor,P1008,Employee,BADGE_10321,Entry,Authorized,Low,Normal Access,58,No,Normal,No,7,3,Saturday,1,2026-01-03,No,0,0,0,0,0,0,Normal
SEC_0097,2026-01-03 08:00:00,BLDG_A,Office Floor,P1097,Employee,BADGE_10092,Entry,Authorized,Low,Normal Access,9,No,Normal,No,8,3,Saturday,1,2026-01-03,No,0,0,0,0,0,0,Normal
SEC_0098,2026-01-03 08:30:00,BLDG_A,Office Floor,P1223,Visitor,BADGE_10311,Exit,Authorized,Low,Normal Access,177,No,Normal,No,8,3,Saturday,1,2026-01-03,No,0,0,0,0,0,0,Normal
SEC_0099,2026-01-03 09:00:00,BLDG_A,Common Area,P1082,Visitor,BADGE_10002,Exit,Authorized,Low,Normal Access,130,No,Normal,No,9,3,Saturday,1,2026-01-03,Yes,0,0,0,0,0,0,Normal
SEC_0100,2026-01-03 09:30:00,BLDG_C,Meeting Room,P1256,Employee,BADGE_10222,Entry,Authorized,Low,Normal Access,138,No,Normal,No,9,3,Saturday,1,2026-01-03,Yes,0,0,0,0,0,0,Normal
SEC_0101,2026-01-03 10:00:00,BLDG_B,Office Floor,P1215,Contractor,BADGE_10128,Exit,Authorized,Low,Normal Access,115,No,Normal,No,10,3,Saturday,1,2026-01-03,Yes,0,0,0,0,0,0,Normal
SEC_0102,2026-01-03 10:30:00,BLDG_A,Office Floor,P1004,Employee,BADGE_10154,Exit,Authorized,Low,Normal Access,30,No,Normal,No,10,3,Saturday,1,2026-01-03,Yes,0,0,0,0,0,0,Normal
SEC_0103,2026-01-03 11:00:00,BLDG_A,Office Floor,P1017,Employee,BADGE_10165,Exit,Authorized,Low,Normal Access,154,No,Normal,No,11,3,Saturday,1,2026-01-03,Yes,0,0,0,0,0,0,Normal
SEC_0104,2026-01-03 11:30:00,BLDG_B,Parking Area,P1098,Employee,BADGE_10268,Entry,Authorized,Low,Normal Access,54,No,Normal,No,11,3,Saturday,1,2026-01-03,Yes,0,0,0,0,0,0,Normal
SEC_0105,2026-01-03 12:00:00,BLDG_A,Restricted Zone,P1193,Employee,BADGE_10307,Entry,Authorized,Low,Normal Access,37,No,Normal,No,12,3,Saturday,1,2026-01-03,Yes,0,0,0,0,0,0,Normal
SEC_0106,2026-01-03 12:30:00,BLDG_C,Office Floor,P1055,Visitor,BADGE_10111,Entry,Denied,High,Restricted Access,153,Yes,Unusual,No,12,3,Saturday,1,2026-01-03,Yes,0,1,0,1,1,3,Warning
SEC_0107,2026-01-03 13:00:00,BLDG_C,Parking Area,P1201,Employee,BADGE_10154,Entry,Authorized,Low,Normal Access,74,No,Normal,No,13,3,Saturday,1,2026-01-03,Yes,0,0,0,0,0,0,Normal
SEC_0108,2026-01-03 13:30:00,BLDG_A,Parking Area,P1229,Employee,BADGE_10108,Exit,Authorized,Low,Normal Access,173,No,Normal,No,13,3,Saturday,1,2026-01-03,Yes,0,0,0,0,0,0,Normal
SEC_0109,2026-01-03 14:00:00,BLDG_C,Office Floor,P1012,Employee,BADGE_10318,Entry,Authorized,High,Suspicious Activity,81,Yes,Suspicious,Yes,14,3,Saturday,1,2026-01-03,Yes,0,1,1,0,1,3,Warning
SEC_0110,2026-01-03 14:30:00,BLDG_C,Parking Area,P1089,Visitor,BADGE_10268,Exit,Authorized,Low,Normal Access,144,No,Normal,No,14,3,Saturday,1,2026-01-03,Yes,0,0,0,0,0,0,Normal
SEC_0111,2026-01-03 15:00:00,BLDG_B,Office Floor,P1270,Employee,BADGE_10335,Entry,Authorized,High,Suspicious Activity,118,Yes,Suspicious,Yes,15,3,Saturday,1,2026-01-03,Yes,0,1,1,0,1,3,Warning
SEC_0112,2026-01-03 15:30:00,BLDG_C,Office Floor,P1103,Employee,BADGE_10273,Entry,Authorized,Low,Normal Access,15,No,Normal,No,15,3,Saturday,1,2026-01-03,Yes,0,0,0,0,0,0,Normal
SEC_0113,2026-01-03 16:00:00,BLDG_B,Office Floor,P1039,Employee,BADGE_10015,Entry,Authorized,Low,Normal Access,121,No,Normal,No,16,3,Saturday,1,2026-01-03,Yes,0,0,0,0,0,0,Normal
SEC_0114,2026-01-03 16:30:00,BLDG_B,Parking Area,P1227,Employee,BADGE_10170,Exit,Authorized,Low,Normal Access,35,No,Normal,No,16,3,Saturday,1,2026-01-03,Yes,0,0,0,0,0,0,Normal
SEC_0115,2026-01-03 17:00:00,BLDG_A,Server Room,P1245,Employee,BADGE_10236,Exit,Authorized,High,Suspicious Activity,17,Yes,Suspicious,Yes,17,3,Saturday,1,2026-01-03,Yes,0,1,1,0,1,3,Warning
SEC_0116,2026-01-03 17:30:00,BLDG_C,Restricted Zone,P1003,Visitor,BADGE_10429,Entry,Authorized,Low,Normal Access,143,No,Normal,No,17,3,Saturday,1,2026-01-03,Yes,0,0,0,0,0,0,Normal
SEC_0117,2026-01-03 18:00:00,BLDG_A,Server Room,P1140,Employee,BADGE_10187,Exit,Authorized,Low,Normal Access,38,No,Normal,No,18,3,Saturday,1,2026-01-03,No,0,0,0,0,0,0,Normal
SEC_0118,2026-01-03 18:30:00,BLDG_C,Office Floor,P1052,Employee,BADGE_10260,Exit,Denied,Low,Failed Access,60,No,Unusual,No,18,3,Saturday,1,2026-01-03,No,0,0,0,1,0,1,Monitoring
SEC_0119,2026-01-03 19:00:00,BLDG_B,Server Room,P1241,Employee,BADGE_10259,Exit,Authorized,Low,Normal Access,121,No,Normal,No,19,3,Saturday,1,2026-01-03,No,0,0,0,0,0,0,Normal
SEC_0120,2026-01-03 19:30:00,BLDG_A,Office Floor,P1178,Contractor,BADGE_10338,Exit,Denied,Medium,Restricted Access,63,Yes,Normal,No,19,3,Saturday,1,2026-01-03,No,0,1,0,0,0,1,Monitoring
SEC_0121,2026-01-03 20:00:00,BLDG_C,Restricted Zone,P1267,Employee,BADGE_10105,Exit,Denied,Critical,Failed Access,68,Yes,Unusual,Yes,20,3,Saturday,1,2026-01-03,No,0,1,1,1,1,4,Critical
SEC_0122,2026-01-03 20:30:00,BLDG_A,Meeting Room,P1226,Employee,BADGE_10472,Exit,Authorized,Medium,Normal Access,125,No,Normal,No,20,3,Saturday,1,2026-01-03,No,0,0,0,0,0,0,Normal
SEC_0123,2026-01-03 21:00:00,BLDG_A,Office Floor,P1081,Visitor,BADGE_10114,Entry,Authorized,Low,Normal Access,41,No,Normal,No,21,3,Saturday,1,2026-01-03,No,0,0,0,0,0,0,Normal
SEC_0124,2026-01-03 21:30:00,BLDG_C,Common Area,P1289,Contractor,BADGE_10262,Exit,Authorized,Low,Normal Access,148,No,Normal,No,21,3,Saturday,1,2026-01-03,No,0,0,0,0,0,0,Normal
SEC_0125,2026-01-03 22:00:00,BLDG_C,Office Floor,P1191,Employee,BADGE_10155,Entry,Authorized,Medium,Normal Access,167,No,Normal,No,22,3,Saturday,1,2026-01-03,No,0,0,0,0,0,0,Normal
SEC_0126,2026-01-03 22:30:00,BLDG_A,Restricted Zone,P1039,Contractor,BADGE_10415,Entry,Denied,Medium,Failed Access,83,No,Unusual,No,22,3,Saturday,1,2026-01-03,No,0,0,0,1,0,1,Monitoring
SEC_0127,2026-01-03 23:00:00,BLDG_C,Server Room,P1017,Employee,BADGE_10360,Entry,Authorized,Medium,Normal Access,99,No,Normal,No,23,3,Saturday,1,2026-01-03,No,0,0,0,0,0,0,Normal
SEC_0128,2026-01-03 23:30:00,BLDG_B,Common Area,P1060,Visitor,BADGE_10335,Entry,Authorized,Medium,Normal Access,38,No,Normal,No,23,3,Saturday,1,2026-01-03,No,0,0,0,0,0,0,Normal
SEC_0129,2026-01-04 00:00:00,BLDG_A,Restricted Zone,P1193,Employee,BADGE_10022,Entry,Authorized,Low,Normal Access,121,No,Normal,No,0,4,Sunday,1,2026-01-04,No,0,0,0,0,0,0,Normal
SEC_0130,2026-01-04 00:30:00,BLDG_A,Server Room,P1007,Contractor,BADGE_10029,Exit,Authorized,Low,Normal Access,140,No,Normal,No,0,4,Sunday,1,2026-01-04,No,0,0,0,0,0,0,Normal
SEC_0131,2026-01-04 01:00:00,BLDG_C,Meeting Room,P1004,Visitor,BADGE_10465,Entry,Authorized,Low,Normal Access,100,No,Normal,No,1,4,Sunday,1,2026-01-04,No,0,0,0,0,0,0,Normal
SEC_0132,2026-01-04 01:30:00,BLDG_B,Office Floor,P1022,Visitor,BADGE_10459,Exit,Authorized,Low,Normal Access,28,No,Normal,No,1,4,Sunday,1,2026-01-04,No,0,0,0,0,0,0,Normal
SEC_0133,2026-01-04 02:00:00,BLDG_C,Restricted Zone,P1257,Employee,BADGE_10058,Exit,Denied,High,Restricted Access,125,Yes,Unusual,Yes,2,4,Sunday,1,2026-01-04,No,0,1,1,1,1,4,Critical
SEC_0134,2026-01-04 02:30:00,BLDG_C,Parking Area,P1027,Employee,BADGE_10072,Exit,Authorized,Low,Normal Access,61,No,Normal,No,2,4,Sunday,1,2026-01-04,No,0,0,0,0,0,0,Normal
SEC_0135,2026-01-04 03:00:00,BLDG_A,Server Room,P1181,Visitor,BADGE_10024,Exit,Authorized,Low,Normal Access,61,No,Normal,No,3,4,Sunday,1,2026-01-04,No,0,0,0,0,0,0,Normal
SEC_0136,2026-01-04 03:30:00,BLDG_C,Office Floor,P1009,Employee,BADGE_10166,Entry,Authorized,Low,Normal Access,177,No,Normal,No,3,4,Sunday,1,2026-01-04,No,0,0,0,0,0,0,Normal
SEC_0137,2026-01-04 04:00:00,BLDG_B,Office Floor,P1072,Employee,BADGE_10277,Entry,Authorized,Low,Normal Access,19,No,Normal,No,4,4,Sunday,1,2026-01-04,No,0,0,0,0,0,0,Normal
SEC_0138,2026-01-04 04:30:00,BLDG_B,Meeting Room,P1267,Contractor,BADGE_10214,Exit,Authorized,Medium,Normal Access,180,No,Normal,No,4,4,Sunday,1,2026-01-04,No,0,0,0,0,0,0,Normal
SEC_0139,2026-01-04 05:00:00,BLDG_A,Office Floor,P1202,Contractor,BADGE_10424,Entry,Authorized,Low,Normal Access,161,No,Normal,No,5,4,Sunday,1,2026-01-04,No,0,0,0,0,0,0,Normal
SEC_0140,2026-01-04 05:30:00,BLDG_C,Office Floor,P1103,Employee,BADGE_10194,Exit,Authorized,Low,Normal Access,167,No,Normal,No,5,4,Sunday,1,2026-01-04,No,0,0,0,0,0,0,Normal
SEC_0141,2026-01-04 06:00:00,BLDG_B,Parking Area,P1123,Visitor,BADGE_10390,Entry,Authorized,Low,Normal Access,10,No,Normal,No,6,4,Sunday,1,2026-01-04,No,0,0,0,0,0,0,Normal
SEC_0142,2026-01-04 06:30:00,BLDG_C,Office Floor,P1111,Employee,BADGE_10251,Exit,Authorized,Low,Normal Access,128,No,Normal,No,6,4,Sunday,1,2026-01-04,No,0,0,0,0,0,0,Normal
SEC_0143,2026-01-04 07:00:00,BLDG_A,Restricted Zone,P1014,Employee,BADGE_10459,Exit,Authorized,Low,Normal Access,13,No,Normal,No,7,4,Sunday,1,2026-01-04,No,0,0,0,0,0,0,Normal
SEC_0144,2026-01-04 07:30:00,BLDG_A,Office Floor,P1183,Visitor,BADGE_10288,Entry,Denied,Medium,Failed Access,52,No,Normal,No,7,4,Sunday,1,2026-01-04,No,0,0,0,0,0,0,Normal
SEC_0145,2026-01-04 08:00:00,BLDG_A,Office Floor,P1243,Employee,BADGE_10035,Entry,Authorized,Low,Normal Access,94,No,Normal,No,8,4,Sunday,1,2026-01-04,No,0,0,0,0,0,0,Normal
SEC_0146,2026-01-04 08:30:00,BLDG_B,Office Floor,P1220,Visitor,BADGE_10364,Entry,Denied,Medium,Failed Access,127,No,Unusual,No,8,4,Sunday,1,2026-01-04,No,0,0,0,1,0,1,Monitoring
SEC_0147,2026-01-04 09:00:00,BLDG_C,Office Floor,P1066,Visitor,BADGE_10335,Exit,Authorized,Low,Normal Access,163,No,Normal,No,9,4,Sunday,1,2026-01-04,Yes,0,0,0,0,0,0,Normal
SEC_0148,2026-01-04 09:30:00,BLDG_C,Common Area,P1021,Contractor,BADGE_10399,Entry,Authorized,Low,Normal Access,100,No,Normal,No,9,4,Sunday,1,2026-01-04,Yes,0,0,0,0,0,0,Normal
SEC_0149,2026-01-04 10:00:00,BLDG_C,Meeting Room,P1041,Employee,BADGE_10318,Exit,Authorized,Low,Normal Access,61,No,Normal,No,10,4,Sunday,1,2026-01-04,Yes,0,0,0,0,0,0,Normal
SEC_0150,2026-01-04 10:30:00,BLDG_B,Common Area,P1028,Employee,BADGE_10066,Exit,Authorized,Low,Normal Access,164,No,Normal,No,10,4,Sunday,1,2026-01-04,Yes,0,0,0,0,0,0,Normal
SEC_0151,2026-01-04 11:00:00,BLDG_B,Meeting Room,P1270,Visitor,BADGE_10080,Entry,Denied,Low,Failed Access,94,No,Normal,No,11,4,Sunday,1,2026-01-04,Yes,0,0,0,0,0,0,Normal
SEC_0152,2026-01-04 11:30:00,BLDG_A,Server Room,P1284,Employee,BADGE_10121,Entry,Authorized,Low,Normal Access,108,No,Normal,No,11,4,Sunday,1,2026-01-04,Yes,0,0,0,0,0,0,Normal
SEC_0153,2026-01-04 12:00:00,BLDG_C,Common Area,P1108,Employee,BADGE_10251,Exit,Authorized,Low,Normal Access,149,No,Normal,No,12,4,Sunday,1,2026-01-04,Yes,0,0,0,0,0,0,Normal
SEC_0154,2026-01-04 12:30:00,BLDG_A,Office Floor,P1245,Employee,BADGE_10059,Exit,Authorized,Low,Normal Access,70,No,Normal,No,12,4,Sunday,1,2026-01-04,Yes,0,0,0,0,0,0,Normal
SEC_0155,2026-01-04 13:00:00,BLDG_A,Common Area,P1217,Employee,BADGE_10306,Entry,Authorized,Low,Normal Access,30,No,Normal,No,13,4,Sunday,1,2026-01-04,Yes,0,0,0,0,0,0,Normal
SEC_0156,2026-01-04 13:30:00,BLDG_C,Meeting Room,P1234,Employee,BADGE_10380,Entry,Authorized,Low,Normal Access,120,No,Normal,No,13,4,Sunday,1,2026-01-04,Yes,0,0,0,0,0,0,Normal
SEC_0157,2026-01-04 14:00:00,BLDG_A,Office Floor,P1119,Visitor,BADGE_10218,Entry,Authorized,High,Suspicious Activity,172,Yes,Unusual,Yes,14,4,Sunday,1,2026-01-04,Yes,0,1,1,1,1,4,Critical
SEC_0158,2026-01-04 14:30:00,BLDG_B,Common Area,P1289,Employee,BADGE_10001,Exit,Authorized,Medium,Normal Access,148,No,Normal,No,14,4,Sunday,1,2026-01-04,Yes,0,0,0,0,0,0,Normal
SEC_0159,2026-01-04 15:00:00,BLDG_C,Server Room,P1063,Employee,BADGE_10073,Exit,Authorized,Low,Normal Access,162,No,Normal,No,15,4,Sunday,1,2026-01-04,Yes,0,0,0,0,0,0,Normal
SEC_0160,2026-01-04 15:30:00,BLDG_B,Server Room,P1132,Visitor,BADGE_10102,Exit,Authorized,Low,Normal Access,20,No,Normal,No,15,4,Sunday,1,2026-01-04,Yes,0,0,0,0,0,0,Normal
SEC_0161,2026-01-04 16:00:00,BLDG_C,Parking Area,P1089,Visitor,BADGE_10213,Entry,Authorized,Low,Normal Access,144,No,Normal,No,16,4,Sunday,1,2026-01-04,Yes,0,0,0,0,0,0,Normal
SEC_0162,2026-01-04 16:30:00,BLDG_B,Common Area,P1291,Employee,BADGE_10428,Entry,Authorized,Low,Normal Access,103,No,Normal,No,16,4,Sunday,1,2026-01-04,Yes,0,0,0,0,0,0,Normal
SEC_0163,2026-01-04 17:00:00,BLDG_A,Common Area,P1117,Employee,BADGE_10221,Exit,Authorized,Low,Normal Access,155,No,Normal,No,17,4,Sunday,1,2026-01-04,Yes,0,0,0,0,0,0,Normal
SEC_0164,2026-01-04 17:30:00,BLDG_A,Office Floor,P1021,Employee,BADGE_10407,Entry,Authorized,Low,Normal Access,108,No,Normal,No,17,4,Sunday,1,2026-01-04,Yes,0,0,0,0,0,0,Normal
SEC_0165,2026-01-04 18:00:00,BLDG_A,Common Area,P1290,Visitor,BADGE_10334,Entry,Denied,Medium,Failed Access,126,No,Unusual,No,18,4,Sunday,1,2026-01-04,No,0,0,0,1,0,1,Monitoring
SEC_0166,2026-01-04 18:30:00,BLDG_B,Common Area,P1158,Employee,BADGE_10146,Exit,Authorized,Low,Normal Access,3,No,Normal,No,18,4,Sunday,1,2026-01-04,No,0,0,0,0,0,0,Normal
SEC_0167,2026-01-04 19:00:00,BLDG_A,Meeting Room,P1071,Employee,BADGE_10447,Entry,Authorized,Low,Normal Access,57,No,Normal,No,19,4,Sunday,1,2026-01-04,No,0,0,0,0,0,0,Normal
SEC_0168,2026-01-04 19:30:00,BLDG_C,Office Floor,P1173,Contractor,BADGE_10362,Entry,Authorized,Low,Normal Access,48,No,Normal,No,19,4,Sunday,1,2026-01-04,No,0,0,0,0,0,0,Normal
SEC_0169,2026-01-04 20:00:00,BLDG_C,Common Area,P1121,Visitor,BADGE_10125,Exit,Authorized,Low,Normal Access,171,No,Normal,No,20,4,Sunday,1,2026-01-04,No,0,0,0,0,0,0,Normal
SEC_0170,2026-01-04 20:30:00,BLDG_C,Meeting Room,P1202,Employee,BADGE_10345,Exit,Authorized,Low,Normal Access,147,No,Normal,No,20,4,Sunday,1,2026-01-04,No,0,0,0,0,0,0,Normal
SEC_0171,2026-01-04 21:00:00,BLDG_C,Office Floor,P1149,Employee,BADGE_10465,Entry,Authorized,Low,Normal Access,151,No,Normal,No,21,4,Sunday,1,2026-01-04,No,0,0,0,0,0,0,Normal
SEC_0172,2026-01-04 21:30:00,BLDG_A,Common Area,P1254,Employee,BADGE_10409,Entry,Authorized,Low,Normal Access,3,No,Normal,No,21,4,Sunday,1,2026-01-04,No,0,0,0,0,0,0,Normal
SEC_0173,2026-01-04 22:00:00,BLDG_A,Common Area,P1280,Employee,BADGE_10188,Entry,Authorized,Low,Normal Access,47,No,Normal,No,22,4,Sunday,1,2026-01-04,No,0,0,0,0,0,0,Normal
SEC_0174,2026-01-04 22:30:00,BLDG_A,Parking Area,P1073,Employee,BADGE_10136,Entry,Authorized,Low,Normal Access,98,No,Normal,No,22,4,Sunday,1,2026-01-04,No,0,0,0,0,0,0,Normal
SEC_0175,2026-01-04 23:00:00,BLDG_A,Meeting Room,P1149,Employee,BADGE_10264,Entry,Authorized,Low,Normal Access,51,No,Normal,No,23,4,Sunday,1,2026-01-04,No,0,0,0,0,0,0,Normal
SEC_0176,2026-01-04 23:30:00,BLDG_B,Office Floor,P1291,Employee,BADGE_10354,Entry,Authorized,Low,Normal Access,31,No,Normal,No,23,4,Sunday,1,2026-01-04,No,0,0,0,0,0,0,Normal
SEC_0177,2026-01-05 00:00:00,BLDG_A,Common Area,P1106,Employee,BADGE_10446,Exit,Authorized,Low,Normal Access,159,No,Normal,No,0,5,Monday,1,2026-01-05,No,0,0,0,0,0,0,Normal
SEC_0178,2026-01-05 00:30:00,BLDG_B,Parking Area,P1115,Employee,BADGE_10104,Exit,Authorized,Low,Normal Access,119,No,Normal,No,0,5,Monday,1,2026-01-05,No,0,0,0,0,0,0,Normal
SEC_0179,2026-01-05 01:00:00,BLDG_C,Restricted Zone,P1231,Employee,BADGE_10288,Exit,Authorized,Low,Normal Access,162,No,Normal,No,1,5,Monday,1,2026-01-05,No,0,0,0,0,0,0,Normal
SEC_0180,2026-01-05 01:30:00,BLDG_B,Common Area,P1258,Employee,BADGE_10475,Entry,Authorized,Low,Normal Access,76,No,Normal,No,1,5,Monday,1,2026-01-05,No,0,0,0,0,0,0,Normal
SEC_0181,2026-01-05 02:00:00,BLDG_C,Office Floor,P1101,Contractor,BADGE_10244,Exit,Authorized,Low,Normal Access,13,No,Normal,No,2,5,Monday,1,2026-01-05,No,0,0,0,0,0,0,Normal
SEC_0182,2026-01-05 02:30:00,BLDG_C,Office Floor,P1007,Visitor,BADGE_10436,Entry,Authorized,Low,Normal Access,15,No,Normal,No,2,5,Monday,1,2026-01-05,No,0,0,0,0,0,0,Normal
SEC_0183,2026-01-05 03:00:00,BLDG_A,Meeting Room,P1281,Employee,BADGE_10253,Exit,Authorized,High,Suspicious Activity,55,Yes,Suspicious,Yes,3,5,Monday,1,2026-01-05,No,0,1,1,0,1,3,Warning
SEC_0184,2026-01-05 03:30:00,BLDG_A,Common Area,P1025,Employee,BADGE_10141,Exit,Authorized,Medium,Normal Access,118,No,Normal,No,3,5,Monday,1,2026-01-05,No,0,0,0,0,0,0,Normal
SEC_0185,2026-01-05 04:00:00,BLDG_A,Meeting Room,P1092,Employee,BADGE_10141,Entry,Authorized,Low,Normal Access,32,No,Normal,No,4,5,Monday,1,2026-01-05,No,0,0,0,0,0,0,Normal
SEC_0186,2026-01-05 04:30:00,BLDG_B,Meeting Room,P1287,Employee,BADGE_10499,Exit,Authorized,Low,Normal Access,6,No,Normal,No,4,5,Monday,1,2026-01-05,No,0,0,0,0,0,0,Normal
SEC_0187,2026-01-05 05:00:00,BLDG_C,Meeting Room,P1083,Employee,BADGE_10393,Exit,Authorized,Medium,Normal Access,100,No,Normal,No,5,5,Monday,1,2026-01-05,No,0,0,0,0,0,0,Normal
SEC_0188,2026-01-05 05:30:00,BLDG_A,Parking Area,P1040,Employee,BADGE_10273,Entry,Authorized,Low,Normal Access,102,No,Normal,No,5,5,Monday,1,2026-01-05,No,0,0,0,0,0,0,Normal
SEC_0189,2026-01-05 06:00:00,BLDG_B,Meeting Room,P1062,Employee,BADGE_10256,Entry,Authorized,Low,Normal Access,8,No,Normal,No,6,5,Monday,1,2026-01-05,No,0,0,0,0,0,0,Normal
SEC_0190,2026-01-05 06:30:00,BLDG_B,Common Area,P1230,Employee,BADGE_10079,Entry,Denied,Medium,Failed Access,150,No,Normal,No,6,5,Monday,1,2026-01-05,No,0,0,0,0,0,0,Normal
SEC_0191,2026-01-05 07:00:00,BLDG_C,Office Floor,P1173,Employee,BADGE_10160,Entry,Authorized,Medium,Normal Access,165,No,Normal,No,7,5,Monday,1,2026-01-05,No,0,0,0,0,0,0,Normal
SEC_0192,2026-01-05 07:30:00,BLDG_A,Office Floor,P1034,Employee,BADGE_10052,Entry,Authorized,Low,Normal Access,113,No,Normal,No,7,5,Monday,1,2026-01-05,No,0,0,0,0,0,0,Normal
SEC_0193,2026-01-05 08:00:00,BLDG_C,Meeting Room,P1105,Employee,BADGE_10192,Entry,Authorized,Low,Normal Access,18,No,Normal,No,8,5,Monday,1,2026-01-05,No,0,0,0,0,0,0,Normal
SEC_0194,2026-01-05 08:30:00,BLDG_B,Restricted Zone,P1232,Visitor,BADGE_10277,Entry,Authorized,Low,Normal Access,29,No,Normal,No,8,5,Monday,1,2026-01-05,No,0,0,0,0,0,0,Normal
SEC_0195,2026-01-05 09:00:00,BLDG_B,Common Area,P1069,Visitor,BADGE_10416,Exit,Authorized,Low,Normal Access,173,No,Normal,No,9,5,Monday,1,2026-01-05,Yes,0,0,0,0,0,0,Normal
SEC_0196,2026-01-05 09:30:00,BLDG_B,Parking Area,P1152,Employee,BADGE_10017,Entry,Authorized,Low,Normal Access,134,No,Normal,No,9,5,Monday,1,2026-01-05,Yes,0,0,0,0,0,0,Normal
SEC_0197,2026-01-05 10:00:00,BLDG_B,Meeting Room,P1261,Employee,BADGE_10261,Exit,Denied,Medium,Restricted Access,95,Yes,Unusual,No,10,5,Monday,1,2026-01-05,Yes,0,1,0,1,0,2,Warning
SEC_0198,2026-01-05 10:30:00,BLDG_C,Office Floor,P1049,Employee,BADGE_10292,Entry,Authorized,Low,Normal Access,127,No,Normal,No,10,5,Monday,1,2026-01-05,Yes,0,0,0,0,0,0,Normal
SEC_0199,2026-01-05 11:00:00,BLDG_A,Office Floor,P1258,Contractor,BADGE_10374,Entry,Authorized,Low,Normal Access,14,No,Normal,No,11,5,Monday,1,2026-01-05,Yes,0,0,0,0,0,0,Normal
SEC_0200,2026-01-05 11:30:00,BLDG_B,Parking Area,P1183,Visitor,BADGE_10457,Exit,Authorized,Medium,Normal Access,154,No,Normal,No,11,5,Monday,1,2026-01-05,Yes,0,0,0,0,0,0,Normal
SEC_0201,2026-01-05 12:00:00,BLDG_A,Common Area,P1174,Employee,BADGE_10113,Entry,Authorized,Low,Normal Access,121,No,Normal,No,12,5,Monday,1,2026-01-05,Yes,0,0,0,0,0,0,Normal
SEC_0202,2026-01-05 12:30:00,BLDG_C,Common Area,P1149,Employee,BADGE_10126,Exit,Authorized,Low,Normal Access,137,No,Normal,No,12,5,Monday,1,2026-01-05,Yes,0,0,0,0,0,0,Normal
SEC_0203,2026-01-05 13:00:00,BLDG_C,Common Area,P1285,Employee,BADGE_10269,Entry,Authorized,Low,Normal Access,3,No,Normal,No,13,5,Monday,1,2026-01-05,Yes,0,0,0,0,0,0,Normal
SEC_0204,2026-01-05 13:30:00,BLDG_A,Parking Area,P1171,Visitor,BADGE_10421,Entry,Authorized,Low,Normal Access,98,No,Normal,No,13,5,Monday,1,2026-01-05,Yes,0,0,0,0,0,0,Normal
SEC_0205,2026-01-05 14:00:00,BLDG_B,Office Floor,P1111,Employee,BADGE_10136,Exit,Authorized,Low,Normal Access,107,No,Normal,No,14,5,Monday,1,2026-01-05,Yes,0,0,0,0,0,0,Normal
SEC_0206,2026-01-05 14:30:00,BLDG_B,Server Room,P1010,Visitor,BADGE_10405,Exit,Authorized,Low,Normal Access,129,No,Normal,No,14,5,Monday,1,2026-01-05,Yes,0,0,0,0,0,0,Normal
SEC_0207,2026-01-05 15:00:00,BLDG_C,Common Area,P1054,Employee,BADGE_10012,Entry,Authorized,Low,Normal Access,15,No,Normal,No,15,5,Monday,1,2026-01-05,Yes,0,0,0,0,0,0,Normal
SEC_0208,2026-01-05 15:30:00,BLDG_C,Parking Area,P1186,Employee,BADGE_10132,Exit,Authorized,Low,Normal Access,112,No,Normal,No,15,5,Monday,1,2026-01-05,Yes,0,0,0,0,0,0,Normal
SEC_0209,2026-01-05 16:00:00,BLDG_B,Parking Area,P1202,Visitor,BADGE_10038,Exit,Authorized,Low,Normal Access,175,No,Normal,No,16,5,Monday,1,2026-01-05,Yes,0,0,0,0,0,0,Normal
SEC_0210,2026-01-05 16:30:00,BLDG_A,Parking Area,P1186,Employee,BADGE_10055,Exit,Authorized,Low,Normal Access,133,No,Normal,No,16,5,Monday,1,2026-01-05,Yes,0,0,0,0,0,0,Normal
SEC_0211,2026-01-05 17:00:00,BLDG_A,Common Area,P1211,Employee,BADGE_10406,Exit,Authorized,Low,Normal Access,153,No,Normal,No,17,5,Monday,1,2026-01-05,Yes,0,0,0,0,0,0,Normal
SEC_0212,2026-01-05 17:30:00,BLDG_A,Parking Area,P1183,Employee,BADGE_10113,Exit,Authorized,Low,Normal Access,147,No,Normal,No,17,5,Monday,1,2026-01-05,Yes,0,0,0,0,0,0,Normal
SEC_0213,2026-01-05 18:00:00,BLDG_A,Office Floor,P1198,Visitor,BADGE_10260,Exit,Authorized,Low,Normal Access,149,No,Normal,No,18,5,Monday,1,2026-01-05,No,0,0,0,0,0,0,Normal
SEC_0214,2026-01-05 18:30:00,BLDG_C,Office Floor,P1061,Employee,BADGE_10138,Exit,Authorized,Low,Normal Access,51,No,Normal,No,18,5,Monday,1,2026-01-05,No,0,0,0,0,0,0,Normal
SEC_0215,2026-01-05 19:00:00,BLDG_A,Parking Area,P1035,Employee,BADGE_10302,Exit,Authorized,Low,Normal Access,155,No,Normal,No,19,5,Monday,1,2026-01-05,No,0,0,0,0,0,0,Normal
SEC_0216,2026-01-05 19:30:00,BLDG_C,Server Room,P1260,Employee,BADGE_10126,Exit,Authorized,Low,Normal Access,40,No,Normal,No,19,5,Monday,1,2026-01-05,No,0,0,0,0,0,0,Normal
SEC_0217,2026-01-05 20:00:00,BLDG_B,Meeting Room,P1031,Visitor,BADGE_10084,Exit,Authorized,Low,Normal Access,153,No,Normal,No,20,5,Monday,1,2026-01-05,No,0,0,0,0,0,0,Normal
SEC_0218,2026-01-05 20:30:00,BLDG_B,Office Floor,P1270,Employee,BADGE_10120,Entry,Authorized,Low,Normal Access,139,No,Normal,No,20,5,Monday,1,2026-01-05,No,0,0,0,0,0,0,Normal
SEC_0219,2026-01-05 21:00:00,BLDG_A,Parking Area,P1084,Employee,BADGE_10338,Exit,Authorized,Low,Normal Access,108,No,Normal,No,21,5,Monday,1,2026-01-05,No,0,0,0,0,0,0,Normal
SEC_0220,2026-01-05 21:30:00,BLDG_A,Common Area,P1148,Employee,BADGE_10472,Entry,Authorized,Low,Normal Access,144,No,Normal,No,21,5,Monday,1,2026-01-05,No,0,0,0,0,0,0,Normal
SEC_0221,2026-01-05 22:00:00,BLDG_C,Meeting Room,P1069,Visitor,BADGE_10131,Exit,Authorized,Medium,Normal Access,88,No,Normal,No,22,5,Monday,1,2026-01-05,No,0,0,0,0,0,0,Normal
SEC_0222,2026-01-05 22:30:00,BLDG_A,Common Area,P1178,Employee,BADGE_10117,Exit,Authorized,Low,Normal Access,128,No,Normal,No,22,5,Monday,1,2026-01-05,No,0,0,0,0,0,0,Normal
SEC_0223,2026-01-05 23:00:00,BLDG_A,Server Room,P1169,Employee,BADGE_10423,Entry,Authorized,Low,Normal Access,87,No,Normal,No,23,5,Monday,1,2026-01-05,No,0,0,0,0,0,0,Normal
SEC_0224,2026-01-05 23:30:00,BLDG_B,Common Area,P1057,Employee,BADGE_10066,Exit,Authorized,Low,Normal Access,75,No,Normal,No,23,5,Monday,1,2026-01-05,No,0,0,0,0,0,0,Normal
SEC_0225,2026-01-06 00:00:00,BLDG_B,Meeting Room,P1138,Employee,BADGE_10099,Entry,Authorized,Low,Normal Access,64,No,Normal,No,0,6,Tuesday,1,2026-01-06,No,0,0,0,0,0,0,Normal
SEC_0226,2026-01-06 00:30:00,BLDG_B,Meeting Room,P1232,Visitor,BADGE_10213,Entry,Authorized,Low,Normal Access,80,No,Normal,No,0,6,Tuesday,1,2026-01-06,No,0,0,0,0,0,0,Normal
SEC_0227,2026-01-06 01:00:00,BLDG_C,Server Room,P1254,Employee,BADGE_10387,Entry,Denied,Low,Restricted Access,45,Yes,Normal,No,1,6,Tuesday,1,2026-01-06,No,0,1,0,0,0,1,Monitoring
SEC_0228,2026-01-06 01:30:00,BLDG_B,Common Area,P1267,Employee,BADGE_10268,Exit,Authorized,Low,Normal Access,75,No,Normal,No,1,6,Tuesday,1,2026-01-06,No,0,0,0,0,0,0,Normal
SEC_0229,2026-01-06 02:00:00,BLDG_A,Meeting Room,P1238,Visitor,BADGE_10104,Entry,Authorized,Low,Normal Access,43,No,Normal,No,2,6,Tuesday,1,2026-01-06,No,0,0,0,0,0,0,Normal
SEC_0230,2026-01-06 02:30:00,BLDG_B,Common Area,P1220,Employee,BADGE_10129,Exit,Authorized,Low,Normal Access,9,No,Normal,No,2,6,Tuesday,1,2026-01-06,No,0,0,0,0,0,0,Normal
SEC_0231,2026-01-06 03:00:00,BLDG_C,Common Area,P1012,Employee,BADGE_10395,Entry,Authorized,Low,Normal Access,47,No,Normal,No,3,6,Tuesday,1,2026-01-06,No,0,0,0,0,0,0,Normal
SEC_0232,2026-01-06 03:30:00,BLDG_A,Restricted Zone,P1059,Employee,BADGE_10247,Entry,Denied,Critical,Failed Access,129,Yes,Unusual,Yes,3,6,Tuesday,1,2026-01-06,No,0,1,1,1,1,4,Critical
SEC_0233,2026-01-06 04:00:00,BLDG_A,Common Area,P1189,Employee,BADGE_10476,Exit,Authorized,Low,Normal Access,10,No,Normal,No,4,6,Tuesday,1,2026-01-06,No,0,0,0,0,0,0,Normal
SEC_0234,2026-01-06 04:30:00,BLDG_C,Common Area,P1213,Employee,BADGE_10216,Entry,Authorized,Low,Normal Access,132,No,Normal,No,4,6,Tuesday,1,2026-01-06,No,0,0,0,0,0,0,Normal
SEC_0235,2026-01-06 05:00:00,BLDG_C,Common Area,P1034,Employee,BADGE_10041,Entry,Authorized,Low,Normal Access,52,No,Normal,No,5,6,Tuesday,1,2026-01-06,No,0,0,0,0,0,0,Normal
SEC_0236,2026-01-06 05:30:00,BLDG_B,Parking Area,P1271,Employee,BADGE_10347,Exit,Authorized,Low,Normal Access,164,No,Normal,No,5,6,Tuesday,1,2026-01-06,No,0,0,0,0,0,0,Normal
SEC_0237,2026-01-06 06:00:00,BLDG_A,Parking Area,P1148,Employee,BADGE_10124,Entry,Authorized,Low,Normal Access,2,No,Normal,No,6,6,Tuesday,1,2026-01-06,No,0,0,0,0,0,0,Normal
SEC_0238,2026-01-06 06:30:00,BLDG_C,Office Floor,P1227,Employee,BADGE_10313,Exit,Authorized,Low,Normal Access,118,No,Normal,No,6,6,Tuesday,1,2026-01-06,No,0,0,0,0,0,0,Normal
SEC_0239,2026-01-06 07:00:00,BLDG_B,Parking Area,P1115,Contractor,BADGE_10225,Entry,Authorized,Low,Normal Access,135,No,Normal,No,7,6,Tuesday,1,2026-01-06,No,0,0,0,0,0,0,Normal
SEC_0240,2026-01-06 07:30:00,BLDG_B,Common Area,P1035,Employee,BADGE_10147,Entry,Authorized,Low,Normal Access,31,No,Normal,No,7,6,Tuesday,1,2026-01-06,No,0,0,0,0,0,0,Normal
SEC_0241,2026-01-06 08:00:00,BLDG_C,Meeting Room,P1110,Employee,BADGE_10435,Entry,Authorized,High,Suspicious Activity,132,Yes,Unusual,Yes,8,6,Tuesday,1,2026-01-06,No,0,1,1,1,1,4,Critical
SEC_0242,2026-01-06 08:30:00,BLDG_C,Server Room,P1275,Employee,BADGE_10431,Exit,Authorized,Low,Normal Access,143,No,Normal,No,8,6,Tuesday,1,2026-01-06,No,0,0,0,0,0,0,Normal
SEC_0243,2026-01-06 09:00:00,BLDG_A,Office Floor,P1142,Employee,BADGE_10203,Entry,Authorized,Low,Normal Access,54,No,Normal,No,9,6,Tuesday,1,2026-01-06,Yes,0,0,0,0,0,0,Normal
SEC_0244,2026-01-06 09:30:00,BLDG_A,Office Floor,P1120,Visitor,BADGE_10127,Entry,Denied,Medium,Restricted Access,17,Yes,Unusual,No,9,6,Tuesday,1,2026-01-06,Yes,0,1,0,1,0,2,Warning
SEC_0245,2026-01-06 10:00:00,BLDG_A,Parking Area,P1276,Employee,BADGE_10357,Exit,Denied,Low,Restricted Access,173,Yes,Normal,No,10,6,Tuesday,1,2026-01-06,Yes,0,1,0,0,0,1,Monitoring
SEC_0246,2026-01-06 10:30:00,BLDG_A,Office Floor,P1076,Contractor,BADGE_10174,Exit,Authorized,Low,Normal Access,48,No,Normal,No,10,6,Tuesday,1,2026-01-06,Yes,0,0,0,0,0,0,Normal
SEC_0247,2026-01-06 11:00:00,BLDG_A,Meeting Room,P1028,Employee,BADGE_10260,Entry,Denied,Medium,Failed Access,151,No,Unusual,No,11,6,Tuesday,1,2026-01-06,Yes,0,0,0,1,0,1,Monitoring
SEC_0248,2026-01-06 11:30:00,BLDG_C,Restricted Zone,P1214,Employee,BADGE_10153,Entry,Authorized,High,Suspicious Activity,146,Yes,Unusual,Yes,11,6,Tuesday,1,2026-01-06,Yes,0,1,1,1,1,4,Critical
SEC_0249,2026-01-06 12:00:00,BLDG_A,Common Area,P1142,Contractor,BADGE_10291,Entry,Authorized,Low,Normal Access,177,No,Normal,No,12,6,Tuesday,1,2026-01-06,Yes,0,0,0,0,0,0,Normal
SEC_0250,2026-01-06 12:30:00,BLDG_A,Office Floor,P1090,Employee,BADGE_10295,Entry,Authorized,Low,Normal Access,86,No,Normal,No,12,6,Tuesday,1,2026-01-06,Yes,0,0,0,0,0,0,Normal
SEC_0251,2026-01-06 13:00:00,BLDG_B,Office Floor,P1017,Employee,BADGE_10344,Entry,Authorized,Low,Normal Access,22,No,Normal,No,13,6,Tuesday,1,2026-01-06,Yes,0,0,0,0,0,0,Normal
SEC_0252,2026-01-06 13:30:00,BLDG_A,Common Area,P1001,Visitor,BADGE_10168,Entry,Authorized,Medium,Suspicious Activity,109,Yes,Unusual,Yes,13,6,Tuesday,1,2026-01-06,Yes,0,1,1,1,0,3,Warning
SEC_0253,2026-01-06 14:00:00,BLDG_C,Restricted Zone,P1008,Employee,BADGE_10153,Entry,Denied,Critical,Failed Access,92,Yes,Unusual,Yes,14,6,Tuesday,1,2026-01-06,Yes,0,1,1,1,1,4,Critical
SEC_0254,2026-01-06 14:30:00,BLDG_A,Parking Area,P1161,Visitor,BADGE_10127,Entry,Authorized,Low,Normal Access,165,No,Normal,No,14,6,Tuesday,1,2026-01-06,Yes,0,0,0,0,0,0,Normal
SEC_0255,2026-01-06 15:00:00,BLDG_A,Office Floor,P1258,Employee,BADGE_10447,Exit,Authorized,Low,Normal Access,30,No,Normal,No,15,6,Tuesday,1,2026-01-06,Yes,0,0,0,0,0,0,Normal
SEC_0256,2026-01-06 15:30:00,BLDG_B,Meeting Room,P1028,Employee,BADGE_10259,Entry,Authorized,Low,Normal Access,85,No,Normal,No,15,6,Tuesday,1,2026-01-06,Yes,0,0,0,0,0,0,Normal
SEC_0257,2026-01-06 16:00:00,BLDG_B,Parking Area,P1235,Employee,BADGE_10321,Exit,Denied,Medium,Restricted Access,56,Yes,Unusual,No,16,6,Tuesday,1,2026-01-06,Yes,0,1,0,1,0,2,Warning
SEC_0258,2026-01-06 16:30:00,BLDG_B,Office Floor,P1284,Employee,BADGE_10277,Exit,Authorized,Low,Normal Access,108,No,Normal,No,16,6,Tuesday,1,2026-01-06,Yes,0,0,0,0,0,0,Normal
SEC_0259,2026-01-06 17:00:00,BLDG_B,Common Area,P1195,Employee,BADGE_10156,Entry,Authorized,Low,Normal Access,173,No,Normal,No,17,6,Tuesday,1,2026-01-06,Yes,0,0,0,0,0,0,Normal
SEC_0260,2026-01-06 17:30:00,BLDG_C,Meeting Room,P1167,Employee,BADGE_10290,Exit,Authorized,Low,Normal Access,157,No,Normal,No,17,6,Tuesday,1,2026-01-06,Yes,0,0,0,0,0,0,Normal
SEC_0261,2026-01-06 18:00:00,BLDG_B,Office Floor,P1126,Visitor,BADGE_10395,Entry,Authorized,Low,Normal Access,50,No,Normal,No,18,6,Tuesday,1,2026-01-06,No,0,0,0,0,0,0,Normal
SEC_0262,2026-01-06 18:30:00,BLDG_A,Server Room,P1113,Employee,BADGE_10365,Exit,Authorized,Low,Normal Access,179,No,Normal,No,18,6,Tuesday,1,2026-01-06,No,0,0,0,0,0,0,Normal
SEC_0263,2026-01-06 19:00:00,BLDG_B,Office Floor,P1234,Employee,BADGE_10051,Exit,Authorized,Low,Normal Access,51,No,Normal,No,19,6,Tuesday,1,2026-01-06,No,0,0,0,0,0,0,Normal
SEC_0264,2026-01-06 19:30:00,BLDG_A,Office Floor,P1035,Employee,BADGE_10087,Entry,Authorized,Low,Normal Access,135,No,Normal,No,19,6,Tuesday,1,2026-01-06,No,0,0,0,0,0,0,Normal
SEC_0265,2026-01-06 20:00:00,BLDG_B,Server Room,P1068,Contractor,BADGE_10069,Entry,Denied,Medium,Failed Access,166,No,Normal,No,20,6,Tuesday,1,2026-01-06,No,0,0,0,0,0,0,Normal
SEC_0266,2026-01-06 20:30:00,BLDG_B,Common Area,P1109,Employee,BADGE_10051,Entry,Authorized,Low,Normal Access,86,No,Normal,No,20,6,Tuesday,1,2026-01-06,No,0,0,0,0,0,0,Normal
SEC_0267,2026-01-06 21:00:00,BLDG_A,Office Floor,P1111,Contractor,BADGE_10354,Exit,Authorized,Low,Normal Access,140,No,Normal,No,21,6,Tuesday,1,2026-01-06,No,0,0,0,0,0,0,Normal
SEC_0268,2026-01-06 21:30:00,BLDG_A,Parking Area,P1008,Visitor,BADGE_10284,Entry,Authorized,Low,Normal Access,6,No,Normal,No,21,6,Tuesday,1,2026-01-06,No,0,0,0,0,0,0,Normal
SEC_0269,2026-01-06 22:00:00,BLDG_B,Common Area,P1149,Employee,BADGE_10246,Exit,Denied,High,Restricted Access,140,Yes,Normal,No,22,6,Tuesday,1,2026-01-06,No,0,1,0,0,1,2,Warning
SEC_0270,2026-01-06 22:30:00,BLDG_B,Office Floor,P1108,Employee,BADGE_10236,Entry,Authorized,High,Suspicious Activity,53,Yes,Suspicious,Yes,22,6,Tuesday,1,2026-01-06,No,0,1,1,0,1,3,Warning
SEC_0271,2026-01-06 23:00:00,BLDG_C,Common Area,P1203,Employee,BADGE_10192,Entry,Authorized,Low,Normal Access,180,No,Normal,No,23,6,Tuesday,1,2026-01-06,No,0,0,0,0,0,0,Normal
SEC_0272,2026-01-06 23:30:00,BLDG_C,Meeting Room,P1116,Employee,BADGE_10429,Exit,Authorized,Low,Normal Access,82,No,Normal,No,23,6,Tuesday,1,2026-01-06,No,0,0,0,0,0,0,Normal
SEC_0273,2026-01-07 00:00:00,BLDG_B,Office Floor,P1189,Employee,BADGE_10287,Entry,Authorized,Medium,Normal Access,115,No,Normal,No,0,7,Wednesday,1,2026-01-07,No,0,0,0,0,0,0,Normal
SEC_0274,2026-01-07 00:30:00,BLDG_B,Parking Area,P1194,Visitor,BADGE_10169,Exit,Authorized,Low,Normal Access,153,No,Normal,No,0,7,Wednesday,1,2026-01-07,No,0,0,0,0,0,0,Normal
SEC_0275,2026-01-07 01:00:00,BLDG_C,Common Area,P1067,Visitor,BADGE_10065,Exit,Authorized,Medium,Suspicious Activity,37,Yes,Unusual,Yes,1,7,Wednesday,1,2026-01-07,No,0,1,1,1,0,3,Warning
SEC_0276,2026-01-07 01:30:00,BLDG_C,Parking Area,P1164,Employee,BADGE_10035,Exit,Authorized,Low,Normal Access,105,No,Normal,No,1,7,Wednesday,1,2026-01-07,No,0,0,0,0,0,0,Normal
SEC_0277,2026-01-07 02:00:00,BLDG_B,Parking Area,P1188,Employee,BADGE_10461,Exit,Authorized,Low,Normal Access,174,No,Normal,No,2,7,Wednesday,1,2026-01-07,No,0,0,0,0,0,0,Normal
SEC_0278,2026-01-07 02:30:00,BLDG_B,Office Floor,P1144,Employee,BADGE_10358,Exit,Authorized,Low,Normal Access,67,No,Normal,No,2,7,Wednesday,1,2026-01-07,No,0,0,0,0,0,0,Normal
SEC_0279,2026-01-07 03:00:00,BLDG_A,Meeting Room,P1055,Employee,BADGE_10027,Entry,Authorized,Medium,Normal Access,119,No,Normal,No,3,7,Wednesday,1,2026-01-07,No,0,0,0,0,0,0,Normal
SEC_0280,2026-01-07 03:30:00,BLDG_A,Meeting Room,P1214,Employee,BADGE_10031,Exit,Denied,Medium,Restricted Access,82,Yes,Normal,No,3,7,Wednesday,1,2026-01-07,No,0,1,0,0,0,1,Monitoring
SEC_0281,2026-01-07 04:00:00,BLDG_B,Server Room,P1178,Employee,BADGE_10412,Exit,Authorized,Low,Normal Access,111,No,Normal,No,4,7,Wednesday,1,2026-01-07,No,0,0,0,0,0,0,Normal
SEC_0282,2026-01-07 04:30:00,BLDG_C,Server Room,P1119,Employee,BADGE_10415,Entry,Authorized,Low,Normal Access,35,No,Normal,No,4,7,Wednesday,1,2026-01-07,No,0,0,0,0,0,0,Normal
SEC_0283,2026-01-07 05:00:00,BLDG_A,Common Area,P1154,Employee,BADGE_10274,Exit,Authorized,Low,Normal Access,97,No,Normal,No,5,7,Wednesday,1,2026-01-07,No,0,0,0,0,0,0,Normal
SEC_0284,2026-01-07 05:30:00,BLDG_B,Restricted Zone,P1156,Employee,BADGE_10139,Entry,Authorized,Low,Normal Access,122,No,Normal,No,5,7,Wednesday,1,2026-01-07,No,0,0,0,0,0,0,Normal
SEC_0285,2026-01-07 06:00:00,BLDG_A,Office Floor,P1177,Visitor,BADGE_10198,Entry,Authorized,Low,Normal Access,113,No,Normal,No,6,7,Wednesday,1,2026-01-07,No,0,0,0,0,0,0,Normal
SEC_0286,2026-01-07 06:30:00,BLDG_C,Common Area,P1175,Employee,BADGE_10023,Entry,Authorized,Low,Normal Access,150,No,Normal,No,6,7,Wednesday,1,2026-01-07,No,0,0,0,0,0,0,Normal
SEC_0287,2026-01-07 07:00:00,BLDG_C,Office Floor,P1211,Employee,BADGE_10140,Entry,Authorized,Low,Normal Access,38,No,Normal,No,7,7,Wednesday,1,2026-01-07,No,0,0,0,0,0,0,Normal
SEC_0288,2026-01-07 07:30:00,BLDG_A,Meeting Room,P1227,Contractor,BADGE_10236,Entry,Authorized,Low,Normal Access,106,No,Normal,No,7,7,Wednesday,1,2026-01-07,No,0,0,0,0,0,0,Normal
SEC_0289,2026-01-07 08:00:00,BLDG_A,Parking Area,P1100,Employee,BADGE_10109,Exit,Authorized,Low,Normal Access,88,No,Normal,No,8,7,Wednesday,1,2026-01-07,No,0,0,0,0,0,0,Normal
SEC_0290,2026-01-07 08:30:00,BLDG_B,Office Floor,P1149,Employee,BADGE_10028,Exit,Authorized,Low,Normal Access,55,No,Normal,No,8,7,Wednesday,1,2026-01-07,No,0,0,0,0,0,0,Normal
SEC_0291,2026-01-07 09:00:00,BLDG_A,Restricted Zone,P1044,Employee,BADGE_10303,Entry,Authorized,Low,Normal Access,54,No,Normal,No,9,7,Wednesday,1,2026-01-07,Yes,0,0,0,0,0,0,Normal
SEC_0292,2026-01-07 09:30:00,BLDG_B,Office Floor,P1111,Contractor,BADGE_10102,Exit,Authorized,Low,Normal Access,18,No,Normal,No,9,7,Wednesday,1,2026-01-07,Yes,0,0,0,0,0,0,Normal
SEC_0293,2026-01-07 10:00:00,BLDG_C,Office Floor,P1119,Visitor,BADGE_10156,Exit,Authorized,Low,Normal Access,17,No,Normal,No,10,7,Wednesday,1,2026-01-07,Yes,0,0,0,0,0,0,Normal
SEC_0294,2026-01-07 10:30:00,BLDG_C,Common Area,P1162,Contractor,BADGE_10421,Entry,Authorized,Low,Normal Access,135,No,Normal,No,10,7,Wednesday,1,2026-01-07,Yes,0,0,0,0,0,0,Normal
SEC_0295,2026-01-07 11:00:00,BLDG_B,Meeting Room,P1208,Employee,BADGE_10043,Exit,Authorized,Low,Normal Access,118,No,Normal,No,11,7,Wednesday,1,2026-01-07,Yes,0,0,0,0,0,0,Normal
SEC_0296,2026-01-07 11:30:00,BLDG_B,Restricted Zone,P1214,Visitor,BADGE_10059,Entry,Denied,High,Restricted Access,133,Yes,Unusual,Yes,11,7,Wednesday,1,2026-01-07,Yes,0,1,1,1,1,4,Critical
SEC_0297,2026-01-07 12:00:00,BLDG_C,Parking Area,P1004,Contractor,BADGE_10090,Exit,Authorized,Low,Normal Access,105,No,Normal,No,12,7,Wednesday,1,2026-01-07,Yes,0,0,0,0,0,0,Normal
SEC_0298,2026-01-07 12:30:00,BLDG_C,Parking Area,P1199,Contractor,BADGE_10362,Entry,Denied,Medium,Failed Access,27,No,Normal,No,12,7,Wednesday,1,2026-01-07,Yes,0,0,0,0,0,0,Normal
SEC_0299,2026-01-07 13:00:00,BLDG_C,Meeting Room,P1049,Employee,BADGE_10175,Exit,Authorized,Low,Normal Access,53,No,Normal,No,13,7,Wednesday,1,2026-01-07,Yes,0,0,0,0,0,0,Normal
SEC_0300,2026-01-07 13:30:00,BLDG_A,Parking Area,P1084,Employee,BADGE_10308,Entry,Authorized,Medium,Normal Access,106,No,Normal,No,13,7,Wednesday,1,2026-01-07,Yes,0,0,0,0,0,0,Normal
SEC_0301,2026-01-07 14:00:00,BLDG_B,Office Floor,P1294,Contractor,BADGE_10062,Entry,Authorized,Low,Normal Access,87,No,Normal,No,14,7,Wednesday,1,2026-01-07,Yes,0,0,0,0,0,0,Normal
SEC_0302,2026-01-07 14:30:00,BLDG_C,Common Area,P1235,Employee,BADGE_10108,Entry,Authorized,Low,Normal Access,162,No,Normal,No,14,7,Wednesday,1,2026-01-07,Yes,0,0,0,0,0,0,Normal
SEC_0303,2026-01-07 15:00:00,BLDG_A,Restricted Zone,P1184,Employee,BADGE_10320,Entry,Denied,High,Failed Access,91,Yes,Unusual,Yes,15,7,Wednesday,1,2026-01-07,Yes,0,1,1,1,1,4,Critical
SEC_0304,2026-01-07 15:30:00,BLDG_B,Office Floor,P1260,Employee,BADGE_10108,Exit,Authorized,Low,Normal Access,116,No,Normal,No,15,7,Wednesday,1,2026-01-07,Yes,0,0,0,0,0,0,Normal
SEC_0305,2026-01-07 16:00:00,BLDG_C,Meeting Room,P1094,Employee,BADGE_10321,Entry,Denied,High,Restricted Access,172,Yes,Normal,No,16,7,Wednesday,1,2026-01-07,Yes,0,1,0,0,1,2,Warning
SEC_0306,2026-01-07 16:30:00,BLDG_B,Office Floor,P1101,Employee,BADGE_10476,Exit,Authorized,Low,Normal Access,157,No,Normal,No,16,7,Wednesday,1,2026-01-07,Yes,0,0,0,0,0,0,Normal
SEC_0307,2026-01-07 17:00:00,BLDG_A,Common Area,P1101,Employee,BADGE_10155,Entry,Authorized,Low,Normal Access,122,No,Normal,No,17,7,Wednesday,1,2026-01-07,Yes,0,0,0,0,0,0,Normal
SEC_0308,2026-01-07 17:30:00,BLDG_B,Restricted Zone,P1089,Employee,BADGE_10093,Exit,Authorized,High,Suspicious Activity,72,Yes,Suspicious,Yes,17,7,Wednesday,1,2026-01-07,Yes,0,1,1,0,1,3,Warning
SEC_0309,2026-01-07 18:00:00,BLDG_A,Meeting Room,P1116,Visitor,BADGE_10349,Exit,Denied,Medium,Restricted Access,92,Yes,Normal,No,18,7,Wednesday,1,2026-01-07,No,0,1,0,0,0,1,Monitoring
SEC_0310,2026-01-07 18:30:00,BLDG_B,Server Room,P1193,Contractor,BADGE_10401,Exit,Denied,Medium,Failed Access,23,No,Unusual,No,18,7,Wednesday,1,2026-01-07,No,0,0,0,1,0,1,Monitoring
SEC_0311,2026-01-07 19:00:00,BLDG_C,Office Floor,P1282,Contractor,BADGE_10371,Exit,Authorized,Low,Normal Access,148,No,Normal,No,19,7,Wednesday,1,2026-01-07,No,0,0,0,0,0,0,Normal
SEC_0312,2026-01-07 19:30:00,BLDG_A,Meeting Room,P1084,Contractor,BADGE_10399,Exit,Authorized,Low,Normal Access,117,No,Normal,No,19,7,Wednesday,1,2026-01-07,No,0,0,0,0,0,0,Normal
SEC_0313,2026-01-07 20:00:00,BLDG_A,Office Floor,P1271,Employee,BADGE_10483,Exit,Authorized,Low,Normal Access,166,No,Normal,No,20,7,Wednesday,1,2026-01-07,No,0,0,0,0,0,0,Normal
SEC_0314,2026-01-07 20:30:00,BLDG_B,Office Floor,P1004,Visitor,BADGE_10323,Entry,Authorized,Low,Normal Access,35,No,Normal,No,20,7,Wednesday,1,2026-01-07,No,0,0,0,0,0,0,Normal
SEC_0315,2026-01-07 21:00:00,BLDG_C,Common Area,P1249,Employee,BADGE_10188,Entry,Authorized,Low,Normal Access,55,No,Normal,No,21,7,Wednesday,1,2026-01-07,No,0,0,0,0,0,0,Normal
SEC_0316,2026-01-07 21:30:00,BLDG_A,Parking Area,P1038,Employee,BADGE_10499,Entry,Authorized,Low,Normal Access,165,No,Normal,No,21,7,Wednesday,1,2026-01-07,No,0,0,0,0,0,0,Normal
SEC_0317,2026-01-07 22:00:00,BLDG_C,Server Room,P1206,Employee,BADGE_10185,Entry,Authorized,Low,Normal Access,127,No,Normal,No,22,7,Wednesday,1,2026-01-07,No,0,0,0,0,0,0,Normal
SEC_0318,2026-01-07 22:30:00,BLDG_A,Restricted Zone,P1287,Employee,BADGE_10426,Entry,Denied,High,Failed Access,33,Yes,Normal,Yes,22,7,Wednesday,1,2026-01-07,No,0,1,1,0,1,3,Warning
SEC_0319,2026-01-07 23:00:00,BLDG_A,Parking Area,P1111,Employee,BADGE_10153,Exit,Authorized,Low,Normal Access,124,No,Normal,No,23,7,Wednesday,1,2026-01-07,No,0,0,0,0,0,0,Normal
SEC_0320,2026-01-07 23:30:00,BLDG_C,Office Floor,P1104,Employee,BADGE_10271,Entry,Authorized,Low,Normal Access,97,No,Normal,No,23,7,Wednesday,1,2026-01-07,No,0,0,0,0,0,0,Normal
SEC_0321,2026-01-08 00:00:00,BLDG_A,Server Room,P1169,Employee,BADGE_10477,Entry,Authorized,Low,Normal Access,74,No,Normal,No,0,8,Thursday,1,2026-01-08,No,0,0,0,0,0,0,Normal
SEC_0322,2026-01-08 00:30:00,BLDG_A,Meeting Room,P1183,Contractor,BADGE_10192,Exit,Authorized,Low,Normal Access,66,No,Normal,No,0,8,Thursday,1,2026-01-08,No,0,0,0,0,0,0,Normal
SEC_0323,2026-01-08 01:00:00,BLDG_A,Common Area,P1078,Employee,BADGE_10314,Entry,Denied,Low,Failed Access,34,No,Unusual,No,1,8,Thursday,1,2026-01-08,No,0,0,0,1,0,1,Monitoring
SEC_0324,2026-01-08 01:30:00,BLDG_C,Meeting Room,P1193,Employee,BADGE_10453,Exit,Authorized,Medium,Normal Access,28,No,Normal,No,1,8,Thursday,1,2026-01-08,No,0,0,0,0,0,0,Normal
SEC_0325,2026-01-08 02:00:00,BLDG_B,Office Floor,P1095,Contractor,BADGE_10452,Exit,Denied,High,Failed Access,173,Yes,Unusual,No,2,8,Thursday,1,2026-01-08,No,0,1,0,1,1,3,Warning
SEC_0326,2026-01-08 02:30:00,BLDG_A,Server Room,P1272,Employee,BADGE_10083,Exit,Authorized,Low,Normal Access,180,No,Normal,No,2,8,Thursday,1,2026-01-08,No,0,0,0,0,0,0,Normal
SEC_0327,2026-01-08 03:00:00,BLDG_A,Common Area,P1097,Employee,BADGE_10005,Entry,Authorized,Low,Normal Access,58,No,Normal,No,3,8,Thursday,1,2026-01-08,No,0,0,0,0,0,0,Normal
SEC_0328,2026-01-08 03:30:00,BLDG_C,Common Area,P1047,Employee,BADGE_10167,Entry,Authorized,Low,Normal Access,34,No,Normal,No,3,8,Thursday,1,2026-01-08,No,0,0,0,0,0,0,Normal
SEC_0329,2026-01-08 04:00:00,BLDG_B,Common Area,P1029,Employee,BADGE_10280,Entry,Authorized,Low,Normal Access,83,No,Normal,No,4,8,Thursday,1,2026-01-08,No,0,0,0,0,0,0,Normal
SEC_0330,2026-01-08 04:30:00,BLDG_C,Restricted Zone,P1169,Employee,BADGE_10453,Entry,Denied,Critical,Failed Access,83,Yes,Normal,Yes,4,8,Thursday,1,2026-01-08,No,0,1,1,0,1,3,Warning
SEC_0331,2026-01-08 05:00:00,BLDG_B,Meeting Room,P1208,Employee,BADGE_10002,Entry,Authorized,Low,Normal Access,125,No,Normal,No,5,8,Thursday,1,2026-01-08,No,0,0,0,0,0,0,Normal
SEC_0332,2026-01-08 05:30:00,BLDG_B,Parking Area,P1041,Employee,BADGE_10438,Exit,Authorized,Low,Normal Access,149,No,Normal,No,5,8,Thursday,1,2026-01-08,No,0,0,0,0,0,0,Normal
SEC_0333,2026-01-08 06:00:00,BLDG_B,Common Area,P1048,Employee,BADGE_10326,Entry,Authorized,High,Suspicious Activity,101,Yes,Unusual,Yes,6,8,Thursday,1,2026-01-08,No,0,1,1,1,1,4,Critical
SEC_0334,2026-01-08 06:30:00,BLDG_A,Office Floor,P1048,Employee,BADGE_10405,Entry,Authorized,Low,Normal Access,124,No,Normal,No,6,8,Thursday,1,2026-01-08,No,0,0,0,0,0,0,Normal
SEC_0335,2026-01-08 07:00:00,BLDG_C,Common Area,P1137,Employee,BADGE_10164,Entry,Authorized,Medium,Normal Access,84,No,Normal,No,7,8,Thursday,1,2026-01-08,No,0,0,0,0,0,0,Normal
SEC_0336,2026-01-08 07:30:00,BLDG_C,Meeting Room,P1054,Visitor,BADGE_10178,Entry,Authorized,Medium,Suspicious Activity,164,Yes,Unusual,Yes,7,8,Thursday,1,2026-01-08,No,0,1,1,1,0,3,Warning
SEC_0337,2026-01-08 08:00:00,BLDG_C,Office Floor,P1248,Visitor,BADGE_10348,Exit,Authorized,Low,Normal Access,18,No,Normal,No,8,8,Thursday,1,2026-01-08,No,0,0,0,0,0,0,Normal
SEC_0338,2026-01-08 08:30:00,BLDG_B,Common Area,P1047,Employee,BADGE_10063,Entry,Authorized,Low,Normal Access,111,No,Normal,No,8,8,Thursday,1,2026-01-08,No,0,0,0,0,0,0,Normal
SEC_0339,2026-01-08 09:00:00,BLDG_A,Office Floor,P1094,Employee,BADGE_10304,Entry,Authorized,Low,Normal Access,139,No,Normal,No,9,8,Thursday,1,2026-01-08,Yes,0,0,0,0,0,0,Normal
SEC_0340,2026-01-08 09:30:00,BLDG_C,Meeting Room,P1091,Employee,BADGE_10238,Entry,Authorized,Low,Normal Access,9,No,Normal,No,9,8,Thursday,1,2026-01-08,Yes,0,0,0,0,0,0,Normal
SEC_0341,2026-01-08 10:00:00,BLDG_A,Meeting Room,P1182,Contractor,BADGE_10037,Exit,Authorized,Low,Normal Access,138,No,Normal,No,10,8,Thursday,1,2026-01-08,Yes,0,0,0,0,0,0,Normal
SEC_0342,2026-01-08 10:30:00,BLDG_A,Parking Area,P1114,Employee,BADGE_10252,Exit,Authorized,Low,Normal Access,108,No,Normal,No,10,8,Thursday,1,2026-01-08,Yes,0,0,0,0,0,0,Normal
SEC_0343,2026-01-08 11:00:00,BLDG_C,Office Floor,P1256,Visitor,BADGE_10135,Entry,Authorized,Low,Normal Access,62,No,Normal,No,11,8,Thursday,1,2026-01-08,Yes,0,0,0,0,0,0,Normal
SEC_0344,2026-01-08 11:30:00,BLDG_B,Office Floor,P1102,Employee,BADGE_10038,Entry,Authorized,Low,Normal Access,86,No,Normal,No,11,8,Thursday,1,2026-01-08,Yes,0,0,0,0,0,0,Normal
SEC_0345,2026-01-08 12:00:00,BLDG_A,Office Floor,P1291,Employee,BADGE_10452,Exit,Authorized,Low,Normal Access,70,No,Normal,No,12,8,Thursday,1,2026-01-08,Yes,0,0,0,0,0,0,Normal
SEC_0346,2026-01-08 12:30:00,BLDG_A,Restricted Zone,P1153,Employee,BADGE_10237,Exit,Authorized,Low,Normal Access,56,No,Normal,No,12,8,Thursday,1,2026-01-08,Yes,0,0,0,0,0,0,Normal
SEC_0347,2026-01-08 13:00:00,BLDG_A,Server Room,P1213,Visitor,BADGE_10317,Exit,Authorized,Low,Normal Access,138,No,Normal,No,13,8,Thursday,1,2026-01-08,Yes,0,0,0,0,0,0,Normal
SEC_0348,2026-01-08 13:30:00,BLDG_A,Server Room,P1214,Employee,BADGE_10457,Entry,Authorized,Low,Normal Access,30,No,Normal,No,13,8,Thursday,1,2026-01-08,Yes,0,0,0,0,0,0,Normal
SEC_0349,2026-01-08 14:00:00,BLDG_B,Meeting Room,P1085,Visitor,BADGE_10450,Entry,Authorized,Low,Normal Access,135,No,Normal,No,14,8,Thursday,1,2026-01-08,Yes,0,0,0,0,0,0,Normal
SEC_0350,2026-01-08 14:30:00,BLDG_C,Office Floor,P1122,Employee,BADGE_10138,Entry,Authorized,Low,Normal Access,116,No,Normal,No,14,8,Thursday,1,2026-01-08,Yes,0,0,0,0,0,0,Normal
SEC_0351,2026-01-08 15:00:00,BLDG_A,Common Area,P1152,Employee,BADGE_10072,Entry,Authorized,Low,Normal Access,108,No,Normal,No,15,8,Thursday,1,2026-01-08,Yes,0,0,0,0,0,0,Normal
SEC_0352,2026-01-08 15:30:00,BLDG_B,Meeting Room,P1141,Employee,BADGE_10246,Entry,Authorized,Low,Normal Access,130,No,Normal,No,15,8,Thursday,1,2026-01-08,Yes,0,0,0,0,0,0,Normal
SEC_0353,2026-01-08 16:00:00,BLDG_B,Common Area,P1282,Employee,BADGE_10017,Exit,Authorized,Low,Normal Access,72,No,Normal,No,16,8,Thursday,1,2026-01-08,Yes,0,0,0,0,0,0,Normal
SEC_0354,2026-01-08 16:30:00,BLDG_A,Parking Area,P1251,Employee,BADGE_10253,Exit,Denied,High,Restricted Access,132,Yes,Unusual,No,16,8,Thursday,1,2026-01-08,Yes,0,1,0,1,1,3,Warning
SEC_0355,2026-01-08 17:00:00,BLDG_B,Common Area,P1093,Employee,BADGE_10086,Entry,Authorized,Low,Normal Access,81,No,Normal,No,17,8,Thursday,1,2026-01-08,Yes,0,0,0,0,0,0,Normal
SEC_0356,2026-01-08 17:30:00,BLDG_A,Office Floor,P1271,Employee,BADGE_10387,Entry,Authorized,Low,Normal Access,140,No,Normal,No,17,8,Thursday,1,2026-01-08,Yes,0,0,0,0,0,0,Normal
SEC_0357,2026-01-08 18:00:00,BLDG_A,Meeting Room,P1204,Visitor,BADGE_10239,Exit,Authorized,Low,Normal Access,105,No,Normal,No,18,8,Thursday,1,2026-01-08,No,0,0,0,0,0,0,Normal
SEC_0358,2026-01-08 18:30:00,BLDG_C,Office Floor,P1221,Employee,BADGE_10123,Entry,Authorized,Low,Normal Access,68,No,Normal,No,18,8,Thursday,1,2026-01-08,No,0,0,0,0,0,0,Normal
SEC_0359,2026-01-08 19:00:00,BLDG_A,Meeting Room,P1122,Employee,BADGE_10479,Entry,Authorized,Low,Normal Access,108,No,Normal,No,19,8,Thursday,1,2026-01-08,No,0,0,0,0,0,0,Normal
SEC_0360,2026-01-08 19:30:00,BLDG_C,Meeting Room,P1207,Visitor,BADGE_10048,Exit,Authorized,Low,Normal Access,154,No,Normal,No,19,8,Thursday,1,2026-01-08,No,0,0,0,0,0,0,Normal
SEC_0361,2026-01-08 20:00:00,BLDG_B,Meeting Room,P1211,Employee,BADGE_10192,Entry,Authorized,Low,Normal Access,45,No,Normal,No,20,8,Thursday,1,2026-01-08,No,0,0,0,0,0,0,Normal
SEC_0362,2026-01-08 20:30:00,BLDG_C,Office Floor,P1277,Employee,BADGE_10064,Exit,Authorized,Low,Normal Access,91,No,Normal,No,20,8,Thursday,1,2026-01-08,No,0,0,0,0,0,0,Normal
SEC_0363,2026-01-08 21:00:00,BLDG_C,Common Area,P1008,Employee,BADGE_10104,Entry,Authorized,Low,Normal Access,60,No,Normal,No,21,8,Thursday,1,2026-01-08,No,0,0,0,0,0,0,Normal
SEC_0364,2026-01-08 21:30:00,BLDG_A,Common Area,P1218,Visitor,BADGE_10002,Exit,Authorized,Low,Normal Access,179,No,Normal,No,21,8,Thursday,1,2026-01-08,No,0,0,0,0,0,0,Normal
SEC_0365,2026-01-08 22:00:00,BLDG_B,Server Room,P1166,Employee,BADGE_10451,Exit,Authorized,Low,Normal Access,62,No,Normal,No,22,8,Thursday,1,2026-01-08,No,0,0,0,0,0,0,Normal
SEC_0366,2026-01-08 22:30:00,BLDG_A,Office Floor,P1207,Employee,BADGE_10388,Exit,Authorized,Low,Normal Access,24,No,Normal,No,22,8,Thursday,1,2026-01-08,No,0,0,0,0,0,0,Normal
SEC_0367,2026-01-08 23:00:00,BLDG_C,Parking Area,P1022,Visitor,BADGE_10070,Exit,Authorized,Low,Normal Access,126,No,Normal,No,23,8,Thursday,1,2026-01-08,No,0,0,0,0,0,0,Normal
SEC_0368,2026-01-08 23:30:00,BLDG_C,Office Floor,P1187,Employee,BADGE_10232,Entry,Authorized,Low,Normal Access,158,No,Normal,No,23,8,Thursday,1,2026-01-08,No,0,0,0,0,0,0,Normal
SEC_0369,2026-01-09 00:00:00,BLDG_B,Common Area,P1027,Employee,BADGE_10276,Exit,Authorized,Medium,Normal Access,141,No,Normal,No,0,9,Friday,1,2026-01-09,No,0,0,0,0,0,0,Normal
SEC_0370,2026-01-09 00:30:00,BLDG_A,Parking Area,P1291,Visitor,BADGE_10500,Exit,Denied,Medium,Failed Access,150,No,Normal,No,0,9,Friday,1,2026-01-09,No,0,0,0,0,0,0,Normal
SEC_0371,2026-01-09 01:00:00,BLDG_C,Common Area,P1114,Employee,BADGE_10433,Exit,Authorized,Low,Normal Access,101,No,Normal,No,1,9,Friday,1,2026-01-09,No,0,0,0,0,0,0,Normal
SEC_0372,2026-01-09 01:30:00,BLDG_A,Server Room,P1025,Employee,BADGE_10068,Exit,Authorized,Low,Normal Access,62,No,Normal,No,1,9,Friday,1,2026-01-09,No,0,0,0,0,0,0,Normal
SEC_0373,2026-01-09 02:00:00,BLDG_B,Parking Area,P1139,Employee,BADGE_10110,Entry,Authorized,Low,Normal Access,29,No,Normal,No,2,9,Friday,1,2026-01-09,No,0,0,0,0,0,0,Normal
SEC_0374,2026-01-09 02:30:00,BLDG_B,Office Floor,P1014,Contractor,BADGE_10203,Exit,Authorized,Low,Normal Access,33,No,Normal,No,2,9,Friday,1,2026-01-09,No,0,0,0,0,0,0,Normal
SEC_0375,2026-01-09 03:00:00,BLDG_B,Common Area,P1182,Employee,BADGE_10458,Entry,Denied,Medium,Failed Access,151,No,Normal,No,3,9,Friday,1,2026-01-09,No,0,0,0,0,0,0,Normal
SEC_0376,2026-01-09 03:30:00,BLDG_A,Common Area,P1093,Employee,BADGE_10430,Entry,Authorized,Low,Normal Access,143,No,Normal,No,3,9,Friday,1,2026-01-09,No,0,0,0,0,0,0,Normal
SEC_0377,2026-01-09 04:00:00,BLDG_A,Parking Area,P1166,Employee,BADGE_10131,Entry,Authorized,Low,Normal Access,157,No,Normal,No,4,9,Friday,1,2026-01-09,No,0,0,0,0,0,0,Normal
SEC_0378,2026-01-09 04:30:00,BLDG_B,Meeting Room,P1299,Employee,BADGE_10150,Exit,Authorized,Low,Normal Access,149,No,Normal,No,4,9,Friday,1,2026-01-09,No,0,0,0,0,0,0,Normal
SEC_0379,2026-01-09 05:00:00,BLDG_A,Meeting Room,P1007,Employee,BADGE_10464,Exit,Authorized,Low,Normal Access,46,No,Normal,No,5,9,Friday,1,2026-01-09,No,0,0,0,0,0,0,Normal
SEC_0380,2026-01-09 05:30:00,BLDG_C,Parking Area,P1293,Employee,BADGE_10234,Exit,Authorized,Low,Normal Access,120,No,Normal,No,5,9,Friday,1,2026-01-09,No,0,0,0,0,0,0,Normal
SEC_0381,2026-01-09 06:00:00,BLDG_B,Restricted Zone,P1273,Visitor,BADGE_10064,Entry,Authorized,Low,Normal Access,43,No,Normal,No,6,9,Friday,1,2026-01-09,No,0,0,0,0,0,0,Normal
SEC_0382,2026-01-09 06:30:00,BLDG_C,Office Floor,P1216,Employee,BADGE_10394,Entry,Authorized,Low,Normal Access,161,No,Normal,No,6,9,Friday,1,2026-01-09,No,0,0,0,0,0,0,Normal
SEC_0383,2026-01-09 07:00:00,BLDG_A,Office Floor,P1110,Contractor,BADGE_10192,Exit,Denied,Medium,Failed Access,137,No,Normal,No,7,9,Friday,1,2026-01-09,No,0,0,0,0,0,0,Normal
SEC_0384,2026-01-09 07:30:00,BLDG_A,Office Floor,P1282,Visitor,BADGE_10086,Entry,Authorized,Medium,Normal Access,5,No,Normal,No,7,9,Friday,1,2026-01-09,No,0,0,0,0,0,0,Normal
SEC_0385,2026-01-09 08:00:00,BLDG_A,Meeting Room,P1096,Visitor,BADGE_10190,Entry,Authorized,Low,Normal Access,11,No,Normal,No,8,9,Friday,1,2026-01-09,No,0,0,0,0,0,0,Normal
SEC_0386,2026-01-09 08:30:00,BLDG_B,Office Floor,P1106,Employee,BADGE_10181,Entry,Authorized,Low,Normal Access,10,No,Normal,No,8,9,Friday,1,2026-01-09,No,0,0,0,0,0,0,Normal
SEC_0387,2026-01-09 09:00:00,BLDG_A,Meeting Room,P1167,Employee,BADGE_10013,Exit,Authorized,Low,Normal Access,82,No,Normal,No,9,9,Friday,1,2026-01-09,Yes,0,0,0,0,0,0,Normal
SEC_0388,2026-01-09 09:30:00,BLDG_C,Restricted Zone,P1038,Employee,BADGE_10211,Entry,Authorized,Low,Normal Access,72,No,Normal,No,9,9,Friday,1,2026-01-09,Yes,0,0,0,0,0,0,Normal
SEC_0389,2026-01-09 10:00:00,BLDG_A,Parking Area,P1229,Employee,BADGE_10390,Exit,Authorized,Medium,Normal Access,78,No,Normal,No,10,9,Friday,1,2026-01-09,Yes,0,0,0,0,0,0,Normal
SEC_0390,2026-01-09 10:30:00,BLDG_B,Common Area,P1191,Employee,BADGE_10422,Entry,Authorized,Low,Normal Access,121,No,Normal,No,10,9,Friday,1,2026-01-09,Yes,0,0,0,0,0,0,Normal
SEC_0391,2026-01-09 11:00:00,BLDG_A,Office Floor,P1200,Employee,BADGE_10247,Entry,Authorized,Medium,Normal Access,73,No,Normal,No,11,9,Friday,1,2026-01-09,Yes,0,0,0,0,0,0,Normal
SEC_0392,2026-01-09 11:30:00,BLDG_A,Parking Area,P1255,Employee,BADGE_10325,Exit,Authorized,Low,Normal Access,53,No,Normal,No,11,9,Friday,1,2026-01-09,Yes,0,0,0,0,0,0,Normal
SEC_0393,2026-01-09 12:00:00,BLDG_B,Office Floor,P1127,Employee,BADGE_10426,Exit,Authorized,Low,Normal Access,115,No,Normal,No,12,9,Friday,1,2026-01-09,Yes,0,0,0,0,0,0,Normal
SEC_0394,2026-01-09 12:30:00,BLDG_A,Meeting Room,P1219,Employee,BADGE_10109,Entry,Authorized,Low,Normal Access,24,No,Normal,No,12,9,Friday,1,2026-01-09,Yes,0,0,0,0,0,0,Normal
SEC_0395,2026-01-09 13:00:00,BLDG_A,Office Floor,P1272,Employee,BADGE_10375,Exit,Authorized,Low,Normal Access,3,No,Normal,No,13,9,Friday,1,2026-01-09,Yes,0,0,0,0,0,0,Normal
SEC_0396,2026-01-09 13:30:00,BLDG_C,Common Area,P1171,Employee,BADGE_10469,Exit,Authorized,Low,Normal Access,95,No,Normal,No,13,9,Friday,1,2026-01-09,Yes,0,0,0,0,0,0,Normal
SEC_0397,2026-01-09 14:00:00,BLDG_A,Meeting Room,P1180,Employee,BADGE_10414,Exit,Denied,Low,Failed Access,162,No,Normal,No,14,9,Friday,1,2026-01-09,Yes,0,0,0,0,0,0,Normal
SEC_0398,2026-01-09 14:30:00,BLDG_C,Restricted Zone,P1237,Contractor,BADGE_10462,Exit,Denied,High,Failed Access,137,Yes,Normal,Yes,14,9,Friday,1,2026-01-09,Yes,0,1,1,0,1,3,Warning
SEC_0399,2026-01-09 15:00:00,BLDG_A,Office Floor,P1273,Employee,BADGE_10481,Exit,Authorized,Low,Normal Access,161,No,Normal,No,15,9,Friday,1,2026-01-09,Yes,0,0,0,0,0,0,Normal
SEC_0400,2026-01-09 15:30:00,BLDG_B,Server Room,P1200,Visitor,BADGE_10233,Exit,Authorized,Low,Normal Access,178,No,Normal,No,15,9,Friday,1,2026-01-09,Yes,0,0,0,0,0,0,Normal
SEC_0401,2026-01-09 16:00:00,BLDG_A,Meeting Room,P1273,Employee,BADGE_10006,Exit,Authorized,Low,Normal Access,148,No,Normal,No,16,9,Friday,1,2026-01-09,Yes,0,0,0,0,0,0,Normal
SEC_0402,2026-01-09 16:30:00,BLDG_A,Office Floor,P1164,Employee,BADGE_10058,Exit,Authorized,Medium,Normal Access,14,No,Normal,No,16,9,Friday,1,2026-01-09,Yes,0,0,0,0,0,0,Normal
SEC_0403,2026-01-09 17:00:00,BLDG_A,Parking Area,P1284,Employee,BADGE_10385,Exit,Denied,Low,Failed Access,171,No,Normal,No,17,9,Friday,1,2026-01-09,Yes,0,0,0,0,0,0,Normal
SEC_0404,2026-01-09 17:30:00,BLDG_A,Server Room,P1137,Contractor,BADGE_10367,Entry,Authorized,Low,Normal Access,145,No,Normal,No,17,9,Friday,1,2026-01-09,Yes,0,0,0,0,0,0,Normal
SEC_0405,2026-01-09 18:00:00,BLDG_B,Office Floor,P1073,Employee,BADGE_10282,Entry,Denied,Low,Failed Access,149,No,Normal,No,18,9,Friday,1,2026-01-09,No,0,0,0,0,0,0,Normal
SEC_0406,2026-01-09 18:30:00,BLDG_C,Common Area,P1105,Contractor,BADGE_10181,Exit,Authorized,Low,Normal Access,45,No,Normal,No,18,9,Friday,1,2026-01-09,No,0,0,0,0,0,0,Normal
SEC_0407,2026-01-09 19:00:00,BLDG_B,Meeting Room,P1089,Visitor,BADGE_10066,Exit,Denied,Medium,Failed Access,159,No,Unusual,No,19,9,Friday,1,2026-01-09,No,0,0,0,1,0,1,Monitoring
SEC_0408,2026-01-09 19:30:00,BLDG_C,Common Area,P1253,Visitor,BADGE_10143,Exit,Authorized,Low,Normal Access,111,No,Normal,No,19,9,Friday,1,2026-01-09,No,0,0,0,0,0,0,Normal
SEC_0409,2026-01-09 20:00:00,BLDG_B,Meeting Room,P1091,Employee,BADGE_10018,Entry,Authorized,Low,Normal Access,150,No,Normal,No,20,9,Friday,1,2026-01-09,No,0,0,0,0,0,0,Normal
SEC_0410,2026-01-09 20:30:00,BLDG_C,Common Area,P1203,Employee,BADGE_10061,Exit,Authorized,Low,Normal Access,6,No,Normal,No,20,9,Friday,1,2026-01-09,No,0,0,0,0,0,0,Normal
SEC_0411,2026-01-09 21:00:00,BLDG_A,Office Floor,P1002,Employee,BADGE_10449,Entry,Authorized,Low,Normal Access,105,No,Normal,No,21,9,Friday,1,2026-01-09,No,0,0,0,0,0,0,Normal
SEC_0412,2026-01-09 21:30:00,BLDG_A,Common Area,P1220,Employee,BADGE_10378,Entry,Authorized,Low,Normal Access,95,No,Normal,No,21,9,Friday,1,2026-01-09,No,0,0,0,0,0,0,Normal
SEC_0413,2026-01-09 22:00:00,BLDG_A,Restricted Zone,P1278,Employee,BADGE_10040,Entry,Authorized,Low,Normal Access,102,No,Normal,No,22,9,Friday,1,2026-01-09,No,0,0,0,0,0,0,Normal
SEC_0414,2026-01-09 22:30:00,BLDG_B,Office Floor,P1208,Employee,BADGE_10008,Entry,Authorized,Low,Normal Access,176,No,Normal,No,22,9,Friday,1,2026-01-09,No,0,0,0,0,0,0,Normal
SEC_0415,2026-01-09 23:00:00,BLDG_A,Common Area,P1014,Employee,BADGE_10239,Exit,Authorized,Low,Normal Access,73,No,Normal,No,23,9,Friday,1,2026-01-09,No,0,0,0,0,0,0,Normal
SEC_0416,2026-01-09 23:30:00,BLDG_C,Server Room,P1058,Employee,BADGE_10305,Entry,Authorized,Low,Normal Access,152,No,Normal,No,23,9,Friday,1,2026-01-09,No,0,0,0,0,0,0,Normal
SEC_0417,2026-01-10 00:00:00,BLDG_B,Office Floor,P1273,Employee,BADGE_10249,Entry,Authorized,Medium,Normal Access,15,No,Normal,No,0,10,Saturday,1,2026-01-10,No,0,0,0,0,0,0,Normal
SEC_0418,2026-01-10 00:30:00,BLDG_C,Office Floor,P1100,Employee,BADGE_10163,Entry,Authorized,Low,Normal Access,161,No,Normal,No,0,10,Saturday,1,2026-01-10,No,0,0,0,0,0,0,Normal
SEC_0419,2026-01-10 01:00:00,BLDG_C,Office Floor,P1128,Employee,BADGE_10398,Entry,Authorized,High,Suspicious Activity,166,Yes,Suspicious,Yes,1,10,Saturday,1,2026-01-10,No,0,1,1,0,1,3,Warning
SEC_0420,2026-01-10 01:30:00,BLDG_A,Meeting Room,P1284,Employee,BADGE_10352,Entry,Authorized,Low,Normal Access,32,No,Normal,No,1,10,Saturday,1,2026-01-10,No,0,0,0,0,0,0,Normal
SEC_0421,2026-01-10 02:00:00,BLDG_A,Meeting Room,P1103,Contractor,BADGE_10490,Entry,Authorized,Low,Normal Access,126,No,Normal,No,2,10,Saturday,1,2026-01-10,No,0,0,0,0,0,0,Normal
SEC_0422,2026-01-10 02:30:00,BLDG_B,Meeting Room,P1171,Visitor,BADGE_10382,Entry,Authorized,Low,Normal Access,174,No,Normal,No,2,10,Saturday,1,2026-01-10,No,0,0,0,0,0,0,Normal
SEC_0423,2026-01-10 03:00:00,BLDG_B,Office Floor,P1106,Contractor,BADGE_10146,Entry,Authorized,Low,Normal Access,16,No,Normal,No,3,10,Saturday,1,2026-01-10,No,0,0,0,0,0,0,Normal
SEC_0424,2026-01-10 03:30:00,BLDG_B,Common Area,P1139,Employee,BADGE_10299,Exit,Authorized,Low,Normal Access,146,No,Normal,No,3,10,Saturday,1,2026-01-10,No,0,0,0,0,0,0,Normal
SEC_0425,2026-01-10 04:00:00,BLDG_B,Meeting Room,P1193,Employee,BADGE_10468,Entry,Authorized,Low,Normal Access,151,No,Normal,No,4,10,Saturday,1,2026-01-10,No,0,0,0,0,0,0,Normal
SEC_0426,2026-01-10 04:30:00,BLDG_C,Office Floor,P1113,Contractor,BADGE_10251,Entry,Authorized,Low,Normal Access,74,No,Normal,No,4,10,Saturday,1,2026-01-10,No,0,0,0,0,0,0,Normal
SEC_0427,2026-01-10 05:00:00,BLDG_A,Common Area,P1237,Employee,BADGE_10248,Entry,Authorized,Low,Normal Access,113,No,Normal,No,5,10,Saturday,1,2026-01-10,No,0,0,0,0,0,0,Normal
SEC_0428,2026-01-10 05:30:00,BLDG_B,Parking Area,P1116,Visitor,BADGE_10048,Exit,Authorized,Low,Normal Access,11,No,Normal,No,5,10,Saturday,1,2026-01-10,No,0,0,0,0,0,0,Normal
SEC_0429,2026-01-10 06:00:00,BLDG_A,Office Floor,P1121,Visitor,BADGE_10298,Exit,Authorized,Low,Normal Access,55,No,Normal,No,6,10,Saturday,1,2026-01-10,No,0,0,0,0,0,0,Normal
SEC_0430,2026-01-10 06:30:00,BLDG_A,Meeting Room,P1239,Employee,BADGE_10304,Exit,Authorized,Low,Normal Access,43,No,Normal,No,6,10,Saturday,1,2026-01-10,No,0,0,0,0,0,0,Normal
SEC_0431,2026-01-10 07:00:00,BLDG_B,Meeting Room,P1263,Contractor,BADGE_10191,Entry,Authorized,Low,Normal Access,112,No,Normal,No,7,10,Saturday,1,2026-01-10,No,0,0,0,0,0,0,Normal
SEC_0432,2026-01-10 07:30:00,BLDG_B,Office Floor,P1292,Employee,BADGE_10469,Entry,Authorized,Low,Normal Access,9,No,Normal,No,7,10,Saturday,1,2026-01-10,No,0,0,0,0,0,0,Normal
SEC_0433,2026-01-10 08:00:00,BLDG_C,Office Floor,P1071,Employee,BADGE_10493,Entry,Authorized,Low,Normal Access,125,No,Normal,No,8,10,Saturday,1,2026-01-10,No,0,0,0,0,0,0,Normal
SEC_0434,2026-01-10 08:30:00,BLDG_C,Parking Area,P1165,Employee,BADGE_10027,Exit,Authorized,Low,Normal Access,56,No,Normal,No,8,10,Saturday,1,2026-01-10,No,0,0,0,0,0,0,Normal
SEC_0435,2026-01-10 09:00:00,BLDG_A,Office Floor,P1030,Employee,BADGE_10045,Entry,Authorized,Low,Normal Access,20,No,Normal,No,9,10,Saturday,1,2026-01-10,Yes,0,0,0,0,0,0,Normal
SEC_0436,2026-01-10 09:30:00,BLDG_B,Office Floor,P1231,Employee,BADGE_10499,Entry,Authorized,Low,Normal Access,148,No,Normal,No,9,10,Saturday,1,2026-01-10,Yes,0,0,0,0,0,0,Normal
SEC_0437,2026-01-10 10:00:00,BLDG_B,Server Room,P1126,Visitor,BADGE_10075,Entry,Authorized,Low,Normal Access,166,No,Normal,No,10,10,Saturday,1,2026-01-10,Yes,0,0,0,0,0,0,Normal
SEC_0438,2026-01-10 10:30:00,BLDG_A,Office Floor,P1159,Contractor,BADGE_10384,Entry,Authorized,Low,Normal Access,164,No,Normal,No,10,10,Saturday,1,2026-01-10,Yes,0,0,0,0,0,0,Normal
SEC_0439,2026-01-10 11:00:00,BLDG_B,Server Room,P1273,Employee,BADGE_10352,Entry,Authorized,Low,Normal Access,145,No,Normal,No,11,10,Saturday,1,2026-01-10,Yes,0,0,0,0,0,0,Normal
SEC_0440,2026-01-10 11:30:00,BLDG_B,Office Floor,P1095,Employee,BADGE_10209,Entry,Authorized,Low,Normal Access,93,No,Normal,No,11,10,Saturday,1,2026-01-10,Yes,0,0,0,0,0,0,Normal
SEC_0441,2026-01-10 12:00:00,BLDG_A,Common Area,P1296,Visitor,BADGE_10306,Exit,Authorized,Low,Normal Access,172,No,Normal,No,12,10,Saturday,1,2026-01-10,Yes,0,0,0,0,0,0,Normal
SEC_0442,2026-01-10 12:30:00,BLDG_C,Office Floor,P1084,Employee,BADGE_10166,Exit,Denied,Low,Restricted Access,29,Yes,Normal,No,12,10,Saturday,1,2026-01-10,Yes,0,1,0,0,0,1,Monitoring
SEC_0443,2026-01-10 13:00:00,BLDG_C,Office Floor,P1246,Employee,BADGE_10208,Entry,Authorized,Low,Normal Access,23,No,Normal,No,13,10,Saturday,1,2026-01-10,Yes,0,0,0,0,0,0,Normal
SEC_0444,2026-01-10 13:30:00,BLDG_A,Parking Area,P1073,Employee,BADGE_10076,Exit,Authorized,Low,Normal Access,91,No,Normal,No,13,10,Saturday,1,2026-01-10,Yes,0,0,0,0,0,0,Normal
SEC_0445,2026-01-10 14:00:00,BLDG_A,Office Floor,P1159,Employee,BADGE_10057,Entry,Authorized,Low,Normal Access,79,No,Normal,No,14,10,Saturday,1,2026-01-10,Yes,0,0,0,0,0,0,Normal
SEC_0446,2026-01-10 14:30:00,BLDG_B,Server Room,P1146,Employee,BADGE_10216,Entry,Authorized,Low,Normal Access,143,No,Normal,No,14,10,Saturday,1,2026-01-10,Yes,0,0,0,0,0,0,Normal
SEC_0447,2026-01-10 15:00:00,BLDG_C,Server Room,P1217,Employee,BADGE_10096,Exit,Denied,High,Restricted Access,162,Yes,Unusual,No,15,10,Saturday,1,2026-01-10,Yes,0,1,0,1,1,3,Warning
SEC_0448,2026-01-10 15:30:00,BLDG_C,Common Area,P1149,Employee,BADGE_10104,Entry,Authorized,Medium,Normal Access,141,No,Normal,No,15,10,Saturday,1,2026-01-10,Yes,0,0,0,0,0,0,Normal
SEC_0449,2026-01-10 16:00:00,BLDG_A,Common Area,P1044,Employee,BADGE_10098,Entry,Authorized,Low,Normal Access,6,No,Normal,No,16,10,Saturday,1,2026-01-10,Yes,0,0,0,0,0,0,Normal
SEC_0450,2026-01-10 16:30:00,BLDG_A,Meeting Room,P1273,Visitor,BADGE_10476,Exit,Authorized,Low,Normal Access,84,No,Normal,No,16,10,Saturday,1,2026-01-10,Yes,0,0,0,0,0,0,Normal
SEC_0451,2026-01-10 17:00:00,BLDG_A,Office Floor,P1095,Visitor,BADGE_10278,Exit,Authorized,Low,Normal Access,174,No,Normal,No,17,10,Saturday,1,2026-01-10,Yes,0,0,0,0,0,0,Normal
SEC_0452,2026-01-10 17:30:00,BLDG_C,Office Floor,P1054,Employee,BADGE_10344,Entry,Authorized,Low,Normal Access,158,No,Normal,No,17,10,Saturday,1,2026-01-10,Yes,0,0,0,0,0,0,Normal
SEC_0453,2026-01-10 18:00:00,BLDG_A,Office Floor,P1194,Visitor,BADGE_10413,Entry,Authorized,Low,Normal Access,85,No,Normal,No,18,10,Saturday,1,2026-01-10,No,0,0,0,0,0,0,Normal
SEC_0454,2026-01-10 18:30:00,BLDG_B,Meeting Room,P1109,Employee,BADGE_10276,Exit,Authorized,Low,Normal Access,74,No,Normal,No,18,10,Saturday,1,2026-01-10,No,0,0,0,0,0,0,Normal
SEC_0455,2026-01-10 19:00:00,BLDG_C,Meeting Room,P1052,Contractor,BADGE_10111,Entry,Authorized,Low,Normal Access,110,No,Normal,No,19,10,Saturday,1,2026-01-10,No,0,0,0,0,0,0,Normal
SEC_0456,2026-01-10 19:30:00,BLDG_C,Office Floor,P1137,Employee,BADGE_10020,Exit,Authorized,Low,Normal Access,40,No,Normal,No,19,10,Saturday,1,2026-01-10,No,0,0,0,0,0,0,Normal
SEC_0457,2026-01-10 20:00:00,BLDG_C,Meeting Room,P1275,Employee,BADGE_10448,Entry,Authorized,Low,Normal Access,135,No,Normal,No,20,10,Saturday,1,2026-01-10,No,0,0,0,0,0,0,Normal
SEC_0458,2026-01-10 20:30:00,BLDG_A,Meeting Room,P1263,Employee,BADGE_10267,Exit,Authorized,Low,Normal Access,104,No,Normal,No,20,10,Saturday,1,2026-01-10,No,0,0,0,0,0,0,Normal
SEC_0459,2026-01-10 21:00:00,BLDG_B,Office Floor,P1088,Employee,BADGE_10208,Exit,Authorized,Low,Normal Access,122,No,Normal,No,21,10,Saturday,1,2026-01-10,No,0,0,0,0,0,0,Normal
SEC_0460,2026-01-10 21:30:00,BLDG_C,Server Room,P1122,Employee,BADGE_10011,Exit,Authorized,Low,Normal Access,93,No,Normal,No,21,10,Saturday,1,2026-01-10,No,0,0,0,0,0,0,Normal
SEC_0461,2026-01-10 22:00:00,BLDG_C,Office Floor,P1164,Employee,BADGE_10270,Exit,Denied,Medium,Failed Access,79,No,Normal,No,22,10,Saturday,1,2026-01-10,No,0,0,0,0,0,0,Normal
SEC_0462,2026-01-10 22:30:00,BLDG_A,Common Area,P1106,Employee,BADGE_10047,Entry,Denied,High,Restricted Access,65,Yes,Normal,No,22,10,Saturday,1,2026-01-10,No,0,1,0,0,1,2,Warning
SEC_0463,2026-01-10 23:00:00,BLDG_B,Meeting Room,P1138,Employee,BADGE_10441,Entry,Authorized,Low,Normal Access,136,No,Normal,No,23,10,Saturday,1,2026-01-10,No,0,0,0,0,0,0,Normal
SEC_0464,2026-01-10 23:30:00,BLDG_B,Office Floor,P1132,Visitor,BADGE_10427,Entry,Authorized,Low,Normal Access,5,No,Normal,No,23,10,Saturday,1,2026-01-10,No,0,0,0,0,0,0,Normal
SEC_0465,2026-01-11 00:00:00,BLDG_B,Common Area,P1123,Visitor,BADGE_10299,Exit,Authorized,Low,Normal Access,28,No,Normal,No,0,11,Sunday,1,2026-01-11,No,0,0,0,0,0,0,Normal
SEC_0466,2026-01-11 00:30:00,BLDG_B,Office Floor,P1017,Employee,BADGE_10039,Exit,Authorized,Low,Normal Access,49,No,Normal,No,0,11,Sunday,1,2026-01-11,No,0,0,0,0,0,0,Normal
SEC_0467,2026-01-11 01:00:00,BLDG_A,Meeting Room,P1292,Employee,BADGE_10018,Entry,Authorized,Medium,Normal Access,91,No,Normal,No,1,11,Sunday,1,2026-01-11,No,0,0,0,0,0,0,Normal
SEC_0468,2026-01-11 01:30:00,BLDG_A,Restricted Zone,P1086,Employee,BADGE_10019,Exit,Denied,Medium,Failed Access,102,No,Unusual,No,1,11,Sunday,1,2026-01-11,No,0,0,0,1,0,1,Monitoring
SEC_0469,2026-01-11 02:00:00,BLDG_B,Restricted Zone,P1246,Employee,BADGE_10405,Exit,Authorized,Low,Normal Access,77,No,Normal,No,2,11,Sunday,1,2026-01-11,No,0,0,0,0,0,0,Normal
SEC_0470,2026-01-11 02:30:00,BLDG_C,Office Floor,P1259,Employee,BADGE_10135,Entry,Authorized,Low,Normal Access,172,No,Normal,No,2,11,Sunday,1,2026-01-11,No,0,0,0,0,0,0,Normal
SEC_0471,2026-01-11 03:00:00,BLDG_B,Parking Area,P1196,Contractor,BADGE_10369,Exit,Authorized,Low,Normal Access,99,No,Normal,No,3,11,Sunday,1,2026-01-11,No,0,0,0,0,0,0,Normal
SEC_0472,2026-01-11 03:30:00,BLDG_C,Common Area,P1144,Visitor,BADGE_10351,Exit,Authorized,Low,Normal Access,143,No,Normal,No,3,11,Sunday,1,2026-01-11,No,0,0,0,0,0,0,Normal
SEC_0473,2026-01-11 04:00:00,BLDG_A,Meeting Room,P1197,Employee,BADGE_10042,Entry,Authorized,Low,Normal Access,54,No,Normal,No,4,11,Sunday,1,2026-01-11,No,0,0,0,0,0,0,Normal
SEC_0474,2026-01-11 04:30:00,BLDG_B,Office Floor,P1029,Employee,BADGE_10463,Entry,Authorized,Low,Normal Access,36,No,Normal,No,4,11,Sunday,1,2026-01-11,No,0,0,0,0,0,0,Normal
SEC_0475,2026-01-11 05:00:00,BLDG_A,Meeting Room,P1179,Employee,BADGE_10085,Entry,Authorized,Low,Normal Access,46,No,Normal,No,5,11,Sunday,1,2026-01-11,No,0,0,0,0,0,0,Normal
SEC_0476,2026-01-11 05:30:00,BLDG_B,Common Area,P1102,Contractor,BADGE_10226,Entry,Authorized,Medium,Normal Access,170,No,Normal,No,5,11,Sunday,1,2026-01-11,No,0,0,0,0,0,0,Normal
SEC_0477,2026-01-11 06:00:00,BLDG_C,Common Area,P1012,Employee,BADGE_10345,Entry,Authorized,Low,Normal Access,155,No,Normal,No,6,11,Sunday,1,2026-01-11,No,0,0,0,0,0,0,Normal
SEC_0478,2026-01-11 06:30:00,BLDG_C,Parking Area,P1190,Employee,BADGE_10141,Entry,Authorized,Low,Normal Access,44,No,Normal,No,6,11,Sunday,1,2026-01-11,No,0,0,0,0,0,0,Normal
SEC_0479,2026-01-11 07:00:00,BLDG_B,Office Floor,P1232,Employee,BADGE_10480,Exit,Authorized,Low,Normal Access,69,No,Normal,No,7,11,Sunday,1,2026-01-11,No,0,0,0,0,0,0,Normal
SEC_0480,2026-01-11 07:30:00,BLDG_A,Office Floor,P1269,Contractor,BADGE_10197,Exit,Authorized,Low,Normal Access,26,No,Normal,No,7,11,Sunday,1,2026-01-11,No,0,0,0,0,0,0,Normal
SEC_0481,2026-01-11 08:00:00,BLDG_A,Common Area,P1114,Employee,BADGE_10111,Exit,Authorized,Low,Normal Access,148,No,Normal,No,8,11,Sunday,1,2026-01-11,No,0,0,0,0,0,0,Normal
SEC_0482,2026-01-11 08:30:00,BLDG_C,Office Floor,P1214,Visitor,BADGE_10151,Exit,Authorized,Low,Normal Access,20,No,Normal,No,8,11,Sunday,1,2026-01-11,No,0,0,0,0,0,0,Normal
SEC_0483,2026-01-11 09:00:00,BLDG_A,Parking Area,P1177,Employee,BADGE_10037,Exit,Authorized,Low,Normal Access,155,No,Normal,No,9,11,Sunday,1,2026-01-11,Yes,0,0,0,0,0,0,Normal
SEC_0484,2026-01-11 09:30:00,BLDG_C,Common Area,P1028,Employee,BADGE_10496,Exit,Authorized,Low,Normal Access,164,No,Normal,No,9,11,Sunday,1,2026-01-11,Yes,0,0,0,0,0,0,Normal
SEC_0485,2026-01-11 10:00:00,BLDG_B,Office Floor,P1065,Employee,BADGE_10134,Exit,Authorized,Medium,Normal Access,152,No,Normal,No,10,11,Sunday,1,2026-01-11,Yes,0,0,0,0,0,0,Normal
SEC_0486,2026-01-11 10:30:00,BLDG_A,Parking Area,P1103,Employee,BADGE_10407,Exit,Denied,Medium,Failed Access,92,No,Normal,No,10,11,Sunday,1,2026-01-11,Yes,0,0,0,0,0,0,Normal
SEC_0487,2026-01-11 11:00:00,BLDG_B,Office Floor,P1134,Visitor,BADGE_10347,Entry,Authorized,Low,Normal Access,138,No,Normal,No,11,11,Sunday,1,2026-01-11,Yes,0,0,0,0,0,0,Normal
SEC_0488,2026-01-11 11:30:00,BLDG_C,Meeting Room,P1246,Employee,BADGE_10117,Entry,Authorized,Low,Normal Access,93,No,Normal,No,11,11,Sunday,1,2026-01-11,Yes,0,0,0,0,0,0,Normal
SEC_0489,2026-01-11 12:00:00,BLDG_B,Common Area,P1075,Employee,BADGE_10142,Entry,Authorized,Low,Normal Access,67,No,Normal,No,12,11,Sunday,1,2026-01-11,Yes,0,0,0,0,0,0,Normal
SEC_0490,2026-01-11 12:30:00,BLDG_C,Office Floor,P1237,Employee,BADGE_10035,Entry,Authorized,Low,Normal Access,2,No,Normal,No,12,11,Sunday,1,2026-01-11,Yes,0,0,0,0,0,0,Normal
SEC_0491,2026-01-11 13:00:00,BLDG_A,Office Floor,P1211,Visitor,BADGE_10025,Exit,Authorized,Low,Normal Access,17,No,Normal,No,13,11,Sunday,1,2026-01-11,Yes,0,0,0,0,0,0,Normal
SEC_0492,2026-01-11 13:30:00,BLDG_A,Office Floor,P1045,Employee,BADGE_10134,Entry,Authorized,Low,Normal Access,22,No,Normal,No,13,11,Sunday,1,2026-01-11,Yes,0,0,0,0,0,0,Normal
SEC_0493,2026-01-11 14:00:00,BLDG_B,Common Area,P1088,Employee,BADGE_10244,Entry,Authorized,Low,Normal Access,126,No,Normal,No,14,11,Sunday,1,2026-01-11,Yes,0,0,0,0,0,0,Normal
SEC_0494,2026-01-11 14:30:00,BLDG_C,Office Floor,P1099,Employee,BADGE_10377,Exit,Authorized,Low,Normal Access,53,No,Normal,No,14,11,Sunday,1,2026-01-11,Yes,0,0,0,0,0,0,Normal
SEC_0495,2026-01-11 15:00:00,BLDG_B,Common Area,P1189,Visitor,BADGE_10095,Exit,Authorized,Low,Normal Access,106,No,Normal,No,15,11,Sunday,1,2026-01-11,Yes,0,0,0,0,0,0,Normal
SEC_0496,2026-01-11 15:30:00,BLDG_C,Office Floor,P1164,Employee,BADGE_10376,Exit,Authorized,Low,Normal Access,142,No,Normal,No,15,11,Sunday,1,2026-01-11,Yes,0,0,0,0,0,0,Normal
SEC_0497,2026-01-11 16:00:00,BLDG_B,Office Floor,P1296,Visitor,BADGE_10320,Exit,Authorized,Low,Normal Access,86,No,Normal,No,16,11,Sunday,1,2026-01-11,Yes,0,0,0,0,0,0,Normal
SEC_0498,2026-01-11 16:30:00,BLDG_C,Meeting Room,P1130,Visitor,BADGE_10153,Exit,Authorized,Medium,Suspicious Activity,14,Yes,Suspicious,Yes,16,11,Sunday,1,2026-01-11,Yes,0,1,1,0,0,2,Warning
SEC_0499,2026-01-11 17:00:00,BLDG_B,Common Area,P1214,Visitor,BADGE_10315,Entry,Authorized,Low,Normal Access,127,No,Normal,No,17,11,Sunday,1,2026-01-11,Yes,0,0,0,0,0,0,Normal
SEC_0500,2026-01-11 17:30:00,BLDG_A,Parking Area,P1100,Contractor,BADGE_10007,Entry,Authorized,Low,Normal Access,31,No,Normal,No,17,11,Sunday,1,2026-01-11,Yes,0,0,0,0,0,0,Normal
SEC_0501,2026-01-11 18:00:00,BLDG_A,Office Floor,P1042,Employee,BADGE_10273,Entry,Authorized,Low,Normal Access,174,No,Normal,No,18,11,Sunday,1,2026-01-11,No,0,0,0,0,0,0,Normal
SEC_0502,2026-01-11 18:30:00,BLDG_C,Server Room,P1174,Visitor,BADGE_10152,Entry,Authorized,Low,Normal Access,76,No,Normal,No,18,11,Sunday,1,2026-01-11,No,0,0,0,0,0,0,Normal
SEC_0503,2026-01-11 19:00:00,BLDG_B,Office Floor,P1021,Employee,BADGE_10054,Exit,Authorized,Medium,Normal Access,104,No,Normal,No,19,11,Sunday,1,2026-01-11,No,0,0,0,0,0,0,Normal
SEC_0504,2026-01-11 19:30:00,BLDG_C,Server Room,P1191,Contractor,BADGE_10200,Entry,Authorized,Low,Normal Access,57,No,Normal,No,19,11,Sunday,1,2026-01-11,No,0,0,0,0,0,0,Normal
SEC_0505,2026-01-11 20:00:00,BLDG_B,Common Area,P1172,Employee,BADGE_10087,Entry,Authorized,Low,Normal Access,42,No,Normal,No,20,11,Sunday,1,2026-01-11,No,0,0,0,0,0,0,Normal
SEC_0506,2026-01-11 20:30:00,BLDG_C,Common Area,P1048,Employee,BADGE_10224,Entry,Authorized,Low,Normal Access,4,No,Normal,No,20,11,Sunday,1,2026-01-11,No,0,0,0,0,0,0,Normal
SEC_0507,2026-01-11 21:00:00,BLDG_B,Office Floor,P1024,Visitor,BADGE_10116,Exit,Authorized,Low,Normal Access,152,No,Normal,No,21,11,Sunday,1,2026-01-11,No,0,0,0,0,0,0,Normal
SEC_0508,2026-01-11 21:30:00,BLDG_B,Meeting Room,P1079,Employee,BADGE_10387,Entry,Authorized,Low,Normal Access,48,No,Normal,No,21,11,Sunday,1,2026-01-11,No,0,0,0,0,0,0,Normal
SEC_0509,2026-01-11 22:00:00,BLDG_C,Office Floor,P1079,Contractor,BADGE_10236,Exit,Denied,Low,Restricted Access,79,Yes,Normal,No,22,11,Sunday,1,2026-01-11,No,0,1,0,0,0,1,Monitoring
SEC_0510,2026-01-11 22:30:00,BLDG_A,Common Area,P1209,Employee,BADGE_10357,Exit,Authorized,Low,Normal Access,90,No,Normal,No,22,11,Sunday,1,2026-01-11,No,0,0,0,0,0,0,Normal
SEC_0511,2026-01-11 23:00:00,BLDG_B,Meeting Room,P1113,Employee,BADGE_10427,Exit,Authorized,Low,Normal Access,18,No,Normal,No,23,11,Sunday,1,2026-01-11,No,0,0,0,0,0,0,Normal
SEC_0512,2026-01-11 23:30:00,BLDG_A,Office Floor,P1069,Contractor,BADGE_10148,Exit,Authorized,Low,Normal Access,17,No,Normal,No,23,11,Sunday,1,2026-01-11,No,0,0,0,0,0,0,Normal
SEC_0513,2026-01-12 00:00:00,BLDG_A,Common Area,P1214,Employee,BADGE_10278,Exit,Authorized,Low,Normal Access,163,No,Normal,No,0,12,Monday,1,2026-01-12,No,0,0,0,0,0,0,Normal
SEC_0514,2026-01-12 00:30:00,BLDG_A,Office Floor,P1082,Employee,BADGE_10283,Exit,Denied,Medium,Failed Access,172,No,Normal,No,0,12,Monday,1,2026-01-12,No,0,0,0,0,0,0,Normal
SEC_0515,2026-01-12 01:00:00,BLDG_C,Parking Area,P1056,Employee,BADGE_10113,Exit,Denied,Medium,Failed Access,14,No,Normal,No,1,12,Monday,1,2026-01-12,No,0,0,0,0,0,0,Normal
SEC_0516,2026-01-12 01:30:00,BLDG_A,Meeting Room,P1182,Visitor,BADGE_10499,Exit,Authorized,Low,Normal Access,31,No,Normal,No,1,12,Monday,1,2026-01-12,No,0,0,0,0,0,0,Normal
SEC_0517,2026-01-12 02:00:00,BLDG_C,Meeting Room,P1052,Contractor,BADGE_10370,Entry,Denied,Medium,Restricted Access,108,Yes,Normal,No,2,12,Monday,1,2026-01-12,No,0,1,0,0,0,1,Monitoring
SEC_0518,2026-01-12 02:30:00,BLDG_A,Common Area,P1065,Visitor,BADGE_10182,Entry,Denied,High,Failed Access,114,Yes,Normal,No,2,12,Monday,1,2026-01-12,No,0,1,0,0,1,2,Warning
SEC_0519,2026-01-12 03:00:00,BLDG_A,Office Floor,P1022,Employee,BADGE_10459,Exit,Authorized,Low,Normal Access,127,No,Normal,No,3,12,Monday,1,2026-01-12,No,0,0,0,0,0,0,Normal
SEC_0520,2026-01-12 03:30:00,BLDG_B,Meeting Room,P1207,Employee,BADGE_10110,Exit,Authorized,Low,Normal Access,23,No,Normal,No,3,12,Monday,1,2026-01-12,No,0,0,0,0,0,0,Normal
SEC_0521,2026-01-12 04:00:00,BLDG_B,Office Floor,P1198,Employee,BADGE_10421,Entry,Authorized,Low,Normal Access,66,No,Normal,No,4,12,Monday,1,2026-01-12,No,0,0,0,0,0,0,Normal
SEC_0522,2026-01-12 04:30:00,BLDG_C,Office Floor,P1065,Visitor,BADGE_10100,Entry,Authorized,Low,Normal Access,75,No,Normal,No,4,12,Monday,1,2026-01-12,No,0,0,0,0,0,0,Normal
SEC_0523,2026-01-12 05:00:00,BLDG_B,Office Floor,P1206,Visitor,BADGE_10078,Exit,Authorized,Low,Normal Access,17,No,Normal,No,5,12,Monday,1,2026-01-12,No,0,0,0,0,0,0,Normal
SEC_0524,2026-01-12 05:30:00,BLDG_A,Parking Area,P1129,Employee,BADGE_10438,Entry,Authorized,Low,Normal Access,59,No,Normal,No,5,12,Monday,1,2026-01-12,No,0,0,0,0,0,0,Normal
SEC_0525,2026-01-12 06:00:00,BLDG_A,Meeting Room,P1282,Employee,BADGE_10097,Entry,Authorized,Medium,Normal Access,37,No,Normal,No,6,12,Monday,1,2026-01-12,No,0,0,0,0,0,0,Normal
SEC_0526,2026-01-12 06:30:00,BLDG_A,Meeting Room,P1119,Contractor,BADGE_10208,Entry,Authorized,Medium,Normal Access,79,No,Normal,No,6,12,Monday,1,2026-01-12,No,0,0,0,0,0,0,Normal
SEC_0527,2026-01-12 07:00:00,BLDG_B,Parking Area,P1032,Employee,BADGE_10287,Exit,Authorized,Low,Normal Access,83,No,Normal,No,7,12,Monday,1,2026-01-12,No,0,0,0,0,0,0,Normal
SEC_0528,2026-01-12 07:30:00,BLDG_C,Server Room,P1126,Employee,BADGE_10444,Exit,Denied,Medium,Restricted Access,98,Yes,Unusual,No,7,12,Monday,1,2026-01-12,No,0,1,0,1,0,2,Warning
SEC_0529,2026-01-12 08:00:00,BLDG_A,Office Floor,P1155,Employee,BADGE_10284,Exit,Authorized,Low,Normal Access,65,No,Normal,No,8,12,Monday,1,2026-01-12,No,0,0,0,0,0,0,Normal
SEC_0530,2026-01-12 08:30:00,BLDG_B,Server Room,P1278,Employee,BADGE_10447,Entry,Authorized,Low,Normal Access,75,No,Normal,No,8,12,Monday,1,2026-01-12,No,0,0,0,0,0,0,Normal
SEC_0531,2026-01-12 09:00:00,BLDG_C,Meeting Room,P1216,Employee,BADGE_10229,Entry,Authorized,Low,Normal Access,58,No,Normal,No,9,12,Monday,1,2026-01-12,Yes,0,0,0,0,0,0,Normal
SEC_0532,2026-01-12 09:30:00,BLDG_A,Common Area,P1203,Employee,BADGE_10341,Entry,Denied,Medium,Failed Access,150,No,Unusual,No,9,12,Monday,1,2026-01-12,Yes,0,0,0,1,0,1,Monitoring
SEC_0533,2026-01-12 10:00:00,BLDG_B,Office Floor,P1017,Employee,BADGE_10073,Exit,Authorized,Low,Normal Access,15,No,Normal,No,10,12,Monday,1,2026-01-12,Yes,0,0,0,0,0,0,Normal
SEC_0534,2026-01-12 10:30:00,BLDG_C,Meeting Room,P1079,Contractor,BADGE_10155,Exit,Authorized,Low,Normal Access,16,No,Normal,No,10,12,Monday,1,2026-01-12,Yes,0,0,0,0,0,0,Normal
SEC_0535,2026-01-12 11:00:00,BLDG_A,Server Room,P1181,Employee,BADGE_10131,Entry,Authorized,Low,Normal Access,43,No,Normal,No,11,12,Monday,1,2026-01-12,Yes,0,0,0,0,0,0,Normal
SEC_0536,2026-01-12 11:30:00,BLDG_B,Office Floor,P1200,Employee,BADGE_10308,Entry,Authorized,Low,Normal Access,101,No,Normal,No,11,12,Monday,1,2026-01-12,Yes,0,0,0,0,0,0,Normal
SEC_0537,2026-01-12 12:00:00,BLDG_C,Common Area,P1266,Visitor,BADGE_10118,Exit,Authorized,Low,Normal Access,145,No,Normal,No,12,12,Monday,1,2026-01-12,Yes,0,0,0,0,0,0,Normal
SEC_0538,2026-01-12 12:30:00,BLDG_B,Parking Area,P1090,Employee,BADGE_10334,Exit,Authorized,Low,Normal Access,162,No,Normal,No,12,12,Monday,1,2026-01-12,Yes,0,0,0,0,0,0,Normal
SEC_0539,2026-01-12 13:00:00,BLDG_C,Common Area,P1286,Employee,BADGE_10049,Exit,Authorized,Low,Normal Access,141,No,Normal,No,13,12,Monday,1,2026-01-12,Yes,0,0,0,0,0,0,Normal
SEC_0540,2026-01-12 13:30:00,BLDG_C,Common Area,P1066,Employee,BADGE_10234,Exit,Authorized,Low,Normal Access,88,No,Normal,No,13,12,Monday,1,2026-01-12,Yes,0,0,0,0,0,0,Normal
SEC_0541,2026-01-12 14:00:00,BLDG_A,Common Area,P1268,Visitor,BADGE_10296,Exit,Authorized,Low,Normal Access,67,No,Normal,No,14,12,Monday,1,2026-01-12,Yes,0,0,0,0,0,0,Normal
SEC_0542,2026-01-12 14:30:00,BLDG_C,Meeting Room,P1018,Employee,BADGE_10012,Exit,Authorized,Low,Normal Access,124,No,Normal,No,14,12,Monday,1,2026-01-12,Yes,0,0,0,0,0,0,Normal
SEC_0543,2026-01-12 15:00:00,BLDG_B,Meeting Room,P1135,Employee,BADGE_10443,Exit,Authorized,Low,Normal Access,70,No,Normal,No,15,12,Monday,1,2026-01-12,Yes,0,0,0,0,0,0,Normal
SEC_0544,2026-01-12 15:30:00,BLDG_A,Meeting Room,P1017,Employee,BADGE_10154,Exit,Authorized,Low,Normal Access,150,No,Normal,No,15,12,Monday,1,2026-01-12,Yes,0,0,0,0,0,0,Normal
SEC_0545,2026-01-12 16:00:00,BLDG_C,Server Room,P1266,Employee,BADGE_10140,Exit,Authorized,Low,Normal Access,39,No,Normal,No,16,12,Monday,1,2026-01-12,Yes,0,0,0,0,0,0,Normal
SEC_0546,2026-01-12 16:30:00,BLDG_B,Office Floor,P1268,Employee,BADGE_10359,Exit,Authorized,Low,Normal Access,5,No,Normal,No,16,12,Monday,1,2026-01-12,Yes,0,0,0,0,0,0,Normal
SEC_0547,2026-01-12 17:00:00,BLDG_A,Parking Area,P1262,Employee,BADGE_10392,Exit,Authorized,Low,Normal Access,126,No,Normal,No,17,12,Monday,1,2026-01-12,Yes,0,0,0,0,0,0,Normal
SEC_0548,2026-01-12 17:30:00,BLDG_B,Common Area,P1010,Employee,BADGE_10469,Entry,Authorized,Low,Normal Access,113,No,Normal,No,17,12,Monday,1,2026-01-12,Yes,0,0,0,0,0,0,Normal
SEC_0549,2026-01-12 18:00:00,BLDG_A,Office Floor,P1167,Employee,BADGE_10020,Exit,Authorized,Low,Normal Access,88,No,Normal,No,18,12,Monday,1,2026-01-12,No,0,0,0,0,0,0,Normal
SEC_0550,2026-01-12 18:30:00,BLDG_B,Meeting Room,P1145,Visitor,BADGE_10051,Entry,Authorized,Medium,Normal Access,39,No,Normal,No,18,12,Monday,1,2026-01-12,No,0,0,0,0,0,0,Normal
SEC_0551,2026-01-12 19:00:00,BLDG_B,Office Floor,P1018,Contractor,BADGE_10440,Entry,Authorized,Low,Normal Access,58,No,Normal,No,19,12,Monday,1,2026-01-12,No,0,0,0,0,0,0,Normal
SEC_0552,2026-01-12 19:30:00,BLDG_B,Server Room,P1025,Employee,BADGE_10331,Entry,Authorized,Medium,Normal Access,24,No,Normal,No,19,12,Monday,1,2026-01-12,No,0,0,0,0,0,0,Normal
SEC_0553,2026-01-12 20:00:00,BLDG_A,Office Floor,P1018,Visitor,BADGE_10175,Entry,Authorized,Low,Normal Access,162,No,Normal,No,20,12,Monday,1,2026-01-12,No,0,0,0,0,0,0,Normal
SEC_0554,2026-01-12 20:30:00,BLDG_B,Common Area,P1030,Visitor,BADGE_10172,Entry,Authorized,Low,Normal Access,54,No,Normal,No,20,12,Monday,1,2026-01-12,No,0,0,0,0,0,0,Normal
SEC_0555,2026-01-12 21:00:00,BLDG_A,Parking Area,P1042,Contractor,BADGE_10403,Exit,Authorized,Low,Normal Access,95,No,Normal,No,21,12,Monday,1,2026-01-12,No,0,0,0,0,0,0,Normal
SEC_0556,2026-01-12 21:30:00,BLDG_B,Parking Area,P1005,Employee,BADGE_10410,Entry,Denied,High,Failed Access,159,Yes,Normal,No,21,12,Monday,1,2026-01-12,No,0,1,0,0,1,2,Warning
SEC_0557,2026-01-12 22:00:00,BLDG_A,Meeting Room,P1108,Employee,BADGE_10156,Entry,Authorized,Medium,Normal Access,83,No,Normal,No,22,12,Monday,1,2026-01-12,No,0,0,0,0,0,0,Normal
SEC_0558,2026-01-12 22:30:00,BLDG_A,Common Area,P1188,Employee,BADGE_10329,Exit,Denied,Medium,Restricted Access,33,Yes,Normal,No,22,12,Monday,1,2026-01-12,No,0,1,0,0,0,1,Monitoring
SEC_0559,2026-01-12 23:00:00,BLDG_A,Common Area,P1248,Employee,BADGE_10127,Exit,Authorized,Low,Normal Access,8,No,Normal,No,23,12,Monday,1,2026-01-12,No,0,0,0,0,0,0,Normal
SEC_0560,2026-01-12 23:30:00,BLDG_C,Common Area,P1026,Employee,BADGE_10445,Entry,Authorized,Low,Normal Access,166,No,Normal,No,23,12,Monday,1,2026-01-12,No,0,0,0,0,0,0,Normal
SEC_0561,2026-01-13 00:00:00,BLDG_C,Meeting Room,P1189,Employee,BADGE_10255,Entry,Authorized,Medium,Normal Access,69,No,Normal,No,0,13,Tuesday,1,2026-01-13,No,0,0,0,0,0,0,Normal
SEC_0562,2026-01-13 00:30:00,BLDG_C,Server Room,P1009,Employee,BADGE_10012,Entry,Authorized,Low,Normal Access,70,No,Normal,No,0,13,Tuesday,1,2026-01-13,No,0,0,0,0,0,0,Normal
SEC_0563,2026-01-13 01:00:00,BLDG_C,Meeting Room,P1078,Visitor,BADGE_10075,Entry,Denied,Medium,Restricted Access,43,Yes,Unusual,No,1,13,Tuesday,1,2026-01-13,No,0,1,0,1,0,2,Warning
SEC_0564,2026-01-13 01:30:00,BLDG_B,Common Area,P1261,Employee,BADGE_10221,Exit,Denied,Medium,Restricted Access,84,Yes,Normal,No,1,13,Tuesday,1,2026-01-13,No,0,1,0,0,0,1,Monitoring
SEC_0565,2026-01-13 02:00:00,BLDG_A,Office Floor,P1098,Contractor,BADGE_10420,Exit,Authorized,Low,Normal Access,102,No,Normal,No,2,13,Tuesday,1,2026-01-13,No,0,0,0,0,0,0,Normal
SEC_0566,2026-01-13 02:30:00,BLDG_B,Server Room,P1260,Employee,BADGE_10349,Exit,Authorized,Low,Normal Access,170,No,Normal,No,2,13,Tuesday,1,2026-01-13,No,0,0,0,0,0,0,Normal
SEC_0567,2026-01-13 03:00:00,BLDG_A,Office Floor,P1218,Employee,BADGE_10273,Exit,Authorized,Low,Normal Access,113,No,Normal,No,3,13,Tuesday,1,2026-01-13,No,0,0,0,0,0,0,Normal
SEC_0568,2026-01-13 03:30:00,BLDG_C,Server Room,P1132,Employee,BADGE_10433,Exit,Authorized,Low,Normal Access,60,No,Normal,No,3,13,Tuesday,1,2026-01-13,No,0,0,0,0,0,0,Normal
SEC_0569,2026-01-13 04:00:00,BLDG_B,Common Area,P1168,Employee,BADGE_10048,Exit,Authorized,Low,Normal Access,52,No,Normal,No,4,13,Tuesday,1,2026-01-13,No,0,0,0,0,0,0,Normal
SEC_0570,2026-01-13 04:30:00,BLDG_B,Server Room,P1195,Employee,BADGE_10214,Entry,Authorized,Low,Normal Access,114,No,Normal,No,4,13,Tuesday,1,2026-01-13,No,0,0,0,0,0,0,Normal
SEC_0571,2026-01-13 05:00:00,BLDG_A,Server Room,P1186,Employee,BADGE_10343,Entry,Authorized,Low,Normal Access,85,No,Normal,No,5,13,Tuesday,1,2026-01-13,No,0,0,0,0,0,0,Normal
SEC_0572,2026-01-13 05:30:00,BLDG_A,Restricted Zone,P1206,Employee,BADGE_10062,Entry,Authorized,Low,Normal Access,165,No,Normal,No,5,13,Tuesday,1,2026-01-13,No,0,0,0,0,0,0,Normal
SEC_0573,2026-01-13 06:00:00,BLDG_A,Parking Area,P1055,Employee,BADGE_10266,Entry,Authorized,Medium,Normal Access,43,No,Normal,No,6,13,Tuesday,1,2026-01-13,No,0,0,0,0,0,0,Normal
SEC_0574,2026-01-13 06:30:00,BLDG_A,Office Floor,P1193,Employee,BADGE_10092,Entry,Authorized,Low,Normal Access,114,No,Normal,No,6,13,Tuesday,1,2026-01-13,No,0,0,0,0,0,0,Normal
SEC_0575,2026-01-13 07:00:00,BLDG_A,Office Floor,P1296,Employee,BADGE_10166,Entry,Authorized,Low,Normal Access,172,No,Normal,No,7,13,Tuesday,1,2026-01-13,No,0,0,0,0,0,0,Normal
SEC_0576,2026-01-13 07:30:00,BLDG_A,Parking Area,P1108,Employee,BADGE_10266,Exit,Authorized,Low,Normal Access,96,No,Normal,No,7,13,Tuesday,1,2026-01-13,No,0,0,0,0,0,0,Normal
SEC_0577,2026-01-13 08:00:00,BLDG_C,Restricted Zone,P1182,Employee,BADGE_10025,Exit,Denied,High,Restricted Access,157,Yes,Normal,Yes,8,13,Tuesday,1,2026-01-13,No,0,1,1,0,1,3,Warning
SEC_0578,2026-01-13 08:30:00,BLDG_A,Meeting Room,P1277,Employee,BADGE_10227,Exit,Authorized,Low,Normal Access,41,No,Normal,No,8,13,Tuesday,1,2026-01-13,No,0,0,0,0,0,0,Normal
SEC_0579,2026-01-13 09:00:00,BLDG_A,Meeting Room,P1198,Employee,BADGE_10371,Entry,Authorized,Low,Normal Access,118,No,Normal,No,9,13,Tuesday,1,2026-01-13,Yes,0,0,0,0,0,0,Normal
SEC_0580,2026-01-13 09:30:00,BLDG_B,Restricted Zone,P1276,Employee,BADGE_10329,Exit,Denied,Critical,Failed Access,18,Yes,Normal,Yes,9,13,Tuesday,1,2026-01-13,Yes,0,1,1,0,1,3,Warning
SEC_0581,2026-01-13 10:00:00,BLDG_A,Common Area,P1081,Employee,BADGE_10039,Exit,Authorized,Medium,Normal Access,37,No,Normal,No,10,13,Tuesday,1,2026-01-13,Yes,0,0,0,0,0,0,Normal
SEC_0582,2026-01-13 10:30:00,BLDG_A,Office Floor,P1152,Employee,BADGE_10014,Entry,Authorized,Low,Normal Access,70,No,Normal,No,10,13,Tuesday,1,2026-01-13,Yes,0,0,0,0,0,0,Normal
SEC_0583,2026-01-13 11:00:00,BLDG_B,Restricted Zone,P1252,Employee,BADGE_10265,Entry,Denied,High,Failed Access,16,Yes,Normal,Yes,11,13,Tuesday,1,2026-01-13,Yes,0,1,1,0,1,3,Warning
SEC_0584,2026-01-13 11:30:00,BLDG_A,Meeting Room,P1109,Employee,BADGE_10129,Exit,Authorized,Low,Normal Access,11,No,Normal,No,11,13,Tuesday,1,2026-01-13,Yes,0,0,0,0,0,0,Normal
SEC_0585,2026-01-13 12:00:00,BLDG_A,Office Floor,P1167,Employee,BADGE_10433,Entry,Authorized,Critical,Suspicious Activity,83,Yes,Suspicious,Yes,12,13,Tuesday,1,2026-01-13,Yes,0,1,1,0,1,3,Warning
SEC_0586,2026-01-13 12:30:00,BLDG_C,Common Area,P1201,Employee,BADGE_10494,Entry,Authorized,Low,Normal Access,180,No,Normal,No,12,13,Tuesday,1,2026-01-13,Yes,0,0,0,0,0,0,Normal
SEC_0587,2026-01-13 13:00:00,BLDG_C,Office Floor,P1150,Employee,BADGE_10159,Exit,Denied,Medium,Failed Access,24,No,Normal,No,13,13,Tuesday,1,2026-01-13,Yes,0,0,0,0,0,0,Normal
SEC_0588,2026-01-13 13:30:00,BLDG_A,Office Floor,P1106,Employee,BADGE_10133,Exit,Authorized,Low,Normal Access,109,No,Normal,No,13,13,Tuesday,1,2026-01-13,Yes,0,0,0,0,0,0,Normal
SEC_0589,2026-01-13 14:00:00,BLDG_A,Meeting Room,P1196,Contractor,BADGE_10327,Entry,Authorized,Medium,Normal Access,63,No,Normal,No,14,13,Tuesday,1,2026-01-13,Yes,0,0,0,0,0,0,Normal
SEC_0590,2026-01-13 14:30:00,BLDG_A,Server Room,P1179,Employee,BADGE_10382,Entry,Authorized,Medium,Normal Access,163,No,Normal,No,14,13,Tuesday,1,2026-01-13,Yes,0,0,0,0,0,0,Normal
SEC_0591,2026-01-13 15:00:00,BLDG_C,Office Floor,P1067,Visitor,BADGE_10332,Entry,Authorized,Medium,Normal Access,94,No,Normal,No,15,13,Tuesday,1,2026-01-13,Yes,0,0,0,0,0,0,Normal
SEC_0592,2026-01-13 15:30:00,BLDG_A,Common Area,P1219,Employee,BADGE_10205,Entry,Authorized,Low,Normal Access,22,No,Normal,No,15,13,Tuesday,1,2026-01-13,Yes,0,0,0,0,0,0,Normal
SEC_0593,2026-01-13 16:00:00,BLDG_B,Restricted Zone,P1056,Contractor,BADGE_10108,Exit,Authorized,Low,Normal Access,41,No,Normal,No,16,13,Tuesday,1,2026-01-13,Yes,0,0,0,0,0,0,Normal
SEC_0594,2026-01-13 16:30:00,BLDG_A,Parking Area,P1258,Employee,BADGE_10249,Exit,Authorized,Low,Normal Access,78,No,Normal,No,16,13,Tuesday,1,2026-01-13,Yes,0,0,0,0,0,0,Normal
SEC_0595,2026-01-13 17:00:00,BLDG_B,Meeting Room,P1216,Employee,BADGE_10069,Exit,Authorized,Low,Normal Access,85,No,Normal,No,17,13,Tuesday,1,2026-01-13,Yes,0,0,0,0,0,0,Normal
SEC_0596,2026-01-13 17:30:00,BLDG_C,Office Floor,P1128,Employee,BADGE_10173,Exit,Authorized,Low,Normal Access,36,No,Normal,No,17,13,Tuesday,1,2026-01-13,Yes,0,0,0,0,0,0,Normal
SEC_0597,2026-01-13 18:00:00,BLDG_B,Meeting Room,P1200,Employee,BADGE_10031,Exit,Authorized,Low,Normal Access,76,No,Normal,No,18,13,Tuesday,1,2026-01-13,No,0,0,0,0,0,0,Normal
SEC_0598,2026-01-13 18:30:00,BLDG_B,Office Floor,P1199,Contractor,BADGE_10039,Entry,Authorized,Low,Normal Access,146,No,Normal,No,18,13,Tuesday,1,2026-01-13,No,0,0,0,0,0,0,Normal
SEC_0599,2026-01-13 19:00:00,BLDG_B,Office Floor,P1252,Employee,BADGE_10369,Exit,Authorized,Low,Normal Access,94,No,Normal,No,19,13,Tuesday,1,2026-01-13,No,0,0,0,0,0,0,Normal
SEC_0600,2026-01-13 19:30:00,BLDG_B,Parking Area,P1293,Employee,BADGE_10478,Exit,Authorized,Low,Normal Access,65,No,Normal,No,19,13,Tuesday,1,2026-01-13,No,0,0,0,0,0,0,Normal
SEC_0601,2026-01-13 20:00:00,BLDG_B,Office Floor,P1156,Employee,BADGE_10002,Exit,Authorized,Low,Normal Access,95,No,Normal,No,20,13,Tuesday,1,2026-01-13,No,0,0,0,0,0,0,Normal
SEC_0602,2026-01-13 20:30:00,BLDG_B,Office Floor,P1128,Contractor,BADGE_10007,Entry,Authorized,Low,Normal Access,171,No,Normal,No,20,13,Tuesday,1,2026-01-13,No,0,0,0,0,0,0,Normal
SEC_0603,2026-01-13 21:00:00,BLDG_C,Office Floor,P1064,Employee,BADGE_10349,Exit,Denied,Medium,Failed Access,126,No,Normal,No,21,13,Tuesday,1,2026-01-13,No,0,0,0,0,0,0,Normal
SEC_0604,2026-01-13 21:30:00,BLDG_A,Meeting Room,P1203,Employee,BADGE_10411,Exit,Authorized,Medium,Normal Access,22,No,Normal,No,21,13,Tuesday,1,2026-01-13,No,0,0,0,0,0,0,Normal
SEC_0605,2026-01-13 22:00:00,BLDG_B,Meeting Room,P1291,Employee,BADGE_10159,Entry,Authorized,Low,Normal Access,157,No,Normal,No,22,13,Tuesday,1,2026-01-13,No,0,0,0,0,0,0,Normal
SEC_0606,2026-01-13 22:30:00,BLDG_C,Restricted Zone,P1069,Employee,BADGE_10265,Entry,Authorized,Low,Normal Access,3,No,Normal,No,22,13,Tuesday,1,2026-01-13,No,0,0,0,0,0,0,Normal
SEC_0607,2026-01-13 23:00:00,BLDG_B,Parking Area,P1177,Contractor,BADGE_10387,Entry,Authorized,Low,Normal Access,134,No,Normal,No,23,13,Tuesday,1,2026-01-13,No,0,0,0,0,0,0,Normal
SEC_0608,2026-01-13 23:30:00,BLDG_A,Parking Area,P1123,Employee,BADGE_10144,Exit,Authorized,Low,Normal Access,2,No,Normal,No,23,13,Tuesday,1,2026-01-13,No,0,0,0,0,0,0,Normal
SEC_0609,2026-01-14 00:00:00,BLDG_A,Office Floor,P1090,Employee,BADGE_10186,Exit,Denied,Medium,Failed Access,63,No,Unusual,No,0,14,Wednesday,1,2026-01-14,No,0,0,0,1,0,1,Monitoring
SEC_0610,2026-01-14 00:30:00,BLDG_B,Server Room,P1248,Visitor,BADGE_10276,Entry,Authorized,Low,Normal Access,9,No,Normal,No,0,14,Wednesday,1,2026-01-14,No,0,0,0,0,0,0,Normal
SEC_0611,2026-01-14 01:00:00,BLDG_C,Meeting Room,P1080,Employee,BADGE_10292,Entry,Authorized,Low,Normal Access,85,No,Normal,No,1,14,Wednesday,1,2026-01-14,No,0,0,0,0,0,0,Normal
SEC_0612,2026-01-14 01:30:00,BLDG_A,Meeting Room,P1159,Contractor,BADGE_10014,Entry,Authorized,Low,Normal Access,118,No,Normal,No,1,14,Wednesday,1,2026-01-14,No,0,0,0,0,0,0,Normal
SEC_0613,2026-01-14 02:00:00,BLDG_A,Meeting Room,P1220,Employee,BADGE_10328,Entry,Authorized,Low,Normal Access,134,No,Normal,No,2,14,Wednesday,1,2026-01-14,No,0,0,0,0,0,0,Normal
SEC_0614,2026-01-14 02:30:00,BLDG_C,Parking Area,P1087,Employee,BADGE_10330,Exit,Authorized,Low,Normal Access,171,No,Normal,No,2,14,Wednesday,1,2026-01-14,No,0,0,0,0,0,0,Normal
SEC_0615,2026-01-14 03:00:00,BLDG_A,Office Floor,P1087,Visitor,BADGE_10002,Exit,Authorized,Low,Normal Access,151,No,Normal,No,3,14,Wednesday,1,2026-01-14,No,0,0,0,0,0,0,Normal
SEC_0616,2026-01-14 03:30:00,BLDG_C,Server Room,P1105,Employee,BADGE_10495,Exit,Authorized,Low,Normal Access,4,No,Normal,No,3,14,Wednesday,1,2026-01-14,No,0,0,0,0,0,0,Normal
SEC_0617,2026-01-14 04:00:00,BLDG_B,Office Floor,P1028,Employee,BADGE_10484,Entry,Denied,Medium,Failed Access,17,No,Normal,No,4,14,Wednesday,1,2026-01-14,No,0,0,0,0,0,0,Normal
SEC_0618,2026-01-14 04:30:00,BLDG_C,Office Floor,P1068,Visitor,BADGE_10299,Exit,Authorized,Low,Normal Access,70,No,Normal,No,4,14,Wednesday,1,2026-01-14,No,0,0,0,0,0,0,Normal
SEC_0619,2026-01-14 05:00:00,BLDG_B,Restricted Zone,P1259,Employee,BADGE_10204,Entry,Authorized,Low,Normal Access,8,No,Normal,No,5,14,Wednesday,1,2026-01-14,No,0,0,0,0,0,0,Normal
SEC_0620,2026-01-14 05:30:00,BLDG_C,Office Floor,P1117,Contractor,BADGE_10164,Entry,Authorized,Low,Normal Access,33,No,Normal,No,5,14,Wednesday,1,2026-01-14,No,0,0,0,0,0,0,Normal
SEC_0621,2026-01-14 06:00:00,BLDG_B,Meeting Room,P1083,Employee,BADGE_10065,Entry,Authorized,Low,Normal Access,70,No,Normal,No,6,14,Wednesday,1,2026-01-14,No,0,0,0,0,0,0,Normal
SEC_0622,2026-01-14 06:30:00,BLDG_A,Office Floor,P1181,Employee,BADGE_10466,Entry,Authorized,Medium,Normal Access,179,No,Normal,No,6,14,Wednesday,1,2026-01-14,No,0,0,0,0,0,0,Normal
SEC_0623,2026-01-14 07:00:00,BLDG_A,Meeting Room,P1090,Employee,BADGE_10085,Entry,Authorized,Low,Normal Access,18,No,Normal,No,7,14,Wednesday,1,2026-01-14,No,0,0,0,0,0,0,Normal
SEC_0624,2026-01-14 07:30:00,BLDG_C,Common Area,P1059,Visitor,BADGE_10353,Exit,Authorized,Low,Normal Access,100,No,Normal,No,7,14,Wednesday,1,2026-01-14,No,0,0,0,0,0,0,Normal
SEC_0625,2026-01-14 08:00:00,BLDG_A,Office Floor,P1140,Visitor,BADGE_10029,Entry,Authorized,Low,Normal Access,136,No,Normal,No,8,14,Wednesday,1,2026-01-14,No,0,0,0,0,0,0,Normal
SEC_0626,2026-01-14 08:30:00,BLDG_A,Office Floor,P1137,Employee,BADGE_10433,Entry,Authorized,Medium,Normal Access,162,No,Normal,No,8,14,Wednesday,1,2026-01-14,No,0,0,0,0,0,0,Normal
SEC_0627,2026-01-14 09:00:00,BLDG_B,Server Room,P1170,Employee,BADGE_10157,Entry,Authorized,Low,Normal Access,80,No,Normal,No,9,14,Wednesday,1,2026-01-14,Yes,0,0,0,0,0,0,Normal
SEC_0628,2026-01-14 09:30:00,BLDG_A,Common Area,P1062,Employee,BADGE_10362,Exit,Authorized,Low,Normal Access,65,No,Normal,No,9,14,Wednesday,1,2026-01-14,Yes,0,0,0,0,0,0,Normal
SEC_0629,2026-01-14 10:00:00,BLDG_A,Common Area,P1092,Contractor,BADGE_10052,Entry,Authorized,Low,Normal Access,38,No,Normal,No,10,14,Wednesday,1,2026-01-14,Yes,0,0,0,0,0,0,Normal
SEC_0630,2026-01-14 10:30:00,BLDG_A,Parking Area,P1067,Employee,BADGE_10030,Exit,Authorized,Low,Normal Access,115,No,Normal,No,10,14,Wednesday,1,2026-01-14,Yes,0,0,0,0,0,0,Normal
SEC_0631,2026-01-14 11:00:00,BLDG_A,Server Room,P1141,Employee,BADGE_10231,Entry,Authorized,High,Suspicious Activity,45,Yes,Suspicious,Yes,11,14,Wednesday,1,2026-01-14,Yes,0,1,1,0,1,3,Warning
SEC_0632,2026-01-14 11:30:00,BLDG_A,Office Floor,P1110,Employee,BADGE_10069,Entry,Authorized,Low,Normal Access,59,No,Normal,No,11,14,Wednesday,1,2026-01-14,Yes,0,0,0,0,0,0,Normal
SEC_0633,2026-01-14 12:00:00,BLDG_A,Common Area,P1055,Contractor,BADGE_10323,Entry,Authorized,Low,Normal Access,142,No,Normal,No,12,14,Wednesday,1,2026-01-14,Yes,0,0,0,0,0,0,Normal
SEC_0634,2026-01-14 12:30:00,BLDG_A,Common Area,P1011,Visitor,BADGE_10359,Entry,Authorized,Low,Normal Access,99,No,Normal,No,12,14,Wednesday,1,2026-01-14,Yes,0,0,0,0,0,0,Normal
SEC_0635,2026-01-14 13:00:00,BLDG_B,Office Floor,P1255,Employee,BADGE_10381,Entry,Authorized,Low,Normal Access,125,No,Normal,No,13,14,Wednesday,1,2026-01-14,Yes,0,0,0,0,0,0,Normal
SEC_0636,2026-01-14 13:30:00,BLDG_B,Restricted Zone,P1211,Contractor,BADGE_10215,Entry,Denied,Medium,Restricted Access,156,Yes,Normal,No,13,14,Wednesday,1,2026-01-14,Yes,0,1,0,0,0,1,Monitoring
SEC_0637,2026-01-14 14:00:00,BLDG_A,Common Area,P1229,Employee,BADGE_10467,Entry,Authorized,Low,Normal Access,98,No,Normal,No,14,14,Wednesday,1,2026-01-14,Yes,0,0,0,0,0,0,Normal
SEC_0638,2026-01-14 14:30:00,BLDG_A,Server Room,P1282,Employee,BADGE_10133,Entry,Authorized,Low,Normal Access,23,No,Normal,No,14,14,Wednesday,1,2026-01-14,Yes,0,0,0,0,0,0,Normal
SEC_0639,2026-01-14 15:00:00,BLDG_C,Office Floor,P1205,Employee,BADGE_10039,Entry,Authorized,Medium,Normal Access,162,No,Normal,No,15,14,Wednesday,1,2026-01-14,Yes,0,0,0,0,0,0,Normal
SEC_0640,2026-01-14 15:30:00,BLDG_B,Common Area,P1072,Employee,BADGE_10476,Exit,Authorized,Low,Normal Access,75,No,Normal,No,15,14,Wednesday,1,2026-01-14,Yes,0,0,0,0,0,0,Normal
SEC_0641,2026-01-14 16:00:00,BLDG_A,Office Floor,P1278,Employee,BADGE_10051,Exit,Authorized,Medium,Normal Access,152,No,Normal,No,16,14,Wednesday,1,2026-01-14,Yes,0,0,0,0,0,0,Normal
SEC_0642,2026-01-14 16:30:00,BLDG_B,Office Floor,P1052,Contractor,BADGE_10386,Entry,Authorized,Low,Normal Access,154,No,Normal,No,16,14,Wednesday,1,2026-01-14,Yes,0,0,0,0,0,0,Normal
SEC_0643,2026-01-14 17:00:00,BLDG_C,Parking Area,P1210,Employee,BADGE_10103,Entry,Authorized,Medium,Suspicious Activity,74,Yes,Suspicious,Yes,17,14,Wednesday,1,2026-01-14,Yes,0,1,1,0,0,2,Warning
SEC_0644,2026-01-14 17:30:00,BLDG_A,Common Area,P1210,Employee,BADGE_10012,Exit,Authorized,Low,Normal Access,78,No,Normal,No,17,14,Wednesday,1,2026-01-14,Yes,0,0,0,0,0,0,Normal
SEC_0645,2026-01-14 18:00:00,BLDG_B,Office Floor,P1143,Employee,BADGE_10316,Entry,Authorized,High,Suspicious Activity,96,Yes,Suspicious,Yes,18,14,Wednesday,1,2026-01-14,No,0,1,1,0,1,3,Warning
SEC_0646,2026-01-14 18:30:00,BLDG_A,Office Floor,P1166,Visitor,BADGE_10031,Exit,Authorized,Low,Normal Access,116,No,Normal,No,18,14,Wednesday,1,2026-01-14,No,0,0,0,0,0,0,Normal
SEC_0647,2026-01-14 19:00:00,BLDG_B,Restricted Zone,P1294,Employee,BADGE_10087,Exit,Authorized,Low,Normal Access,150,No,Normal,No,19,14,Wednesday,1,2026-01-14,No,0,0,0,0,0,0,Normal
SEC_0648,2026-01-14 19:30:00,BLDG_C,Meeting Room,P1127,Contractor,BADGE_10379,Entry,Authorized,Low,Normal Access,169,No,Normal,No,19,14,Wednesday,1,2026-01-14,No,0,0,0,0,0,0,Normal
SEC_0649,2026-01-14 20:00:00,BLDG_A,Office Floor,P1069,Visitor,BADGE_10099,Entry,Authorized,Critical,Suspicious Activity,92,Yes,Unusual,Yes,20,14,Wednesday,1,2026-01-14,No,0,1,1,1,1,4,Critical
SEC_0650,2026-01-14 20:30:00,BLDG_A,Common Area,P1130,Employee,BADGE_10488,Exit,Authorized,Medium,Suspicious Activity,106,Yes,Unusual,Yes,20,14,Wednesday,1,2026-01-14,No,0,1,1,1,0,3,Warning
SEC_0651,2026-01-14 21:00:00,BLDG_A,Office Floor,P1148,Employee,BADGE_10498,Entry,Denied,High,Restricted Access,26,Yes,Unusual,No,21,14,Wednesday,1,2026-01-14,No,0,1,0,1,1,3,Warning
SEC_0652,2026-01-14 21:30:00,BLDG_B,Parking Area,P1048,Employee,BADGE_10409,Entry,Authorized,Low,Normal Access,58,No,Normal,No,21,14,Wednesday,1,2026-01-14,No,0,0,0,0,0,0,Normal
SEC_0653,2026-01-14 22:00:00,BLDG_C,Common Area,P1069,Employee,BADGE_10472,Exit,Authorized,Low,Normal Access,105,No,Normal,No,22,14,Wednesday,1,2026-01-14,No,0,0,0,0,0,0,Normal
SEC_0654,2026-01-14 22:30:00,BLDG_C,Office Floor,P1039,Employee,BADGE_10089,Entry,Authorized,Low,Normal Access,175,No,Normal,No,22,14,Wednesday,1,2026-01-14,No,0,0,0,0,0,0,Normal
SEC_0655,2026-01-14 23:00:00,BLDG_C,Parking Area,P1188,Employee,BADGE_10480,Entry,Authorized,Low,Normal Access,16,No,Normal,No,23,14,Wednesday,1,2026-01-14,No,0,0,0,0,0,0,Normal
SEC_0656,2026-01-14 23:30:00,BLDG_A,Common Area,P1090,Employee,BADGE_10453,Exit,Authorized,Low,Normal Access,61,No,Normal,No,23,14,Wednesday,1,2026-01-14,No,0,0,0,0,0,0,Normal
SEC_0657,2026-01-15 00:00:00,BLDG_A,Meeting Room,P1277,Employee,BADGE_10401,Entry,Authorized,Low,Normal Access,24,No,Normal,No,0,15,Thursday,1,2026-01-15,No,0,0,0,0,0,0,Normal
SEC_0658,2026-01-15 00:30:00,BLDG_B,Restricted Zone,P1238,Employee,BADGE_10289,Entry,Denied,High,Failed Access,19,Yes,Normal,Yes,0,15,Thursday,1,2026-01-15,No,0,1,1,0,1,3,Warning
SEC_0659,2026-01-15 01:00:00,BLDG_B,Restricted Zone,P1202,Visitor,BADGE_10344,Exit,Denied,High,Restricted Access,86,Yes,Normal,Yes,1,15,Thursday,1,2026-01-15,No,0,1,1,0,1,3,Warning
SEC_0660,2026-01-15 01:30:00,BLDG_A,Parking Area,P1016,Employee,BADGE_10424,Entry,Authorized,Low,Normal Access,13,No,Normal,No,1,15,Thursday,1,2026-01-15,No,0,0,0,0,0,0,Normal
SEC_0661,2026-01-15 02:00:00,BLDG_A,Common Area,P1153,Employee,BADGE_10066,Entry,Authorized,Low,Normal Access,138,No,Normal,No,2,15,Thursday,1,2026-01-15,No,0,0,0,0,0,0,Normal
SEC_0662,2026-01-15 02:30:00,BLDG_B,Office Floor,P1226,Employee,BADGE_10431,Exit,Authorized,Low,Normal Access,27,No,Normal,No,2,15,Thursday,1,2026-01-15,No,0,0,0,0,0,0,Normal
SEC_0663,2026-01-15 03:00:00,BLDG_C,Parking Area,P1224,Employee,BADGE_10273,Exit,Authorized,Low,Normal Access,143,No,Normal,No,3,15,Thursday,1,2026-01-15,No,0,0,0,0,0,0,Normal
SEC_0664,2026-01-15 03:30:00,BLDG_B,Office Floor,P1037,Employee,BADGE_10282,Exit,Denied,Medium,Failed Access,138,No,Unusual,No,3,15,Thursday,1,2026-01-15,No,0,0,0,1,0,1,Monitoring
SEC_0665,2026-01-15 04:00:00,BLDG_B,Restricted Zone,P1267,Employee,BADGE_10287,Exit,Authorized,Low,Normal Access,178,No,Normal,No,4,15,Thursday,1,2026-01-15,No,0,0,0,0,0,0,Normal
SEC_0666,2026-01-15 04:30:00,BLDG_C,Common Area,P1114,Employee,BADGE_10107,Entry,Authorized,Low,Normal Access,155,No,Normal,No,4,15,Thursday,1,2026-01-15,No,0,0,0,0,0,0,Normal
SEC_0667,2026-01-15 05:00:00,BLDG_A,Common Area,P1194,Employee,BADGE_10123,Exit,Authorized,Low,Normal Access,137,No,Normal,No,5,15,Thursday,1,2026-01-15,No,0,0,0,0,0,0,Normal
SEC_0668,2026-01-15 05:30:00,BLDG_C,Parking Area,P1191,Employee,BADGE_10364,Entry,Authorized,Medium,Normal Access,68,No,Normal,No,5,15,Thursday,1,2026-01-15,No,0,0,0,0,0,0,Normal
SEC_0669,2026-01-15 06:00:00,BLDG_A,Office Floor,P1086,Employee,BADGE_10149,Entry,Authorized,Low,Normal Access,117,No,Normal,No,6,15,Thursday,1,2026-01-15,No,0,0,0,0,0,0,Normal
SEC_0670,2026-01-15 06:30:00,BLDG_A,Office Floor,P1101,Employee,BADGE_10149,Entry,Authorized,Medium,Normal Access,147,No,Normal,No,6,15,Thursday,1,2026-01-15,No,0,0,0,0,0,0,Normal
SEC_0671,2026-01-15 07:00:00,BLDG_A,Common Area,P1100,Employee,BADGE_10012,Exit,Authorized,Low,Normal Access,67,No,Normal,No,7,15,Thursday,1,2026-01-15,No,0,0,0,0,0,0,Normal
SEC_0672,2026-01-15 07:30:00,BLDG_A,Common Area,P1262,Employee,BADGE_10283,Entry,Denied,Medium,Failed Access,83,No,Unusual,No,7,15,Thursday,1,2026-01-15,No,0,0,0,1,0,1,Monitoring
SEC_0673,2026-01-15 08:00:00,BLDG_A,Office Floor,P1274,Employee,BADGE_10044,Exit,Authorized,Low,Normal Access,77,No,Normal,No,8,15,Thursday,1,2026-01-15,No,0,0,0,0,0,0,Normal
SEC_0674,2026-01-15 08:30:00,BLDG_A,Office Floor,P1284,Employee,BADGE_10379,Entry,Denied,High,Restricted Access,25,Yes,Normal,No,8,15,Thursday,1,2026-01-15,No,0,1,0,0,1,2,Warning
SEC_0675,2026-01-15 09:00:00,BLDG_B,Restricted Zone,P1063,Employee,BADGE_10175,Entry,Denied,High,Failed Access,27,Yes,Normal,Yes,9,15,Thursday,1,2026-01-15,Yes,0,1,1,0,1,3,Warning
SEC_0676,2026-01-15 09:30:00,BLDG_A,Parking Area,P1242,Employee,BADGE_10486,Entry,Authorized,Low,Normal Access,133,No,Normal,No,9,15,Thursday,1,2026-01-15,Yes,0,0,0,0,0,0,Normal
SEC_0677,2026-01-15 10:00:00,BLDG_A,Meeting Room,P1250,Employee,BADGE_10404,Entry,Authorized,Low,Normal Access,84,No,Normal,No,10,15,Thursday,1,2026-01-15,Yes,0,0,0,0,0,0,Normal
SEC_0678,2026-01-15 10:30:00,BLDG_B,Common Area,P1115,Visitor,BADGE_10210,Exit,Denied,Medium,Failed Access,42,No,Normal,No,10,15,Thursday,1,2026-01-15,Yes,0,0,0,0,0,0,Normal
SEC_0679,2026-01-15 11:00:00,BLDG_A,Parking Area,P1104,Visitor,BADGE_10074,Entry,Authorized,Low,Normal Access,69,No,Normal,No,11,15,Thursday,1,2026-01-15,Yes,0,0,0,0,0,0,Normal
SEC_0680,2026-01-15 11:30:00,BLDG_B,Common Area,P1259,Employee,BADGE_10357,Exit,Authorized,Low,Normal Access,106,No,Normal,No,11,15,Thursday,1,2026-01-15,Yes,0,0,0,0,0,0,Normal
SEC_0681,2026-01-15 12:00:00,BLDG_B,Restricted Zone,P1258,Employee,BADGE_10201,Exit,Authorized,Medium,Normal Access,112,No,Normal,No,12,15,Thursday,1,2026-01-15,Yes,0,0,0,0,0,0,Normal
SEC_0682,2026-01-15 12:30:00,BLDG_A,Common Area,P1236,Employee,BADGE_10127,Exit,Authorized,Low,Normal Access,105,No,Normal,No,12,15,Thursday,1,2026-01-15,Yes,0,0,0,0,0,0,Normal
SEC_0683,2026-01-15 13:00:00,BLDG_C,Common Area,P1264,Employee,BADGE_10057,Entry,Authorized,Low,Normal Access,43,No,Normal,No,13,15,Thursday,1,2026-01-15,Yes,0,0,0,0,0,0,Normal
SEC_0684,2026-01-15 13:30:00,BLDG_B,Office Floor,P1252,Employee,BADGE_10190,Exit,Authorized,Low,Normal Access,175,No,Normal,No,13,15,Thursday,1,2026-01-15,Yes,0,0,0,0,0,0,Normal
SEC_0685,2026-01-15 14:00:00,BLDG_C,Meeting Room,P1219,Visitor,BADGE_10348,Entry,Authorized,Low,Normal Access,41,No,Normal,No,14,15,Thursday,1,2026-01-15,Yes,0,0,0,0,0,0,Normal
SEC_0686,2026-01-15 14:30:00,BLDG_A,Common Area,P1289,Visitor,BADGE_10444,Exit,Authorized,Low,Normal Access,114,No,Normal,No,14,15,Thursday,1,2026-01-15,Yes,0,0,0,0,0,0,Normal
SEC_0687,2026-01-15 15:00:00,BLDG_C,Common Area,P1239,Employee,BADGE_10302,Entry,Authorized,Low,Normal Access,137,No,Normal,No,15,15,Thursday,1,2026-01-15,Yes,0,0,0,0,0,0,Normal
SEC_0688,2026-01-15 15:30:00,BLDG_A,Restricted Zone,P1118,Employee,BADGE_10164,Entry,Authorized,Low,Normal Access,40,No,Normal,No,15,15,Thursday,1,2026-01-15,Yes,0,0,0,0,0,0,Normal
SEC_0689,2026-01-15 16:00:00,BLDG_B,Office Floor,P1291,Employee,BADGE_10333,Entry,Authorized,Low,Normal Access,160,No,Normal,No,16,15,Thursday,1,2026-01-15,Yes,0,0,0,0,0,0,Normal
SEC_0690,2026-01-15 16:30:00,BLDG_B,Server Room,P1192,Visitor,BADGE_10103,Exit,Authorized,Low,Normal Access,141,No,Normal,No,16,15,Thursday,1,2026-01-15,Yes,0,0,0,0,0,0,Normal
SEC_0691,2026-01-15 17:00:00,BLDG_A,Office Floor,P1292,Visitor,BADGE_10345,Entry,Authorized,Medium,Normal Access,153,No,Normal,No,17,15,Thursday,1,2026-01-15,Yes,0,0,0,0,0,0,Normal
SEC_0692,2026-01-15 17:30:00,BLDG_C,Common Area,P1033,Employee,BADGE_10276,Entry,Authorized,Low,Normal Access,171,No,Normal,No,17,15,Thursday,1,2026-01-15,Yes,0,0,0,0,0,0,Normal
SEC_0693,2026-01-15 18:00:00,BLDG_B,Meeting Room,P1031,Contractor,BADGE_10229,Exit,Authorized,Low,Normal Access,123,No,Normal,No,18,15,Thursday,1,2026-01-15,No,0,0,0,0,0,0,Normal
SEC_0694,2026-01-15 18:30:00,BLDG_C,Common Area,P1067,Employee,BADGE_10062,Entry,Authorized,Low,Normal Access,110,No,Normal,No,18,15,Thursday,1,2026-01-15,No,0,0,0,0,0,0,Normal
SEC_0695,2026-01-15 19:00:00,BLDG_A,Server Room,P1204,Employee,BADGE_10368,Exit,Authorized,Low,Normal Access,127,No,Normal,No,19,15,Thursday,1,2026-01-15,No,0,0,0,0,0,0,Normal
SEC_0696,2026-01-15 19:30:00,BLDG_C,Meeting Room,P1016,Contractor,BADGE_10145,Entry,Authorized,Low,Normal Access,20,No,Normal,No,19,15,Thursday,1,2026-01-15,No,0,0,0,0,0,0,Normal
SEC_0697,2026-01-15 20:00:00,BLDG_B,Office Floor,P1079,Employee,BADGE_10073,Entry,Authorized,Low,Normal Access,168,No,Normal,No,20,15,Thursday,1,2026-01-15,No,0,0,0,0,0,0,Normal
SEC_0698,2026-01-15 20:30:00,BLDG_B,Meeting Room,P1230,Contractor,BADGE_10182,Exit,Authorized,Medium,Suspicious Activity,63,Yes,Suspicious,Yes,20,15,Thursday,1,2026-01-15,No,0,1,1,0,0,2,Warning
SEC_0699,2026-01-15 21:00:00,BLDG_C,Meeting Room,P1121,Visitor,BADGE_10332,Entry,Authorized,Low,Normal Access,93,No,Normal,No,21,15,Thursday,1,2026-01-15,No,0,0,0,0,0,0,Normal
SEC_0700,2026-01-15 21:30:00,BLDG_B,Common Area,P1008,Employee,BADGE_10379,Exit,Authorized,Low,Normal Access,21,No,Normal,No,21,15,Thursday,1,2026-01-15,No,0,0,0,0,0,0,Normal
SEC_0701,2026-01-15 22:00:00,BLDG_A,Common Area,P1034,Employee,BADGE_10242,Exit,Authorized,Low,Normal Access,123,No,Normal,No,22,15,Thursday,1,2026-01-15,No,0,0,0,0,0,0,Normal
SEC_0702,2026-01-15 22:30:00,BLDG_B,Meeting Room,P1113,Contractor,BADGE_10044,Entry,Authorized,Low,Normal Access,129,No,Normal,No,22,15,Thursday,1,2026-01-15,No,0,0,0,0,0,0,Normal
SEC_0703,2026-01-15 23:00:00,BLDG_B,Restricted Zone,P1177,Employee,BADGE_10228,Exit,Authorized,Low,Normal Access,161,No,Normal,No,23,15,Thursday,1,2026-01-15,No,0,0,0,0,0,0,Normal
SEC_0704,2026-01-15 23:30:00,BLDG_C,Common Area,P1213,Contractor,BADGE_10040,Exit,Denied,Medium,Failed Access,20,No,Normal,No,23,15,Thursday,1,2026-01-15,No,0,0,0,0,0,0,Normal
SEC_0705,2026-01-16 00:00:00,BLDG_B,Meeting Room,P1171,Employee,BADGE_10295,Exit,Authorized,Low,Normal Access,178,No,Normal,No,0,16,Friday,1,2026-01-16,No,0,0,0,0,0,0,Normal
SEC_0706,2026-01-16 00:30:00,BLDG_A,Office Floor,P1025,Employee,BADGE_10391,Entry,Authorized,Low,Normal Access,128,No,Normal,No,0,16,Friday,1,2026-01-16,No,0,0,0,0,0,0,Normal
SEC_0707,2026-01-16 01:00:00,BLDG_B,Restricted Zone,P1220,Employee,BADGE_10441,Exit,Denied,Medium,Failed Access,142,No,Unusual,No,1,16,Friday,1,2026-01-16,No,0,0,0,1,0,1,Monitoring
SEC_0708,2026-01-16 01:30:00,BLDG_C,Parking Area,P1128,Employee,BADGE_10190,Exit,Authorized,Low,Normal Access,142,No,Normal,No,1,16,Friday,1,2026-01-16,No,0,0,0,0,0,0,Normal
SEC_0709,2026-01-16 02:00:00,BLDG_C,Office Floor,P1077,Employee,BADGE_10293,Exit,Authorized,Medium,Normal Access,82,No,Normal,No,2,16,Friday,1,2026-01-16,No,0,0,0,0,0,0,Normal
SEC_0710,2026-01-16 02:30:00,BLDG_C,Parking Area,P1061,Employee,BADGE_10026,Entry,Authorized,Low,Normal Access,72,No,Normal,No,2,16,Friday,1,2026-01-16,No,0,0,0,0,0,0,Normal
SEC_0711,2026-01-16 03:00:00,BLDG_C,Server Room,P1165,Employee,BADGE_10061,Entry,Authorized,Medium,Normal Access,93,No,Normal,No,3,16,Friday,1,2026-01-16,No,0,0,0,0,0,0,Normal
SEC_0712,2026-01-16 03:30:00,BLDG_B,Restricted Zone,P1052,Employee,BADGE_10195,Exit,Authorized,Low,Normal Access,32,No,Normal,No,3,16,Friday,1,2026-01-16,No,0,0,0,0,0,0,Normal
SEC_0713,2026-01-16 04:00:00,BLDG_A,Office Floor,P1260,Visitor,BADGE_10164,Exit,Authorized,Low,Normal Access,7,No,Normal,No,4,16,Friday,1,2026-01-16,No,0,0,0,0,0,0,Normal
SEC_0714,2026-01-16 04:30:00,BLDG_B,Common Area,P1228,Employee,BADGE_10337,Entry,Authorized,Low,Normal Access,150,No,Normal,No,4,16,Friday,1,2026-01-16,No,0,0,0,0,0,0,Normal
SEC_0715,2026-01-16 05:00:00,BLDG_C,Server Room,P1086,Employee,BADGE_10124,Entry,Denied,High,Failed Access,151,Yes,Unusual,No,5,16,Friday,1,2026-01-16,No,0,1,0,1,1,3,Warning
SEC_0716,2026-01-16 05:30:00,BLDG_B,Meeting Room,P1239,Employee,BADGE_10115,Entry,Authorized,Low,Normal Access,64,No,Normal,No,5,16,Friday,1,2026-01-16,No,0,0,0,0,0,0,Normal
SEC_0717,2026-01-16 06:00:00,BLDG_B,Meeting Room,P1057,Contractor,BADGE_10343,Entry,Authorized,Low,Normal Access,85,No,Normal,No,6,16,Friday,1,2026-01-16,No,0,0,0,0,0,0,Normal
SEC_0718,2026-01-16 06:30:00,BLDG_A,Common Area,P1023,Employee,BADGE_10155,Entry,Authorized,Low,Normal Access,38,No,Normal,No,6,16,Friday,1,2026-01-16,No,0,0,0,0,0,0,Normal
SEC_0719,2026-01-16 07:00:00,BLDG_A,Office Floor,P1176,Visitor,BADGE_10358,Entry,Authorized,Low,Normal Access,107,No,Normal,No,7,16,Friday,1,2026-01-16,No,0,0,0,0,0,0,Normal
SEC_0720,2026-01-16 07:30:00,BLDG_C,Restricted Zone,P1292,Employee,BADGE_10052,Entry,Authorized,Low,Normal Access,32,No,Normal,No,7,16,Friday,1,2026-01-16,No,0,0,0,0,0,0,Normal
SEC_0721,2026-01-16 08:00:00,BLDG_B,Common Area,P1230,Employee,BADGE_10271,Entry,Denied,Medium,Restricted Access,4,Yes,Normal,No,8,16,Friday,1,2026-01-16,No,0,1,0,0,0,1,Monitoring
SEC_0722,2026-01-16 08:30:00,BLDG_B,Parking Area,P1057,Employee,BADGE_10050,Entry,Authorized,Low,Normal Access,72,No,Normal,No,8,16,Friday,1,2026-01-16,No,0,0,0,0,0,0,Normal
SEC_0723,2026-01-16 09:00:00,BLDG_A,Meeting Room,P1094,Employee,BADGE_10298,Entry,Authorized,Low,Normal Access,134,No,Normal,No,9,16,Friday,1,2026-01-16,Yes,0,0,0,0,0,0,Normal
SEC_0724,2026-01-16 09:30:00,BLDG_A,Common Area,P1278,Employee,BADGE_10404,Entry,Authorized,Low,Normal Access,83,No,Normal,No,9,16,Friday,1,2026-01-16,Yes,0,0,0,0,0,0,Normal
SEC_0725,2026-01-16 10:00:00,BLDG_C,Office Floor,P1208,Employee,BADGE_10280,Exit,Authorized,Low,Normal Access,153,No,Normal,No,10,16,Friday,1,2026-01-16,Yes,0,0,0,0,0,0,Normal
SEC_0726,2026-01-16 10:30:00,BLDG_C,Office Floor,P1186,Employee,BADGE_10054,Exit,Authorized,Low,Normal Access,40,No,Normal,No,10,16,Friday,1,2026-01-16,Yes,0,0,0,0,0,0,Normal
SEC_0727,2026-01-16 11:00:00,BLDG_A,Parking Area,P1288,Employee,BADGE_10426,Exit,Authorized,Low,Normal Access,161,No,Normal,No,11,16,Friday,1,2026-01-16,Yes,0,0,0,0,0,0,Normal
SEC_0728,2026-01-16 11:30:00,BLDG_B,Meeting Room,P1091,Employee,BADGE_10393,Entry,Authorized,Low,Normal Access,23,No,Normal,No,11,16,Friday,1,2026-01-16,Yes,0,0,0,0,0,0,Normal
SEC_0729,2026-01-16 12:00:00,BLDG_B,Server Room,P1105,Contractor,BADGE_10150,Entry,Authorized,Low,Normal Access,147,No,Normal,No,12,16,Friday,1,2026-01-16,Yes,0,0,0,0,0,0,Normal
SEC_0730,2026-01-16 12:30:00,BLDG_C,Server Room,P1037,Employee,BADGE_10487,Entry,Authorized,Low,Normal Access,166,No,Normal,No,12,16,Friday,1,2026-01-16,Yes,0,0,0,0,0,0,Normal
SEC_0731,2026-01-16 13:00:00,BLDG_A,Common Area,P1188,Visitor,BADGE_10082,Entry,Authorized,Low,Normal Access,108,No,Normal,No,13,16,Friday,1,2026-01-16,Yes,0,0,0,0,0,0,Normal
SEC_0732,2026-01-16 13:30:00,BLDG_C,Meeting Room,P1033,Employee,BADGE_10058,Exit,Denied,High,Failed Access,29,Yes,Normal,No,13,16,Friday,1,2026-01-16,Yes,0,1,0,0,1,2,Warning
SEC_0733,2026-01-16 14:00:00,BLDG_B,Server Room,P1105,Visitor,BADGE_10406,Exit,Authorized,Medium,Normal Access,65,No,Normal,No,14,16,Friday,1,2026-01-16,Yes,0,0,0,0,0,0,Normal
SEC_0734,2026-01-16 14:30:00,BLDG_A,Office Floor,P1060,Employee,BADGE_10381,Entry,Authorized,Medium,Normal Access,50,No,Normal,No,14,16,Friday,1,2026-01-16,Yes,0,0,0,0,0,0,Normal
SEC_0735,2026-01-16 15:00:00,BLDG_B,Common Area,P1245,Employee,BADGE_10335,Exit,Authorized,Low,Normal Access,9,No,Normal,No,15,16,Friday,1,2026-01-16,Yes,0,0,0,0,0,0,Normal
SEC_0736,2026-01-16 15:30:00,BLDG_A,Office Floor,P1101,Visitor,BADGE_10029,Exit,Authorized,Low,Normal Access,128,No,Normal,No,15,16,Friday,1,2026-01-16,Yes,0,0,0,0,0,0,Normal
SEC_0737,2026-01-16 16:00:00,BLDG_C,Office Floor,P1138,Employee,BADGE_10343,Entry,Authorized,Low,Normal Access,106,No,Normal,No,16,16,Friday,1,2026-01-16,Yes,0,0,0,0,0,0,Normal
SEC_0738,2026-01-16 16:30:00,BLDG_C,Server Room,P1133,Employee,BADGE_10080,Entry,Authorized,Low,Normal Access,16,No,Normal,No,16,16,Friday,1,2026-01-16,Yes,0,0,0,0,0,0,Normal
SEC_0739,2026-01-16 17:00:00,BLDG_A,Restricted Zone,P1298,Employee,BADGE_10480,Entry,Authorized,Low,Normal Access,100,No,Normal,No,17,16,Friday,1,2026-01-16,Yes,0,0,0,0,0,0,Normal
SEC_0740,2026-01-16 17:30:00,BLDG_B,Parking Area,P1198,Visitor,BADGE_10030,Exit,Authorized,Low,Normal Access,146,No,Normal,No,17,16,Friday,1,2026-01-16,Yes,0,0,0,0,0,0,Normal
SEC_0741,2026-01-16 18:00:00,BLDG_B,Server Room,P1215,Employee,BADGE_10460,Entry,Authorized,Low,Normal Access,35,No,Normal,No,18,16,Friday,1,2026-01-16,No,0,0,0,0,0,0,Normal
SEC_0742,2026-01-16 18:30:00,BLDG_C,Restricted Zone,P1245,Employee,BADGE_10072,Exit,Authorized,Low,Normal Access,177,No,Normal,No,18,16,Friday,1,2026-01-16,No,0,0,0,0,0,0,Normal
SEC_0743,2026-01-16 19:00:00,BLDG_C,Meeting Room,P1139,Employee,BADGE_10117,Exit,Authorized,Low,Normal Access,44,No,Normal,No,19,16,Friday,1,2026-01-16,No,0,0,0,0,0,0,Normal
SEC_0744,2026-01-16 19:30:00,BLDG_C,Restricted Zone,P1042,Employee,BADGE_10247,Entry,Authorized,Low,Normal Access,69,No,Normal,No,19,16,Friday,1,2026-01-16,No,0,0,0,0,0,0,Normal
SEC_0745,2026-01-16 20:00:00,BLDG_B,Meeting Room,P1153,Visitor,BADGE_10104,Entry,Authorized,Low,Normal Access,76,No,Normal,No,20,16,Friday,1,2026-01-16,No,0,0,0,0,0,0,Normal
SEC_0746,2026-01-16 20:30:00,BLDG_B,Office Floor,P1013,Contractor,BADGE_10217,Exit,Authorized,Low,Normal Access,67,No,Normal,No,20,16,Friday,1,2026-01-16,No,0,0,0,0,0,0,Normal
SEC_0747,2026-01-16 21:00:00,BLDG_A,Office Floor,P1297,Employee,BADGE_10112,Entry,Authorized,Low,Normal Access,97,No,Normal,No,21,16,Friday,1,2026-01-16,No,0,0,0,0,0,0,Normal
SEC_0748,2026-01-16 21:30:00,BLDG_B,Parking Area,P1270,Employee,BADGE_10038,Entry,Authorized,Low,Normal Access,141,No,Normal,No,21,16,Friday,1,2026-01-16,No,0,0,0,0,0,0,Normal
SEC_0749,2026-01-16 22:00:00,BLDG_A,Office Floor,P1031,Employee,BADGE_10314,Entry,Denied,Medium,Restricted Access,105,Yes,Normal,No,22,16,Friday,1,2026-01-16,No,0,1,0,0,0,1,Monitoring
SEC_0750,2026-01-16 22:30:00,BLDG_A,Meeting Room,P1236,Employee,BADGE_10342,Entry,Authorized,Low,Normal Access,146,No,Normal,No,22,16,Friday,1,2026-01-16,No,0,0,0,0,0,0,Normal
SEC_0751,2026-01-16 23:00:00,BLDG_C,Meeting Room,P1110,Contractor,BADGE_10203,Entry,Authorized,Low,Normal Access,137,No,Normal,No,23,16,Friday,1,2026-01-16,No,0,0,0,0,0,0,Normal
SEC_0752,2026-01-16 23:30:00,BLDG_B,Common Area,P1139,Employee,BADGE_10205,Exit,Authorized,Low,Normal Access,126,No,Normal,No,23,16,Friday,1,2026-01-16,No,0,0,0,0,0,0,Normal
SEC_0753,2026-01-17 00:00:00,BLDG_B,Common Area,P1275,Employee,BADGE_10088,Exit,Authorized,Low,Normal Access,114,No,Normal,No,0,17,Saturday,1,2026-01-17,No,0,0,0,0,0,0,Normal
SEC_0754,2026-01-17 00:30:00,BLDG_B,Meeting Room,P1084,Visitor,BADGE_10143,Entry,Authorized,Low,Normal Access,97,No,Normal,No,0,17,Saturday,1,2026-01-17,No,0,0,0,0,0,0,Normal
SEC_0755,2026-01-17 01:00:00,BLDG_A,Restricted Zone,P1244,Employee,BADGE_10003,Exit,Denied,Critical,Restricted Access,126,Yes,Normal,Yes,1,17,Saturday,1,2026-01-17,No,0,1,1,0,1,3,Warning
SEC_0756,2026-01-17 01:30:00,BLDG_C,Meeting Room,P1289,Employee,BADGE_10286,Exit,Authorized,Low,Normal Access,77,No,Normal,No,1,17,Saturday,1,2026-01-17,No,0,0,0,0,0,0,Normal
SEC_0757,2026-01-17 02:00:00,BLDG_B,Office Floor,P1234,Employee,BADGE_10046,Exit,Authorized,Low,Normal Access,65,No,Normal,No,2,17,Saturday,1,2026-01-17,No,0,0,0,0,0,0,Normal
SEC_0758,2026-01-17 02:30:00,BLDG_A,Meeting Room,P1066,Employee,BADGE_10150,Entry,Authorized,Low,Normal Access,21,No,Normal,No,2,17,Saturday,1,2026-01-17,No,0,0,0,0,0,0,Normal
SEC_0759,2026-01-17 03:00:00,BLDG_C,Meeting Room,P1246,Employee,BADGE_10176,Entry,Authorized,Low,Normal Access,117,No,Normal,No,3,17,Saturday,1,2026-01-17,No,0,0,0,0,0,0,Normal
SEC_0760,2026-01-17 03:30:00,BLDG_C,Meeting Room,P1010,Employee,BADGE_10049,Entry,Authorized,Low,Normal Access,112,No,Normal,No,3,17,Saturday,1,2026-01-17,No,0,0,0,0,0,0,Normal
SEC_0761,2026-01-17 04:00:00,BLDG_A,Common Area,P1111,Employee,BADGE_10357,Entry,Authorized,Low,Normal Access,120,No,Normal,No,4,17,Saturday,1,2026-01-17,No,0,0,0,0,0,0,Normal
SEC_0762,2026-01-17 04:30:00,BLDG_A,Office Floor,P1009,Employee,BADGE_10013,Exit,Authorized,Low,Normal Access,157,No,Normal,No,4,17,Saturday,1,2026-01-17,No,0,0,0,0,0,0,Normal
SEC_0763,2026-01-17 05:00:00,BLDG_A,Restricted Zone,P1109,Employee,BADGE_10207,Exit,Authorized,Low,Normal Access,172,No,Normal,No,5,17,Saturday,1,2026-01-17,No,0,0,0,0,0,0,Normal
SEC_0764,2026-01-17 05:30:00,BLDG_C,Common Area,P1140,Employee,BADGE_10190,Entry,Authorized,Low,Normal Access,147,No,Normal,No,5,17,Saturday,1,2026-01-17,No,0,0,0,0,0,0,Normal
SEC_0765,2026-01-17 06:00:00,BLDG_C,Office Floor,P1190,Visitor,BADGE_10089,Entry,Authorized,Low,Normal Access,100,No,Normal,No,6,17,Saturday,1,2026-01-17,No,0,0,0,0,0,0,Normal
SEC_0766,2026-01-17 06:30:00,BLDG_C,Office Floor,P1279,Employee,BADGE_10009,Entry,Authorized,Medium,Normal Access,119,No,Normal,No,6,17,Saturday,1,2026-01-17,No,0,0,0,0,0,0,Normal
SEC_0767,2026-01-17 07:00:00,BLDG_B,Restricted Zone,P1172,Employee,BADGE_10464,Exit,Authorized,Low,Normal Access,15,No,Normal,No,7,17,Saturday,1,2026-01-17,No,0,0,0,0,0,0,Normal
SEC_0768,2026-01-17 07:30:00,BLDG_B,Meeting Room,P1023,Employee,BADGE_10068,Entry,Authorized,Low,Normal Access,143,No,Normal,No,7,17,Saturday,1,2026-01-17,No,0,0,0,0,0,0,Normal
SEC_0769,2026-01-17 08:00:00,BLDG_A,Common Area,P1215,Employee,BADGE_10192,Exit,Authorized,Low,Normal Access,161,No,Normal,No,8,17,Saturday,1,2026-01-17,No,0,0,0,0,0,0,Normal
SEC_0770,2026-01-17 08:30:00,BLDG_B,Meeting Room,P1266,Employee,BADGE_10297,Entry,Authorized,Low,Normal Access,156,No,Normal,No,8,17,Saturday,1,2026-01-17,No,0,0,0,0,0,0,Normal
SEC_0771,2026-01-17 09:00:00,BLDG_A,Restricted Zone,P1210,Employee,BADGE_10431,Entry,Authorized,Low,Normal Access,39,No,Normal,No,9,17,Saturday,1,2026-01-17,Yes,0,0,0,0,0,0,Normal
SEC_0772,2026-01-17 09:30:00,BLDG_A,Restricted Zone,P1105,Employee,BADGE_10266,Exit,Denied,High,Failed Access,11,Yes,Normal,Yes,9,17,Saturday,1,2026-01-17,Yes,0,1,1,0,1,3,Warning
SEC_0773,2026-01-17 10:00:00,BLDG_C,Meeting Room,P1056,Visitor,BADGE_10332,Exit,Authorized,Low,Normal Access,69,No,Normal,No,10,17,Saturday,1,2026-01-17,Yes,0,0,0,0,0,0,Normal
SEC_0774,2026-01-17 10:30:00,BLDG_A,Office Floor,P1218,Employee,BADGE_10222,Entry,Authorized,Low,Normal Access,162,No,Normal,No,10,17,Saturday,1,2026-01-17,Yes,0,0,0,0,0,0,Normal
SEC_0775,2026-01-17 11:00:00,BLDG_A,Office Floor,P1288,Employee,BADGE_10086,Exit,Authorized,Low,Normal Access,58,No,Normal,No,11,17,Saturday,1,2026-01-17,Yes,0,0,0,0,0,0,Normal
SEC_0776,2026-01-17 11:30:00,BLDG_A,Restricted Zone,P1163,Visitor,BADGE_10271,Exit,Denied,Medium,Failed Access,121,No,Normal,No,11,17,Saturday,1,2026-01-17,Yes,0,0,0,0,0,0,Normal
SEC_0777,2026-01-17 12:00:00,BLDG_C,Common Area,P1192,Employee,BADGE_10079,Entry,Authorized,Low,Normal Access,79,No,Normal,No,12,17,Saturday,1,2026-01-17,Yes,0,0,0,0,0,0,Normal
SEC_0778,2026-01-17 12:30:00,BLDG_B,Meeting Room,P1125,Visitor,BADGE_10435,Entry,Authorized,Low,Normal Access,74,No,Normal,No,12,17,Saturday,1,2026-01-17,Yes,0,0,0,0,0,0,Normal
SEC_0779,2026-01-17 13:00:00,BLDG_B,Common Area,P1051,Employee,BADGE_10275,Exit,Authorized,Low,Normal Access,150,No,Normal,No,13,17,Saturday,1,2026-01-17,Yes,0,0,0,0,0,0,Normal
SEC_0780,2026-01-17 13:30:00,BLDG_C,Office Floor,P1273,Employee,BADGE_10068,Exit,Authorized,Low,Normal Access,45,No,Normal,No,13,17,Saturday,1,2026-01-17,Yes,0,0,0,0,0,0,Normal
SEC_0781,2026-01-17 14:00:00,BLDG_A,Meeting Room,P1198,Employee,BADGE_10282,Entry,Authorized,Low,Normal Access,100,No,Normal,No,14,17,Saturday,1,2026-01-17,Yes,0,0,0,0,0,0,Normal
SEC_0782,2026-01-17 14:30:00,BLDG_A,Parking Area,P1271,Visitor,BADGE_10008,Exit,Authorized,Low,Normal Access,39,No,Normal,No,14,17,Saturday,1,2026-01-17,Yes,0,0,0,0,0,0,Normal
SEC_0783,2026-01-17 15:00:00,BLDG_C,Meeting Room,P1223,Employee,BADGE_10199,Entry,Authorized,Low,Normal Access,32,No,Normal,No,15,17,Saturday,1,2026-01-17,Yes,0,0,0,0,0,0,Normal
SEC_0784,2026-01-17 15:30:00,BLDG_B,Restricted Zone,P1283,Contractor,BADGE_10203,Exit,Authorized,Low,Normal Access,70,No,Normal,No,15,17,Saturday,1,2026-01-17,Yes,0,0,0,0,0,0,Normal
SEC_0785,2026-01-17 16:00:00,BLDG_B,Restricted Zone,P1280,Contractor,BADGE_10221,Exit,Authorized,Low,Normal Access,74,No,Normal,No,16,17,Saturday,1,2026-01-17,Yes,0,0,0,0,0,0,Normal
SEC_0786,2026-01-17 16:30:00,BLDG_B,Common Area,P1187,Employee,BADGE_10031,Exit,Authorized,Low,Normal Access,157,No,Normal,No,16,17,Saturday,1,2026-01-17,Yes,0,0,0,0,0,0,Normal
SEC_0787,2026-01-17 17:00:00,BLDG_B,Common Area,P1199,Visitor,BADGE_10356,Exit,Authorized,Medium,Normal Access,115,No,Normal,No,17,17,Saturday,1,2026-01-17,Yes,0,0,0,0,0,0,Normal
SEC_0788,2026-01-17 17:30:00,BLDG_B,Server Room,P1249,Employee,BADGE_10257,Entry,Authorized,Low,Normal Access,51,No,Normal,No,17,17,Saturday,1,2026-01-17,Yes,0,0,0,0,0,0,Normal
SEC_0789,2026-01-17 18:00:00,BLDG_C,Common Area,P1070,Employee,BADGE_10385,Entry,Denied,Medium,Restricted Access,119,Yes,Unusual,No,18,17,Saturday,1,2026-01-17,No,0,1,0,1,0,2,Warning
SEC_0790,2026-01-17 18:30:00,BLDG_B,Meeting Room,P1292,Visitor,BADGE_10288,Entry,Authorized,Low,Normal Access,65,No,Normal,No,18,17,Saturday,1,2026-01-17,No,0,0,0,0,0,0,Normal
SEC_0791,2026-01-17 19:00:00,BLDG_A,Meeting Room,P1038,Visitor,BADGE_10025,Entry,Authorized,Low,Normal Access,155,No,Normal,No,19,17,Saturday,1,2026-01-17,No,0,0,0,0,0,0,Normal
SEC_0792,2026-01-17 19:30:00,BLDG_A,Restricted Zone,P1268,Employee,BADGE_10069,Exit,Denied,High,Restricted Access,135,Yes,Unusual,Yes,19,17,Saturday,1,2026-01-17,No,0,1,1,1,1,4,Critical
SEC_0793,2026-01-17 20:00:00,BLDG_A,Common Area,P1002,Employee,BADGE_10329,Exit,Authorized,Low,Normal Access,146,No,Normal,No,20,17,Saturday,1,2026-01-17,No,0,0,0,0,0,0,Normal
SEC_0794,2026-01-17 20:30:00,BLDG_B,Office Floor,P1178,Visitor,BADGE_10293,Entry,Denied,Medium,Restricted Access,47,Yes,Normal,No,20,17,Saturday,1,2026-01-17,No,0,1,0,0,0,1,Monitoring
SEC_0795,2026-01-17 21:00:00,BLDG_B,Parking Area,P1088,Employee,BADGE_10088,Entry,Authorized,Medium,Suspicious Activity,146,Yes,Suspicious,Yes,21,17,Saturday,1,2026-01-17,No,0,1,1,0,0,2,Warning
SEC_0796,2026-01-17 21:30:00,BLDG_B,Meeting Room,P1012,Employee,BADGE_10302,Exit,Authorized,Low,Normal Access,160,No,Normal,No,21,17,Saturday,1,2026-01-17,No,0,0,0,0,0,0,Normal
SEC_0797,2026-01-17 22:00:00,BLDG_A,Server Room,P1247,Contractor,BADGE_10473,Entry,Authorized,Low,Normal Access,160,No,Normal,No,22,17,Saturday,1,2026-01-17,No,0,0,0,0,0,0,Normal
SEC_0798,2026-01-17 22:30:00,BLDG_A,Common Area,P1117,Visitor,BADGE_10043,Entry,Authorized,Low,Normal Access,113,No,Normal,No,22,17,Saturday,1,2026-01-17,No,0,0,0,0,0,0,Normal
SEC_0799,2026-01-17 23:00:00,BLDG_C,Meeting Room,P1122,Employee,BADGE_10081,Entry,Authorized,Low,Normal Access,174,No,Normal,No,23,17,Saturday,1,2026-01-17,No,0,0,0,0,0,0,Normal
SEC_0800,2026-01-17 23:30:00,BLDG_B,Parking Area,P1168,Employee,BADGE_10166,Entry,Authorized,Low,Normal Access,86,No,Normal,No,23,17,Saturday,1,2026-01-17,No,0,0,0,0,0,0,Normal
SEC_0801,2026-01-18 00:00:00,BLDG_B,Common Area,P1170,Employee,BADGE_10205,Exit,Authorized,Low,Normal Access,58,No,Normal,No,0,18,Sunday,1,2026-01-18,No,0,0,0,0,0,0,Normal
SEC_0802,2026-01-18 00:30:00,BLDG_A,Office Floor,P1061,Employee,BADGE_10087,Entry,Authorized,Low,Normal Access,3,No,Normal,No,0,18,Sunday,1,2026-01-18,No,0,0,0,0,0,0,Normal
SEC_0803,2026-01-18 01:00:00,BLDG_B,Meeting Room,P1176,Employee,BADGE_10126,Exit,Authorized,Low,Normal Access,48,No,Normal,No,1,18,Sunday,1,2026-01-18,No,0,0,0,0,0,0,Normal
SEC_0804,2026-01-18 01:30:00,BLDG_B,Parking Area,P1095,Visitor,BADGE_10268,Entry,Authorized,Low,Normal Access,24,No,Normal,No,1,18,Sunday,1,2026-01-18,No,0,0,0,0,0,0,Normal
SEC_0805,2026-01-18 02:00:00,BLDG_B,Common Area,P1090,Employee,BADGE_10452,Entry,Authorized,Low,Normal Access,56,No,Normal,No,2,18,Sunday,1,2026-01-18,No,0,0,0,0,0,0,Normal
SEC_0806,2026-01-18 02:30:00,BLDG_A,Common Area,P1160,Employee,BADGE_10266,Exit,Authorized,Low,Normal Access,65,No,Normal,No,2,18,Sunday,1,2026-01-18,No,0,0,0,0,0,0,Normal
SEC_0807,2026-01-18 03:00:00,BLDG_A,Parking Area,P1074,Employee,BADGE_10175,Entry,Authorized,Low,Normal Access,24,No,Normal,No,3,18,Sunday,1,2026-01-18,No,0,0,0,0,0,0,Normal
SEC_0808,2026-01-18 03:30:00,BLDG_A,Meeting Room,P1285,Employee,BADGE_10089,Entry,Authorized,Low,Normal Access,162,No,Normal,No,3,18,Sunday,1,2026-01-18,No,0,0,0,0,0,0,Normal
SEC_0809,2026-01-18 04:00:00,BLDG_A,Restricted Zone,P1233,Visitor,BADGE_10151,Entry,Denied,High,Restricted Access,22,Yes,Unusual,Yes,4,18,Sunday,1,2026-01-18,No,0,1,1,1,1,4,Critical
SEC_0810,2026-01-18 04:30:00,BLDG_C,Office Floor,P1247,Visitor,BADGE_10316,Entry,Authorized,Low,Normal Access,62,No,Normal,No,4,18,Sunday,1,2026-01-18,No,0,0,0,0,0,0,Normal
SEC_0811,2026-01-18 05:00:00,BLDG_A,Restricted Zone,P1055,Visitor,BADGE_10307,Exit,Authorized,Low,Normal Access,103,No,Normal,No,5,18,Sunday,1,2026-01-18,No,0,0,0,0,0,0,Normal
SEC_0812,2026-01-18 05:30:00,BLDG_B,Office Floor,P1052,Employee,BADGE_10138,Entry,Authorized,Low,Normal Access,75,No,Normal,No,5,18,Sunday,1,2026-01-18,No,0,0,0,0,0,0,Normal
SEC_0813,2026-01-18 06:00:00,BLDG_B,Office Floor,P1225,Employee,BADGE_10482,Entry,Authorized,Low,Normal Access,70,No,Normal,No,6,18,Sunday,1,2026-01-18,No,0,0,0,0,0,0,Normal
SEC_0814,2026-01-18 06:30:00,BLDG_C,Restricted Zone,P1263,Contractor,BADGE_10097,Exit,Denied,Medium,Failed Access,114,No,Normal,No,6,18,Sunday,1,2026-01-18,No,0,0,0,0,0,0,Normal
SEC_0815,2026-01-18 07:00:00,BLDG_A,Common Area,P1282,Employee,BADGE_10385,Exit,Authorized,Low,Normal Access,5,No,Normal,No,7,18,Sunday,1,2026-01-18,No,0,0,0,0,0,0,Normal
SEC_0816,2026-01-18 07:30:00,BLDG_A,Restricted Zone,P1218,Employee,BADGE_10087,Entry,Authorized,Medium,Normal Access,83,No,Normal,No,7,18,Sunday,1,2026-01-18,No,0,0,0,0,0,0,Normal
SEC_0817,2026-01-18 08:00:00,BLDG_C,Office Floor,P1179,Employee,BADGE_10016,Exit,Authorized,Low,Normal Access,79,No,Normal,No,8,18,Sunday,1,2026-01-18,No,0,0,0,0,0,0,Normal
SEC_0818,2026-01-18 08:30:00,BLDG_C,Parking Area,P1089,Employee,BADGE_10303,Exit,Authorized,Low,Normal Access,151,No,Normal,No,8,18,Sunday,1,2026-01-18,No,0,0,0,0,0,0,Normal
SEC_0819,2026-01-18 09:00:00,BLDG_B,Server Room,P1258,Employee,BADGE_10275,Exit,Authorized,Low,Normal Access,21,No,Normal,No,9,18,Sunday,1,2026-01-18,Yes,0,0,0,0,0,0,Normal
SEC_0820,2026-01-18 09:30:00,BLDG_C,Office Floor,P1154,Employee,BADGE_10440,Exit,Authorized,Low,Normal Access,9,No,Normal,No,9,18,Sunday,1,2026-01-18,Yes,0,0,0,0,0,0,Normal
SEC_0821,2026-01-18 10:00:00,BLDG_B,Office Floor,P1110,Employee,BADGE_10355,Entry,Authorized,Low,Normal Access,38,No,Normal,No,10,18,Sunday,1,2026-01-18,Yes,0,0,0,0,0,0,Normal
SEC_0822,2026-01-18 10:30:00,BLDG_A,Parking Area,P1019,Employee,BADGE_10116,Exit,Denied,Low,Failed Access,15,No,Unusual,No,10,18,Sunday,1,2026-01-18,Yes,0,0,0,1,0,1,Monitoring
SEC_0823,2026-01-18 11:00:00,BLDG_B,Office Floor,P1275,Employee,BADGE_10149,Entry,Denied,Medium,Failed Access,23,No,Unusual,No,11,18,Sunday,1,2026-01-18,Yes,0,0,0,1,0,1,Monitoring
SEC_0824,2026-01-18 11:30:00,BLDG_A,Office Floor,P1001,Employee,BADGE_10204,Exit,Authorized,Low,Normal Access,7,No,Normal,No,11,18,Sunday,1,2026-01-18,Yes,0,0,0,0,0,0,Normal
SEC_0825,2026-01-18 12:00:00,BLDG_C,Office Floor,P1025,Visitor,BADGE_10325,Exit,Authorized,Low,Normal Access,169,No,Normal,No,12,18,Sunday,1,2026-01-18,Yes,0,0,0,0,0,0,Normal
SEC_0826,2026-01-18 12:30:00,BLDG_A,Parking Area,P1038,Employee,BADGE_10425,Exit,Authorized,Low,Normal Access,136,No,Normal,No,12,18,Sunday,1,2026-01-18,Yes,0,0,0,0,0,0,Normal
SEC_0827,2026-01-18 13:00:00,BLDG_B,Office Floor,P1076,Visitor,BADGE_10145,Exit,Authorized,Low,Normal Access,65,No,Normal,No,13,18,Sunday,1,2026-01-18,Yes,0,0,0,0,0,0,Normal
SEC_0828,2026-01-18 13:30:00,BLDG_C,Office Floor,P1210,Employee,BADGE_10434,Entry,Authorized,Low,Normal Access,30,No,Normal,No,13,18,Sunday,1,2026-01-18,Yes,0,0,0,0,0,0,Normal
SEC_0829,2026-01-18 14:00:00,BLDG_C,Common Area,P1237,Employee,BADGE_10445,Entry,Denied,Medium,Restricted Access,152,Yes,Normal,No,14,18,Sunday,1,2026-01-18,Yes,0,1,0,0,0,1,Monitoring
SEC_0830,2026-01-18 14:30:00,BLDG_B,Restricted Zone,P1209,Contractor,BADGE_10215,Entry,Authorized,Low,Normal Access,119,No,Normal,No,14,18,Sunday,1,2026-01-18,Yes,0,0,0,0,0,0,Normal
SEC_0831,2026-01-18 15:00:00,BLDG_A,Meeting Room,P1059,Employee,BADGE_10193,Entry,Authorized,Low,Normal Access,13,No,Normal,No,15,18,Sunday,1,2026-01-18,Yes,0,0,0,0,0,0,Normal
SEC_0832,2026-01-18 15:30:00,BLDG_B,Common Area,P1081,Employee,BADGE_10030,Exit,Authorized,Low,Normal Access,74,No,Normal,No,15,18,Sunday,1,2026-01-18,Yes,0,0,0,0,0,0,Normal
SEC_0833,2026-01-18 16:00:00,BLDG_B,Office Floor,P1047,Visitor,BADGE_10110,Exit,Authorized,Low,Normal Access,172,No,Normal,No,16,18,Sunday,1,2026-01-18,Yes,0,0,0,0,0,0,Normal
SEC_0834,2026-01-18 16:30:00,BLDG_C,Common Area,P1067,Contractor,BADGE_10455,Entry,Authorized,Medium,Normal Access,164,No,Normal,No,16,18,Sunday,1,2026-01-18,Yes,0,0,0,0,0,0,Normal
SEC_0835,2026-01-18 17:00:00,BLDG_B,Parking Area,P1220,Employee,BADGE_10377,Entry,Authorized,Low,Normal Access,148,No,Normal,No,17,18,Sunday,1,2026-01-18,Yes,0,0,0,0,0,0,Normal
SEC_0836,2026-01-18 17:30:00,BLDG_C,Common Area,P1077,Employee,BADGE_10161,Entry,Authorized,Low,Normal Access,6,No,Normal,No,17,18,Sunday,1,2026-01-18,Yes,0,0,0,0,0,0,Normal
SEC_0837,2026-01-18 18:00:00,BLDG_C,Common Area,P1211,Employee,BADGE_10095,Entry,Authorized,Low,Normal Access,10,No,Normal,No,18,18,Sunday,1,2026-01-18,No,0,0,0,0,0,0,Normal
SEC_0838,2026-01-18 18:30:00,BLDG_A,Meeting Room,P1218,Employee,BADGE_10450,Entry,Authorized,Low,Normal Access,110,No,Normal,No,18,18,Sunday,1,2026-01-18,No,0,0,0,0,0,0,Normal
SEC_0839,2026-01-18 19:00:00,BLDG_B,Office Floor,P1038,Employee,BADGE_10048,Entry,Authorized,Medium,Normal Access,76,No,Normal,No,19,18,Sunday,1,2026-01-18,No,0,0,0,0,0,0,Normal
SEC_0840,2026-01-18 19:30:00,BLDG_B,Meeting Room,P1245,Visitor,BADGE_10469,Entry,Denied,High,Failed Access,91,Yes,Normal,No,19,18,Sunday,1,2026-01-18,No,0,1,0,0,1,2,Warning
SEC_0841,2026-01-18 20:00:00,BLDG_A,Common Area,P1288,Employee,BADGE_10434,Exit,Authorized,Low,Normal Access,170,No,Normal,No,20,18,Sunday,1,2026-01-18,No,0,0,0,0,0,0,Normal
SEC_0842,2026-01-18 20:30:00,BLDG_B,Office Floor,P1255,Employee,BADGE_10476,Exit,Authorized,Low,Normal Access,39,No,Normal,No,20,18,Sunday,1,2026-01-18,No,0,0,0,0,0,0,Normal
SEC_0843,2026-01-18 21:00:00,BLDG_A,Parking Area,P1269,Employee,BADGE_10119,Exit,Authorized,Low,Normal Access,44,No,Normal,No,21,18,Sunday,1,2026-01-18,No,0,0,0,0,0,0,Normal
SEC_0844,2026-01-18 21:30:00,BLDG_B,Common Area,P1029,Employee,BADGE_10022,Entry,Authorized,Low,Normal Access,66,No,Normal,No,21,18,Sunday,1,2026-01-18,No,0,0,0,0,0,0,Normal
SEC_0845,2026-01-18 22:00:00,BLDG_A,Restricted Zone,P1138,Employee,BADGE_10066,Exit,Authorized,Low,Normal Access,73,No,Normal,No,22,18,Sunday,1,2026-01-18,No,0,0,0,0,0,0,Normal
SEC_0846,2026-01-18 22:30:00,BLDG_A,Common Area,P1021,Employee,BADGE_10257,Entry,Authorized,Low,Normal Access,124,No,Normal,No,22,18,Sunday,1,2026-01-18,No,0,0,0,0,0,0,Normal
SEC_0847,2026-01-18 23:00:00,BLDG_B,Office Floor,P1254,Employee,BADGE_10481,Exit,Authorized,Medium,Normal Access,145,No,Normal,No,23,18,Sunday,1,2026-01-18,No,0,0,0,0,0,0,Normal
SEC_0848,2026-01-18 23:30:00,BLDG_C,Meeting Room,P1155,Employee,BADGE_10355,Entry,Authorized,High,Suspicious Activity,155,Yes,Unusual,Yes,23,18,Sunday,1,2026-01-18,No,0,1,1,1,1,4,Critical
SEC_0849,2026-01-19 00:00:00,BLDG_A,Office Floor,P1235,Employee,BADGE_10107,Entry,Authorized,Low,Normal Access,19,No,Normal,No,0,19,Monday,1,2026-01-19,No,0,0,0,0,0,0,Normal
SEC_0850,2026-01-19 00:30:00,BLDG_B,Meeting Room,P1121,Visitor,BADGE_10324,Entry,Authorized,Low,Normal Access,26,No,Normal,No,0,19,Monday,1,2026-01-19,No,0,0,0,0,0,0,Normal
SEC_0851,2026-01-19 01:00:00,BLDG_B,Office Floor,P1086,Visitor,BADGE_10062,Entry,Authorized,Low,Normal Access,65,No,Normal,No,1,19,Monday,1,2026-01-19,No,0,0,0,0,0,0,Normal
SEC_0852,2026-01-19 01:30:00,BLDG_B,Server Room,P1256,Employee,BADGE_10307,Entry,Authorized,Low,Normal Access,145,No,Normal,No,1,19,Monday,1,2026-01-19,No,0,0,0,0,0,0,Normal
SEC_0853,2026-01-19 02:00:00,BLDG_A,Restricted Zone,P1165,Employee,BADGE_10194,Exit,Authorized,Low,Normal Access,113,No,Normal,No,2,19,Monday,1,2026-01-19,No,0,0,0,0,0,0,Normal
SEC_0854,2026-01-19 02:30:00,BLDG_B,Common Area,P1185,Visitor,BADGE_10134,Entry,Authorized,Low,Normal Access,33,No,Normal,No,2,19,Monday,1,2026-01-19,No,0,0,0,0,0,0,Normal
SEC_0855,2026-01-19 03:00:00,BLDG_A,Meeting Room,P1296,Contractor,BADGE_10003,Entry,Authorized,Low,Normal Access,146,No,Normal,No,3,19,Monday,1,2026-01-19,No,0,0,0,0,0,0,Normal
SEC_0856,2026-01-19 03:30:00,BLDG_B,Common Area,P1017,Employee,BADGE_10216,Entry,Authorized,Low,Normal Access,93,No,Normal,No,3,19,Monday,1,2026-01-19,No,0,0,0,0,0,0,Normal
SEC_0857,2026-01-19 04:00:00,BLDG_B,Common Area,P1247,Visitor,BADGE_10163,Entry,Denied,High,Failed Access,117,Yes,Normal,No,4,19,Monday,1,2026-01-19,No,0,1,0,0,1,2,Warning
SEC_0858,2026-01-19 04:30:00,BLDG_B,Common Area,P1097,Visitor,BADGE_10307,Exit,Authorized,Low,Normal Access,84,No,Normal,No,4,19,Monday,1,2026-01-19,No,0,0,0,0,0,0,Normal
SEC_0859,2026-01-19 05:00:00,BLDG_A,Server Room,P1235,Employee,BADGE_10184,Exit,Authorized,Low,Normal Access,39,No,Normal,No,5,19,Monday,1,2026-01-19,No,0,0,0,0,0,0,Normal
SEC_0860,2026-01-19 05:30:00,BLDG_C,Meeting Room,P1244,Employee,BADGE_10358,Exit,Authorized,Low,Normal Access,72,No,Normal,No,5,19,Monday,1,2026-01-19,No,0,0,0,0,0,0,Normal
SEC_0861,2026-01-19 06:00:00,BLDG_B,Office Floor,P1111,Employee,BADGE_10168,Exit,Authorized,Low,Normal Access,143,No,Normal,No,6,19,Monday,1,2026-01-19,No,0,0,0,0,0,0,Normal
SEC_0862,2026-01-19 06:30:00,BLDG_C,Meeting Room,P1207,Contractor,BADGE_10464,Entry,Authorized,Low,Normal Access,25,No,Normal,No,6,19,Monday,1,2026-01-19,No,0,0,0,0,0,0,Normal
SEC_0863,2026-01-19 07:00:00,BLDG_A,Common Area,P1157,Contractor,BADGE_10258,Entry,Authorized,Low,Normal Access,165,No,Normal,No,7,19,Monday,1,2026-01-19,No,0,0,0,0,0,0,Normal
SEC_0864,2026-01-19 07:30:00,BLDG_A,Office Floor,P1171,Employee,BADGE_10250,Exit,Authorized,Low,Normal Access,25,No,Normal,No,7,19,Monday,1,2026-01-19,No,0,0,0,0,0,0,Normal
SEC_0865,2026-01-19 08:00:00,BLDG_A,Meeting Room,P1154,Employee,BADGE_10293,Entry,Authorized,Low,Normal Access,116,No,Normal,No,8,19,Monday,1,2026-01-19,No,0,0,0,0,0,0,Normal
SEC_0866,2026-01-19 08:30:00,BLDG_A,Office Floor,P1077,Employee,BADGE_10463,Exit,Authorized,Low,Normal Access,128,No,Normal,No,8,19,Monday,1,2026-01-19,No,0,0,0,0,0,0,Normal
SEC_0867,2026-01-19 09:00:00,BLDG_B,Parking Area,P1061,Employee,BADGE_10438,Entry,Authorized,Low,Normal Access,9,No,Normal,No,9,19,Monday,1,2026-01-19,Yes,0,0,0,0,0,0,Normal
SEC_0868,2026-01-19 09:30:00,BLDG_C,Common Area,P1196,Employee,BADGE_10343,Entry,Authorized,Low,Normal Access,154,No,Normal,No,9,19,Monday,1,2026-01-19,Yes,0,0,0,0,0,0,Normal
SEC_0869,2026-01-19 10:00:00,BLDG_C,Parking Area,P1002,Employee,BADGE_10088,Exit,Authorized,Low,Normal Access,32,No,Normal,No,10,19,Monday,1,2026-01-19,Yes,0,0,0,0,0,0,Normal
SEC_0870,2026-01-19 10:30:00,BLDG_A,Server Room,P1031,Employee,BADGE_10138,Exit,Authorized,Low,Normal Access,22,No,Normal,No,10,19,Monday,1,2026-01-19,Yes,0,0,0,0,0,0,Normal
SEC_0871,2026-01-19 11:00:00,BLDG_A,Office Floor,P1061,Employee,BADGE_10125,Exit,Authorized,Low,Normal Access,72,No,Normal,No,11,19,Monday,1,2026-01-19,Yes,0,0,0,0,0,0,Normal
SEC_0872,2026-01-19 11:30:00,BLDG_C,Meeting Room,P1082,Employee,BADGE_10344,Entry,Authorized,Low,Normal Access,112,No,Normal,No,11,19,Monday,1,2026-01-19,Yes,0,0,0,0,0,0,Normal
SEC_0873,2026-01-19 12:00:00,BLDG_C,Common Area,P1229,Employee,BADGE_10303,Entry,Denied,Medium,Restricted Access,96,Yes,Normal,No,12,19,Monday,1,2026-01-19,Yes,0,1,0,0,0,1,Monitoring
SEC_0874,2026-01-19 12:30:00,BLDG_A,Server Room,P1001,Employee,BADGE_10435,Entry,Authorized,High,Suspicious Activity,71,Yes,Suspicious,Yes,12,19,Monday,1,2026-01-19,Yes,0,1,1,0,1,3,Warning
SEC_0875,2026-01-19 13:00:00,BLDG_A,Common Area,P1021,Employee,BADGE_10485,Exit,Authorized,Low,Normal Access,106,No,Normal,No,13,19,Monday,1,2026-01-19,Yes,0,0,0,0,0,0,Normal
SEC_0876,2026-01-19 13:30:00,BLDG_A,Office Floor,P1066,Visitor,BADGE_10125,Entry,Authorized,Low,Normal Access,64,No,Normal,No,13,19,Monday,1,2026-01-19,Yes,0,0,0,0,0,0,Normal
SEC_0877,2026-01-19 14:00:00,BLDG_C,Office Floor,P1017,Employee,BADGE_10444,Exit,Authorized,Low,Normal Access,10,No,Normal,No,14,19,Monday,1,2026-01-19,Yes,0,0,0,0,0,0,Normal
SEC_0878,2026-01-19 14:30:00,BLDG_C,Restricted Zone,P1246,Employee,BADGE_10406,Entry,Authorized,Low,Normal Access,78,No,Normal,No,14,19,Monday,1,2026-01-19,Yes,0,0,0,0,0,0,Normal
SEC_0879,2026-01-19 15:00:00,BLDG_B,Common Area,P1235,Contractor,BADGE_10474,Entry,Denied,Medium,Failed Access,77,No,Normal,No,15,19,Monday,1,2026-01-19,Yes,0,0,0,0,0,0,Normal
SEC_0880,2026-01-19 15:30:00,BLDG_B,Office Floor,P1245,Visitor,BADGE_10306,Exit,Authorized,Low,Normal Access,15,No,Normal,No,15,19,Monday,1,2026-01-19,Yes,0,0,0,0,0,0,Normal
SEC_0881,2026-01-19 16:00:00,BLDG_A,Parking Area,P1112,Employee,BADGE_10274,Entry,Authorized,Low,Normal Access,152,No,Normal,No,16,19,Monday,1,2026-01-19,Yes,0,0,0,0,0,0,Normal
SEC_0882,2026-01-19 16:30:00,BLDG_B,Office Floor,P1061,Employee,BADGE_10100,Entry,Authorized,Medium,Normal Access,52,No,Normal,No,16,19,Monday,1,2026-01-19,Yes,0,0,0,0,0,0,Normal
SEC_0883,2026-01-19 17:00:00,BLDG_B,Common Area,P1253,Employee,BADGE_10265,Entry,Authorized,Low,Normal Access,94,No,Normal,No,17,19,Monday,1,2026-01-19,Yes,0,0,0,0,0,0,Normal
SEC_0884,2026-01-19 17:30:00,BLDG_B,Office Floor,P1191,Employee,BADGE_10379,Exit,Authorized,Medium,Normal Access,64,No,Normal,No,17,19,Monday,1,2026-01-19,Yes,0,0,0,0,0,0,Normal
SEC_0885,2026-01-19 18:00:00,BLDG_A,Office Floor,P1099,Employee,BADGE_10330,Entry,Authorized,Low,Normal Access,35,No,Normal,No,18,19,Monday,1,2026-01-19,No,0,0,0,0,0,0,Normal
SEC_0886,2026-01-19 18:30:00,BLDG_B,Meeting Room,P1175,Visitor,BADGE_10222,Exit,Authorized,Low,Normal Access,104,No,Normal,No,18,19,Monday,1,2026-01-19,No,0,0,0,0,0,0,Normal
SEC_0887,2026-01-19 19:00:00,BLDG_A,Server Room,P1119,Employee,BADGE_10380,Exit,Authorized,Low,Normal Access,135,No,Normal,No,19,19,Monday,1,2026-01-19,No,0,0,0,0,0,0,Normal
SEC_0888,2026-01-19 19:30:00,BLDG_C,Office Floor,P1093,Employee,BADGE_10373,Entry,Authorized,Low,Normal Access,139,No,Normal,No,19,19,Monday,1,2026-01-19,No,0,0,0,0,0,0,Normal
SEC_0889,2026-01-19 20:00:00,BLDG_A,Office Floor,P1273,Employee,BADGE_10306,Exit,Authorized,Low,Normal Access,38,No,Normal,No,20,19,Monday,1,2026-01-19,No,0,0,0,0,0,0,Normal
SEC_0890,2026-01-19 20:30:00,BLDG_A,Office Floor,P1035,Employee,BADGE_10289,Exit,Authorized,Low,Normal Access,19,No,Normal,No,20,19,Monday,1,2026-01-19,No,0,0,0,0,0,0,Normal
SEC_0891,2026-01-19 21:00:00,BLDG_A,Meeting Room,P1263,Visitor,BADGE_10312,Entry,Denied,High,Failed Access,81,Yes,Unusual,No,21,19,Monday,1,2026-01-19,No,0,1,0,1,1,3,Warning
SEC_0892,2026-01-19 21:30:00,BLDG_A,Common Area,P1298,Employee,BADGE_10317,Entry,Authorized,Low,Normal Access,59,No,Normal,No,21,19,Monday,1,2026-01-19,No,0,0,0,0,0,0,Normal
SEC_0893,2026-01-19 22:00:00,BLDG_C,Office Floor,P1086,Employee,BADGE_10251,Entry,Authorized,Medium,Normal Access,135,No,Normal,No,22,19,Monday,1,2026-01-19,No,0,0,0,0,0,0,Normal
SEC_0894,2026-01-19 22:30:00,BLDG_A,Meeting Room,P1069,Employee,BADGE_10446,Entry,Authorized,Low,Normal Access,133,No,Normal,No,22,19,Monday,1,2026-01-19,No,0,0,0,0,0,0,Normal
SEC_0895,2026-01-19 23:00:00,BLDG_A,Office Floor,P1293,Employee,BADGE_10293,Exit,Authorized,Low,Normal Access,132,No,Normal,No,23,19,Monday,1,2026-01-19,No,0,0,0,0,0,0,Normal
SEC_0896,2026-01-19 23:30:00,BLDG_C,Parking Area,P1154,Contractor,BADGE_10304,Exit,Authorized,Low,Normal Access,169,No,Normal,No,23,19,Monday,1,2026-01-19,No,0,0,0,0,0,0,Normal
SEC_0897,2026-01-20 00:00:00,BLDG_A,Office Floor,P1108,Employee,BADGE_10211,Entry,Authorized,Medium,Normal Access,75,No,Normal,No,0,20,Tuesday,1,2026-01-20,No,0,0,0,0,0,0,Normal
SEC_0898,2026-01-20 00:30:00,BLDG_B,Meeting Room,P1202,Employee,BADGE_10093,Exit,Authorized,Low,Normal Access,74,No,Normal,No,0,20,Tuesday,1,2026-01-20,No,0,0,0,0,0,0,Normal
SEC_0899,2026-01-20 01:00:00,BLDG_B,Office Floor,P1135,Employee,BADGE_10144,Entry,Authorized,Low,Normal Access,20,No,Normal,No,1,20,Tuesday,1,2026-01-20,No,0,0,0,0,0,0,Normal
SEC_0900,2026-01-20 01:30:00,BLDG_A,Common Area,P1020,Visitor,BADGE_10050,Entry,Authorized,Low,Normal Access,165,No,Normal,No,1,20,Tuesday,1,2026-01-20,No,0,0,0,0,0,0,Normal
SEC_0901,2026-01-20 02:00:00,BLDG_A,Office Floor,P1297,Visitor,BADGE_10301,Exit,Authorized,Low,Normal Access,104,No,Normal,No,2,20,Tuesday,1,2026-01-20,No,0,0,0,0,0,0,Normal
SEC_0902,2026-01-20 02:30:00,BLDG_B,Common Area,P1208,Employee,BADGE_10415,Entry,Authorized,Medium,Normal Access,116,No,Normal,No,2,20,Tuesday,1,2026-01-20,No,0,0,0,0,0,0,Normal
SEC_0903,2026-01-20 03:00:00,BLDG_B,Meeting Room,P1089,Employee,BADGE_10475,Entry,Authorized,Low,Normal Access,59,No,Normal,No,3,20,Tuesday,1,2026-01-20,No,0,0,0,0,0,0,Normal
SEC_0904,2026-01-20 03:30:00,BLDG_C,Common Area,P1152,Employee,BADGE_10492,Exit,Authorized,Low,Normal Access,150,No,Normal,No,3,20,Tuesday,1,2026-01-20,No,0,0,0,0,0,0,Normal
SEC_0905,2026-01-20 04:00:00,BLDG_C,Meeting Room,P1260,Visitor,BADGE_10072,Exit,Authorized,Low,Normal Access,18,No,Normal,No,4,20,Tuesday,1,2026-01-20,No,0,0,0,0,0,0,Normal
SEC_0906,2026-01-20 04:30:00,BLDG_B,Parking Area,P1031,Visitor,BADGE_10368,Exit,Authorized,Medium,Normal Access,48,No,Normal,No,4,20,Tuesday,1,2026-01-20,No,0,0,0,0,0,0,Normal
SEC_0907,2026-01-20 05:00:00,BLDG_C,Server Room,P1128,Employee,BADGE_10326,Entry,Denied,Medium,Restricted Access,148,Yes,Normal,No,5,20,Tuesday,1,2026-01-20,No,0,1,0,0,0,1,Monitoring
SEC_0908,2026-01-20 05:30:00,BLDG_A,Common Area,P1134,Employee,BADGE_10421,Entry,Authorized,Low,Normal Access,133,No,Normal,No,5,20,Tuesday,1,2026-01-20,No,0,0,0,0,0,0,Normal
SEC_0909,2026-01-20 06:00:00,BLDG_C,Meeting Room,P1286,Visitor,BADGE_10185,Exit,Authorized,Low,Normal Access,100,No,Normal,No,6,20,Tuesday,1,2026-01-20,No,0,0,0,0,0,0,Normal
SEC_0910,2026-01-20 06:30:00,BLDG_B,Office Floor,P1140,Employee,BADGE_10177,Entry,Authorized,Low,Normal Access,160,No,Normal,No,6,20,Tuesday,1,2026-01-20,No,0,0,0,0,0,0,Normal
SEC_0911,2026-01-20 07:00:00,BLDG_B,Restricted Zone,P1019,Employee,BADGE_10083,Exit,Authorized,Low,Normal Access,116,No,Normal,No,7,20,Tuesday,1,2026-01-20,No,0,0,0,0,0,0,Normal
SEC_0912,2026-01-20 07:30:00,BLDG_C,Parking Area,P1170,Employee,BADGE_10375,Entry,Authorized,Low,Normal Access,46,No,Normal,No,7,20,Tuesday,1,2026-01-20,No,0,0,0,0,0,0,Normal
SEC_0913,2026-01-20 08:00:00,BLDG_C,Meeting Room,P1187,Visitor,BADGE_10385,Exit,Authorized,Low,Normal Access,45,No,Normal,No,8,20,Tuesday,1,2026-01-20,No,0,0,0,0,0,0,Normal
SEC_0914,2026-01-20 08:30:00,BLDG_A,Meeting Room,P1131,Employee,BADGE_10224,Entry,Authorized,Low,Normal Access,143,No,Normal,No,8,20,Tuesday,1,2026-01-20,No,0,0,0,0,0,0,Normal
SEC_0915,2026-01-20 09:00:00,BLDG_B,Restricted Zone,P1208,Employee,BADGE_10257,Exit,Authorized,Low,Normal Access,12,No,Normal,No,9,20,Tuesday,1,2026-01-20,Yes,0,0,0,0,0,0,Normal
SEC_0916,2026-01-20 09:30:00,BLDG_A,Office Floor,P1212,Employee,BADGE_10239,Entry,Authorized,Low,Normal Access,63,No,Normal,No,9,20,Tuesday,1,2026-01-20,Yes,0,0,0,0,0,0,Normal
SEC_0917,2026-01-20 10:00:00,BLDG_C,Office Floor,P1176,Employee,BADGE_10142,Entry,Authorized,Medium,Normal Access,81,No,Normal,No,10,20,Tuesday,1,2026-01-20,Yes,0,0,0,0,0,0,Normal
SEC_0918,2026-01-20 10:30:00,BLDG_A,Restricted Zone,P1088,Employee,BADGE_10097,Exit,Denied,Medium,Restricted Access,145,Yes,Unusual,No,10,20,Tuesday,1,2026-01-20,Yes,0,1,0,1,0,2,Warning
SEC_0919,2026-01-20 11:00:00,BLDG_A,Restricted Zone,P1155,Contractor,BADGE_10175,Entry,Denied,High,Restricted Access,81,Yes,Normal,Yes,11,20,Tuesday,1,2026-01-20,Yes,0,1,1,0,1,3,Warning
SEC_0920,2026-01-20 11:30:00,BLDG_C,Office Floor,P1218,Employee,BADGE_10278,Entry,Authorized,Low,Normal Access,98,No,Normal,No,11,20,Tuesday,1,2026-01-20,Yes,0,0,0,0,0,0,Normal
SEC_0921,2026-01-20 12:00:00,BLDG_C,Office Floor,P1172,Employee,BADGE_10357,Entry,Authorized,Low,Normal Access,72,No,Normal,No,12,20,Tuesday,1,2026-01-20,Yes,0,0,0,0,0,0,Normal
SEC_0922,2026-01-20 12:30:00,BLDG_C,Office Floor,P1155,Contractor,BADGE_10257,Entry,Authorized,Medium,Normal Access,163,No,Normal,No,12,20,Tuesday,1,2026-01-20,Yes,0,0,0,0,0,0,Normal
SEC_0923,2026-01-20 13:00:00,BLDG_C,Common Area,P1246,Employee,BADGE_10221,Entry,Authorized,Low,Normal Access,124,No,Normal,No,13,20,Tuesday,1,2026-01-20,Yes,0,0,0,0,0,0,Normal
SEC_0924,2026-01-20 13:30:00,BLDG_C,Office Floor,P1170,Employee,BADGE_10039,Exit,Authorized,Low,Normal Access,70,No,Normal,No,13,20,Tuesday,1,2026-01-20,Yes,0,0,0,0,0,0,Normal
SEC_0925,2026-01-20 14:00:00,BLDG_A,Meeting Room,P1119,Employee,BADGE_10469,Entry,Authorized,Low,Normal Access,38,No,Normal,No,14,20,Tuesday,1,2026-01-20,Yes,0,0,0,0,0,0,Normal
SEC_0926,2026-01-20 14:30:00,BLDG_B,Common Area,P1143,Employee,BADGE_10245,Entry,Authorized,Low,Normal Access,164,No,Normal,No,14,20,Tuesday,1,2026-01-20,Yes,0,0,0,0,0,0,Normal
SEC_0927,2026-01-20 15:00:00,BLDG_B,Parking Area,P1076,Employee,BADGE_10353,Entry,Authorized,Low,Normal Access,153,No,Normal,No,15,20,Tuesday,1,2026-01-20,Yes,0,0,0,0,0,0,Normal
SEC_0928,2026-01-20 15:30:00,BLDG_C,Office Floor,P1221,Visitor,BADGE_10428,Exit,Authorized,Low,Normal Access,144,No,Normal,No,15,20,Tuesday,1,2026-01-20,Yes,0,0,0,0,0,0,Normal
SEC_0929,2026-01-20 16:00:00,BLDG_C,Meeting Room,P1093,Employee,BADGE_10105,Entry,Denied,Medium,Restricted Access,54,Yes,Normal,No,16,20,Tuesday,1,2026-01-20,Yes,0,1,0,0,0,1,Monitoring
SEC_0930,2026-01-20 16:30:00,BLDG_B,Restricted Zone,P1133,Employee,BADGE_10459,Exit,Authorized,Low,Normal Access,81,No,Normal,No,16,20,Tuesday,1,2026-01-20,Yes,0,0,0,0,0,0,Normal
SEC_0931,2026-01-20 17:00:00,BLDG_B,Office Floor,P1212,Employee,BADGE_10156,Entry,Denied,Medium,Failed Access,27,No,Normal,No,17,20,Tuesday,1,2026-01-20,Yes,0,0,0,0,0,0,Normal
SEC_0932,2026-01-20 17:30:00,BLDG_A,Meeting Room,P1105,Employee,BADGE_10325,Entry,Authorized,Low,Normal Access,16,No,Normal,No,17,20,Tuesday,1,2026-01-20,Yes,0,0,0,0,0,0,Normal
SEC_0933,2026-01-20 18:00:00,BLDG_B,Server Room,P1009,Employee,BADGE_10401,Entry,Denied,Medium,Restricted Access,119,Yes,Normal,No,18,20,Tuesday,1,2026-01-20,No,0,1,0,0,0,1,Monitoring
SEC_0934,2026-01-20 18:30:00,BLDG_B,Office Floor,P1105,Employee,BADGE_10184,Exit,Authorized,Low,Normal Access,75,No,Normal,No,18,20,Tuesday,1,2026-01-20,No,0,0,0,0,0,0,Normal
SEC_0935,2026-01-20 19:00:00,BLDG_C,Meeting Room,P1140,Contractor,BADGE_10410,Exit,Authorized,Medium,Normal Access,28,No,Normal,No,19,20,Tuesday,1,2026-01-20,No,0,0,0,0,0,0,Normal
SEC_0936,2026-01-20 19:30:00,BLDG_B,Common Area,P1096,Employee,BADGE_10477,Exit,Authorized,High,Suspicious Activity,90,Yes,Suspicious,Yes,19,20,Tuesday,1,2026-01-20,No,0,1,1,0,1,3,Warning
SEC_0937,2026-01-20 20:00:00,BLDG_C,Office Floor,P1291,Employee,BADGE_10107,Exit,Authorized,Low,Normal Access,129,No,Normal,No,20,20,Tuesday,1,2026-01-20,No,0,0,0,0,0,0,Normal
SEC_0938,2026-01-20 20:30:00,BLDG_C,Meeting Room,P1013,Employee,BADGE_10457,Exit,Authorized,Low,Normal Access,99,No,Normal,No,20,20,Tuesday,1,2026-01-20,No,0,0,0,0,0,0,Normal
SEC_0939,2026-01-20 21:00:00,BLDG_A,Restricted Zone,P1226,Employee,BADGE_10162,Entry,Denied,High,Restricted Access,26,Yes,Unusual,Yes,21,20,Tuesday,1,2026-01-20,No,0,1,1,1,1,4,Critical
SEC_0940,2026-01-20 21:30:00,BLDG_B,Common Area,P1187,Employee,BADGE_10437,Entry,Authorized,Low,Normal Access,9,No,Normal,No,21,20,Tuesday,1,2026-01-20,No,0,0,0,0,0,0,Normal
SEC_0941,2026-01-20 22:00:00,BLDG_C,Office Floor,P1175,Employee,BADGE_10004,Exit,Authorized,Low,Normal Access,56,No,Normal,No,22,20,Tuesday,1,2026-01-20,No,0,0,0,0,0,0,Normal
SEC_0942,2026-01-20 22:30:00,BLDG_A,Office Floor,P1020,Employee,BADGE_10269,Entry,Authorized,Low,Normal Access,78,No,Normal,No,22,20,Tuesday,1,2026-01-20,No,0,0,0,0,0,0,Normal
SEC_0943,2026-01-20 23:00:00,BLDG_C,Restricted Zone,P1039,Employee,BADGE_10290,Exit,Authorized,Low,Normal Access,98,No,Normal,No,23,20,Tuesday,1,2026-01-20,No,0,0,0,0,0,0,Normal
SEC_0944,2026-01-20 23:30:00,BLDG_B,Common Area,P1236,Employee,BADGE_10200,Entry,Authorized,Medium,Normal Access,77,No,Normal,No,23,20,Tuesday,1,2026-01-20,No,0,0,0,0,0,0,Normal
SEC_0945,2026-01-21 00:00:00,BLDG_B,Restricted Zone,P1091,Visitor,BADGE_10192,Entry,Authorized,Low,Normal Access,80,No,Normal,No,0,21,Wednesday,1,2026-01-21,No,0,0,0,0,0,0,Normal
SEC_0946,2026-01-21 00:30:00,BLDG_B,Office Floor,P1033,Employee,BADGE_10044,Entry,Authorized,Low,Normal Access,166,No,Normal,No,0,21,Wednesday,1,2026-01-21,No,0,0,0,0,0,0,Normal
SEC_0947,2026-01-21 01:00:00,BLDG_C,Server Room,P1121,Employee,BADGE_10433,Exit,Authorized,Low,Normal Access,153,No,Normal,No,1,21,Wednesday,1,2026-01-21,No,0,0,0,0,0,0,Normal
SEC_0948,2026-01-21 01:30:00,BLDG_A,Office Floor,P1071,Employee,BADGE_10078,Exit,Authorized,Low,Normal Access,29,No,Normal,No,1,21,Wednesday,1,2026-01-21,No,0,0,0,0,0,0,Normal
SEC_0949,2026-01-21 02:00:00,BLDG_B,Office Floor,P1061,Employee,BADGE_10115,Entry,Authorized,Low,Normal Access,65,No,Normal,No,2,21,Wednesday,1,2026-01-21,No,0,0,0,0,0,0,Normal
SEC_0950,2026-01-21 02:30:00,BLDG_B,Parking Area,P1284,Employee,BADGE_10475,Exit,Authorized,Low,Normal Access,55,No,Normal,No,2,21,Wednesday,1,2026-01-21,No,0,0,0,0,0,0,Normal
SEC_0951,2026-01-21 03:00:00,BLDG_C,Office Floor,P1159,Employee,BADGE_10377,Entry,Authorized,Low,Normal Access,117,No,Normal,No,3,21,Wednesday,1,2026-01-21,No,0,0,0,0,0,0,Normal
SEC_0952,2026-01-21 03:30:00,BLDG_A,Server Room,P1059,Visitor,BADGE_10054,Entry,Authorized,Low,Normal Access,87,No,Normal,No,3,21,Wednesday,1,2026-01-21,No,0,0,0,0,0,0,Normal
SEC_0953,2026-01-21 04:00:00,BLDG_B,Restricted Zone,P1222,Employee,BADGE_10052,Exit,Authorized,Low,Normal Access,117,No,Normal,No,4,21,Wednesday,1,2026-01-21,No,0,0,0,0,0,0,Normal
SEC_0954,2026-01-21 04:30:00,BLDG_A,Common Area,P1186,Employee,BADGE_10261,Entry,Authorized,Low,Normal Access,17,No,Normal,No,4,21,Wednesday,1,2026-01-21,No,0,0,0,0,0,0,Normal
SEC_0955,2026-01-21 05:00:00,BLDG_A,Office Floor,P1001,Employee,BADGE_10058,Entry,Authorized,Low,Normal Access,94,No,Normal,No,5,21,Wednesday,1,2026-01-21,No,0,0,0,0,0,0,Normal
SEC_0956,2026-01-21 05:30:00,BLDG_C,Common Area,P1014,Employee,BADGE_10133,Entry,Authorized,Low,Normal Access,170,No,Normal,No,5,21,Wednesday,1,2026-01-21,No,0,0,0,0,0,0,Normal
SEC_0957,2026-01-21 06:00:00,BLDG_A,Office Floor,P1300,Employee,BADGE_10276,Entry,Authorized,Low,Normal Access,112,No,Normal,No,6,21,Wednesday,1,2026-01-21,No,0,0,0,0,0,0,Normal
SEC_0958,2026-01-21 06:30:00,BLDG_A,Common Area,P1203,Employee,BADGE_10288,Entry,Denied,High,Failed Access,46,Yes,Normal,No,6,21,Wednesday,1,2026-01-21,No,0,1,0,0,1,2,Warning
SEC_0959,2026-01-21 07:00:00,BLDG_B,Server Room,P1103,Employee,BADGE_10448,Entry,Authorized,Low,Normal Access,78,No,Normal,No,7,21,Wednesday,1,2026-01-21,No,0,0,0,0,0,0,Normal
SEC_0960,2026-01-21 07:30:00,BLDG_B,Restricted Zone,P1005,Employee,BADGE_10019,Exit,Denied,Medium,Failed Access,171,No,Unusual,No,7,21,Wednesday,1,2026-01-21,No,0,0,0,1,0,1,Monitoring
SEC_0961,2026-01-21 08:00:00,BLDG_B,Meeting Room,P1046,Employee,BADGE_10392,Exit,Authorized,Low,Normal Access,120,No,Normal,No,8,21,Wednesday,1,2026-01-21,No,0,0,0,0,0,0,Normal
SEC_0962,2026-01-21 08:30:00,BLDG_B,Common Area,P1046,Employee,BADGE_10459,Entry,Authorized,Low,Normal Access,15,No,Normal,No,8,21,Wednesday,1,2026-01-21,No,0,0,0,0,0,0,Normal
SEC_0963,2026-01-21 09:00:00,BLDG_C,Office Floor,P1114,Employee,BADGE_10389,Exit,Authorized,Low,Normal Access,76,No,Normal,No,9,21,Wednesday,1,2026-01-21,Yes,0,0,0,0,0,0,Normal
SEC_0964,2026-01-21 09:30:00,BLDG_B,Office Floor,P1289,Visitor,BADGE_10097,Exit,Authorized,Medium,Normal Access,80,No,Normal,No,9,21,Wednesday,1,2026-01-21,Yes,0,0,0,0,0,0,Normal
SEC_0965,2026-01-21 10:00:00,BLDG_C,Parking Area,P1095,Visitor,BADGE_10056,Exit,Authorized,Low,Normal Access,33,No,Normal,No,10,21,Wednesday,1,2026-01-21,Yes,0,0,0,0,0,0,Normal
SEC_0966,2026-01-21 10:30:00,BLDG_A,Common Area,P1126,Employee,BADGE_10251,Entry,Denied,Low,Failed Access,133,No,Normal,No,10,21,Wednesday,1,2026-01-21,Yes,0,0,0,0,0,0,Normal
SEC_0967,2026-01-21 11:00:00,BLDG_C,Common Area,P1258,Employee,BADGE_10311,Exit,Authorized,Medium,Normal Access,105,No,Normal,No,11,21,Wednesday,1,2026-01-21,Yes,0,0,0,0,0,0,Normal
SEC_0968,2026-01-21 11:30:00,BLDG_A,Server Room,P1240,Employee,BADGE_10089,Exit,Authorized,High,Suspicious Activity,96,Yes,Suspicious,Yes,11,21,Wednesday,1,2026-01-21,Yes,0,1,1,0,1,3,Warning
SEC_0969,2026-01-21 12:00:00,BLDG_C,Common Area,P1126,Employee,BADGE_10316,Exit,Authorized,Low,Normal Access,141,No,Normal,No,12,21,Wednesday,1,2026-01-21,Yes,0,0,0,0,0,0,Normal
SEC_0970,2026-01-21 12:30:00,BLDG_B,Parking Area,P1008,Employee,BADGE_10104,Entry,Authorized,Low,Normal Access,35,No,Normal,No,12,21,Wednesday,1,2026-01-21,Yes,0,0,0,0,0,0,Normal
SEC_0971,2026-01-21 13:00:00,BLDG_C,Restricted Zone,P1013,Employee,BADGE_10028,Entry,Denied,High,Failed Access,85,Yes,Normal,Yes,13,21,Wednesday,1,2026-01-21,Yes,0,1,1,0,1,3,Warning
SEC_0972,2026-01-21 13:30:00,BLDG_A,Meeting Room,P1086,Employee,BADGE_10133,Exit,Authorized,Low,Normal Access,179,No,Normal,No,13,21,Wednesday,1,2026-01-21,Yes,0,0,0,0,0,0,Normal
SEC_0973,2026-01-21 14:00:00,BLDG_A,Parking Area,P1113,Employee,BADGE_10469,Exit,Authorized,Low,Normal Access,138,No,Normal,No,14,21,Wednesday,1,2026-01-21,Yes,0,0,0,0,0,0,Normal
SEC_0974,2026-01-21 14:30:00,BLDG_C,Common Area,P1020,Employee,BADGE_10289,Entry,Authorized,Low,Normal Access,101,No,Normal,No,14,21,Wednesday,1,2026-01-21,Yes,0,0,0,0,0,0,Normal
SEC_0975,2026-01-21 15:00:00,BLDG_B,Parking Area,P1287,Employee,BADGE_10256,Entry,Authorized,Low,Normal Access,13,No,Normal,No,15,21,Wednesday,1,2026-01-21,Yes,0,0,0,0,0,0,Normal
SEC_0976,2026-01-21 15:30:00,BLDG_B,Meeting Room,P1132,Contractor,BADGE_10343,Exit,Authorized,Low,Normal Access,157,No,Normal,No,15,21,Wednesday,1,2026-01-21,Yes,0,0,0,0,0,0,Normal
SEC_0977,2026-01-21 16:00:00,BLDG_A,Common Area,P1079,Employee,BADGE_10460,Exit,Authorized,Medium,Normal Access,62,No,Normal,No,16,21,Wednesday,1,2026-01-21,Yes,0,0,0,0,0,0,Normal
SEC_0978,2026-01-21 16:30:00,BLDG_B,Server Room,P1161,Employee,BADGE_10102,Entry,Authorized,Low,Normal Access,121,No,Normal,No,16,21,Wednesday,1,2026-01-21,Yes,0,0,0,0,0,0,Normal
SEC_0979,2026-01-21 17:00:00,BLDG_A,Office Floor,P1110,Employee,BADGE_10483,Entry,Authorized,Low,Normal Access,152,No,Normal,No,17,21,Wednesday,1,2026-01-21,Yes,0,0,0,0,0,0,Normal
SEC_0980,2026-01-21 17:30:00,BLDG_B,Parking Area,P1248,Employee,BADGE_10166,Entry,Authorized,Low,Normal Access,63,No,Normal,No,17,21,Wednesday,1,2026-01-21,Yes,0,0,0,0,0,0,Normal
SEC_0981,2026-01-21 18:00:00,BLDG_C,Meeting Room,P1237,Employee,BADGE_10306,Exit,Authorized,Low,Normal Access,82,No,Normal,No,18,21,Wednesday,1,2026-01-21,No,0,0,0,0,0,0,Normal
SEC_0982,2026-01-21 18:30:00,BLDG_B,Common Area,P1265,Contractor,BADGE_10451,Entry,Authorized,Low,Normal Access,55,No,Normal,No,18,21,Wednesday,1,2026-01-21,No,0,0,0,0,0,0,Normal
SEC_0983,2026-01-21 19:00:00,BLDG_B,Common Area,P1168,Contractor,BADGE_10119,Entry,Authorized,Low,Normal Access,144,No,Normal,No,19,21,Wednesday,1,2026-01-21,No,0,0,0,0,0,0,Normal
SEC_0984,2026-01-21 19:30:00,BLDG_C,Server Room,P1192,Employee,BADGE_10447,Entry,Authorized,Low,Normal Access,81,No,Normal,No,19,21,Wednesday,1,2026-01-21,No,0,0,0,0,0,0,Normal
SEC_0985,2026-01-21 20:00:00,BLDG_B,Meeting Room,P1165,Employee,BADGE_10427,Entry,Authorized,Low,Normal Access,87,No,Normal,No,20,21,Wednesday,1,2026-01-21,No,0,0,0,0,0,0,Normal
SEC_0986,2026-01-21 20:30:00,BLDG_B,Server Room,P1096,Employee,BADGE_10429,Entry,Authorized,Low,Normal Access,115,No,Normal,No,20,21,Wednesday,1,2026-01-21,No,0,0,0,0,0,0,Normal
SEC_0987,2026-01-21 21:00:00,BLDG_C,Meeting Room,P1152,Visitor,BADGE_10128,Exit,Authorized,Low,Normal Access,125,No,Normal,No,21,21,Wednesday,1,2026-01-21,No,0,0,0,0,0,0,Normal
SEC_0988,2026-01-21 21:30:00,BLDG_A,Common Area,P1150,Employee,BADGE_10452,Entry,Authorized,Low,Normal Access,163,No,Normal,No,21,21,Wednesday,1,2026-01-21,No,0,0,0,0,0,0,Normal
SEC_0989,2026-01-21 22:00:00,BLDG_B,Parking Area,P1065,Employee,BADGE_10326,Exit,Authorized,Low,Normal Access,70,No,Normal,No,22,21,Wednesday,1,2026-01-21,No,0,0,0,0,0,0,Normal
SEC_0990,2026-01-21 22:30:00,BLDG_B,Office Floor,P1062,Employee,BADGE_10300,Exit,Authorized,Low,Normal Access,148,No,Normal,No,22,21,Wednesday,1,2026-01-21,No,0,0,0,0,0,0,Normal
SEC_0991,2026-01-21 23:00:00,BLDG_B,Common Area,P1166,Employee,BADGE_10205,Entry,Authorized,Medium,Normal Access,12,No,Normal,No,23,21,Wednesday,1,2026-01-21,No,0,0,0,0,0,0,Normal
SEC_0992,2026-01-21 23:30:00,BLDG_B,Common Area,P1138,Employee,BADGE_10174,Exit,Authorized,Low,Normal Access,157,No,Normal,No,23,21,Wednesday,1,2026-01-21,No,0,0,0,0,0,0,Normal
SEC_0993,2026-01-22 00:00:00,BLDG_B,Common Area,P1069,Employee,BADGE_10458,Entry,Authorized,Low,Normal Access,115,No,Normal,No,0,22,Thursday,1,2026-01-22,No,0,0,0,0,0,0,Normal
SEC_0994,2026-01-22 00:30:00,BLDG_A,Common Area,P1236,Employee,BADGE_10162,Entry,Authorized,Low,Normal Access,43,No,Normal,No,0,22,Thursday,1,2026-01-22,No,0,0,0,0,0,0,Normal
SEC_0995,2026-01-22 01:00:00,BLDG_C,Common Area,P1162,Employee,BADGE_10201,Exit,Authorized,Low,Normal Access,147,No,Normal,No,1,22,Thursday,1,2026-01-22,No,0,0,0,0,0,0,Normal
SEC_0996,2026-01-22 01:30:00,BLDG_C,Meeting Room,P1135,Employee,BADGE_10494,Entry,Authorized,Low,Normal Access,134,No,Normal,No,1,22,Thursday,1,2026-01-22,No,0,0,0,0,0,0,Normal
SEC_0997,2026-01-22 02:00:00,BLDG_A,Parking Area,P1003,Employee,BADGE_10193,Exit,Authorized,Medium,Normal Access,74,No,Normal,No,2,22,Thursday,1,2026-01-22,No,0,0,0,0,0,0,Normal
SEC_0998,2026-01-22 02:30:00,BLDG_B,Office Floor,P1257,Employee,BADGE_10089,Exit,Authorized,Low,Normal Access,48,No,Normal,No,2,22,Thursday,1,2026-01-22,No,0,0,0,0,0,0,Normal
SEC_0999,2026-01-22 03:00:00,BLDG_B,Common Area,P1176,Visitor,BADGE_10323,Entry,Authorized,Low,Normal Access,175,No,Normal,No,3,22,Thursday,1,2026-01-22,No,0,0,0,0,0,0,Normal
SEC_1000,2026-01-22 03:30:00,BLDG_B,Restricted Zone,P1067,Employee,BADGE_10382,Exit,Authorized,Low,Normal Access,87,No,Normal,No,3,22,Thursday,1,2026-01-22,No,0,0,0,0,0,0,Normal
SEC_1001,2026-01-22 04:00:00,BLDG_C,Common Area,P1112,Contractor,BADGE_10486,Exit,Authorized,Low,Normal Access,25,No,Normal,No,4,22,Thursday,1,2026-01-22,No,0,0,0,0,0,0,Normal
SEC_1002,2026-01-22 04:30:00,BLDG_B,Office Floor,P1182,Visitor,BADGE_10491,Exit,Authorized,Low,Normal Access,148,No,Normal,No,4,22,Thursday,1,2026-01-22,No,0,0,0,0,0,0,Normal
SEC_1003,2026-01-22 05:00:00,BLDG_B,Common Area,P1151,Employee,BADGE_10176,Entry,Authorized,Low,Normal Access,171,No,Normal,No,5,22,Thursday,1,2026-01-22,No,0,0,0,0,0,0,Normal
SEC_1004,2026-01-22 05:30:00,BLDG_C,Office Floor,P1035,Employee,BADGE_10047,Entry,Authorized,Low,Normal Access,157,No,Normal,No,5,22,Thursday,1,2026-01-22,No,0,0,0,0,0,0,Normal
SEC_1005,2026-01-22 06:00:00,BLDG_B,Restricted Zone,P1124,Employee,BADGE_10279,Entry,Authorized,Low,Normal Access,112,No,Normal,No,6,22,Thursday,1,2026-01-22,No,0,0,0,0,0,0,Normal
SEC_1006,2026-01-22 06:30:00,BLDG_A,Parking Area,P1215,Employee,BADGE_10221,Entry,Authorized,Low,Normal Access,16,No,Normal,No,6,22,Thursday,1,2026-01-22,No,0,0,0,0,0,0,Normal
SEC_1007,2026-01-22 07:00:00,BLDG_B,Meeting Room,P1014,Employee,BADGE_10050,Exit,Authorized,Medium,Normal Access,155,No,Normal,No,7,22,Thursday,1,2026-01-22,No,0,0,0,0,0,0,Normal
SEC_1008,2026-01-22 07:30:00,BLDG_B,Parking Area,P1038,Employee,BADGE_10357,Entry,Authorized,Medium,Suspicious Activity,63,Yes,Suspicious,Yes,7,22,Thursday,1,2026-01-22,No,0,1,1,0,0,2,Warning
SEC_1009,2026-01-22 08:00:00,BLDG_A,Server Room,P1237,Visitor,BADGE_10397,Exit,Authorized,Low,Normal Access,175,No,Normal,No,8,22,Thursday,1,2026-01-22,No,0,0,0,0,0,0,Normal
SEC_1010,2026-01-22 08:30:00,BLDG_B,Common Area,P1036,Employee,BADGE_10417,Exit,Authorized,Low,Normal Access,160,No,Normal,No,8,22,Thursday,1,2026-01-22,No,0,0,0,0,0,0,Normal
SEC_1011,2026-01-22 09:00:00,BLDG_A,Meeting Room,P1263,Employee,BADGE_10107,Entry,Authorized,Low,Normal Access,69,No,Normal,No,9,22,Thursday,1,2026-01-22,Yes,0,0,0,0,0,0,Normal
SEC_1012,2026-01-22 09:30:00,BLDG_A,Meeting Room,P1008,Employee,BADGE_10443,Entry,Authorized,Low,Normal Access,174,No,Normal,No,9,22,Thursday,1,2026-01-22,Yes,0,0,0,0,0,0,Normal
SEC_1013,2026-01-22 10:00:00,BLDG_C,Office Floor,P1070,Visitor,BADGE_10115,Exit,Authorized,Medium,Normal Access,8,No,Normal,No,10,22,Thursday,1,2026-01-22,Yes,0,0,0,0,0,0,Normal
SEC_1014,2026-01-22 10:30:00,BLDG_A,Restricted Zone,P1221,Employee,BADGE_10352,Entry,Denied,High,Failed Access,118,Yes,Normal,Yes,10,22,Thursday,1,2026-01-22,Yes,0,1,1,0,1,3,Warning
SEC_1015,2026-01-22 11:00:00,BLDG_B,Parking Area,P1176,Employee,BADGE_10171,Exit,Authorized,Low,Normal Access,101,No,Normal,No,11,22,Thursday,1,2026-01-22,Yes,0,0,0,0,0,0,Normal
SEC_1016,2026-01-22 11:30:00,BLDG_C,Meeting Room,P1156,Employee,BADGE_10053,Entry,Authorized,Low,Normal Access,74,No,Normal,No,11,22,Thursday,1,2026-01-22,Yes,0,0,0,0,0,0,Normal
SEC_1017,2026-01-22 12:00:00,BLDG_C,Office Floor,P1152,Visitor,BADGE_10024,Exit,Authorized,Low,Normal Access,61,No,Normal,No,12,22,Thursday,1,2026-01-22,Yes,0,0,0,0,0,0,Normal
SEC_1018,2026-01-22 12:30:00,BLDG_B,Common Area,P1104,Visitor,BADGE_10333,Exit,Authorized,Low,Normal Access,9,No,Normal,No,12,22,Thursday,1,2026-01-22,Yes,0,0,0,0,0,0,Normal
SEC_1019,2026-01-22 13:00:00,BLDG_B,Common Area,P1137,Employee,BADGE_10167,Exit,Authorized,Low,Normal Access,66,No,Normal,No,13,22,Thursday,1,2026-01-22,Yes,0,0,0,0,0,0,Normal
SEC_1020,2026-01-22 13:30:00,BLDG_B,Office Floor,P1254,Visitor,BADGE_10101,Exit,Authorized,Low,Normal Access,96,No,Normal,No,13,22,Thursday,1,2026-01-22,Yes,0,0,0,0,0,0,Normal
SEC_1021,2026-01-22 14:00:00,BLDG_A,Parking Area,P1176,Employee,BADGE_10211,Entry,Authorized,Low,Normal Access,171,No,Normal,No,14,22,Thursday,1,2026-01-22,Yes,0,0,0,0,0,0,Normal
SEC_1022,2026-01-22 14:30:00,BLDG_A,Server Room,P1230,Employee,BADGE_10460,Entry,Authorized,Low,Normal Access,90,No,Normal,No,14,22,Thursday,1,2026-01-22,Yes,0,0,0,0,0,0,Normal
SEC_1023,2026-01-22 15:00:00,BLDG_B,Office Floor,P1094,Employee,BADGE_10358,Entry,Authorized,Low,Normal Access,135,No,Normal,No,15,22,Thursday,1,2026-01-22,Yes,0,0,0,0,0,0,Normal
SEC_1024,2026-01-22 15:30:00,BLDG_B,Restricted Zone,P1059,Employee,BADGE_10213,Exit,Authorized,Low,Normal Access,157,No,Normal,No,15,22,Thursday,1,2026-01-22,Yes,0,0,0,0,0,0,Normal
SEC_1025,2026-01-22 16:00:00,BLDG_B,Office Floor,P1293,Employee,BADGE_10340,Exit,Authorized,Medium,Normal Access,49,No,Normal,No,16,22,Thursday,1,2026-01-22,Yes,0,0,0,0,0,0,Normal
SEC_1026,2026-01-22 16:30:00,BLDG_A,Office Floor,P1013,Employee,BADGE_10303,Entry,Authorized,Medium,Normal Access,45,No,Normal,No,16,22,Thursday,1,2026-01-22,Yes,0,0,0,0,0,0,Normal
SEC_1027,2026-01-22 17:00:00,BLDG_C,Parking Area,P1091,Employee,BADGE_10120,Entry,Authorized,Low,Normal Access,61,No,Normal,No,17,22,Thursday,1,2026-01-22,Yes,0,0,0,0,0,0,Normal
SEC_1028,2026-01-22 17:30:00,BLDG_B,Server Room,P1132,Employee,BADGE_10324,Exit,Authorized,Low,Normal Access,91,No,Normal,No,17,22,Thursday,1,2026-01-22,Yes,0,0,0,0,0,0,Normal
SEC_1029,2026-01-22 18:00:00,BLDG_C,Restricted Zone,P1072,Contractor,BADGE_10304,Exit,Authorized,Low,Normal Access,108,No,Normal,No,18,22,Thursday,1,2026-01-22,No,0,0,0,0,0,0,Normal
SEC_1030,2026-01-22 18:30:00,BLDG_C,Restricted Zone,P1266,Visitor,BADGE_10329,Entry,Authorized,Low,Normal Access,49,No,Normal,No,18,22,Thursday,1,2026-01-22,No,0,0,0,0,0,0,Normal
SEC_1031,2026-01-22 19:00:00,BLDG_C,Common Area,P1239,Employee,BADGE_10069,Entry,Authorized,Low,Normal Access,46,No,Normal,No,19,22,Thursday,1,2026-01-22,No,0,0,0,0,0,0,Normal
SEC_1032,2026-01-22 19:30:00,BLDG_A,Common Area,P1251,Employee,BADGE_10082,Entry,Authorized,Low,Normal Access,55,No,Normal,No,19,22,Thursday,1,2026-01-22,No,0,0,0,0,0,0,Normal
SEC_1033,2026-01-22 20:00:00,BLDG_B,Restricted Zone,P1300,Employee,BADGE_10287,Entry,Authorized,Low,Normal Access,172,No,Normal,No,20,22,Thursday,1,2026-01-22,No,0,0,0,0,0,0,Normal
SEC_1034,2026-01-22 20:30:00,BLDG_B,Office Floor,P1116,Employee,BADGE_10490,Exit,Authorized,Low,Normal Access,14,No,Normal,No,20,22,Thursday,1,2026-01-22,No,0,0,0,0,0,0,Normal
SEC_1035,2026-01-22 21:00:00,BLDG_B,Restricted Zone,P1057,Employee,BADGE_10290,Entry,Authorized,Low,Normal Access,59,No,Normal,No,21,22,Thursday,1,2026-01-22,No,0,0,0,0,0,0,Normal
SEC_1036,2026-01-22 21:30:00,BLDG_C,Meeting Room,P1067,Visitor,BADGE_10221,Entry,Authorized,Low,Normal Access,165,No,Normal,No,21,22,Thursday,1,2026-01-22,No,0,0,0,0,0,0,Normal
SEC_1037,2026-01-22 22:00:00,BLDG_A,Meeting Room,P1106,Employee,BADGE_10332,Entry,Authorized,Low,Normal Access,41,No,Normal,No,22,22,Thursday,1,2026-01-22,No,0,0,0,0,0,0,Normal
SEC_1038,2026-01-22 22:30:00,BLDG_A,Parking Area,P1106,Employee,BADGE_10133,Entry,Denied,Medium,Failed Access,179,No,Unusual,No,22,22,Thursday,1,2026-01-22,No,0,0,0,1,0,1,Monitoring
SEC_1039,2026-01-22 23:00:00,BLDG_B,Server Room,P1289,Employee,BADGE_10410,Exit,Authorized,Low,Normal Access,101,No,Normal,No,23,22,Thursday,1,2026-01-22,No,0,0,0,0,0,0,Normal
SEC_1040,2026-01-22 23:30:00,BLDG_B,Server Room,P1150,Employee,BADGE_10362,Entry,Authorized,Low,Normal Access,147,No,Normal,No,23,22,Thursday,1,2026-01-22,No,0,0,0,0,0,0,Normal
SEC_1041,2026-01-23 00:00:00,BLDG_A,Office Floor,P1018,Employee,BADGE_10314,Exit,Authorized,Low,Normal Access,61,No,Normal,No,0,23,Friday,1,2026-01-23,No,0,0,0,0,0,0,Normal
SEC_1042,2026-01-23 00:30:00,BLDG_A,Meeting Room,P1237,Employee,BADGE_10215,Exit,Authorized,Low,Normal Access,111,No,Normal,No,0,23,Friday,1,2026-01-23,No,0,0,0,0,0,0,Normal
SEC_1043,2026-01-23 01:00:00,BLDG_C,Office Floor,P1061,Employee,BADGE_10425,Entry,Denied,Medium,Failed Access,134,No,Unusual,No,1,23,Friday,1,2026-01-23,No,0,0,0,1,0,1,Monitoring
SEC_1044,2026-01-23 01:30:00,BLDG_C,Office Floor,P1107,Employee,BADGE_10027,Entry,Authorized,Low,Normal Access,163,No,Normal,No,1,23,Friday,1,2026-01-23,No,0,0,0,0,0,0,Normal
SEC_1045,2026-01-23 02:00:00,BLDG_C,Parking Area,P1176,Contractor,BADGE_10121,Exit,Authorized,Low,Normal Access,14,No,Normal,No,2,23,Friday,1,2026-01-23,No,0,0,0,0,0,0,Normal
SEC_1046,2026-01-23 02:30:00,BLDG_B,Common Area,P1066,Visitor,BADGE_10331,Entry,Authorized,High,Suspicious Activity,46,Yes,Suspicious,Yes,2,23,Friday,1,2026-01-23,No,0,1,1,0,1,3,Warning
SEC_1047,2026-01-23 03:00:00,BLDG_A,Office Floor,P1017,Contractor,BADGE_10296,Entry,Authorized,Low,Normal Access,173,No,Normal,No,3,23,Friday,1,2026-01-23,No,0,0,0,0,0,0,Normal
SEC_1048,2026-01-23 03:30:00,BLDG_B,Office Floor,P1076,Employee,BADGE_10494,Exit,Denied,Medium,Failed Access,177,No,Normal,No,3,23,Friday,1,2026-01-23,No,0,0,0,0,0,0,Normal
SEC_1049,2026-01-23 04:00:00,BLDG_A,Common Area,P1021,Employee,BADGE_10073,Exit,Authorized,Low,Normal Access,75,No,Normal,No,4,23,Friday,1,2026-01-23,No,0,0,0,0,0,0,Normal
SEC_1050,2026-01-23 04:30:00,BLDG_C,Meeting Room,P1093,Employee,BADGE_10467,Entry,Authorized,Low,Normal Access,84,No,Normal,No,4,23,Friday,1,2026-01-23,No,0,0,0,0,0,0,Normal
SEC_1051,2026-01-23 05:00:00,BLDG_B,Parking Area,P1283,Employee,BADGE_10071,Entry,Authorized,Low,Normal Access,149,No,Normal,No,5,23,Friday,1,2026-01-23,No,0,0,0,0,0,0,Normal
SEC_1052,2026-01-23 05:30:00,BLDG_A,Common Area,P1224,Employee,BADGE_10462,Entry,Authorized,Low,Normal Access,176,No,Normal,No,5,23,Friday,1,2026-01-23,No,0,0,0,0,0,0,Normal
SEC_1053,2026-01-23 06:00:00,BLDG_B,Server Room,P1003,Contractor,BADGE_10179,Entry,Authorized,Low,Normal Access,41,No,Normal,No,6,23,Friday,1,2026-01-23,No,0,0,0,0,0,0,Normal
SEC_1054,2026-01-23 06:30:00,BLDG_B,Office Floor,P1142,Employee,BADGE_10086,Entry,Authorized,Low,Normal Access,47,No,Normal,No,6,23,Friday,1,2026-01-23,No,0,0,0,0,0,0,Normal
SEC_1055,2026-01-23 07:00:00,BLDG_C,Server Room,P1186,Employee,BADGE_10397,Entry,Authorized,Low,Normal Access,179,No,Normal,No,7,23,Friday,1,2026-01-23,No,0,0,0,0,0,0,Normal
SEC_1056,2026-01-23 07:30:00,BLDG_B,Office Floor,P1050,Employee,BADGE_10496,Entry,Authorized,Low,Normal Access,6,No,Normal,No,7,23,Friday,1,2026-01-23,No,0,0,0,0,0,0,Normal
SEC_1057,2026-01-23 08:00:00,BLDG_A,Office Floor,P1075,Employee,BADGE_10003,Exit,Authorized,Low,Normal Access,64,No,Normal,No,8,23,Friday,1,2026-01-23,No,0,0,0,0,0,0,Normal
SEC_1058,2026-01-23 08:30:00,BLDG_B,Parking Area,P1126,Visitor,BADGE_10255,Exit,Authorized,Low,Normal Access,73,No,Normal,No,8,23,Friday,1,2026-01-23,No,0,0,0,0,0,0,Normal
SEC_1059,2026-01-23 09:00:00,BLDG_B,Meeting Room,P1205,Employee,BADGE_10361,Exit,Authorized,Low,Normal Access,77,No,Normal,No,9,23,Friday,1,2026-01-23,Yes,0,0,0,0,0,0,Normal
SEC_1060,2026-01-23 09:30:00,BLDG_A,Office Floor,P1257,Employee,BADGE_10017,Exit,Authorized,Low,Normal Access,17,No,Normal,No,9,23,Friday,1,2026-01-23,Yes,0,0,0,0,0,0,Normal
SEC_1061,2026-01-23 10:00:00,BLDG_B,Restricted Zone,P1134,Employee,BADGE_10181,Exit,Denied,High,Restricted Access,149,Yes,Normal,Yes,10,23,Friday,1,2026-01-23,Yes,0,1,1,0,1,3,Warning
SEC_1062,2026-01-23 10:30:00,BLDG_A,Meeting Room,P1210,Visitor,BADGE_10296,Entry,Authorized,Low,Normal Access,143,No,Normal,No,10,23,Friday,1,2026-01-23,Yes,0,0,0,0,0,0,Normal
SEC_1063,2026-01-23 11:00:00,BLDG_C,Meeting Room,P1050,Employee,BADGE_10404,Entry,Authorized,Medium,Normal Access,106,No,Normal,No,11,23,Friday,1,2026-01-23,Yes,0,0,0,0,0,0,Normal
SEC_1064,2026-01-23 11:30:00,BLDG_A,Office Floor,P1045,Employee,BADGE_10265,Entry,Authorized,Low,Normal Access,31,No,Normal,No,11,23,Friday,1,2026-01-23,Yes,0,0,0,0,0,0,Normal
SEC_1065,2026-01-23 12:00:00,BLDG_B,Server Room,P1152,Contractor,BADGE_10132,Entry,Authorized,Low,Normal Access,115,No,Normal,No,12,23,Friday,1,2026-01-23,Yes,0,0,0,0,0,0,Normal
SEC_1066,2026-01-23 12:30:00,BLDG_B,Common Area,P1142,Visitor,BADGE_10210,Exit,Authorized,Medium,Suspicious Activity,73,Yes,Suspicious,Yes,12,23,Friday,1,2026-01-23,Yes,0,1,1,0,0,2,Warning
SEC_1067,2026-01-23 13:00:00,BLDG_A,Office Floor,P1079,Visitor,BADGE_10096,Exit,Authorized,Low,Normal Access,94,No,Normal,No,13,23,Friday,1,2026-01-23,Yes,0,0,0,0,0,0,Normal
SEC_1068,2026-01-23 13:30:00,BLDG_C,Common Area,P1016,Employee,BADGE_10449,Entry,Authorized,Low,Normal Access,131,No,Normal,No,13,23,Friday,1,2026-01-23,Yes,0,0,0,0,0,0,Normal
SEC_1069,2026-01-23 14:00:00,BLDG_B,Restricted Zone,P1086,Employee,BADGE_10320,Exit,Authorized,Low,Normal Access,33,No,Normal,No,14,23,Friday,1,2026-01-23,Yes,0,0,0,0,0,0,Normal
SEC_1070,2026-01-23 14:30:00,BLDG_C,Parking Area,P1128,Employee,BADGE_10183,Exit,Authorized,Low,Normal Access,72,No,Normal,No,14,23,Friday,1,2026-01-23,Yes,0,0,0,0,0,0,Normal
SEC_1071,2026-01-23 15:00:00,BLDG_C,Common Area,P1119,Visitor,BADGE_10454,Exit,Denied,Medium,Restricted Access,102,Yes,Normal,No,15,23,Friday,1,2026-01-23,Yes,0,1,0,0,0,1,Monitoring
SEC_1072,2026-01-23 15:30:00,BLDG_A,Common Area,P1231,Employee,BADGE_10333,Exit,Authorized,Low,Normal Access,142,No,Normal,No,15,23,Friday,1,2026-01-23,Yes,0,0,0,0,0,0,Normal
SEC_1073,2026-01-23 16:00:00,BLDG_A,Office Floor,P1281,Employee,BADGE_10220,Entry,Authorized,Low,Normal Access,34,No,Normal,No,16,23,Friday,1,2026-01-23,Yes,0,0,0,0,0,0,Normal
SEC_1074,2026-01-23 16:30:00,BLDG_C,Common Area,P1031,Visitor,BADGE_10372,Exit,Denied,Medium,Failed Access,168,No,Unusual,No,16,23,Friday,1,2026-01-23,Yes,0,0,0,1,0,1,Monitoring
SEC_1075,2026-01-23 17:00:00,BLDG_A,Office Floor,P1272,Employee,BADGE_10077,Entry,Authorized,Low,Normal Access,138,No,Normal,No,17,23,Friday,1,2026-01-23,Yes,0,0,0,0,0,0,Normal
SEC_1076,2026-01-23 17:30:00,BLDG_A,Server Room,P1032,Visitor,BADGE_10486,Entry,Authorized,Medium,Normal Access,58,No,Normal,No,17,23,Friday,1,2026-01-23,Yes,0,0,0,0,0,0,Normal
SEC_1077,2026-01-23 18:00:00,BLDG_A,Office Floor,P1078,Employee,BADGE_10022,Entry,Denied,Medium,Failed Access,109,No,Unusual,No,18,23,Friday,1,2026-01-23,No,0,0,0,1,0,1,Monitoring
SEC_1078,2026-01-23 18:30:00,BLDG_A,Office Floor,P1186,Employee,BADGE_10347,Entry,Authorized,Low,Normal Access,17,No,Normal,No,18,23,Friday,1,2026-01-23,No,0,0,0,0,0,0,Normal
SEC_1079,2026-01-23 19:00:00,BLDG_B,Restricted Zone,P1255,Visitor,BADGE_10471,Exit,Denied,Medium,Failed Access,31,No,Normal,No,19,23,Friday,1,2026-01-23,No,0,0,0,0,0,0,Normal
SEC_1080,2026-01-23 19:30:00,BLDG_B,Office Floor,P1269,Visitor,BADGE_10404,Exit,Authorized,Low,Normal Access,80,No,Normal,No,19,23,Friday,1,2026-01-23,No,0,0,0,0,0,0,Normal
SEC_1081,2026-01-23 20:00:00,BLDG_B,Office Floor,P1282,Contractor,BADGE_10340,Entry,Authorized,Low,Normal Access,107,No,Normal,No,20,23,Friday,1,2026-01-23,No,0,0,0,0,0,0,Normal
SEC_1082,2026-01-23 20:30:00,BLDG_A,Meeting Room,P1134,Visitor,BADGE_10330,Exit,Authorized,Low,Normal Access,67,No,Normal,No,20,23,Friday,1,2026-01-23,No,0,0,0,0,0,0,Normal
SEC_1083,2026-01-23 21:00:00,BLDG_A,Meeting Room,P1202,Visitor,BADGE_10427,Exit,Authorized,Low,Normal Access,60,No,Normal,No,21,23,Friday,1,2026-01-23,No,0,0,0,0,0,0,Normal
SEC_1084,2026-01-23 21:30:00,BLDG_C,Office Floor,P1019,Employee,BADGE_10452,Entry,Authorized,Medium,Normal Access,25,No,Normal,No,21,23,Friday,1,2026-01-23,No,0,0,0,0,0,0,Normal
SEC_1085,2026-01-23 22:00:00,BLDG_B,Meeting Room,P1256,Contractor,BADGE_10448,Exit,Authorized,Low,Normal Access,175,No,Normal,No,22,23,Friday,1,2026-01-23,No,0,0,0,0,0,0,Normal
SEC_1086,2026-01-23 22:30:00,BLDG_A,Common Area,P1189,Contractor,BADGE_10360,Entry,Denied,Medium,Restricted Access,40,Yes,Normal,No,22,23,Friday,1,2026-01-23,No,0,1,0,0,0,1,Monitoring
SEC_1087,2026-01-23 23:00:00,BLDG_A,Meeting Room,P1083,Employee,BADGE_10044,Exit,Authorized,Low,Normal Access,69,No,Normal,No,23,23,Friday,1,2026-01-23,No,0,0,0,0,0,0,Normal
SEC_1088,2026-01-23 23:30:00,BLDG_C,Restricted Zone,P1246,Visitor,BADGE_10056,Exit,Authorized,Low,Normal Access,39,No,Normal,No,23,23,Friday,1,2026-01-23,No,0,0,0,0,0,0,Normal
SEC_1089,2026-01-24 00:00:00,BLDG_B,Restricted Zone,P1087,Employee,BADGE_10204,Exit,Denied,Medium,Restricted Access,151,Yes,Normal,No,0,24,Saturday,1,2026-01-24,No,0,1,0,0,0,1,Monitoring
SEC_1090,2026-01-24 00:30:00,BLDG_A,Common Area,P1212,Contractor,BADGE_10286,Exit,Denied,Medium,Restricted Access,9,Yes,Normal,No,0,24,Saturday,1,2026-01-24,No,0,1,0,0,0,1,Monitoring
SEC_1091,2026-01-24 01:00:00,BLDG_B,Restricted Zone,P1039,Employee,BADGE_10220,Entry,Authorized,Low,Normal Access,52,No,Normal,No,1,24,Saturday,1,2026-01-24,No,0,0,0,0,0,0,Normal
SEC_1092,2026-01-24 01:30:00,BLDG_C,Server Room,P1109,Employee,BADGE_10126,Exit,Authorized,Low,Normal Access,55,No,Normal,No,1,24,Saturday,1,2026-01-24,No,0,0,0,0,0,0,Normal
SEC_1093,2026-01-24 02:00:00,BLDG_B,Meeting Room,P1141,Employee,BADGE_10272,Entry,Authorized,Low,Normal Access,14,No,Normal,No,2,24,Saturday,1,2026-01-24,No,0,0,0,0,0,0,Normal
SEC_1094,2026-01-24 02:30:00,BLDG_C,Restricted Zone,P1243,Visitor,BADGE_10439,Exit,Authorized,Low,Normal Access,163,No,Normal,No,2,24,Saturday,1,2026-01-24,No,0,0,0,0,0,0,Normal
SEC_1095,2026-01-24 03:00:00,BLDG_B,Office Floor,P1142,Contractor,BADGE_10182,Exit,Authorized,Low,Normal Access,135,No,Normal,No,3,24,Saturday,1,2026-01-24,No,0,0,0,0,0,0,Normal
SEC_1096,2026-01-24 03:30:00,BLDG_B,Meeting Room,P1283,Visitor,BADGE_10366,Entry,Authorized,Low,Normal Access,98,No,Normal,No,3,24,Saturday,1,2026-01-24,No,0,0,0,0,0,0,Normal
SEC_1097,2026-01-24 04:00:00,BLDG_B,Office Floor,P1190,Employee,BADGE_10182,Entry,Authorized,Low,Normal Access,149,No,Normal,No,4,24,Saturday,1,2026-01-24,No,0,0,0,0,0,0,Normal
SEC_1098,2026-01-24 04:30:00,BLDG_A,Office Floor,P1015,Employee,BADGE_10379,Entry,Authorized,Low,Normal Access,122,No,Normal,No,4,24,Saturday,1,2026-01-24,No,0,0,0,0,0,0,Normal
SEC_1099,2026-01-24 05:00:00,BLDG_A,Office Floor,P1295,Employee,BADGE_10470,Exit,Authorized,Low,Normal Access,57,No,Normal,No,5,24,Saturday,1,2026-01-24,No,0,0,0,0,0,0,Normal
SEC_1100,2026-01-24 05:30:00,BLDG_A,Server Room,P1210,Employee,BADGE_10448,Exit,Authorized,Low,Normal Access,170,No,Normal,No,5,24,Saturday,1,2026-01-24,No,0,0,0,0,0,0,Normal
SEC_1101,2026-01-24 06:00:00,BLDG_B,Office Floor,P1007,Employee,BADGE_10474,Exit,Authorized,Low,Normal Access,78,No,Normal,No,6,24,Saturday,1,2026-01-24,No,0,0,0,0,0,0,Normal
SEC_1102,2026-01-24 06:30:00,BLDG_B,Restricted Zone,P1196,Employee,BADGE_10277,Exit,Denied,Critical,Restricted Access,19,Yes,Normal,Yes,6,24,Saturday,1,2026-01-24,No,0,1,1,0,1,3,Warning
SEC_1103,2026-01-24 07:00:00,BLDG_A,Meeting Room,P1035,Employee,BADGE_10401,Entry,Authorized,Low,Normal Access,100,No,Normal,No,7,24,Saturday,1,2026-01-24,No,0,0,0,0,0,0,Normal
SEC_1104,2026-01-24 07:30:00,BLDG_B,Common Area,P1064,Employee,BADGE_10008,Entry,Denied,Medium,Failed Access,26,No,Normal,No,7,24,Saturday,1,2026-01-24,No,0,0,0,0,0,0,Normal
SEC_1105,2026-01-24 08:00:00,BLDG_B,Office Floor,P1075,Employee,BADGE_10104,Entry,Authorized,Low,Normal Access,39,No,Normal,No,8,24,Saturday,1,2026-01-24,No,0,0,0,0,0,0,Normal
SEC_1106,2026-01-24 08:30:00,BLDG_C,Common Area,P1047,Employee,BADGE_10036,Entry,Authorized,Low,Normal Access,65,No,Normal,No,8,24,Saturday,1,2026-01-24,No,0,0,0,0,0,0,Normal
SEC_1107,2026-01-24 09:00:00,BLDG_A,Office Floor,P1043,Employee,BADGE_10244,Entry,Authorized,Low,Normal Access,86,No,Normal,No,9,24,Saturday,1,2026-01-24,Yes,0,0,0,0,0,0,Normal
SEC_1108,2026-01-24 09:30:00,BLDG_B,Office Floor,P1244,Employee,BADGE_10169,Exit,Authorized,Low,Normal Access,73,No,Normal,No,9,24,Saturday,1,2026-01-24,Yes,0,0,0,0,0,0,Normal
SEC_1109,2026-01-24 10:00:00,BLDG_C,Office Floor,P1077,Employee,BADGE_10062,Exit,Denied,Medium,Failed Access,158,No,Normal,No,10,24,Saturday,1,2026-01-24,Yes,0,0,0,0,0,0,Normal
SEC_1110,2026-01-24 10:30:00,BLDG_B,Meeting Room,P1173,Employee,BADGE_10264,Entry,Authorized,Medium,Normal Access,87,No,Normal,No,10,24,Saturday,1,2026-01-24,Yes,0,0,0,0,0,0,Normal
SEC_1111,2026-01-24 11:00:00,BLDG_B,Meeting Room,P1072,Employee,BADGE_10283,Exit,Authorized,Low,Normal Access,176,No,Normal,No,11,24,Saturday,1,2026-01-24,Yes,0,0,0,0,0,0,Normal
SEC_1112,2026-01-24 11:30:00,BLDG_B,Parking Area,P1106,Employee,BADGE_10413,Exit,Authorized,Low,Normal Access,45,No,Normal,No,11,24,Saturday,1,2026-01-24,Yes,0,0,0,0,0,0,Normal
SEC_1113,2026-01-24 12:00:00,BLDG_A,Parking Area,P1085,Employee,BADGE_10481,Entry,Authorized,Low,Normal Access,25,No,Normal,No,12,24,Saturday,1,2026-01-24,Yes,0,0,0,0,0,0,Normal
SEC_1114,2026-01-24 12:30:00,BLDG_A,Meeting Room,P1235,Contractor,BADGE_10081,Entry,Authorized,Low,Normal Access,101,No,Normal,No,12,24,Saturday,1,2026-01-24,Yes,0,0,0,0,0,0,Normal
SEC_1115,2026-01-24 13:00:00,BLDG_A,Common Area,P1250,Employee,BADGE_10396,Exit,Authorized,Medium,Normal Access,95,No,Normal,No,13,24,Saturday,1,2026-01-24,Yes,0,0,0,0,0,0,Normal
SEC_1116,2026-01-24 13:30:00,BLDG_B,Meeting Room,P1001,Contractor,BADGE_10348,Entry,Denied,High,Failed Access,59,Yes,Unusual,No,13,24,Saturday,1,2026-01-24,Yes,0,1,0,1,1,3,Warning
SEC_1117,2026-01-24 14:00:00,BLDG_A,Restricted Zone,P1158,Visitor,BADGE_10206,Entry,Authorized,Low,Normal Access,55,No,Normal,No,14,24,Saturday,1,2026-01-24,Yes,0,0,0,0,0,0,Normal
SEC_1118,2026-01-24 14:30:00,BLDG_A,Common Area,P1028,Visitor,BADGE_10220,Exit,Authorized,Low,Normal Access,151,No,Normal,No,14,24,Saturday,1,2026-01-24,Yes,0,0,0,0,0,0,Normal
SEC_1119,2026-01-24 15:00:00,BLDG_A,Parking Area,P1297,Visitor,BADGE_10338,Entry,Authorized,Low,Normal Access,52,No,Normal,No,15,24,Saturday,1,2026-01-24,Yes,0,0,0,0,0,0,Normal
SEC_1120,2026-01-24 15:30:00,BLDG_A,Restricted Zone,P1040,Employee,BADGE_10363,Exit,Authorized,Low,Normal Access,25,No,Normal,No,15,24,Saturday,1,2026-01-24,Yes,0,0,0,0,0,0,Normal
SEC_1121,2026-01-24 16:00:00,BLDG_B,Office Floor,P1122,Employee,BADGE_10444,Entry,Authorized,Medium,Normal Access,104,No,Normal,No,16,24,Saturday,1,2026-01-24,Yes,0,0,0,0,0,0,Normal
SEC_1122,2026-01-24 16:30:00,BLDG_A,Server Room,P1286,Employee,BADGE_10386,Exit,Authorized,Low,Normal Access,84,No,Normal,No,16,24,Saturday,1,2026-01-24,Yes,0,0,0,0,0,0,Normal
SEC_1123,2026-01-24 17:00:00,BLDG_A,Parking Area,P1094,Employee,BADGE_10297,Entry,Authorized,Low,Normal Access,95,No,Normal,No,17,24,Saturday,1,2026-01-24,Yes,0,0,0,0,0,0,Normal
SEC_1124,2026-01-24 17:30:00,BLDG_B,Server Room,P1068,Contractor,BADGE_10193,Exit,Authorized,Low,Normal Access,56,No,Normal,No,17,24,Saturday,1,2026-01-24,Yes,0,0,0,0,0,0,Normal
SEC_1125,2026-01-24 18:00:00,BLDG_A,Parking Area,P1263,Employee,BADGE_10478,Entry,Authorized,Low,Normal Access,159,No,Normal,No,18,24,Saturday,1,2026-01-24,No,0,0,0,0,0,0,Normal
SEC_1126,2026-01-24 18:30:00,BLDG_C,Restricted Zone,P1294,Visitor,BADGE_10400,Entry,Authorized,Low,Normal Access,125,No,Normal,No,18,24,Saturday,1,2026-01-24,No,0,0,0,0,0,0,Normal
SEC_1127,2026-01-24 19:00:00,BLDG_A,Restricted Zone,P1194,Employee,BADGE_10157,Entry,Authorized,Low,Normal Access,133,No,Normal,No,19,24,Saturday,1,2026-01-24,No,0,0,0,0,0,0,Normal
SEC_1128,2026-01-24 19:30:00,BLDG_C,Parking Area,P1126,Visitor,BADGE_10341,Exit,Authorized,Low,Normal Access,86,No,Normal,No,19,24,Saturday,1,2026-01-24,No,0,0,0,0,0,0,Normal
SEC_1129,2026-01-24 20:00:00,BLDG_A,Common Area,P1226,Employee,BADGE_10074,Entry,Authorized,Medium,Normal Access,52,No,Normal,No,20,24,Saturday,1,2026-01-24,No,0,0,0,0,0,0,Normal
SEC_1130,2026-01-24 20:30:00,BLDG_B,Common Area,P1241,Employee,BADGE_10418,Entry,Authorized,Low,Normal Access,76,No,Normal,No,20,24,Saturday,1,2026-01-24,No,0,0,0,0,0,0,Normal
SEC_1131,2026-01-24 21:00:00,BLDG_A,Office Floor,P1109,Employee,BADGE_10193,Exit,Authorized,Low,Normal Access,69,No,Normal,No,21,24,Saturday,1,2026-01-24,No,0,0,0,0,0,0,Normal
SEC_1132,2026-01-24 21:30:00,BLDG_C,Server Room,P1038,Employee,BADGE_10419,Entry,Authorized,Low,Normal Access,95,No,Normal,No,21,24,Saturday,1,2026-01-24,No,0,0,0,0,0,0,Normal
SEC_1133,2026-01-24 22:00:00,BLDG_A,Office Floor,P1123,Employee,BADGE_10173,Exit,Authorized,Low,Normal Access,81,No,Normal,No,22,24,Saturday,1,2026-01-24,No,0,0,0,0,0,0,Normal
SEC_1134,2026-01-24 22:30:00,BLDG_B,Meeting Room,P1189,Contractor,BADGE_10400,Entry,Authorized,Low,Normal Access,123,No,Normal,No,22,24,Saturday,1,2026-01-24,No,0,0,0,0,0,0,Normal
SEC_1135,2026-01-24 23:00:00,BLDG_C,Server Room,P1025,Contractor,BADGE_10342,Entry,Authorized,Low,Normal Access,147,No,Normal,No,23,24,Saturday,1,2026-01-24,No,0,0,0,0,0,0,Normal
SEC_1136,2026-01-24 23:30:00,BLDG_B,Office Floor,P1102,Visitor,BADGE_10425,Entry,Authorized,Low,Normal Access,138,No,Normal,No,23,24,Saturday,1,2026-01-24,No,0,0,0,0,0,0,Normal
SEC_1137,2026-01-25 00:00:00,BLDG_B,Meeting Room,P1232,Employee,BADGE_10161,Entry,Authorized,Medium,Normal Access,97,No,Normal,No,0,25,Sunday,1,2026-01-25,No,0,0,0,0,0,0,Normal
SEC_1138,2026-01-25 00:30:00,BLDG_C,Common Area,P1081,Employee,BADGE_10374,Exit,Authorized,Low,Normal Access,157,No,Normal,No,0,25,Sunday,1,2026-01-25,No,0,0,0,0,0,0,Normal
SEC_1139,2026-01-25 01:00:00,BLDG_B,Restricted Zone,P1186,Visitor,BADGE_10392,Exit,Authorized,Low,Normal Access,171,No,Normal,No,1,25,Sunday,1,2026-01-25,No,0,0,0,0,0,0,Normal
SEC_1140,2026-01-25 01:30:00,BLDG_C,Common Area,P1256,Employee,BADGE_10098,Entry,Authorized,Low,Normal Access,174,No,Normal,No,1,25,Sunday,1,2026-01-25,No,0,0,0,0,0,0,Normal
SEC_1141,2026-01-25 02:00:00,BLDG_B,Common Area,P1216,Visitor,BADGE_10469,Entry,Authorized,Low,Normal Access,56,No,Normal,No,2,25,Sunday,1,2026-01-25,No,0,0,0,0,0,0,Normal
SEC_1142,2026-01-25 02:30:00,BLDG_B,Office Floor,P1225,Employee,BADGE_10065,Exit,Authorized,Low,Normal Access,70,No,Normal,No,2,25,Sunday,1,2026-01-25,No,0,0,0,0,0,0,Normal
SEC_1143,2026-01-25 03:00:00,BLDG_B,Common Area,P1203,Visitor,BADGE_10085,Exit,Authorized,Low,Normal Access,65,No,Normal,No,3,25,Sunday,1,2026-01-25,No,0,0,0,0,0,0,Normal
SEC_1144,2026-01-25 03:30:00,BLDG_C,Server Room,P1143,Employee,BADGE_10402,Exit,Authorized,Low,Normal Access,30,No,Normal,No,3,25,Sunday,1,2026-01-25,No,0,0,0,0,0,0,Normal
SEC_1145,2026-01-25 04:00:00,BLDG_B,Meeting Room,P1203,Employee,BADGE_10496,Entry,Authorized,Low,Normal Access,114,No,Normal,No,4,25,Sunday,1,2026-01-25,No,0,0,0,0,0,0,Normal
SEC_1146,2026-01-25 04:30:00,BLDG_C,Restricted Zone,P1087,Employee,BADGE_10219,Exit,Denied,High,Failed Access,168,Yes,Normal,Yes,4,25,Sunday,1,2026-01-25,No,0,1,1,0,1,3,Warning
SEC_1147,2026-01-25 05:00:00,BLDG_A,Meeting Room,P1186,Employee,BADGE_10415,Entry,Authorized,Low,Normal Access,39,No,Normal,No,5,25,Sunday,1,2026-01-25,No,0,0,0,0,0,0,Normal
SEC_1148,2026-01-25 05:30:00,BLDG_B,Restricted Zone,P1142,Employee,BADGE_10251,Entry,Authorized,Low,Normal Access,39,No,Normal,No,5,25,Sunday,1,2026-01-25,No,0,0,0,0,0,0,Normal
SEC_1149,2026-01-25 06:00:00,BLDG_A,Office Floor,P1031,Employee,BADGE_10161,Entry,Authorized,Low,Normal Access,173,No,Normal,No,6,25,Sunday,1,2026-01-25,No,0,0,0,0,0,0,Normal
SEC_1150,2026-01-25 06:30:00,BLDG_C,Meeting Room,P1231,Employee,BADGE_10478,Entry,Authorized,Low,Normal Access,7,No,Normal,No,6,25,Sunday,1,2026-01-25,No,0,0,0,0,0,0,Normal
SEC_1151,2026-01-25 07:00:00,BLDG_B,Common Area,P1258,Employee,BADGE_10058,Entry,Authorized,Low,Normal Access,37,No,Normal,No,7,25,Sunday,1,2026-01-25,No,0,0,0,0,0,0,Normal
SEC_1152,2026-01-25 07:30:00,BLDG_B,Office Floor,P1047,Contractor,BADGE_10270,Entry,Authorized,Low,Normal Access,177,No,Normal,No,7,25,Sunday,1,2026-01-25,No,0,0,0,0,0,0,Normal
SEC_1153,2026-01-25 08:00:00,BLDG_B,Restricted Zone,P1028,Employee,BADGE_10036,Exit,Authorized,Low,Normal Access,117,No,Normal,No,8,25,Sunday,1,2026-01-25,No,0,0,0,0,0,0,Normal
SEC_1154,2026-01-25 08:30:00,BLDG_A,Office Floor,P1273,Employee,BADGE_10342,Entry,Authorized,Medium,Normal Access,119,No,Normal,No,8,25,Sunday,1,2026-01-25,No,0,0,0,0,0,0,Normal
SEC_1155,2026-01-25 09:00:00,BLDG_A,Common Area,P1249,Employee,BADGE_10105,Exit,Authorized,Low,Normal Access,156,No,Normal,No,9,25,Sunday,1,2026-01-25,Yes,0,0,0,0,0,0,Normal
SEC_1156,2026-01-25 09:30:00,BLDG_B,Parking Area,P1278,Employee,BADGE_10041,Entry,Authorized,Low,Normal Access,77,No,Normal,No,9,25,Sunday,1,2026-01-25,Yes,0,0,0,0,0,0,Normal
SEC_1157,2026-01-25 10:00:00,BLDG_C,Restricted Zone,P1180,Employee,BADGE_10188,Exit,Denied,High,Restricted Access,53,Yes,Normal,Yes,10,25,Sunday,1,2026-01-25,Yes,0,1,1,0,1,3,Warning
SEC_1158,2026-01-25 10:30:00,BLDG_B,Office Floor,P1112,Visitor,BADGE_10205,Exit,Authorized,Low,Normal Access,28,No,Normal,No,10,25,Sunday,1,2026-01-25,Yes,0,0,0,0,0,0,Normal
SEC_1159,2026-01-25 11:00:00,BLDG_A,Office Floor,P1081,Employee,BADGE_10084,Exit,Authorized,Low,Normal Access,44,No,Normal,No,11,25,Sunday,1,2026-01-25,Yes,0,0,0,0,0,0,Normal
SEC_1160,2026-01-25 11:30:00,BLDG_C,Meeting Room,P1241,Employee,BADGE_10465,Exit,Denied,Medium,Restricted Access,113,Yes,Normal,No,11,25,Sunday,1,2026-01-25,Yes,0,1,0,0,0,1,Monitoring
SEC_1161,2026-01-25 12:00:00,BLDG_A,Meeting Room,P1194,Employee,BADGE_10347,Exit,Authorized,Low,Normal Access,15,No,Normal,No,12,25,Sunday,1,2026-01-25,Yes,0,0,0,0,0,0,Normal
SEC_1162,2026-01-25 12:30:00,BLDG_C,Server Room,P1036,Employee,BADGE_10178,Entry,Authorized,Low,Normal Access,132,No,Normal,No,12,25,Sunday,1,2026-01-25,Yes,0,0,0,0,0,0,Normal
SEC_1163,2026-01-25 13:00:00,BLDG_A,Restricted Zone,P1230,Employee,BADGE_10370,Exit,Authorized,Low,Normal Access,179,No,Normal,No,13,25,Sunday,1,2026-01-25,Yes,0,0,0,0,0,0,Normal
SEC_1164,2026-01-25 13:30:00,BLDG_C,Office Floor,P1250,Employee,BADGE_10193,Exit,Authorized,Medium,Normal Access,107,No,Normal,No,13,25,Sunday,1,2026-01-25,Yes,0,0,0,0,0,0,Normal
SEC_1165,2026-01-25 14:00:00,BLDG_B,Restricted Zone,P1071,Employee,BADGE_10137,Entry,Authorized,Low,Normal Access,145,No,Normal,No,14,25,Sunday,1,2026-01-25,Yes,0,0,0,0,0,0,Normal
SEC_1166,2026-01-25 14:30:00,BLDG_C,Parking Area,P1017,Employee,BADGE_10165,Entry,Authorized,Low,Normal Access,14,No,Normal,No,14,25,Sunday,1,2026-01-25,Yes,0,0,0,0,0,0,Normal
SEC_1167,2026-01-25 15:00:00,BLDG_A,Parking Area,P1169,Employee,BADGE_10149,Entry,Authorized,Low,Normal Access,43,No,Normal,No,15,25,Sunday,1,2026-01-25,Yes,0,0,0,0,0,0,Normal
SEC_1168,2026-01-25 15:30:00,BLDG_B,Common Area,P1053,Employee,BADGE_10085,Entry,Authorized,Low,Normal Access,18,No,Normal,No,15,25,Sunday,1,2026-01-25,Yes,0,0,0,0,0,0,Normal
SEC_1169,2026-01-25 16:00:00,BLDG_A,Restricted Zone,P1037,Contractor,BADGE_10377,Exit,Authorized,Low,Normal Access,71,No,Normal,No,16,25,Sunday,1,2026-01-25,Yes,0,0,0,0,0,0,Normal
SEC_1170,2026-01-25 16:30:00,BLDG_B,Common Area,P1262,Employee,BADGE_10271,Exit,Authorized,Low,Normal Access,144,No,Normal,No,16,25,Sunday,1,2026-01-25,Yes,0,0,0,0,0,0,Normal
SEC_1171,2026-01-25 17:00:00,BLDG_C,Office Floor,P1203,Employee,BADGE_10409,Entry,Authorized,Low,Normal Access,43,No,Normal,No,17,25,Sunday,1,2026-01-25,Yes,0,0,0,0,0,0,Normal
SEC_1172,2026-01-25 17:30:00,BLDG_B,Office Floor,P1168,Visitor,BADGE_10203,Exit,Authorized,Low,Normal Access,130,No,Normal,No,17,25,Sunday,1,2026-01-25,Yes,0,0,0,0,0,0,Normal
SEC_1173,2026-01-25 18:00:00,BLDG_A,Meeting Room,P1070,Employee,BADGE_10160,Entry,Authorized,Low,Normal Access,12,No,Normal,No,18,25,Sunday,1,2026-01-25,No,0,0,0,0,0,0,Normal
SEC_1174,2026-01-25 18:30:00,BLDG_C,Restricted Zone,P1133,Employee,BADGE_10395,Entry,Authorized,Low,Normal Access,26,No,Normal,No,18,25,Sunday,1,2026-01-25,No,0,0,0,0,0,0,Normal
SEC_1175,2026-01-25 19:00:00,BLDG_A,Server Room,P1276,Employee,BADGE_10106,Exit,Authorized,Low,Normal Access,5,No,Normal,No,19,25,Sunday,1,2026-01-25,No,0,0,0,0,0,0,Normal
SEC_1176,2026-01-25 19:30:00,BLDG_A,Restricted Zone,P1041,Employee,BADGE_10038,Exit,Authorized,Medium,Normal Access,118,No,Normal,No,19,25,Sunday,1,2026-01-25,No,0,0,0,0,0,0,Normal
SEC_1177,2026-01-25 20:00:00,BLDG_C,Office Floor,P1263,Employee,BADGE_10398,Exit,Authorized,Low,Normal Access,135,No,Normal,No,20,25,Sunday,1,2026-01-25,No,0,0,0,0,0,0,Normal
SEC_1178,2026-01-25 20:30:00,BLDG_B,Meeting Room,P1080,Visitor,BADGE_10263,Entry,Authorized,Low,Normal Access,136,No,Normal,No,20,25,Sunday,1,2026-01-25,No,0,0,0,0,0,0,Normal
SEC_1179,2026-01-25 21:00:00,BLDG_C,Restricted Zone,P1192,Employee,BADGE_10413,Entry,Authorized,Low,Normal Access,6,No,Normal,No,21,25,Sunday,1,2026-01-25,No,0,0,0,0,0,0,Normal
SEC_1180,2026-01-25 21:30:00,BLDG_B,Office Floor,P1210,Visitor,BADGE_10499,Exit,Denied,Medium,Failed Access,147,No,Normal,No,21,25,Sunday,1,2026-01-25,No,0,0,0,0,0,0,Normal
SEC_1181,2026-01-25 22:00:00,BLDG_C,Common Area,P1010,Employee,BADGE_10069,Entry,Authorized,Low,Normal Access,86,No,Normal,No,22,25,Sunday,1,2026-01-25,No,0,0,0,0,0,0,Normal
SEC_1182,2026-01-25 22:30:00,BLDG_A,Server Room,P1294,Employee,BADGE_10464,Exit,Authorized,Low,Normal Access,149,No,Normal,No,22,25,Sunday,1,2026-01-25,No,0,0,0,0,0,0,Normal
SEC_1183,2026-01-25 23:00:00,BLDG_B,Parking Area,P1158,Employee,BADGE_10098,Entry,Authorized,Low,Normal Access,159,No,Normal,No,23,25,Sunday,1,2026-01-25,No,0,0,0,0,0,0,Normal
SEC_1184,2026-01-25 23:30:00,BLDG_C,Common Area,P1216,Employee,BADGE_10079,Entry,Authorized,Medium,Normal Access,170,No,Normal,No,23,25,Sunday,1,2026-01-25,No,0,0,0,0,0,0,Normal
SEC_1185,2026-01-26 00:00:00,BLDG_B,Parking Area,P1013,Employee,BADGE_10142,Entry,Authorized,Medium,Normal Access,26,No,Normal,No,0,26,Monday,1,2026-01-26,No,0,0,0,0,0,0,Normal
SEC_1186,2026-01-26 00:30:00,BLDG_C,Server Room,P1016,Employee,BADGE_10002,Entry,Authorized,Low,Normal Access,159,No,Normal,No,0,26,Monday,1,2026-01-26,No,0,0,0,0,0,0,Normal
SEC_1187,2026-01-26 01:00:00,BLDG_B,Office Floor,P1227,Employee,BADGE_10371,Entry,Authorized,Low,Normal Access,101,No,Normal,No,1,26,Monday,1,2026-01-26,No,0,0,0,0,0,0,Normal
SEC_1188,2026-01-26 01:30:00,BLDG_C,Meeting Room,P1220,Employee,BADGE_10240,Exit,Authorized,Medium,Normal Access,107,No,Normal,No,1,26,Monday,1,2026-01-26,No,0,0,0,0,0,0,Normal
SEC_1189,2026-01-26 02:00:00,BLDG_B,Office Floor,P1122,Employee,BADGE_10399,Entry,Denied,High,Restricted Access,76,Yes,Unusual,No,2,26,Monday,1,2026-01-26,No,0,1,0,1,1,3,Warning
SEC_1190,2026-01-26 02:30:00,BLDG_A,Office Floor,P1197,Employee,BADGE_10458,Entry,Authorized,Medium,Normal Access,43,No,Normal,No,2,26,Monday,1,2026-01-26,No,0,0,0,0,0,0,Normal
SEC_1191,2026-01-26 03:00:00,BLDG_B,Server Room,P1288,Employee,BADGE_10186,Entry,Authorized,Low,Normal Access,179,No,Normal,No,3,26,Monday,1,2026-01-26,No,0,0,0,0,0,0,Normal
SEC_1192,2026-01-26 03:30:00,BLDG_B,Common Area,P1250,Employee,BADGE_10494,Entry,Denied,Medium,Failed Access,124,No,Unusual,No,3,26,Monday,1,2026-01-26,No,0,0,0,1,0,1,Monitoring
SEC_1193,2026-01-26 04:00:00,BLDG_C,Meeting Room,P1095,Employee,BADGE_10296,Exit,Authorized,Low,Normal Access,5,No,Normal,No,4,26,Monday,1,2026-01-26,No,0,0,0,0,0,0,Normal
SEC_1194,2026-01-26 04:30:00,BLDG_A,Common Area,P1249,Employee,BADGE_10105,Exit,Authorized,Low,Normal Access,8,No,Normal,No,4,26,Monday,1,2026-01-26,No,0,0,0,0,0,0,Normal
SEC_1195,2026-01-26 05:00:00,BLDG_A,Restricted Zone,P1127,Employee,BADGE_10191,Entry,Authorized,Low,Normal Access,160,No,Normal,No,5,26,Monday,1,2026-01-26,No,0,0,0,0,0,0,Normal
SEC_1196,2026-01-26 05:30:00,BLDG_B,Office Floor,P1266,Visitor,BADGE_10149,Exit,Denied,High,Failed Access,30,Yes,Normal,No,5,26,Monday,1,2026-01-26,No,0,1,0,0,1,2,Warning
SEC_1197,2026-01-26 06:00:00,BLDG_C,Meeting Room,P1053,Contractor,BADGE_10130,Exit,Authorized,Low,Normal Access,69,No,Normal,No,6,26,Monday,1,2026-01-26,No,0,0,0,0,0,0,Normal
SEC_1198,2026-01-26 06:30:00,BLDG_A,Meeting Room,P1172,Visitor,BADGE_10012,Entry,Authorized,Low,Normal Access,151,No,Normal,No,6,26,Monday,1,2026-01-26,No,0,0,0,0,0,0,Normal
SEC_1199,2026-01-26 07:00:00,BLDG_A,Office Floor,P1189,Employee,BADGE_10120,Entry,Authorized,Medium,Suspicious Activity,106,Yes,Suspicious,Yes,7,26,Monday,1,2026-01-26,No,0,1,1,0,0,2,Warning
SEC_1200,2026-01-26 07:30:00,BLDG_A,Parking Area,P1033,Employee,BADGE_10261,Entry,Authorized,Low,Normal Access,128,No,Normal,No,7,26,Monday,1,2026-01-26,No,0,0,0,0,0,0,Normal
SEC_1201,2026-01-26 08:00:00,BLDG_B,Meeting Room,P1230,Employee,BADGE_10125,Entry,Authorized,Low,Normal Access,23,No,Normal,No,8,26,Monday,1,2026-01-26,No,0,0,0,0,0,0,Normal
SEC_1202,2026-01-26 08:30:00,BLDG_A,Common Area,P1277,Employee,BADGE_10452,Entry,Authorized,Low,Normal Access,173,No,Normal,No,8,26,Monday,1,2026-01-26,No,0,0,0,0,0,0,Normal
SEC_1203,2026-01-26 09:00:00,BLDG_A,Office Floor,P1207,Employee,BADGE_10174,Entry,Authorized,Low,Normal Access,10,No,Normal,No,9,26,Monday,1,2026-01-26,Yes,0,0,0,0,0,0,Normal
SEC_1204,2026-01-26 09:30:00,BLDG_B,Meeting Room,P1204,Employee,BADGE_10253,Exit,Authorized,Low,Normal Access,143,No,Normal,No,9,26,Monday,1,2026-01-26,Yes,0,0,0,0,0,0,Normal
SEC_1205,2026-01-26 10:00:00,BLDG_A,Meeting Room,P1206,Employee,BADGE_10400,Exit,Authorized,Medium,Normal Access,153,No,Normal,No,10,26,Monday,1,2026-01-26,Yes,0,0,0,0,0,0,Normal
SEC_1206,2026-01-26 10:30:00,BLDG_C,Meeting Room,P1289,Visitor,BADGE_10484,Entry,Authorized,Low,Normal Access,141,No,Normal,No,10,26,Monday,1,2026-01-26,Yes,0,0,0,0,0,0,Normal
SEC_1207,2026-01-26 11:00:00,BLDG_B,Server Room,P1204,Contractor,BADGE_10307,Entry,Authorized,Low,Normal Access,22,No,Normal,No,11,26,Monday,1,2026-01-26,Yes,0,0,0,0,0,0,Normal
SEC_1208,2026-01-26 11:30:00,BLDG_B,Office Floor,P1290,Visitor,BADGE_10056,Exit,Authorized,Low,Normal Access,76,No,Normal,No,11,26,Monday,1,2026-01-26,Yes,0,0,0,0,0,0,Normal
SEC_1209,2026-01-26 12:00:00,BLDG_A,Common Area,P1010,Employee,BADGE_10087,Entry,Authorized,Low,Normal Access,71,No,Normal,No,12,26,Monday,1,2026-01-26,Yes,0,0,0,0,0,0,Normal
SEC_1210,2026-01-26 12:30:00,BLDG_C,Office Floor,P1022,Visitor,BADGE_10287,Entry,Authorized,Low,Normal Access,136,No,Normal,No,12,26,Monday,1,2026-01-26,Yes,0,0,0,0,0,0,Normal
SEC_1211,2026-01-26 13:00:00,BLDG_C,Office Floor,P1242,Visitor,BADGE_10301,Entry,Authorized,Low,Normal Access,165,No,Normal,No,13,26,Monday,1,2026-01-26,Yes,0,0,0,0,0,0,Normal
SEC_1212,2026-01-26 13:30:00,BLDG_A,Meeting Room,P1213,Visitor,BADGE_10051,Exit,Authorized,Low,Normal Access,113,No,Normal,No,13,26,Monday,1,2026-01-26,Yes,0,0,0,0,0,0,Normal
SEC_1213,2026-01-26 14:00:00,BLDG_B,Meeting Room,P1267,Employee,BADGE_10118,Entry,Authorized,Low,Normal Access,145,No,Normal,No,14,26,Monday,1,2026-01-26,Yes,0,0,0,0,0,0,Normal
SEC_1214,2026-01-26 14:30:00,BLDG_B,Office Floor,P1211,Visitor,BADGE_10367,Exit,Authorized,Low,Normal Access,177,No,Normal,No,14,26,Monday,1,2026-01-26,Yes,0,0,0,0,0,0,Normal
SEC_1215,2026-01-26 15:00:00,BLDG_B,Office Floor,P1198,Employee,BADGE_10047,Exit,Authorized,Low,Normal Access,6,No,Normal,No,15,26,Monday,1,2026-01-26,Yes,0,0,0,0,0,0,Normal
SEC_1216,2026-01-26 15:30:00,BLDG_B,Restricted Zone,P1031,Employee,BADGE_10198,Entry,Authorized,Medium,Normal Access,92,No,Normal,No,15,26,Monday,1,2026-01-26,Yes,0,0,0,0,0,0,Normal
SEC_1217,2026-01-26 16:00:00,BLDG_A,Office Floor,P1192,Contractor,BADGE_10151,Exit,Authorized,Low,Normal Access,110,No,Normal,No,16,26,Monday,1,2026-01-26,Yes,0,0,0,0,0,0,Normal
SEC_1218,2026-01-26 16:30:00,BLDG_A,Meeting Room,P1090,Employee,BADGE_10343,Entry,Authorized,Low,Normal Access,7,No,Normal,No,16,26,Monday,1,2026-01-26,Yes,0,0,0,0,0,0,Normal
SEC_1219,2026-01-26 17:00:00,BLDG_B,Office Floor,P1091,Employee,BADGE_10177,Exit,Authorized,Low,Normal Access,30,No,Normal,No,17,26,Monday,1,2026-01-26,Yes,0,0,0,0,0,0,Normal
SEC_1220,2026-01-26 17:30:00,BLDG_B,Office Floor,P1067,Employee,BADGE_10062,Entry,Authorized,Low,Normal Access,134,No,Normal,No,17,26,Monday,1,2026-01-26,Yes,0,0,0,0,0,0,Normal
SEC_1221,2026-01-26 18:00:00,BLDG_B,Meeting Room,P1166,Employee,BADGE_10305,Entry,Authorized,High,Suspicious Activity,40,Yes,Unusual,Yes,18,26,Monday,1,2026-01-26,No,0,1,1,1,1,4,Critical
SEC_1222,2026-01-26 18:30:00,BLDG_A,Restricted Zone,P1036,Employee,BADGE_10311,Entry,Denied,High,Failed Access,45,Yes,Normal,Yes,18,26,Monday,1,2026-01-26,No,0,1,1,0,1,3,Warning
SEC_1223,2026-01-26 19:00:00,BLDG_B,Office Floor,P1247,Contractor,BADGE_10247,Entry,Authorized,Low,Normal Access,156,No,Normal,No,19,26,Monday,1,2026-01-26,No,0,0,0,0,0,0,Normal
SEC_1224,2026-01-26 19:30:00,BLDG_A,Office Floor,P1276,Employee,BADGE_10096,Exit,Authorized,Low,Normal Access,39,No,Normal,No,19,26,Monday,1,2026-01-26,No,0,0,0,0,0,0,Normal
SEC_1225,2026-01-26 20:00:00,BLDG_B,Office Floor,P1053,Employee,BADGE_10213,Exit,Authorized,Low,Normal Access,67,No,Normal,No,20,26,Monday,1,2026-01-26,No,0,0,0,0,0,0,Normal
SEC_1226,2026-01-26 20:30:00,BLDG_B,Parking Area,P1065,Employee,BADGE_10002,Entry,Authorized,Low,Normal Access,133,No,Normal,No,20,26,Monday,1,2026-01-26,No,0,0,0,0,0,0,Normal
SEC_1227,2026-01-26 21:00:00,BLDG_A,Office Floor,P1191,Visitor,BADGE_10430,Exit,Authorized,Medium,Normal Access,150,No,Normal,No,21,26,Monday,1,2026-01-26,No,0,0,0,0,0,0,Normal
SEC_1228,2026-01-26 21:30:00,BLDG_C,Parking Area,P1053,Employee,BADGE_10347,Entry,Authorized,Low,Normal Access,82,No,Normal,No,21,26,Monday,1,2026-01-26,No,0,0,0,0,0,0,Normal
SEC_1229,2026-01-26 22:00:00,BLDG_C,Server Room,P1059,Employee,BADGE_10259,Exit,Authorized,Low,Normal Access,18,No,Normal,No,22,26,Monday,1,2026-01-26,No,0,0,0,0,0,0,Normal
SEC_1230,2026-01-26 22:30:00,BLDG_C,Office Floor,P1178,Visitor,BADGE_10346,Entry,Authorized,Low,Normal Access,137,No,Normal,No,22,26,Monday,1,2026-01-26,No,0,0,0,0,0,0,Normal
SEC_1231,2026-01-26 23:00:00,BLDG_A,Common Area,P1075,Visitor,BADGE_10212,Exit,Authorized,Low,Normal Access,180,No,Normal,No,23,26,Monday,1,2026-01-26,No,0,0,0,0,0,0,Normal
SEC_1232,2026-01-26 23:30:00,BLDG_C,Restricted Zone,P1179,Employee,BADGE_10091,Entry,Denied,Medium,Failed Access,80,No,Normal,No,23,26,Monday,1,2026-01-26,No,0,0,0,0,0,0,Normal
SEC_1233,2026-01-27 00:00:00,BLDG_C,Restricted Zone,P1099,Employee,BADGE_10431,Entry,Authorized,Low,Normal Access,39,No,Normal,No,0,27,Tuesday,1,2026-01-27,No,0,0,0,0,0,0,Normal
SEC_1234,2026-01-27 00:30:00,BLDG_B,Restricted Zone,P1140,Employee,BADGE_10468,Exit,Denied,High,Failed Access,50,Yes,Unusual,Yes,0,27,Tuesday,1,2026-01-27,No,0,1,1,1,1,4,Critical
SEC_1235,2026-01-27 01:00:00,BLDG_A,Restricted Zone,P1278,Employee,BADGE_10083,Exit,Authorized,Low,Normal Access,59,No,Normal,No,1,27,Tuesday,1,2026-01-27,No,0,0,0,0,0,0,Normal
SEC_1236,2026-01-27 01:30:00,BLDG_A,Common Area,P1095,Employee,BADGE_10493,Exit,Denied,Low,Failed Access,151,No,Normal,No,1,27,Tuesday,1,2026-01-27,No,0,0,0,0,0,0,Normal
SEC_1237,2026-01-27 02:00:00,BLDG_B,Office Floor,P1018,Visitor,BADGE_10169,Entry,Authorized,Medium,Normal Access,156,No,Normal,No,2,27,Tuesday,1,2026-01-27,No,0,0,0,0,0,0,Normal
SEC_1238,2026-01-27 02:30:00,BLDG_C,Common Area,P1230,Employee,BADGE_10024,Exit,Authorized,Low,Normal Access,79,No,Normal,No,2,27,Tuesday,1,2026-01-27,No,0,0,0,0,0,0,Normal
SEC_1239,2026-01-27 03:00:00,BLDG_A,Meeting Room,P1085,Employee,BADGE_10010,Exit,Authorized,Low,Normal Access,34,No,Normal,No,3,27,Tuesday,1,2026-01-27,No,0,0,0,0,0,0,Normal
SEC_1240,2026-01-27 03:30:00,BLDG_C,Common Area,P1229,Visitor,BADGE_10190,Entry,Authorized,Low,Normal Access,61,No,Normal,No,3,27,Tuesday,1,2026-01-27,No,0,0,0,0,0,0,Normal
SEC_1241,2026-01-27 04:00:00,BLDG_A,Server Room,P1037,Employee,BADGE_10064,Exit,Authorized,Low,Normal Access,87,No,Normal,No,4,27,Tuesday,1,2026-01-27,No,0,0,0,0,0,0,Normal
SEC_1242,2026-01-27 04:30:00,BLDG_B,Office Floor,P1079,Employee,BADGE_10477,Entry,Authorized,Low,Normal Access,179,No,Normal,No,4,27,Tuesday,1,2026-01-27,No,0,0,0,0,0,0,Normal
SEC_1243,2026-01-27 05:00:00,BLDG_A,Common Area,P1226,Employee,BADGE_10077,Entry,Denied,Medium,Failed Access,117,No,Normal,No,5,27,Tuesday,1,2026-01-27,No,0,0,0,0,0,0,Normal
SEC_1244,2026-01-27 05:30:00,BLDG_B,Meeting Room,P1134,Employee,BADGE_10432,Entry,Denied,Medium,Restricted Access,117,Yes,Normal,No,5,27,Tuesday,1,2026-01-27,No,0,1,0,0,0,1,Monitoring
SEC_1245,2026-01-27 06:00:00,BLDG_A,Restricted Zone,P1102,Employee,BADGE_10013,Exit,Authorized,Low,Normal Access,16,No,Normal,No,6,27,Tuesday,1,2026-01-27,No,0,0,0,0,0,0,Normal
SEC_1246,2026-01-27 06:30:00,BLDG_B,Office Floor,P1222,Employee,BADGE_10173,Entry,Authorized,Low,Normal Access,85,No,Normal,No,6,27,Tuesday,1,2026-01-27,No,0,0,0,0,0,0,Normal
SEC_1247,2026-01-27 07:00:00,BLDG_B,Restricted Zone,P1161,Employee,BADGE_10402,Entry,Denied,Medium,Failed Access,79,No,Normal,No,7,27,Tuesday,1,2026-01-27,No,0,0,0,0,0,0,Normal
SEC_1248,2026-01-27 07:30:00,BLDG_B,Parking Area,P1186,Contractor,BADGE_10174,Entry,Authorized,Low,Normal Access,55,No,Normal,No,7,27,Tuesday,1,2026-01-27,No,0,0,0,0,0,0,Normal
SEC_1249,2026-01-27 08:00:00,BLDG_A,Meeting Room,P1244,Employee,BADGE_10110,Entry,Authorized,Low,Normal Access,125,No,Normal,No,8,27,Tuesday,1,2026-01-27,No,0,0,0,0,0,0,Normal
SEC_1250,2026-01-27 08:30:00,BLDG_A,Server Room,P1031,Visitor,BADGE_10162,Exit,Authorized,Low,Normal Access,51,No,Normal,No,8,27,Tuesday,1,2026-01-27,No,0,0,0,0,0,0,Normal
SEC_1251,2026-01-27 09:00:00,BLDG_B,Parking Area,P1020,Employee,BADGE_10070,Exit,Authorized,Medium,Normal Access,9,No,Normal,No,9,27,Tuesday,1,2026-01-27,Yes,0,0,0,0,0,0,Normal
SEC_1252,2026-01-27 09:30:00,BLDG_C,Meeting Room,P1055,Employee,BADGE_10026,Entry,Authorized,Low,Normal Access,26,No,Normal,No,9,27,Tuesday,1,2026-01-27,Yes,0,0,0,0,0,0,Normal
SEC_1253,2026-01-27 10:00:00,BLDG_A,Server Room,P1262,Employee,BADGE_10282,Entry,Authorized,Medium,Normal Access,114,No,Normal,No,10,27,Tuesday,1,2026-01-27,Yes,0,0,0,0,0,0,Normal
SEC_1254,2026-01-27 10:30:00,BLDG_B,Parking Area,P1127,Visitor,BADGE_10117,Entry,Authorized,Low,Normal Access,85,No,Normal,No,10,27,Tuesday,1,2026-01-27,Yes,0,0,0,0,0,0,Normal
SEC_1255,2026-01-27 11:00:00,BLDG_A,Server Room,P1042,Employee,BADGE_10259,Entry,Authorized,Low,Normal Access,130,No,Normal,No,11,27,Tuesday,1,2026-01-27,Yes,0,0,0,0,0,0,Normal
SEC_1256,2026-01-27 11:30:00,BLDG_B,Office Floor,P1131,Visitor,BADGE_10414,Entry,Authorized,Low,Normal Access,36,No,Normal,No,11,27,Tuesday,1,2026-01-27,Yes,0,0,0,0,0,0,Normal
SEC_1257,2026-01-27 12:00:00,BLDG_A,Restricted Zone,P1167,Employee,BADGE_10351,Entry,Authorized,Low,Normal Access,70,No,Normal,No,12,27,Tuesday,1,2026-01-27,Yes,0,0,0,0,0,0,Normal
SEC_1258,2026-01-27 12:30:00,BLDG_B,Common Area,P1150,Employee,BADGE_10328,Entry,Authorized,Low,Normal Access,16,No,Normal,No,12,27,Tuesday,1,2026-01-27,Yes,0,0,0,0,0,0,Normal
SEC_1259,2026-01-27 13:00:00,BLDG_A,Server Room,P1016,Visitor,BADGE_10111,Entry,Authorized,Low,Normal Access,105,No,Normal,No,13,27,Tuesday,1,2026-01-27,Yes,0,0,0,0,0,0,Normal
SEC_1260,2026-01-27 13:30:00,BLDG_A,Office Floor,P1286,Employee,BADGE_10149,Exit,Authorized,Low,Normal Access,100,No,Normal,No,13,27,Tuesday,1,2026-01-27,Yes,0,0,0,0,0,0,Normal
SEC_1261,2026-01-27 14:00:00,BLDG_C,Office Floor,P1087,Employee,BADGE_10040,Exit,Authorized,Low,Normal Access,162,No,Normal,No,14,27,Tuesday,1,2026-01-27,Yes,0,0,0,0,0,0,Normal
SEC_1262,2026-01-27 14:30:00,BLDG_A,Office Floor,P1164,Employee,BADGE_10412,Entry,Authorized,Low,Normal Access,145,No,Normal,No,14,27,Tuesday,1,2026-01-27,Yes,0,0,0,0,0,0,Normal
SEC_1263,2026-01-27 15:00:00,BLDG_B,Office Floor,P1294,Employee,BADGE_10476,Entry,Authorized,Low,Normal Access,46,No,Normal,No,15,27,Tuesday,1,2026-01-27,Yes,0,0,0,0,0,0,Normal
SEC_1264,2026-01-27 15:30:00,BLDG_C,Office Floor,P1103,Visitor,BADGE_10359,Entry,Authorized,Low,Normal Access,75,No,Normal,No,15,27,Tuesday,1,2026-01-27,Yes,0,0,0,0,0,0,Normal
SEC_1265,2026-01-27 16:00:00,BLDG_B,Office Floor,P1050,Visitor,BADGE_10285,Entry,Authorized,Low,Normal Access,82,No,Normal,No,16,27,Tuesday,1,2026-01-27,Yes,0,0,0,0,0,0,Normal
SEC_1266,2026-01-27 16:30:00,BLDG_C,Meeting Room,P1282,Employee,BADGE_10102,Exit,Denied,Medium,Restricted Access,52,Yes,Unusual,No,16,27,Tuesday,1,2026-01-27,Yes,0,1,0,1,0,2,Warning
SEC_1267,2026-01-27 17:00:00,BLDG_B,Restricted Zone,P1014,Employee,BADGE_10246,Entry,Denied,High,Restricted Access,82,Yes,Unusual,Yes,17,27,Tuesday,1,2026-01-27,Yes,0,1,1,1,1,4,Critical
SEC_1268,2026-01-27 17:30:00,BLDG_B,Meeting Room,P1281,Employee,BADGE_10358,Exit,Authorized,Low,Normal Access,123,No,Normal,No,17,27,Tuesday,1,2026-01-27,Yes,0,0,0,0,0,0,Normal
SEC_1269,2026-01-27 18:00:00,BLDG_C,Office Floor,P1020,Employee,BADGE_10137,Exit,Authorized,Low,Normal Access,104,No,Normal,No,18,27,Tuesday,1,2026-01-27,No,0,0,0,0,0,0,Normal
SEC_1270,2026-01-27 18:30:00,BLDG_A,Office Floor,P1255,Employee,BADGE_10087,Exit,Authorized,Medium,Normal Access,144,No,Normal,No,18,27,Tuesday,1,2026-01-27,No,0,0,0,0,0,0,Normal
SEC_1271,2026-01-27 19:00:00,BLDG_A,Meeting Room,P1156,Employee,BADGE_10270,Entry,Authorized,Low,Normal Access,163,No,Normal,No,19,27,Tuesday,1,2026-01-27,No,0,0,0,0,0,0,Normal
SEC_1272,2026-01-27 19:30:00,BLDG_B,Office Floor,P1282,Employee,BADGE_10189,Entry,Authorized,Low,Normal Access,68,No,Normal,No,19,27,Tuesday,1,2026-01-27,No,0,0,0,0,0,0,Normal
SEC_1273,2026-01-27 20:00:00,BLDG_A,Office Floor,P1011,Contractor,BADGE_10162,Entry,Authorized,Low,Normal Access,19,No,Normal,No,20,27,Tuesday,1,2026-01-27,No,0,0,0,0,0,0,Normal
SEC_1274,2026-01-27 20:30:00,BLDG_B,Parking Area,P1211,Employee,BADGE_10305,Exit,Authorized,Low,Normal Access,66,No,Normal,No,20,27,Tuesday,1,2026-01-27,No,0,0,0,0,0,0,Normal
SEC_1275,2026-01-27 21:00:00,BLDG_A,Restricted Zone,P1288,Employee,BADGE_10388,Entry,Denied,High,Failed Access,98,Yes,Unusual,Yes,21,27,Tuesday,1,2026-01-27,No,0,1,1,1,1,4,Critical
SEC_1276,2026-01-27 21:30:00,BLDG_B,Common Area,P1237,Visitor,BADGE_10171,Exit,Denied,Low,Failed Access,52,No,Unusual,No,21,27,Tuesday,1,2026-01-27,No,0,0,0,1,0,1,Monitoring
SEC_1277,2026-01-27 22:00:00,BLDG_B,Meeting Room,P1143,Employee,BADGE_10298,Exit,Authorized,Low,Normal Access,35,No,Normal,No,22,27,Tuesday,1,2026-01-27,No,0,0,0,0,0,0,Normal
SEC_1278,2026-01-27 22:30:00,BLDG_A,Restricted Zone,P1013,Employee,BADGE_10393,Entry,Authorized,Low,Normal Access,21,No,Normal,No,22,27,Tuesday,1,2026-01-27,No,0,0,0,0,0,0,Normal
SEC_1279,2026-01-27 23:00:00,BLDG_B,Parking Area,P1241,Employee,BADGE_10145,Exit,Authorized,Low,Normal Access,101,No,Normal,No,23,27,Tuesday,1,2026-01-27,No,0,0,0,0,0,0,Normal
SEC_1280,2026-01-27 23:30:00,BLDG_C,Office Floor,P1196,Employee,BADGE_10145,Exit,Authorized,Low,Normal Access,95,No,Normal,No,23,27,Tuesday,1,2026-01-27,No,0,0,0,0,0,0,Normal
SEC_1281,2026-01-28 00:00:00,BLDG_A,Common Area,P1070,Visitor,BADGE_10379,Exit,Authorized,Low,Normal Access,24,No,Normal,No,0,28,Wednesday,1,2026-01-28,No,0,0,0,0,0,0,Normal
SEC_1282,2026-01-28 00:30:00,BLDG_C,Office Floor,P1100,Employee,BADGE_10317,Entry,Authorized,Low,Normal Access,113,No,Normal,No,0,28,Wednesday,1,2026-01-28,No,0,0,0,0,0,0,Normal
SEC_1283,2026-01-28 01:00:00,BLDG_B,Common Area,P1238,Contractor,BADGE_10487,Entry,Authorized,Low,Normal Access,23,No,Normal,No,1,28,Wednesday,1,2026-01-28,No,0,0,0,0,0,0,Normal
SEC_1284,2026-01-28 01:30:00,BLDG_A,Meeting Room,P1046,Visitor,BADGE_10018,Exit,Denied,Medium,Failed Access,142,No,Normal,No,1,28,Wednesday,1,2026-01-28,No,0,0,0,0,0,0,Normal
SEC_1285,2026-01-28 02:00:00,BLDG_A,Office Floor,P1134,Employee,BADGE_10478,Exit,Authorized,Critical,Suspicious Activity,122,Yes,Unusual,Yes,2,28,Wednesday,1,2026-01-28,No,0,1,1,1,1,4,Critical
SEC_1286,2026-01-28 02:30:00,BLDG_C,Office Floor,P1168,Visitor,BADGE_10270,Exit,Authorized,Low,Normal Access,71,No,Normal,No,2,28,Wednesday,1,2026-01-28,No,0,0,0,0,0,0,Normal
SEC_1287,2026-01-28 03:00:00,BLDG_A,Common Area,P1260,Visitor,BADGE_10216,Exit,Authorized,Medium,Normal Access,24,No,Normal,No,3,28,Wednesday,1,2026-01-28,No,0,0,0,0,0,0,Normal
SEC_1288,2026-01-28 03:30:00,BLDG_C,Parking Area,P1279,Employee,BADGE_10236,Entry,Authorized,Low,Normal Access,130,No,Normal,No,3,28,Wednesday,1,2026-01-28,No,0,0,0,0,0,0,Normal
SEC_1289,2026-01-28 04:00:00,BLDG_C,Office Floor,P1046,Employee,BADGE_10009,Entry,Authorized,Low,Normal Access,162,No,Normal,No,4,28,Wednesday,1,2026-01-28,No,0,0,0,0,0,0,Normal
SEC_1290,2026-01-28 04:30:00,BLDG_A,Office Floor,P1137,Employee,BADGE_10273,Entry,Authorized,Low,Normal Access,150,No,Normal,No,4,28,Wednesday,1,2026-01-28,No,0,0,0,0,0,0,Normal
SEC_1291,2026-01-28 05:00:00,BLDG_A,Office Floor,P1269,Visitor,BADGE_10125,Exit,Authorized,Medium,Normal Access,173,No,Normal,No,5,28,Wednesday,1,2026-01-28,No,0,0,0,0,0,0,Normal
SEC_1292,2026-01-28 05:30:00,BLDG_B,Restricted Zone,P1149,Contractor,BADGE_10075,Exit,Authorized,Low,Normal Access,125,No,Normal,No,5,28,Wednesday,1,2026-01-28,No,0,0,0,0,0,0,Normal
SEC_1293,2026-01-28 06:00:00,BLDG_C,Common Area,P1254,Employee,BADGE_10445,Entry,Authorized,Low,Normal Access,103,No,Normal,No,6,28,Wednesday,1,2026-01-28,No,0,0,0,0,0,0,Normal
SEC_1294,2026-01-28 06:30:00,BLDG_A,Office Floor,P1274,Contractor,BADGE_10035,Entry,Authorized,Low,Normal Access,161,No,Normal,No,6,28,Wednesday,1,2026-01-28,No,0,0,0,0,0,0,Normal
SEC_1295,2026-01-28 07:00:00,BLDG_A,Office Floor,P1282,Employee,BADGE_10470,Entry,Authorized,Low,Normal Access,77,No,Normal,No,7,28,Wednesday,1,2026-01-28,No,0,0,0,0,0,0,Normal
SEC_1296,2026-01-28 07:30:00,BLDG_A,Office Floor,P1104,Visitor,BADGE_10117,Exit,Authorized,Low,Normal Access,49,No,Normal,No,7,28,Wednesday,1,2026-01-28,No,0,0,0,0,0,0,Normal
SEC_1297,2026-01-28 08:00:00,BLDG_A,Office Floor,P1287,Employee,BADGE_10066,Exit,Authorized,Medium,Normal Access,92,No,Normal,No,8,28,Wednesday,1,2026-01-28,No,0,0,0,0,0,0,Normal
SEC_1298,2026-01-28 08:30:00,BLDG_A,Office Floor,P1216,Employee,BADGE_10177,Exit,Authorized,Low,Normal Access,54,No,Normal,No,8,28,Wednesday,1,2026-01-28,No,0,0,0,0,0,0,Normal
SEC_1299,2026-01-28 09:00:00,BLDG_C,Office Floor,P1198,Employee,BADGE_10457,Entry,Authorized,Low,Normal Access,70,No,Normal,No,9,28,Wednesday,1,2026-01-28,Yes,0,0,0,0,0,0,Normal
SEC_1300,2026-01-28 09:30:00,BLDG_B,Server Room,P1061,Employee,BADGE_10412,Entry,Authorized,Low,Normal Access,4,No,Normal,No,9,28,Wednesday,1,2026-01-28,Yes,0,0,0,0,0,0,Normal
SEC_1301,2026-01-28 10:00:00,BLDG_A,Parking Area,P1006,Contractor,BADGE_10440,Entry,Authorized,Critical,Suspicious Activity,65,Yes,Unusual,Yes,10,28,Wednesday,1,2026-01-28,Yes,0,1,1,1,1,4,Critical
SEC_1302,2026-01-28 10:30:00,BLDG_A,Restricted Zone,P1195,Employee,BADGE_10168,Exit,Authorized,Low,Normal Access,122,No,Normal,No,10,28,Wednesday,1,2026-01-28,Yes,0,0,0,0,0,0,Normal
SEC_1303,2026-01-28 11:00:00,BLDG_A,Restricted Zone,P1154,Employee,BADGE_10274,Exit,Authorized,Low,Normal Access,49,No,Normal,No,11,28,Wednesday,1,2026-01-28,Yes,0,0,0,0,0,0,Normal
SEC_1304,2026-01-28 11:30:00,BLDG_A,Common Area,P1016,Employee,BADGE_10127,Exit,Authorized,Low,Normal Access,118,No,Normal,No,11,28,Wednesday,1,2026-01-28,Yes,0,0,0,0,0,0,Normal
SEC_1305,2026-01-28 12:00:00,BLDG_C,Meeting Room,P1159,Employee,BADGE_10161,Exit,Authorized,Low,Normal Access,130,No,Normal,No,12,28,Wednesday,1,2026-01-28,Yes,0,0,0,0,0,0,Normal
SEC_1306,2026-01-28 12:30:00,BLDG_C,Office Floor,P1135,Employee,BADGE_10290,Entry,Authorized,Low,Normal Access,33,No,Normal,No,12,28,Wednesday,1,2026-01-28,Yes,0,0,0,0,0,0,Normal
SEC_1307,2026-01-28 13:00:00,BLDG_A,Server Room,P1249,Employee,BADGE_10074,Exit,Authorized,Medium,Normal Access,118,No,Normal,No,13,28,Wednesday,1,2026-01-28,Yes,0,0,0,0,0,0,Normal
SEC_1308,2026-01-28 13:30:00,BLDG_A,Common Area,P1282,Employee,BADGE_10411,Exit,Authorized,Low,Normal Access,167,No,Normal,No,13,28,Wednesday,1,2026-01-28,Yes,0,0,0,0,0,0,Normal
SEC_1309,2026-01-28 14:00:00,BLDG_B,Office Floor,P1003,Employee,BADGE_10210,Entry,Authorized,Low,Normal Access,121,No,Normal,No,14,28,Wednesday,1,2026-01-28,Yes,0,0,0,0,0,0,Normal
SEC_1310,2026-01-28 14:30:00,BLDG_C,Meeting Room,P1268,Employee,BADGE_10116,Entry,Authorized,Low,Normal Access,89,No,Normal,No,14,28,Wednesday,1,2026-01-28,Yes,0,0,0,0,0,0,Normal
SEC_1311,2026-01-28 15:00:00,BLDG_B,Meeting Room,P1024,Employee,BADGE_10258,Entry,Authorized,Low,Normal Access,93,No,Normal,No,15,28,Wednesday,1,2026-01-28,Yes,0,0,0,0,0,0,Normal
SEC_1312,2026-01-28 15:30:00,BLDG_B,Common Area,P1035,Employee,BADGE_10338,Entry,Authorized,Low,Normal Access,148,No,Normal,No,15,28,Wednesday,1,2026-01-28,Yes,0,0,0,0,0,0,Normal
SEC_1313,2026-01-28 16:00:00,BLDG_A,Meeting Room,P1142,Visitor,BADGE_10136,Entry,Authorized,Low,Normal Access,52,No,Normal,No,16,28,Wednesday,1,2026-01-28,Yes,0,0,0,0,0,0,Normal
SEC_1314,2026-01-28 16:30:00,BLDG_B,Office Floor,P1263,Visitor,BADGE_10150,Entry,Denied,High,Restricted Access,122,Yes,Unusual,No,16,28,Wednesday,1,2026-01-28,Yes,0,1,0,1,1,3,Warning
SEC_1315,2026-01-28 17:00:00,BLDG_A,Meeting Room,P1021,Visitor,BADGE_10190,Entry,Authorized,Low,Normal Access,148,No,Normal,No,17,28,Wednesday,1,2026-01-28,Yes,0,0,0,0,0,0,Normal
SEC_1316,2026-01-28 17:30:00,BLDG_A,Common Area,P1022,Employee,BADGE_10068,Exit,Authorized,Low,Normal Access,11,No,Normal,No,17,28,Wednesday,1,2026-01-28,Yes,0,0,0,0,0,0,Normal
SEC_1317,2026-01-28 18:00:00,BLDG_A,Server Room,P1133,Visitor,BADGE_10362,Entry,Authorized,Low,Normal Access,139,No,Normal,No,18,28,Wednesday,1,2026-01-28,No,0,0,0,0,0,0,Normal
SEC_1318,2026-01-28 18:30:00,BLDG_B,Parking Area,P1160,Employee,BADGE_10070,Entry,Authorized,Low,Normal Access,114,No,Normal,No,18,28,Wednesday,1,2026-01-28,No,0,0,0,0,0,0,Normal
SEC_1319,2026-01-28 19:00:00,BLDG_B,Restricted Zone,P1047,Employee,BADGE_10466,Exit,Authorized,Low,Normal Access,87,No,Normal,No,19,28,Wednesday,1,2026-01-28,No,0,0,0,0,0,0,Normal
SEC_1320,2026-01-28 19:30:00,BLDG_A,Meeting Room,P1208,Employee,BADGE_10246,Entry,Authorized,Low,Normal Access,134,No,Normal,No,19,28,Wednesday,1,2026-01-28,No,0,0,0,0,0,0,Normal
SEC_1321,2026-01-28 20:00:00,BLDG_B,Office Floor,P1059,Employee,BADGE_10077,Entry,Authorized,Low,Normal Access,173,No,Normal,No,20,28,Wednesday,1,2026-01-28,No,0,0,0,0,0,0,Normal
SEC_1322,2026-01-28 20:30:00,BLDG_A,Common Area,P1293,Employee,BADGE_10049,Entry,Authorized,Low,Normal Access,68,No,Normal,No,20,28,Wednesday,1,2026-01-28,No,0,0,0,0,0,0,Normal
SEC_1323,2026-01-28 21:00:00,BLDG_B,Parking Area,P1177,Employee,BADGE_10022,Entry,Authorized,Low,Normal Access,78,No,Normal,No,21,28,Wednesday,1,2026-01-28,No,0,0,0,0,0,0,Normal
SEC_1324,2026-01-28 21:30:00,BLDG_A,Meeting Room,P1237,Visitor,BADGE_10093,Entry,Authorized,Low,Normal Access,6,No,Normal,No,21,28,Wednesday,1,2026-01-28,No,0,0,0,0,0,0,Normal
SEC_1325,2026-01-28 22:00:00,BLDG_C,Office Floor,P1031,Employee,BADGE_10007,Exit,Authorized,Low,Normal Access,159,No,Normal,No,22,28,Wednesday,1,2026-01-28,No,0,0,0,0,0,0,Normal
SEC_1326,2026-01-28 22:30:00,BLDG_B,Common Area,P1038,Visitor,BADGE_10190,Entry,Authorized,Low,Normal Access,80,No,Normal,No,22,28,Wednesday,1,2026-01-28,No,0,0,0,0,0,0,Normal
SEC_1327,2026-01-28 23:00:00,BLDG_A,Office Floor,P1209,Employee,BADGE_10345,Exit,Authorized,Low,Normal Access,42,No,Normal,No,23,28,Wednesday,1,2026-01-28,No,0,0,0,0,0,0,Normal
SEC_1328,2026-01-28 23:30:00,BLDG_B,Restricted Zone,P1017,Employee,BADGE_10322,Entry,Authorized,Critical,Suspicious Activity,37,Yes,Suspicious,Yes,23,28,Wednesday,1,2026-01-28,No,0,1,1,0,1,3,Warning
SEC_1329,2026-01-29 00:00:00,BLDG_A,Office Floor,P1232,Visitor,BADGE_10447,Exit,Authorized,Low,Normal Access,58,No,Normal,No,0,29,Thursday,1,2026-01-29,No,0,0,0,0,0,0,Normal
SEC_1330,2026-01-29 00:30:00,BLDG_B,Office Floor,P1004,Employee,BADGE_10215,Entry,Authorized,Low,Normal Access,173,No,Normal,No,0,29,Thursday,1,2026-01-29,No,0,0,0,0,0,0,Normal
SEC_1331,2026-01-29 01:00:00,BLDG_C,Common Area,P1010,Employee,BADGE_10402,Entry,Authorized,Low,Normal Access,48,No,Normal,No,1,29,Thursday,1,2026-01-29,No,0,0,0,0,0,0,Normal
SEC_1332,2026-01-29 01:30:00,BLDG_B,Office Floor,P1161,Contractor,BADGE_10071,Entry,Denied,Medium,Restricted Access,153,Yes,Normal,No,1,29,Thursday,1,2026-01-29,No,0,1,0,0,0,1,Monitoring
SEC_1333,2026-01-29 02:00:00,BLDG_B,Restricted Zone,P1192,Employee,BADGE_10202,Entry,Denied,Medium,Restricted Access,7,Yes,Unusual,No,2,29,Thursday,1,2026-01-29,No,0,1,0,1,0,2,Warning
SEC_1334,2026-01-29 02:30:00,BLDG_A,Office Floor,P1218,Employee,BADGE_10015,Entry,Authorized,Medium,Suspicious Activity,18,Yes,Suspicious,Yes,2,29,Thursday,1,2026-01-29,No,0,1,1,0,0,2,Warning
SEC_1335,2026-01-29 03:00:00,BLDG_B,Meeting Room,P1084,Contractor,BADGE_10192,Entry,Authorized,Low,Normal Access,42,No,Normal,No,3,29,Thursday,1,2026-01-29,No,0,0,0,0,0,0,Normal
SEC_1336,2026-01-29 03:30:00,BLDG_B,Common Area,P1079,Employee,BADGE_10389,Exit,Authorized,Low,Normal Access,68,No,Normal,No,3,29,Thursday,1,2026-01-29,No,0,0,0,0,0,0,Normal
SEC_1337,2026-01-29 04:00:00,BLDG_B,Meeting Room,P1072,Contractor,BADGE_10068,Exit,Denied,Medium,Restricted Access,65,Yes,Normal,No,4,29,Thursday,1,2026-01-29,No,0,1,0,0,0,1,Monitoring
SEC_1338,2026-01-29 04:30:00,BLDG_C,Office Floor,P1115,Contractor,BADGE_10348,Entry,Authorized,Critical,Suspicious Activity,2,Yes,Suspicious,Yes,4,29,Thursday,1,2026-01-29,No,0,1,1,0,1,3,Warning
SEC_1339,2026-01-29 05:00:00,BLDG_A,Common Area,P1161,Visitor,BADGE_10255,Entry,Authorized,Low,Normal Access,60,No,Normal,No,5,29,Thursday,1,2026-01-29,No,0,0,0,0,0,0,Normal
SEC_1340,2026-01-29 05:30:00,BLDG_A,Common Area,P1147,Employee,BADGE_10182,Entry,Authorized,Medium,Normal Access,58,No,Normal,No,5,29,Thursday,1,2026-01-29,No,0,0,0,0,0,0,Normal
SEC_1341,2026-01-29 06:00:00,BLDG_A,Common Area,P1222,Employee,BADGE_10331,Exit,Authorized,Low,Normal Access,106,No,Normal,No,6,29,Thursday,1,2026-01-29,No,0,0,0,0,0,0,Normal
SEC_1342,2026-01-29 06:30:00,BLDG_A,Meeting Room,P1219,Employee,BADGE_10277,Entry,Authorized,Low,Normal Access,6,No,Normal,No,6,29,Thursday,1,2026-01-29,No,0,0,0,0,0,0,Normal
SEC_1343,2026-01-29 07:00:00,BLDG_B,Meeting Room,P1277,Employee,BADGE_10336,Exit,Authorized,Low,Normal Access,40,No,Normal,No,7,29,Thursday,1,2026-01-29,No,0,0,0,0,0,0,Normal
SEC_1344,2026-01-29 07:30:00,BLDG_C,Office Floor,P1148,Employee,BADGE_10432,Exit,Authorized,Low,Normal Access,73,No,Normal,No,7,29,Thursday,1,2026-01-29,No,0,0,0,0,0,0,Normal
SEC_1345,2026-01-29 08:00:00,BLDG_B,Restricted Zone,P1081,Employee,BADGE_10453,Exit,Authorized,Low,Normal Access,128,No,Normal,No,8,29,Thursday,1,2026-01-29,No,0,0,0,0,0,0,Normal
SEC_1346,2026-01-29 08:30:00,BLDG_A,Common Area,P1243,Employee,BADGE_10042,Exit,Authorized,Low,Normal Access,70,No,Normal,No,8,29,Thursday,1,2026-01-29,No,0,0,0,0,0,0,Normal
SEC_1347,2026-01-29 09:00:00,BLDG_B,Office Floor,P1299,Employee,BADGE_10034,Exit,Authorized,Low,Normal Access,98,No,Normal,No,9,29,Thursday,1,2026-01-29,Yes,0,0,0,0,0,0,Normal
SEC_1348,2026-01-29 09:30:00,BLDG_C,Meeting Room,P1010,Contractor,BADGE_10165,Entry,Authorized,Low,Normal Access,127,No,Normal,No,9,29,Thursday,1,2026-01-29,Yes,0,0,0,0,0,0,Normal
SEC_1349,2026-01-29 10:00:00,BLDG_B,Restricted Zone,P1232,Employee,BADGE_10232,Exit,Authorized,Medium,Normal Access,135,No,Normal,No,10,29,Thursday,1,2026-01-29,Yes,0,0,0,0,0,0,Normal
SEC_1350,2026-01-29 10:30:00,BLDG_A,Office Floor,P1268,Employee,BADGE_10229,Entry,Authorized,Low,Normal Access,120,No,Normal,No,10,29,Thursday,1,2026-01-29,Yes,0,0,0,0,0,0,Normal
SEC_1351,2026-01-29 11:00:00,BLDG_B,Meeting Room,P1164,Visitor,BADGE_10382,Entry,Authorized,Low,Normal Access,98,No,Normal,No,11,29,Thursday,1,2026-01-29,Yes,0,0,0,0,0,0,Normal
SEC_1352,2026-01-29 11:30:00,BLDG_B,Meeting Room,P1198,Employee,BADGE_10282,Entry,Authorized,Medium,Suspicious Activity,119,Yes,Suspicious,Yes,11,29,Thursday,1,2026-01-29,Yes,0,1,1,0,0,2,Warning
SEC_1353,2026-01-29 12:00:00,BLDG_A,Meeting Room,P1041,Visitor,BADGE_10147,Entry,Authorized,Low,Normal Access,133,No,Normal,No,12,29,Thursday,1,2026-01-29,Yes,0,0,0,0,0,0,Normal
SEC_1354,2026-01-29 12:30:00,BLDG_B,Meeting Room,P1130,Employee,BADGE_10292,Entry,Authorized,Low,Normal Access,21,No,Normal,No,12,29,Thursday,1,2026-01-29,Yes,0,0,0,0,0,0,Normal
SEC_1355,2026-01-29 13:00:00,BLDG_C,Office Floor,P1212,Employee,BADGE_10190,Entry,Authorized,Low,Normal Access,35,No,Normal,No,13,29,Thursday,1,2026-01-29,Yes,0,0,0,0,0,0,Normal
SEC_1356,2026-01-29 13:30:00,BLDG_A,Common Area,P1204,Contractor,BADGE_10112,Entry,Authorized,Low,Normal Access,70,No,Normal,No,13,29,Thursday,1,2026-01-29,Yes,0,0,0,0,0,0,Normal
SEC_1357,2026-01-29 14:00:00,BLDG_B,Meeting Room,P1158,Contractor,BADGE_10421,Exit,Denied,Medium,Failed Access,124,No,Unusual,No,14,29,Thursday,1,2026-01-29,Yes,0,0,0,1,0,1,Monitoring
SEC_1358,2026-01-29 14:30:00,BLDG_B,Parking Area,P1111,Employee,BADGE_10334,Entry,Denied,Low,Failed Access,84,No,Unusual,No,14,29,Thursday,1,2026-01-29,Yes,0,0,0,1,0,1,Monitoring
SEC_1359,2026-01-29 15:00:00,BLDG_C,Office Floor,P1041,Contractor,BADGE_10173,Exit,Denied,Medium,Failed Access,75,No,Normal,No,15,29,Thursday,1,2026-01-29,Yes,0,0,0,0,0,0,Normal
SEC_1360,2026-01-29 15:30:00,BLDG_B,Meeting Room,P1173,Employee,BADGE_10183,Entry,Authorized,Low,Normal Access,134,No,Normal,No,15,29,Thursday,1,2026-01-29,Yes,0,0,0,0,0,0,Normal
SEC_1361,2026-01-29 16:00:00,BLDG_B,Common Area,P1223,Employee,BADGE_10020,Entry,Authorized,Low,Normal Access,73,No,Normal,No,16,29,Thursday,1,2026-01-29,Yes,0,0,0,0,0,0,Normal
SEC_1362,2026-01-29 16:30:00,BLDG_B,Common Area,P1011,Employee,BADGE_10027,Exit,Authorized,Low,Normal Access,95,No,Normal,No,16,29,Thursday,1,2026-01-29,Yes,0,0,0,0,0,0,Normal
SEC_1363,2026-01-29 17:00:00,BLDG_C,Meeting Room,P1182,Employee,BADGE_10453,Exit,Authorized,Low,Normal Access,114,No,Normal,No,17,29,Thursday,1,2026-01-29,Yes,0,0,0,0,0,0,Normal
SEC_1364,2026-01-29 17:30:00,BLDG_B,Office Floor,P1041,Contractor,BADGE_10331,Exit,Authorized,Low,Normal Access,46,No,Normal,No,17,29,Thursday,1,2026-01-29,Yes,0,0,0,0,0,0,Normal
SEC_1365,2026-01-29 18:00:00,BLDG_A,Common Area,P1182,Employee,BADGE_10259,Entry,Authorized,Low,Normal Access,97,No,Normal,No,18,29,Thursday,1,2026-01-29,No,0,0,0,0,0,0,Normal
SEC_1366,2026-01-29 18:30:00,BLDG_B,Parking Area,P1154,Employee,BADGE_10402,Exit,Authorized,Low,Normal Access,83,No,Normal,No,18,29,Thursday,1,2026-01-29,No,0,0,0,0,0,0,Normal
SEC_1367,2026-01-29 19:00:00,BLDG_A,Parking Area,P1004,Employee,BADGE_10356,Exit,Authorized,Low,Normal Access,5,No,Normal,No,19,29,Thursday,1,2026-01-29,No,0,0,0,0,0,0,Normal
SEC_1368,2026-01-29 19:30:00,BLDG_C,Meeting Room,P1216,Employee,BADGE_10094,Exit,Authorized,Low,Normal Access,9,No,Normal,No,19,29,Thursday,1,2026-01-29,No,0,0,0,0,0,0,Normal
SEC_1369,2026-01-29 20:00:00,BLDG_C,Parking Area,P1265,Contractor,BADGE_10148,Entry,Authorized,Low,Normal Access,37,No,Normal,No,20,29,Thursday,1,2026-01-29,No,0,0,0,0,0,0,Normal
SEC_1370,2026-01-29 20:30:00,BLDG_A,Office Floor,P1096,Employee,BADGE_10397,Exit,Authorized,Low,Normal Access,85,No,Normal,No,20,29,Thursday,1,2026-01-29,No,0,0,0,0,0,0,Normal
SEC_1371,2026-01-29 21:00:00,BLDG_B,Parking Area,P1042,Employee,BADGE_10258,Exit,Authorized,Low,Normal Access,137,No,Normal,No,21,29,Thursday,1,2026-01-29,No,0,0,0,0,0,0,Normal
SEC_1372,2026-01-29 21:30:00,BLDG_A,Office Floor,P1160,Employee,BADGE_10492,Exit,Authorized,Low,Normal Access,58,No,Normal,No,21,29,Thursday,1,2026-01-29,No,0,0,0,0,0,0,Normal
SEC_1373,2026-01-29 22:00:00,BLDG_A,Office Floor,P1239,Contractor,BADGE_10308,Exit,Authorized,Low,Normal Access,35,No,Normal,No,22,29,Thursday,1,2026-01-29,No,0,0,0,0,0,0,Normal
SEC_1374,2026-01-29 22:30:00,BLDG_A,Common Area,P1029,Employee,BADGE_10362,Exit,Authorized,Low,Normal Access,121,No,Normal,No,22,29,Thursday,1,2026-01-29,No,0,0,0,0,0,0,Normal
SEC_1375,2026-01-29 23:00:00,BLDG_A,Office Floor,P1198,Employee,BADGE_10248,Exit,Authorized,Low,Normal Access,111,No,Normal,No,23,29,Thursday,1,2026-01-29,No,0,0,0,0,0,0,Normal
SEC_1376,2026-01-29 23:30:00,BLDG_C,Office Floor,P1068,Employee,BADGE_10278,Entry,Authorized,Low,Normal Access,33,No,Normal,No,23,29,Thursday,1,2026-01-29,No,0,0,0,0,0,0,Normal
SEC_1377,2026-01-30 00:00:00,BLDG_B,Parking Area,P1228,Employee,BADGE_10073,Exit,Authorized,High,Suspicious Activity,144,Yes,Suspicious,Yes,0,30,Friday,1,2026-01-30,No,0,1,1,0,1,3,Warning
SEC_1378,2026-01-30 00:30:00,BLDG_A,Server Room,P1074,Contractor,BADGE_10254,Entry,Authorized,Low,Normal Access,19,No,Normal,No,0,30,Friday,1,2026-01-30,No,0,0,0,0,0,0,Normal
SEC_1379,2026-01-30 01:00:00,BLDG_C,Parking Area,P1202,Employee,BADGE_10207,Entry,Authorized,Low,Normal Access,160,No,Normal,No,1,30,Friday,1,2026-01-30,No,0,0,0,0,0,0,Normal
SEC_1380,2026-01-30 01:30:00,BLDG_A,Restricted Zone,P1041,Visitor,BADGE_10069,Entry,Authorized,Low,Normal Access,5,No,Normal,No,1,30,Friday,1,2026-01-30,No,0,0,0,0,0,0,Normal
SEC_1381,2026-01-30 02:00:00,BLDG_A,Office Floor,P1203,Employee,BADGE_10024,Exit,Authorized,Low,Normal Access,100,No,Normal,No,2,30,Friday,1,2026-01-30,No,0,0,0,0,0,0,Normal
SEC_1382,2026-01-30 02:30:00,BLDG_B,Parking Area,P1197,Contractor,BADGE_10235,Exit,Authorized,Medium,Normal Access,156,No,Normal,No,2,30,Friday,1,2026-01-30,No,0,0,0,0,0,0,Normal
SEC_1383,2026-01-30 03:00:00,BLDG_B,Common Area,P1174,Employee,BADGE_10455,Entry,Authorized,Low,Normal Access,130,No,Normal,No,3,30,Friday,1,2026-01-30,No,0,0,0,0,0,0,Normal
SEC_1384,2026-01-30 03:30:00,BLDG_A,Server Room,P1142,Visitor,BADGE_10122,Exit,Authorized,Low,Normal Access,30,No,Normal,No,3,30,Friday,1,2026-01-30,No,0,0,0,0,0,0,Normal
SEC_1385,2026-01-30 04:00:00,BLDG_A,Meeting Room,P1012,Employee,BADGE_10052,Exit,Authorized,Low,Normal Access,130,No,Normal,No,4,30,Friday,1,2026-01-30,No,0,0,0,0,0,0,Normal
SEC_1386,2026-01-30 04:30:00,BLDG_A,Office Floor,P1246,Visitor,BADGE_10234,Exit,Authorized,Low,Normal Access,70,No,Normal,No,4,30,Friday,1,2026-01-30,No,0,0,0,0,0,0,Normal
SEC_1387,2026-01-30 05:00:00,BLDG_B,Office Floor,P1257,Employee,BADGE_10399,Entry,Authorized,Low,Normal Access,18,No,Normal,No,5,30,Friday,1,2026-01-30,No,0,0,0,0,0,0,Normal
SEC_1388,2026-01-30 05:30:00,BLDG_A,Restricted Zone,P1263,Employee,BADGE_10353,Entry,Authorized,Low,Normal Access,180,No,Normal,No,5,30,Friday,1,2026-01-30,No,0,0,0,0,0,0,Normal
SEC_1389,2026-01-30 06:00:00,BLDG_C,Office Floor,P1101,Employee,BADGE_10186,Entry,Authorized,Low,Normal Access,30,No,Normal,No,6,30,Friday,1,2026-01-30,No,0,0,0,0,0,0,Normal
SEC_1390,2026-01-30 06:30:00,BLDG_A,Common Area,P1293,Employee,BADGE_10195,Entry,Authorized,Low,Normal Access,37,No,Normal,No,6,30,Friday,1,2026-01-30,No,0,0,0,0,0,0,Normal
SEC_1391,2026-01-30 07:00:00,BLDG_A,Restricted Zone,P1110,Employee,BADGE_10212,Entry,Authorized,Low,Normal Access,45,No,Normal,No,7,30,Friday,1,2026-01-30,No,0,0,0,0,0,0,Normal
SEC_1392,2026-01-30 07:30:00,BLDG_C,Office Floor,P1109,Visitor,BADGE_10467,Entry,Authorized,Low,Normal Access,119,No,Normal,No,7,30,Friday,1,2026-01-30,No,0,0,0,0,0,0,Normal
SEC_1393,2026-01-30 08:00:00,BLDG_B,Meeting Room,P1074,Employee,BADGE_10049,Entry,Authorized,Low,Normal Access,16,No,Normal,No,8,30,Friday,1,2026-01-30,No,0,0,0,0,0,0,Normal
SEC_1394,2026-01-30 08:30:00,BLDG_C,Restricted Zone,P1030,Visitor,BADGE_10097,Entry,Denied,High,Failed Access,8,Yes,Normal,Yes,8,30,Friday,1,2026-01-30,No,0,1,1,0,1,3,Warning
SEC_1395,2026-01-30 09:00:00,BLDG_C,Common Area,P1146,Employee,BADGE_10406,Entry,Authorized,Low,Normal Access,62,No,Normal,No,9,30,Friday,1,2026-01-30,Yes,0,0,0,0,0,0,Normal
SEC_1396,2026-01-30 09:30:00,BLDG_C,Common Area,P1031,Employee,BADGE_10247,Entry,Authorized,Low,Normal Access,156,No,Normal,No,9,30,Friday,1,2026-01-30,Yes,0,0,0,0,0,0,Normal
SEC_1397,2026-01-30 10:00:00,BLDG_B,Restricted Zone,P1143,Employee,BADGE_10034,Entry,Denied,High,Failed Access,81,Yes,Unusual,Yes,10,30,Friday,1,2026-01-30,Yes,0,1,1,1,1,4,Critical
SEC_1398,2026-01-30 10:30:00,BLDG_C,Server Room,P1287,Employee,BADGE_10450,Entry,Authorized,Low,Normal Access,89,No,Normal,No,10,30,Friday,1,2026-01-30,Yes,0,0,0,0,0,0,Normal
SEC_1399,2026-01-30 11:00:00,BLDG_A,Office Floor,P1244,Employee,BADGE_10178,Entry,Authorized,Low,Normal Access,66,No,Normal,No,11,30,Friday,1,2026-01-30,Yes,0,0,0,0,0,0,Normal
SEC_1400,2026-01-30 11:30:00,BLDG_C,Restricted Zone,P1300,Employee,BADGE_10295,Exit,Authorized,Low,Normal Access,134,No,Normal,No,11,30,Friday,1,2026-01-30,Yes,0,0,0,0,0,0,Normal
SEC_1401,2026-01-30 12:00:00,BLDG_C,Parking Area,P1010,Employee,BADGE_10201,Exit,Authorized,Low,Normal Access,63,No,Normal,No,12,30,Friday,1,2026-01-30,Yes,0,0,0,0,0,0,Normal
SEC_1402,2026-01-30 12:30:00,BLDG_A,Server Room,P1053,Employee,BADGE_10450,Entry,Denied,Medium,Restricted Access,63,Yes,Unusual,No,12,30,Friday,1,2026-01-30,Yes,0,1,0,1,0,2,Warning
SEC_1403,2026-01-30 13:00:00,BLDG_B,Meeting Room,P1064,Employee,BADGE_10119,Entry,Authorized,Low,Normal Access,157,No,Normal,No,13,30,Friday,1,2026-01-30,Yes,0,0,0,0,0,0,Normal
SEC_1404,2026-01-30 13:30:00,BLDG_A,Common Area,P1220,Employee,BADGE_10185,Exit,Authorized,Low,Normal Access,48,No,Normal,No,13,30,Friday,1,2026-01-30,Yes,0,0,0,0,0,0,Normal
SEC_1405,2026-01-30 14:00:00,BLDG_C,Parking Area,P1123,Employee,BADGE_10205,Entry,Authorized,Low,Normal Access,71,No,Normal,No,14,30,Friday,1,2026-01-30,Yes,0,0,0,0,0,0,Normal
SEC_1406,2026-01-30 14:30:00,BLDG_C,Common Area,P1112,Employee,BADGE_10181,Entry,Authorized,High,Suspicious Activity,105,Yes,Suspicious,Yes,14,30,Friday,1,2026-01-30,Yes,0,1,1,0,1,3,Warning
SEC_1407,2026-01-30 15:00:00,BLDG_A,Office Floor,P1111,Employee,BADGE_10177,Entry,Authorized,Medium,Normal Access,2,No,Normal,No,15,30,Friday,1,2026-01-30,Yes,0,0,0,0,0,0,Normal
SEC_1408,2026-01-30 15:30:00,BLDG_A,Server Room,P1260,Employee,BADGE_10131,Exit,Authorized,Low,Normal Access,114,No,Normal,No,15,30,Friday,1,2026-01-30,Yes,0,0,0,0,0,0,Normal
SEC_1409,2026-01-30 16:00:00,BLDG_C,Office Floor,P1079,Employee,BADGE_10180,Entry,Denied,High,Failed Access,164,Yes,Unusual,No,16,30,Friday,1,2026-01-30,Yes,0,1,0,1,1,3,Warning
SEC_1410,2026-01-30 16:30:00,BLDG_C,Common Area,P1260,Employee,BADGE_10164,Entry,Authorized,Low,Normal Access,78,No,Normal,No,16,30,Friday,1,2026-01-30,Yes,0,0,0,0,0,0,Normal
SEC_1411,2026-01-30 17:00:00,BLDG_B,Common Area,P1278,Employee,BADGE_10112,Exit,Authorized,Low,Normal Access,76,No,Normal,No,17,30,Friday,1,2026-01-30,Yes,0,0,0,0,0,0,Normal
SEC_1412,2026-01-30 17:30:00,BLDG_B,Restricted Zone,P1275,Visitor,BADGE_10231,Entry,Denied,High,Failed Access,49,Yes,Normal,Yes,17,30,Friday,1,2026-01-30,Yes,0,1,1,0,1,3,Warning
SEC_1413,2026-01-30 18:00:00,BLDG_A,Office Floor,P1139,Employee,BADGE_10086,Exit,Authorized,Low,Normal Access,45,No,Normal,No,18,30,Friday,1,2026-01-30,No,0,0,0,0,0,0,Normal
SEC_1414,2026-01-30 18:30:00,BLDG_A,Restricted Zone,P1137,Employee,BADGE_10351,Exit,Authorized,Low,Normal Access,146,No,Normal,No,18,30,Friday,1,2026-01-30,No,0,0,0,0,0,0,Normal
SEC_1415,2026-01-30 19:00:00,BLDG_C,Meeting Room,P1030,Visitor,BADGE_10392,Entry,Authorized,Medium,Normal Access,134,No,Normal,No,19,30,Friday,1,2026-01-30,No,0,0,0,0,0,0,Normal
SEC_1416,2026-01-30 19:30:00,BLDG_C,Office Floor,P1067,Visitor,BADGE_10438,Entry,Authorized,Medium,Normal Access,151,No,Normal,No,19,30,Friday,1,2026-01-30,No,0,0,0,0,0,0,Normal
SEC_1417,2026-01-30 20:00:00,BLDG_A,Common Area,P1191,Employee,BADGE_10461,Entry,Authorized,Low,Normal Access,37,No,Normal,No,20,30,Friday,1,2026-01-30,No,0,0,0,0,0,0,Normal
SEC_1418,2026-01-30 20:30:00,BLDG_B,Restricted Zone,P1241,Employee,BADGE_10344,Exit,Authorized,Low,Normal Access,179,No,Normal,No,20,30,Friday,1,2026-01-30,No,0,0,0,0,0,0,Normal
SEC_1419,2026-01-30 21:00:00,BLDG_C,Common Area,P1147,Visitor,BADGE_10346,Exit,Authorized,Low,Normal Access,93,No,Normal,No,21,30,Friday,1,2026-01-30,No,0,0,0,0,0,0,Normal
SEC_1420,2026-01-30 21:30:00,BLDG_C,Office Floor,P1220,Visitor,BADGE_10334,Entry,Authorized,Low,Normal Access,79,No,Normal,No,21,30,Friday,1,2026-01-30,No,0,0,0,0,0,0,Normal
SEC_1421,2026-01-30 22:00:00,BLDG_C,Server Room,P1068,Visitor,BADGE_10370,Entry,Authorized,Medium,Normal Access,85,No,Normal,No,22,30,Friday,1,2026-01-30,No,0,0,0,0,0,0,Normal
SEC_1422,2026-01-30 22:30:00,BLDG_A,Parking Area,P1077,Employee,BADGE_10369,Exit,Authorized,Medium,Normal Access,66,No,Normal,No,22,30,Friday,1,2026-01-30,No,0,0,0,0,0,0,Normal
SEC_1423,2026-01-30 23:00:00,BLDG_A,Meeting Room,P1138,Employee,BADGE_10168,Entry,Authorized,Low,Normal Access,152,No,Normal,No,23,30,Friday,1,2026-01-30,No,0,0,0,0,0,0,Normal
SEC_1424,2026-01-30 23:30:00,BLDG_A,Common Area,P1146,Employee,BADGE_10207,Entry,Authorized,Low,Normal Access,147,No,Normal,No,23,30,Friday,1,2026-01-30,No,0,0,0,0,0,0,Normal
SEC_1425,2026-01-31 00:00:00,BLDG_B,Restricted Zone,P1225,Visitor,BADGE_10246,Entry,Authorized,Low,Normal Access,69,No,Normal,No,0,31,Saturday,1,2026-01-31,No,0,0,0,0,0,0,Normal
SEC_1426,2026-01-31 00:30:00,BLDG_C,Office Floor,P1079,Visitor,BADGE_10436,Entry,Denied,Low,Failed Access,127,No,Normal,No,0,31,Saturday,1,2026-01-31,No,0,0,0,0,0,0,Normal
SEC_1427,2026-01-31 01:00:00,BLDG_B,Office Floor,P1294,Employee,BADGE_10394,Exit,Denied,Medium,Restricted Access,55,Yes,Normal,No,1,31,Saturday,1,2026-01-31,No,0,1,0,0,0,1,Monitoring
SEC_1428,2026-01-31 01:30:00,BLDG_A,Office Floor,P1007,Employee,BADGE_10051,Exit,Authorized,Low,Normal Access,59,No,Normal,No,1,31,Saturday,1,2026-01-31,No,0,0,0,0,0,0,Normal
SEC_1429,2026-01-31 02:00:00,BLDG_B,Server Room,P1119,Employee,BADGE_10203,Exit,Authorized,Low,Normal Access,142,No,Normal,No,2,31,Saturday,1,2026-01-31,No,0,0,0,0,0,0,Normal
SEC_1430,2026-01-31 02:30:00,BLDG_B,Server Room,P1044,Employee,BADGE_10206,Exit,Authorized,Low,Normal Access,39,No,Normal,No,2,31,Saturday,1,2026-01-31,No,0,0,0,0,0,0,Normal
SEC_1431,2026-01-31 03:00:00,BLDG_A,Common Area,P1220,Visitor,BADGE_10038,Exit,Authorized,Low,Normal Access,143,No,Normal,No,3,31,Saturday,1,2026-01-31,No,0,0,0,0,0,0,Normal
SEC_1432,2026-01-31 03:30:00,BLDG_C,Server Room,P1244,Employee,BADGE_10015,Entry,Authorized,Low,Normal Access,132,No,Normal,No,3,31,Saturday,1,2026-01-31,No,0,0,0,0,0,0,Normal
SEC_1433,2026-01-31 04:00:00,BLDG_C,Meeting Room,P1275,Employee,BADGE_10052,Entry,Authorized,Low,Normal Access,119,No,Normal,No,4,31,Saturday,1,2026-01-31,No,0,0,0,0,0,0,Normal
SEC_1434,2026-01-31 04:30:00,BLDG_C,Office Floor,P1006,Visitor,BADGE_10242,Exit,Authorized,Medium,Normal Access,163,No,Normal,No,4,31,Saturday,1,2026-01-31,No,0,0,0,0,0,0,Normal
SEC_1435,2026-01-31 05:00:00,BLDG_A,Office Floor,P1242,Contractor,BADGE_10394,Exit,Authorized,Low,Normal Access,157,No,Normal,No,5,31,Saturday,1,2026-01-31,No,0,0,0,0,0,0,Normal
SEC_1436,2026-01-31 05:30:00,BLDG_B,Office Floor,P1298,Employee,BADGE_10450,Entry,Authorized,Low,Normal Access,31,No,Normal,No,5,31,Saturday,1,2026-01-31,No,0,0,0,0,0,0,Normal
SEC_1437,2026-01-31 06:00:00,BLDG_A,Common Area,P1046,Contractor,BADGE_10382,Entry,Authorized,Medium,Suspicious Activity,18,Yes,Suspicious,Yes,6,31,Saturday,1,2026-01-31,No,0,1,1,0,0,2,Warning
SEC_1438,2026-01-31 06:30:00,BLDG_B,Meeting Room,P1215,Employee,BADGE_10352,Exit,Authorized,Low,Normal Access,112,No,Normal,No,6,31,Saturday,1,2026-01-31,No,0,0,0,0,0,0,Normal
SEC_1439,2026-01-31 07:00:00,BLDG_C,Restricted Zone,P1200,Visitor,BADGE_10226,Entry,Denied,High,Failed Access,32,Yes,Normal,Yes,7,31,Saturday,1,2026-01-31,No,0,1,1,0,1,3,Warning
SEC_1440,2026-01-31 07:30:00,BLDG_A,Parking Area,P1088,Employee,BADGE_10063,Entry,Denied,High,Failed Access,155,Yes,Unusual,No,7,31,Saturday,1,2026-01-31,No,0,1,0,1,1,3,Warning
SEC_1441,2026-01-31 08:00:00,BLDG_C,Restricted Zone,P1212,Employee,BADGE_10389,Entry,Denied,High,Failed Access,149,Yes,Normal,Yes,8,31,Saturday,1,2026-01-31,No,0,1,1,0,1,3,Warning
SEC_1442,2026-01-31 08:30:00,BLDG_B,Restricted Zone,P1232,Visitor,BADGE_10259,Entry,Authorized,Low,Normal Access,129,No,Normal,No,8,31,Saturday,1,2026-01-31,No,0,0,0,0,0,0,Normal
SEC_1443,2026-01-31 09:00:00,BLDG_B,Office Floor,P1010,Employee,BADGE_10313,Exit,Authorized,Low,Normal Access,154,No,Normal,No,9,31,Saturday,1,2026-01-31,Yes,0,0,0,0,0,0,Normal
SEC_1444,2026-01-31 09:30:00,BLDG_A,Common Area,P1171,Visitor,BADGE_10318,Exit,Authorized,Medium,Normal Access,125,No,Normal,No,9,31,Saturday,1,2026-01-31,Yes,0,0,0,0,0,0,Normal
SEC_1445,2026-01-31 10:00:00,BLDG_B,Office Floor,P1045,Employee,BADGE_10146,Entry,Authorized,Low,Normal Access,113,No,Normal,No,10,31,Saturday,1,2026-01-31,Yes,0,0,0,0,0,0,Normal
SEC_1446,2026-01-31 10:30:00,BLDG_B,Office Floor,P1251,Employee,BADGE_10041,Exit,Authorized,Low,Normal Access,100,No,Normal,No,10,31,Saturday,1,2026-01-31,Yes,0,0,0,0,0,0,Normal
SEC_1447,2026-01-31 11:00:00,BLDG_A,Restricted Zone,P1122,Employee,BADGE_10077,Entry,Authorized,Low,Normal Access,57,No,Normal,No,11,31,Saturday,1,2026-01-31,Yes,0,0,0,0,0,0,Normal
SEC_1448,2026-01-31 11:30:00,BLDG_C,Restricted Zone,P1172,Employee,BADGE_10442,Entry,Authorized,Low,Normal Access,105,No,Normal,No,11,31,Saturday,1,2026-01-31,Yes,0,0,0,0,0,0,Normal
SEC_1449,2026-01-31 12:00:00,BLDG_B,Common Area,P1059,Employee,BADGE_10309,Entry,Authorized,Low,Normal Access,53,No,Normal,No,12,31,Saturday,1,2026-01-31,Yes,0,0,0,0,0,0,Normal
SEC_1450,2026-01-31 12:30:00,BLDG_A,Office Floor,P1028,Employee,BADGE_10306,Entry,Authorized,Low,Normal Access,3,No,Normal,No,12,31,Saturday,1,2026-01-31,Yes,0,0,0,0,0,0,Normal
SEC_1451,2026-01-31 13:00:00,BLDG_A,Restricted Zone,P1036,Employee,BADGE_10002,Exit,Authorized,Low,Normal Access,128,No,Normal,No,13,31,Saturday,1,2026-01-31,Yes,0,0,0,0,0,0,Normal
SEC_1452,2026-01-31 13:30:00,BLDG_B,Server Room,P1064,Employee,BADGE_10290,Exit,Authorized,Medium,Normal Access,19,No,Normal,No,13,31,Saturday,1,2026-01-31,Yes,0,0,0,0,0,0,Normal
SEC_1453,2026-01-31 14:00:00,BLDG_B,Office Floor,P1245,Employee,BADGE_10450,Entry,Authorized,Low,Normal Access,35,No,Normal,No,14,31,Saturday,1,2026-01-31,Yes,0,0,0,0,0,0,Normal
SEC_1454,2026-01-31 14:30:00,BLDG_A,Meeting Room,P1232,Employee,BADGE_10295,Exit,Authorized,Low,Normal Access,170,No,Normal,No,14,31,Saturday,1,2026-01-31,Yes,0,0,0,0,0,0,Normal
SEC_1455,2026-01-31 15:00:00,BLDG_A,Restricted Zone,P1039,Employee,BADGE_10038,Entry,Authorized,Low,Normal Access,45,No,Normal,No,15,31,Saturday,1,2026-01-31,Yes,0,0,0,0,0,0,Normal
SEC_1456,2026-01-31 15:30:00,BLDG_A,Restricted Zone,P1251,Employee,BADGE_10123,Exit,Denied,High,Failed Access,70,Yes,Normal,Yes,15,31,Saturday,1,2026-01-31,Yes,0,1,1,0,1,3,Warning
SEC_1457,2026-01-31 16:00:00,BLDG_C,Parking Area,P1266,Contractor,BADGE_10141,Entry,Authorized,Low,Normal Access,131,No,Normal,No,16,31,Saturday,1,2026-01-31,Yes,0,0,0,0,0,0,Normal
SEC_1458,2026-01-31 16:30:00,BLDG_A,Parking Area,P1091,Employee,BADGE_10424,Entry,Denied,Medium,Failed Access,115,No,Normal,No,16,31,Saturday,1,2026-01-31,Yes,0,0,0,0,0,0,Normal
SEC_1459,2026-01-31 17:00:00,BLDG_A,Parking Area,P1136,Employee,BADGE_10248,Exit,Authorized,Low,Normal Access,104,No,Normal,No,17,31,Saturday,1,2026-01-31,Yes,0,0,0,0,0,0,Normal
SEC_1460,2026-01-31 17:30:00,BLDG_B,Common Area,P1160,Visitor,BADGE_10333,Entry,Authorized,Low,Normal Access,19,No,Normal,No,17,31,Saturday,1,2026-01-31,Yes,0,0,0,0,0,0,Normal
SEC_1461,2026-01-31 18:00:00,BLDG_C,Office Floor,P1149,Employee,BADGE_10111,Exit,Authorized,High,Suspicious Activity,153,Yes,Unusual,Yes,18,31,Saturday,1,2026-01-31,No,0,1,1,1,1,4,Critical
SEC_1462,2026-01-31 18:30:00,BLDG_B,Common Area,P1153,Visitor,BADGE_10103,Entry,Authorized,Low,Normal Access,25,No,Normal,No,18,31,Saturday,1,2026-01-31,No,0,0,0,0,0,0,Normal
SEC_1463,2026-01-31 19:00:00,BLDG_B,Office Floor,P1078,Visitor,BADGE_10067,Exit,Authorized,Low,Normal Access,177,No,Normal,No,19,31,Saturday,1,2026-01-31,No,0,0,0,0,0,0,Normal
SEC_1464,2026-01-31 19:30:00,BLDG_A,Office Floor,P1063,Employee,BADGE_10297,Entry,Authorized,Low,Normal Access,8,No,Normal,No,19,31,Saturday,1,2026-01-31,No,0,0,0,0,0,0,Normal
SEC_1465,2026-01-31 20:00:00,BLDG_B,Meeting Room,P1247,Contractor,BADGE_10361,Entry,Authorized,Low,Normal Access,105,No,Normal,No,20,31,Saturday,1,2026-01-31,No,0,0,0,0,0,0,Normal
SEC_1466,2026-01-31 20:30:00,BLDG_A,Common Area,P1036,Employee,BADGE_10019,Exit,Denied,Low,Restricted Access,92,Yes,Normal,No,20,31,Saturday,1,2026-01-31,No,0,1,0,0,0,1,Monitoring
SEC_1467,2026-01-31 21:00:00,BLDG_C,Parking Area,P1064,Employee,BADGE_10324,Entry,Authorized,Low,Normal Access,81,No,Normal,No,21,31,Saturday,1,2026-01-31,No,0,0,0,0,0,0,Normal
SEC_1468,2026-01-31 21:30:00,BLDG_A,Office Floor,P1019,Visitor,BADGE_10332,Exit,Authorized,Low,Normal Access,63,No,Normal,No,21,31,Saturday,1,2026-01-31,No,0,0,0,0,0,0,Normal
SEC_1469,2026-01-31 22:00:00,BLDG_C,Meeting Room,P1111,Employee,BADGE_10277,Entry,Authorized,Low,Normal Access,51,No,Normal,No,22,31,Saturday,1,2026-01-31,No,0,0,0,0,0,0,Normal
SEC_1470,2026-01-31 22:30:00,BLDG_A,Office Floor,P1048,Employee,BADGE_10087,Exit,Authorized,Low,Normal Access,130,No,Normal,No,22,31,Saturday,1,2026-01-31,No,0,0,0,0,0,0,Normal
SEC_1471,2026-01-31 23:00:00,BLDG_C,Office Floor,P1160,Employee,BADGE_10316,Entry,Authorized,Low,Normal Access,110,No,Normal,No,23,31,Saturday,1,2026-01-31,No,0,0,0,0,0,0,Normal
SEC_1472,2026-01-31 23:30:00,BLDG_B,Office Floor,P1119,Employee,BADGE_10199,Exit,Authorized,Low,Normal Access,146,No,Normal,No,23,31,Saturday,1,2026-01-31,No,0,0,0,0,0,0,Normal
SEC_1473,2026-02-01 00:00:00,BLDG_A,Meeting Room,P1075,Contractor,BADGE_10144,Exit,Authorized,Medium,Normal Access,88,No,Normal,No,0,1,Sunday,2,2026-02-01,No,0,0,0,0,0,0,Normal
SEC_1474,2026-02-01 00:30:00,BLDG_B,Common Area,P1110,Employee,BADGE_10482,Exit,Authorized,Low,Normal Access,83,No,Normal,No,0,1,Sunday,2,2026-02-01,No,0,0,0,0,0,0,Normal
SEC_1475,2026-02-01 01:00:00,BLDG_C,Meeting Room,P1286,Employee,BADGE_10479,Exit,Authorized,Medium,Normal Access,88,No,Normal,No,1,1,Sunday,2,2026-02-01,No,0,0,0,0,0,0,Normal
SEC_1476,2026-02-01 01:30:00,BLDG_A,Office Floor,P1129,Employee,BADGE_10488,Exit,Authorized,Low,Normal Access,137,No,Normal,No,1,1,Sunday,2,2026-02-01,No,0,0,0,0,0,0,Normal
SEC_1477,2026-02-01 02:00:00,BLDG_B,Common Area,P1169,Employee,BADGE_10443,Entry,Authorized,Low,Normal Access,145,No,Normal,No,2,1,Sunday,2,2026-02-01,No,0,0,0,0,0,0,Normal
SEC_1478,2026-02-01 02:30:00,BLDG_A,Parking Area,P1021,Contractor,BADGE_10316,Exit,Authorized,Medium,Normal Access,53,No,Normal,No,2,1,Sunday,2,2026-02-01,No,0,0,0,0,0,0,Normal
SEC_1479,2026-02-01 03:00:00,BLDG_A,Common Area,P1218,Employee,BADGE_10088,Exit,Authorized,Low,Normal Access,25,No,Normal,No,3,1,Sunday,2,2026-02-01,No,0,0,0,0,0,0,Normal
SEC_1480,2026-02-01 03:30:00,BLDG_A,Server Room,P1196,Employee,BADGE_10212,Exit,Authorized,Medium,Normal Access,17,No,Normal,No,3,1,Sunday,2,2026-02-01,No,0,0,0,0,0,0,Normal
SEC_1481,2026-02-01 04:00:00,BLDG_B,Common Area,P1290,Employee,BADGE_10060,Entry,Authorized,Low,Normal Access,3,No,Normal,No,4,1,Sunday,2,2026-02-01,No,0,0,0,0,0,0,Normal
SEC_1482,2026-02-01 04:30:00,BLDG_A,Common Area,P1176,Employee,BADGE_10073,Exit,Authorized,Low,Normal Access,101,No,Normal,No,4,1,Sunday,2,2026-02-01,No,0,0,0,0,0,0,Normal
SEC_1483,2026-02-01 05:00:00,BLDG_B,Parking Area,P1206,Employee,BADGE_10234,Entry,Authorized,Low,Normal Access,171,No,Normal,No,5,1,Sunday,2,2026-02-01,No,0,0,0,0,0,0,Normal
SEC_1484,2026-02-01 05:30:00,BLDG_B,Common Area,P1137,Employee,BADGE_10259,Entry,Authorized,Medium,Normal Access,79,No,Normal,No,5,1,Sunday,2,2026-02-01,No,0,0,0,0,0,0,Normal
SEC_1485,2026-02-01 06:00:00,BLDG_A,Restricted Zone,P1290,Employee,BADGE_10147,Entry,Denied,Critical,Failed Access,40,Yes,Normal,Yes,6,1,Sunday,2,2026-02-01,No,0,1,1,0,1,3,Warning
SEC_1486,2026-02-01 06:30:00,BLDG_B,Parking Area,P1156,Employee,BADGE_10113,Exit,Denied,Medium,Failed Access,63,No,Unusual,No,6,1,Sunday,2,2026-02-01,No,0,0,0,1,0,1,Monitoring
SEC_1487,2026-02-01 07:00:00,BLDG_C,Common Area,P1143,Employee,BADGE_10308,Entry,Authorized,Low,Normal Access,140,No,Normal,No,7,1,Sunday,2,2026-02-01,No,0,0,0,0,0,0,Normal
SEC_1488,2026-02-01 07:30:00,BLDG_B,Meeting Room,P1238,Employee,BADGE_10303,Exit,Authorized,High,Suspicious Activity,117,Yes,Suspicious,Yes,7,1,Sunday,2,2026-02-01,No,0,1,1,0,1,3,Warning
SEC_1489,2026-02-01 08:00:00,BLDG_A,Meeting Room,P1058,Employee,BADGE_10177,Entry,Authorized,Low,Normal Access,33,No,Normal,No,8,1,Sunday,2,2026-02-01,No,0,0,0,0,0,0,Normal
SEC_1490,2026-02-01 08:30:00,BLDG_C,Meeting Room,P1121,Employee,BADGE_10088,Entry,Authorized,Low,Normal Access,62,No,Normal,No,8,1,Sunday,2,2026-02-01,No,0,0,0,0,0,0,Normal
SEC_1491,2026-02-01 09:00:00,BLDG_B,Office Floor,P1194,Employee,BADGE_10427,Entry,Authorized,Low,Normal Access,163,No,Normal,No,9,1,Sunday,2,2026-02-01,Yes,0,0,0,0,0,0,Normal
SEC_1492,2026-02-01 09:30:00,BLDG_C,Common Area,P1216,Employee,BADGE_10284,Exit,Authorized,Low,Normal Access,97,No,Normal,No,9,1,Sunday,2,2026-02-01,Yes,0,0,0,0,0,0,Normal
SEC_1493,2026-02-01 10:00:00,BLDG_A,Common Area,P1188,Employee,BADGE_10385,Exit,Authorized,Medium,Normal Access,52,No,Normal,No,10,1,Sunday,2,2026-02-01,Yes,0,0,0,0,0,0,Normal
SEC_1494,2026-02-01 10:30:00,BLDG_A,Meeting Room,P1197,Employee,BADGE_10232,Entry,Authorized,High,Suspicious Activity,41,Yes,Suspicious,Yes,10,1,Sunday,2,2026-02-01,Yes,0,1,1,0,1,3,Warning
SEC_1495,2026-02-01 11:00:00,BLDG_A,Parking Area,P1205,Employee,BADGE_10017,Entry,Authorized,Low,Normal Access,33,No,Normal,No,11,1,Sunday,2,2026-02-01,Yes,0,0,0,0,0,0,Normal
SEC_1496,2026-02-01 11:30:00,BLDG_B,Office Floor,P1103,Contractor,BADGE_10033,Entry,Authorized,Low,Normal Access,90,No,Normal,No,11,1,Sunday,2,2026-02-01,Yes,0,0,0,0,0,0,Normal
SEC_1497,2026-02-01 12:00:00,BLDG_A,Parking Area,P1112,Employee,BADGE_10015,Entry,Authorized,Low,Normal Access,157,No,Normal,No,12,1,Sunday,2,2026-02-01,Yes,0,0,0,0,0,0,Normal
SEC_1498,2026-02-01 12:30:00,BLDG_A,Office Floor,P1255,Visitor,BADGE_10463,Exit,Authorized,Low,Normal Access,13,No,Normal,No,12,1,Sunday,2,2026-02-01,Yes,0,0,0,0,0,0,Normal
SEC_1499,2026-02-01 13:00:00,BLDG_C,Office Floor,P1067,Employee,BADGE_10066,Entry,Authorized,Low,Normal Access,145,No,Normal,No,13,1,Sunday,2,2026-02-01,Yes,0,0,0,0,0,0,Normal
SEC_1500,2026-02-01 13:30:00,BLDG_B,Server Room,P1009,Employee,BADGE_10420,Exit,Authorized,Medium,Normal Access,30,No,Normal,No,13,1,Sunday,2,2026-02-01,Yes,0,0,0,0,0,0,Normal
SEC_1501,2026-02-01 14:00:00,BLDG_C,Office Floor,P1254,Employee,BADGE_10031,Entry,Authorized,Low,Normal Access,162,No,Normal,No,14,1,Sunday,2,2026-02-01,Yes,0,0,0,0,0,0,Normal
SEC_1502,2026-02-01 14:30:00,BLDG_B,Common Area,P1088,Employee,BADGE_10121,Entry,Authorized,Low,Normal Access,4,No,Normal,No,14,1,Sunday,2,2026-02-01,Yes,0,0,0,0,0,0,Normal
SEC_1503,2026-02-01 15:00:00,BLDG_A,Common Area,P1112,Employee,BADGE_10048,Entry,Authorized,Low,Normal Access,180,No,Normal,No,15,1,Sunday,2,2026-02-01,Yes,0,0,0,0,0,0,Normal
SEC_1504,2026-02-01 15:30:00,BLDG_A,Office Floor,P1289,Employee,BADGE_10168,Exit,Authorized,Low,Normal Access,35,No,Normal,No,15,1,Sunday,2,2026-02-01,Yes,0,0,0,0,0,0,Normal
SEC_1505,2026-02-01 16:00:00,BLDG_B,Meeting Room,P1221,Employee,BADGE_10261,Entry,Authorized,Low,Normal Access,59,No,Normal,No,16,1,Sunday,2,2026-02-01,Yes,0,0,0,0,0,0,Normal
SEC_1506,2026-02-01 16:30:00,BLDG_C,Office Floor,P1109,Employee,BADGE_10309,Exit,Authorized,Low,Normal Access,53,No,Normal,No,16,1,Sunday,2,2026-02-01,Yes,0,0,0,0,0,0,Normal
SEC_1507,2026-02-01 17:00:00,BLDG_B,Meeting Room,P1008,Employee,BADGE_10005,Exit,Authorized,Low,Normal Access,107,No,Normal,No,17,1,Sunday,2,2026-02-01,Yes,0,0,0,0,0,0,Normal
SEC_1508,2026-02-01 17:30:00,BLDG_C,Common Area,P1025,Employee,BADGE_10464,Entry,Authorized,Low,Normal Access,165,No,Normal,No,17,1,Sunday,2,2026-02-01,Yes,0,0,0,0,0,0,Normal
SEC_1509,2026-02-01 18:00:00,BLDG_B,Parking Area,P1197,Employee,BADGE_10216,Entry,Denied,High,Failed Access,158,Yes,Normal,No,18,1,Sunday,2,2026-02-01,No,0,1,0,0,1,2,Warning
SEC_1510,2026-02-01 18:30:00,BLDG_B,Meeting Room,P1091,Employee,BADGE_10438,Entry,Authorized,Low,Normal Access,174,No,Normal,No,18,1,Sunday,2,2026-02-01,No,0,0,0,0,0,0,Normal
SEC_1511,2026-02-01 19:00:00,BLDG_B,Restricted Zone,P1240,Employee,BADGE_10150,Exit,Denied,High,Restricted Access,140,Yes,Unusual,Yes,19,1,Sunday,2,2026-02-01,No,0,1,1,1,1,4,Critical
SEC_1512,2026-02-01 19:30:00,BLDG_A,Parking Area,P1014,Employee,BADGE_10122,Entry,Denied,Medium,Restricted Access,17,Yes,Normal,No,19,1,Sunday,2,2026-02-01,No,0,1,0,0,0,1,Monitoring
SEC_1513,2026-02-01 20:00:00,BLDG_A,Parking Area,P1082,Employee,BADGE_10077,Exit,Authorized,Low,Normal Access,60,No,Normal,No,20,1,Sunday,2,2026-02-01,No,0,0,0,0,0,0,Normal
SEC_1514,2026-02-01 20:30:00,BLDG_A,Restricted Zone,P1080,Employee,BADGE_10235,Exit,Denied,High,Failed Access,32,Yes,Unusual,Yes,20,1,Sunday,2,2026-02-01,No,0,1,1,1,1,4,Critical
SEC_1515,2026-02-01 21:00:00,BLDG_C,Restricted Zone,P1042,Visitor,BADGE_10120,Exit,Denied,High,Failed Access,24,Yes,Normal,Yes,21,1,Sunday,2,2026-02-01,No,0,1,1,0,1,3,Warning
SEC_1516,2026-02-01 21:30:00,BLDG_A,Parking Area,P1262,Contractor,BADGE_10091,Exit,Authorized,Low,Normal Access,70,No,Normal,No,21,1,Sunday,2,2026-02-01,No,0,0,0,0,0,0,Normal
SEC_1517,2026-02-01 22:00:00,BLDG_A,Restricted Zone,P1061,Employee,BADGE_10363,Exit,Denied,High,Restricted Access,79,Yes,Normal,Yes,22,1,Sunday,2,2026-02-01,No,0,1,1,0,1,3,Warning
SEC_1518,2026-02-01 22:30:00,BLDG_A,Office Floor,P1083,Visitor,BADGE_10391,Entry,Authorized,Low,Normal Access,48,No,Normal,No,22,1,Sunday,2,2026-02-01,No,0,0,0,0,0,0,Normal
SEC_1519,2026-02-01 23:00:00,BLDG_A,Common Area,P1195,Employee,BADGE_10192,Entry,Authorized,Low,Normal Access,69,No,Normal,No,23,1,Sunday,2,2026-02-01,No,0,0,0,0,0,0,Normal
SEC_1520,2026-02-01 23:30:00,BLDG_C,Common Area,P1296,Employee,BADGE_10378,Exit,Authorized,Low,Normal Access,98,No,Normal,No,23,1,Sunday,2,2026-02-01,No,0,0,0,0,0,0,Normal
SEC_1521,2026-02-02 00:00:00,BLDG_C,Meeting Room,P1166,Employee,BADGE_10297,Entry,Denied,Medium,Restricted Access,171,Yes,Unusual,No,0,2,Monday,2,2026-02-02,No,0,1,0,1,0,2,Warning
SEC_1522,2026-02-02 00:30:00,BLDG_A,Common Area,P1133,Employee,BADGE_10189,Exit,Authorized,Low,Normal Access,167,No,Normal,No,0,2,Monday,2,2026-02-02,No,0,0,0,0,0,0,Normal
SEC_1523,2026-02-02 01:00:00,BLDG_B,Meeting Room,P1170,Employee,BADGE_10318,Entry,Authorized,Low,Normal Access,58,No,Normal,No,1,2,Monday,2,2026-02-02,No,0,0,0,0,0,0,Normal
SEC_1524,2026-02-02 01:30:00,BLDG_B,Parking Area,P1029,Employee,BADGE_10153,Entry,Authorized,Low,Normal Access,124,No,Normal,No,1,2,Monday,2,2026-02-02,No,0,0,0,0,0,0,Normal
SEC_1525,2026-02-02 02:00:00,BLDG_C,Office Floor,P1248,Contractor,BADGE_10301,Entry,Authorized,Low,Normal Access,98,No,Normal,No,2,2,Monday,2,2026-02-02,No,0,0,0,0,0,0,Normal
SEC_1526,2026-02-02 02:30:00,BLDG_B,Office Floor,P1118,Visitor,BADGE_10378,Entry,Authorized,Medium,Normal Access,51,No,Normal,No,2,2,Monday,2,2026-02-02,No,0,0,0,0,0,0,Normal
SEC_1527,2026-02-02 03:00:00,BLDG_C,Meeting Room,P1182,Employee,BADGE_10352,Exit,Authorized,Low,Normal Access,169,No,Normal,No,3,2,Monday,2,2026-02-02,No,0,0,0,0,0,0,Normal
SEC_1528,2026-02-02 03:30:00,BLDG_A,Server Room,P1211,Employee,BADGE_10146,Entry,Authorized,Low,Normal Access,85,No,Normal,No,3,2,Monday,2,2026-02-02,No,0,0,0,0,0,0,Normal
SEC_1529,2026-02-02 04:00:00,BLDG_B,Common Area,P1077,Employee,BADGE_10068,Exit,Authorized,Low,Normal Access,110,No,Normal,No,4,2,Monday,2,2026-02-02,No,0,0,0,0,0,0,Normal
SEC_1530,2026-02-02 04:30:00,BLDG_A,Common Area,P1268,Contractor,BADGE_10397,Entry,Authorized,High,Suspicious Activity,65,Yes,Suspicious,Yes,4,2,Monday,2,2026-02-02,No,0,1,1,0,1,3,Warning
SEC_1531,2026-02-02 05:00:00,BLDG_C,Meeting Room,P1261,Employee,BADGE_10242,Entry,Authorized,Low,Normal Access,132,No,Normal,No,5,2,Monday,2,2026-02-02,No,0,0,0,0,0,0,Normal
SEC_1532,2026-02-02 05:30:00,BLDG_B,Office Floor,P1150,Employee,BADGE_10339,Entry,Authorized,Medium,Normal Access,46,No,Normal,No,5,2,Monday,2,2026-02-02,No,0,0,0,0,0,0,Normal
SEC_1533,2026-02-02 06:00:00,BLDG_A,Office Floor,P1100,Contractor,BADGE_10023,Entry,Authorized,Low,Normal Access,165,No,Normal,No,6,2,Monday,2,2026-02-02,No,0,0,0,0,0,0,Normal
SEC_1534,2026-02-02 06:30:00,BLDG_C,Parking Area,P1078,Employee,BADGE_10401,Exit,Authorized,Low,Normal Access,73,No,Normal,No,6,2,Monday,2,2026-02-02,No,0,0,0,0,0,0,Normal
SEC_1535,2026-02-02 07:00:00,BLDG_C,Office Floor,P1196,Employee,BADGE_10466,Entry,Authorized,Low,Normal Access,135,No,Normal,No,7,2,Monday,2,2026-02-02,No,0,0,0,0,0,0,Normal
SEC_1536,2026-02-02 07:30:00,BLDG_B,Meeting Room,P1287,Employee,BADGE_10211,Exit,Authorized,Low,Normal Access,180,No,Normal,No,7,2,Monday,2,2026-02-02,No,0,0,0,0,0,0,Normal
SEC_1537,2026-02-02 08:00:00,BLDG_B,Office Floor,P1019,Visitor,BADGE_10113,Exit,Authorized,Low,Normal Access,64,No,Normal,No,8,2,Monday,2,2026-02-02,No,0,0,0,0,0,0,Normal
SEC_1538,2026-02-02 08:30:00,BLDG_B,Meeting Room,P1293,Employee,BADGE_10176,Exit,Authorized,Low,Normal Access,121,No,Normal,No,8,2,Monday,2,2026-02-02,No,0,0,0,0,0,0,Normal
SEC_1539,2026-02-02 09:00:00,BLDG_A,Parking Area,P1077,Employee,BADGE_10473,Exit,Authorized,Low,Normal Access,54,No,Normal,No,9,2,Monday,2,2026-02-02,Yes,0,0,0,0,0,0,Normal
SEC_1540,2026-02-02 09:30:00,BLDG_A,Office Floor,P1007,Employee,BADGE_10164,Entry,Authorized,Low,Normal Access,164,No,Normal,No,9,2,Monday,2,2026-02-02,Yes,0,0,0,0,0,0,Normal
SEC_1541,2026-02-02 10:00:00,BLDG_A,Restricted Zone,P1126,Visitor,BADGE_10483,Entry,Authorized,Low,Normal Access,44,No,Normal,No,10,2,Monday,2,2026-02-02,Yes,0,0,0,0,0,0,Normal
SEC_1542,2026-02-02 10:30:00,BLDG_A,Office Floor,P1254,Visitor,BADGE_10278,Exit,Authorized,Low,Normal Access,152,No,Normal,No,10,2,Monday,2,2026-02-02,Yes,0,0,0,0,0,0,Normal
SEC_1543,2026-02-02 11:00:00,BLDG_A,Meeting Room,P1233,Employee,BADGE_10428,Entry,Authorized,Low,Normal Access,148,No,Normal,No,11,2,Monday,2,2026-02-02,Yes,0,0,0,0,0,0,Normal
SEC_1544,2026-02-02 11:30:00,BLDG_B,Office Floor,P1123,Employee,BADGE_10497,Entry,Authorized,Low,Normal Access,56,No,Normal,No,11,2,Monday,2,2026-02-02,Yes,0,0,0,0,0,0,Normal
SEC_1545,2026-02-02 12:00:00,BLDG_B,Common Area,P1283,Employee,BADGE_10405,Entry,Authorized,Low,Normal Access,170,No,Normal,No,12,2,Monday,2,2026-02-02,Yes,0,0,0,0,0,0,Normal
SEC_1546,2026-02-02 12:30:00,BLDG_B,Meeting Room,P1167,Employee,BADGE_10391,Exit,Authorized,Low,Normal Access,5,No,Normal,No,12,2,Monday,2,2026-02-02,Yes,0,0,0,0,0,0,Normal
SEC_1547,2026-02-02 13:00:00,BLDG_C,Server Room,P1281,Employee,BADGE_10428,Exit,Authorized,Low,Normal Access,128,No,Normal,No,13,2,Monday,2,2026-02-02,Yes,0,0,0,0,0,0,Normal
SEC_1548,2026-02-02 13:30:00,BLDG_B,Common Area,P1199,Contractor,BADGE_10488,Entry,Authorized,Low,Normal Access,88,No,Normal,No,13,2,Monday,2,2026-02-02,Yes,0,0,0,0,0,0,Normal
SEC_1549,2026-02-02 14:00:00,BLDG_C,Common Area,P1145,Employee,BADGE_10416,Entry,Authorized,Low,Normal Access,155,No,Normal,No,14,2,Monday,2,2026-02-02,Yes,0,0,0,0,0,0,Normal
SEC_1550,2026-02-02 14:30:00,BLDG_B,Meeting Room,P1064,Employee,BADGE_10299,Entry,Authorized,Low,Normal Access,42,No,Normal,No,14,2,Monday,2,2026-02-02,Yes,0,0,0,0,0,0,Normal
SEC_1551,2026-02-02 15:00:00,BLDG_A,Restricted Zone,P1141,Employee,BADGE_10071,Entry,Authorized,Low,Normal Access,138,No,Normal,No,15,2,Monday,2,2026-02-02,Yes,0,0,0,0,0,0,Normal
SEC_1552,2026-02-02 15:30:00,BLDG_A,Parking Area,P1065,Employee,BADGE_10069,Entry,Authorized,Low,Normal Access,68,No,Normal,No,15,2,Monday,2,2026-02-02,Yes,0,0,0,0,0,0,Normal
SEC_1553,2026-02-02 16:00:00,BLDG_B,Parking Area,P1080,Employee,BADGE_10456,Exit,Authorized,Low,Normal Access,44,No,Normal,No,16,2,Monday,2,2026-02-02,Yes,0,0,0,0,0,0,Normal
SEC_1554,2026-02-02 16:30:00,BLDG_A,Office Floor,P1267,Employee,BADGE_10446,Entry,Authorized,Low,Normal Access,85,No,Normal,No,16,2,Monday,2,2026-02-02,Yes,0,0,0,0,0,0,Normal
SEC_1555,2026-02-02 17:00:00,BLDG_C,Parking Area,P1071,Employee,BADGE_10499,Entry,Authorized,Low,Normal Access,127,No,Normal,No,17,2,Monday,2,2026-02-02,Yes,0,0,0,0,0,0,Normal
SEC_1556,2026-02-02 17:30:00,BLDG_A,Server Room,P1121,Employee,BADGE_10129,Exit,Authorized,Low,Normal Access,7,No,Normal,No,17,2,Monday,2,2026-02-02,Yes,0,0,0,0,0,0,Normal
SEC_1557,2026-02-02 18:00:00,BLDG_C,Meeting Room,P1228,Employee,BADGE_10088,Entry,Authorized,Medium,Normal Access,11,No,Normal,No,18,2,Monday,2,2026-02-02,No,0,0,0,0,0,0,Normal
SEC_1558,2026-02-02 18:30:00,BLDG_A,Meeting Room,P1299,Employee,BADGE_10339,Entry,Authorized,Low,Normal Access,169,No,Normal,No,18,2,Monday,2,2026-02-02,No,0,0,0,0,0,0,Normal
SEC_1559,2026-02-02 19:00:00,BLDG_C,Office Floor,P1112,Employee,BADGE_10128,Entry,Authorized,Low,Normal Access,37,No,Normal,No,19,2,Monday,2,2026-02-02,No,0,0,0,0,0,0,Normal
SEC_1560,2026-02-02 19:30:00,BLDG_C,Office Floor,P1096,Employee,BADGE_10107,Exit,Authorized,Medium,Normal Access,121,No,Normal,No,19,2,Monday,2,2026-02-02,No,0,0,0,0,0,0,Normal
SEC_1561,2026-02-02 20:00:00,BLDG_A,Server Room,P1049,Employee,BADGE_10275,Entry,Authorized,Low,Normal Access,169,No,Normal,No,20,2,Monday,2,2026-02-02,No,0,0,0,0,0,0,Normal
SEC_1562,2026-02-02 20:30:00,BLDG_A,Office Floor,P1214,Visitor,BADGE_10296,Exit,Authorized,Low,Normal Access,52,No,Normal,No,20,2,Monday,2,2026-02-02,No,0,0,0,0,0,0,Normal
SEC_1563,2026-02-02 21:00:00,BLDG_C,Common Area,P1052,Employee,BADGE_10112,Exit,Authorized,Low,Normal Access,40,No,Normal,No,21,2,Monday,2,2026-02-02,No,0,0,0,0,0,0,Normal
SEC_1564,2026-02-02 21:30:00,BLDG_A,Office Floor,P1210,Employee,BADGE_10296,Entry,Authorized,Low,Normal Access,90,No,Normal,No,21,2,Monday,2,2026-02-02,No,0,0,0,0,0,0,Normal
SEC_1565,2026-02-02 22:00:00,BLDG_A,Parking Area,P1051,Employee,BADGE_10112,Exit,Authorized,Low,Normal Access,106,No,Normal,No,22,2,Monday,2,2026-02-02,No,0,0,0,0,0,0,Normal
SEC_1566,2026-02-02 22:30:00,BLDG_A,Server Room,P1090,Employee,BADGE_10213,Exit,Authorized,Low,Normal Access,88,No,Normal,No,22,2,Monday,2,2026-02-02,No,0,0,0,0,0,0,Normal
SEC_1567,2026-02-02 23:00:00,BLDG_C,Parking Area,P1206,Employee,BADGE_10286,Entry,Authorized,Medium,Suspicious Activity,106,Yes,Suspicious,Yes,23,2,Monday,2,2026-02-02,No,0,1,1,0,0,2,Warning
SEC_1568,2026-02-02 23:30:00,BLDG_A,Parking Area,P1170,Employee,BADGE_10438,Exit,Authorized,Low,Normal Access,102,No,Normal,No,23,2,Monday,2,2026-02-02,No,0,0,0,0,0,0,Normal
SEC_1569,2026-02-03 00:00:00,BLDG_C,Server Room,P1027,Contractor,BADGE_10151,Entry,Authorized,Low,Normal Access,48,No,Normal,No,0,3,Tuesday,2,2026-02-03,No,0,0,0,0,0,0,Normal
SEC_1570,2026-02-03 00:30:00,BLDG_A,Meeting Room,P1098,Employee,BADGE_10073,Entry,Authorized,Medium,Normal Access,72,No,Normal,No,0,3,Tuesday,2,2026-02-03,No,0,0,0,0,0,0,Normal
SEC_1571,2026-02-03 01:00:00,BLDG_C,Restricted Zone,P1083,Visitor,BADGE_10419,Exit,Authorized,Low,Normal Access,61,No,Normal,No,1,3,Tuesday,2,2026-02-03,No,0,0,0,0,0,0,Normal
SEC_1572,2026-02-03 01:30:00,BLDG_C,Meeting Room,P1224,Employee,BADGE_10498,Exit,Denied,Low,Failed Access,112,No,Normal,No,1,3,Tuesday,2,2026-02-03,No,0,0,0,0,0,0,Normal
SEC_1573,2026-02-03 02:00:00,BLDG_B,Office Floor,P1188,Employee,BADGE_10240,Entry,Authorized,Low,Normal Access,103,No,Normal,No,2,3,Tuesday,2,2026-02-03,No,0,0,0,0,0,0,Normal
SEC_1574,2026-02-03 02:30:00,BLDG_A,Office Floor,P1144,Employee,BADGE_10256,Entry,Authorized,Low,Normal Access,19,No,Normal,No,2,3,Tuesday,2,2026-02-03,No,0,0,0,0,0,0,Normal
SEC_1575,2026-02-03 03:00:00,BLDG_C,Office Floor,P1019,Employee,BADGE_10401,Entry,Authorized,Low,Normal Access,140,No,Normal,No,3,3,Tuesday,2,2026-02-03,No,0,0,0,0,0,0,Normal
SEC_1576,2026-02-03 03:30:00,BLDG_A,Server Room,P1261,Employee,BADGE_10116,Entry,Authorized,Low,Normal Access,151,No,Normal,No,3,3,Tuesday,2,2026-02-03,No,0,0,0,0,0,0,Normal
SEC_1577,2026-02-03 04:00:00,BLDG_C,Meeting Room,P1092,Employee,BADGE_10246,Entry,Authorized,Low,Normal Access,12,No,Normal,No,4,3,Tuesday,2,2026-02-03,No,0,0,0,0,0,0,Normal
SEC_1578,2026-02-03 04:30:00,BLDG_B,Common Area,P1137,Contractor,BADGE_10077,Entry,Authorized,Low,Normal Access,129,No,Normal,No,4,3,Tuesday,2,2026-02-03,No,0,0,0,0,0,0,Normal
SEC_1579,2026-02-03 05:00:00,BLDG_C,Meeting Room,P1208,Employee,BADGE_10499,Exit,Authorized,Low,Normal Access,102,No,Normal,No,5,3,Tuesday,2,2026-02-03,No,0,0,0,0,0,0,Normal
SEC_1580,2026-02-03 05:30:00,BLDG_B,Parking Area,P1138,Employee,BADGE_10434,Exit,Denied,High,Restricted Access,45,Yes,Unusual,No,5,3,Tuesday,2,2026-02-03,No,0,1,0,1,1,3,Warning
SEC_1581,2026-02-03 06:00:00,BLDG_B,Common Area,P1222,Employee,BADGE_10440,Entry,Authorized,Low,Normal Access,141,No,Normal,No,6,3,Tuesday,2,2026-02-03,No,0,0,0,0,0,0,Normal
SEC_1582,2026-02-03 06:30:00,BLDG_B,Office Floor,P1239,Employee,BADGE_10476,Entry,Authorized,Low,Normal Access,151,No,Normal,No,6,3,Tuesday,2,2026-02-03,No,0,0,0,0,0,0,Normal
SEC_1583,2026-02-03 07:00:00,BLDG_A,Office Floor,P1103,Employee,BADGE_10242,Entry,Authorized,Low,Normal Access,118,No,Normal,No,7,3,Tuesday,2,2026-02-03,No,0,0,0,0,0,0,Normal
SEC_1584,2026-02-03 07:30:00,BLDG_C,Meeting Room,P1232,Contractor,BADGE_10458,Entry,Authorized,Low,Normal Access,120,No,Normal,No,7,3,Tuesday,2,2026-02-03,No,0,0,0,0,0,0,Normal
SEC_1585,2026-02-03 08:00:00,BLDG_B,Common Area,P1208,Visitor,BADGE_10073,Exit,Denied,Low,Failed Access,146,No,Unusual,No,8,3,Tuesday,2,2026-02-03,No,0,0,0,1,0,1,Monitoring
SEC_1586,2026-02-03 08:30:00,BLDG_C,Server Room,P1098,Visitor,BADGE_10268,Exit,Authorized,Low,Normal Access,61,No,Normal,No,8,3,Tuesday,2,2026-02-03,No,0,0,0,0,0,0,Normal
SEC_1587,2026-02-03 09:00:00,BLDG_A,Meeting Room,P1163,Employee,BADGE_10060,Exit,Authorized,Low,Normal Access,158,No,Normal,No,9,3,Tuesday,2,2026-02-03,Yes,0,0,0,0,0,0,Normal
SEC_1588,2026-02-03 09:30:00,BLDG_A,Restricted Zone,P1177,Employee,BADGE_10489,Entry,Authorized,Low,Normal Access,33,No,Normal,No,9,3,Tuesday,2,2026-02-03,Yes,0,0,0,0,0,0,Normal
SEC_1589,2026-02-03 10:00:00,BLDG_A,Common Area,P1107,Employee,BADGE_10348,Entry,Authorized,Low,Normal Access,143,No,Normal,No,10,3,Tuesday,2,2026-02-03,Yes,0,0,0,0,0,0,Normal
SEC_1590,2026-02-03 10:30:00,BLDG_C,Office Floor,P1007,Employee,BADGE_10346,Entry,Authorized,Low,Normal Access,14,No,Normal,No,10,3,Tuesday,2,2026-02-03,Yes,0,0,0,0,0,0,Normal
SEC_1591,2026-02-03 11:00:00,BLDG_C,Common Area,P1293,Employee,BADGE_10334,Entry,Authorized,Low,Normal Access,17,No,Normal,No,11,3,Tuesday,2,2026-02-03,Yes,0,0,0,0,0,0,Normal
SEC_1592,2026-02-03 11:30:00,BLDG_A,Common Area,P1234,Employee,BADGE_10458,Entry,Authorized,High,Suspicious Activity,113,Yes,Unusual,Yes,11,3,Tuesday,2,2026-02-03,Yes,0,1,1,1,1,4,Critical
SEC_1593,2026-02-03 12:00:00,BLDG_A,Common Area,P1239,Employee,BADGE_10490,Entry,Authorized,Low,Normal Access,115,No,Normal,No,12,3,Tuesday,2,2026-02-03,Yes,0,0,0,0,0,0,Normal
SEC_1594,2026-02-03 12:30:00,BLDG_A,Office Floor,P1257,Visitor,BADGE_10075,Entry,Authorized,Low,Normal Access,89,No,Normal,No,12,3,Tuesday,2,2026-02-03,Yes,0,0,0,0,0,0,Normal
SEC_1595,2026-02-03 13:00:00,BLDG_B,Restricted Zone,P1062,Employee,BADGE_10327,Entry,Denied,Medium,Restricted Access,112,Yes,Unusual,No,13,3,Tuesday,2,2026-02-03,Yes,0,1,0,1,0,2,Warning
SEC_1596,2026-02-03 13:30:00,BLDG_B,Office Floor,P1073,Employee,BADGE_10102,Entry,Denied,Medium,Failed Access,95,No,Normal,No,13,3,Tuesday,2,2026-02-03,Yes,0,0,0,0,0,0,Normal
SEC_1597,2026-02-03 14:00:00,BLDG_C,Common Area,P1125,Employee,BADGE_10301,Entry,Authorized,Low,Normal Access,12,No,Normal,No,14,3,Tuesday,2,2026-02-03,Yes,0,0,0,0,0,0,Normal
SEC_1598,2026-02-03 14:30:00,BLDG_B,Common Area,P1261,Contractor,BADGE_10191,Entry,Authorized,Low,Normal Access,30,No,Normal,No,14,3,Tuesday,2,2026-02-03,Yes,0,0,0,0,0,0,Normal
SEC_1599,2026-02-03 15:00:00,BLDG_A,Meeting Room,P1094,Employee,BADGE_10370,Exit,Authorized,Low,Normal Access,35,No,Normal,No,15,3,Tuesday,2,2026-02-03,Yes,0,0,0,0,0,0,Normal
SEC_1600,2026-02-03 15:30:00,BLDG_A,Office Floor,P1274,Employee,BADGE_10358,Entry,Authorized,Low,Normal Access,111,No,Normal,No,15,3,Tuesday,2,2026-02-03,Yes,0,0,0,0,0,0,Normal
SEC_1601,2026-02-03 16:00:00,BLDG_B,Meeting Room,P1126,Employee,BADGE_10439,Exit,Authorized,Medium,Normal Access,20,No,Normal,No,16,3,Tuesday,2,2026-02-03,Yes,0,0,0,0,0,0,Normal
SEC_1602,2026-02-03 16:30:00,BLDG_A,Restricted Zone,P1128,Employee,BADGE_10126,Entry,Authorized,Low,Normal Access,62,No,Normal,No,16,3,Tuesday,2,2026-02-03,Yes,0,0,0,0,0,0,Normal
SEC_1603,2026-02-03 17:00:00,BLDG_B,Parking Area,P1083,Employee,BADGE_10423,Exit,Authorized,Low,Normal Access,142,No,Normal,No,17,3,Tuesday,2,2026-02-03,Yes,0,0,0,0,0,0,Normal
SEC_1604,2026-02-03 17:30:00,BLDG_B,Parking Area,P1284,Employee,BADGE_10494,Entry,Authorized,Low,Normal Access,47,No,Normal,No,17,3,Tuesday,2,2026-02-03,Yes,0,0,0,0,0,0,Normal
SEC_1605,2026-02-03 18:00:00,BLDG_C,Common Area,P1200,Visitor,BADGE_10035,Exit,Denied,Medium,Restricted Access,3,Yes,Unusual,No,18,3,Tuesday,2,2026-02-03,No,0,1,0,1,0,2,Warning
SEC_1606,2026-02-03 18:30:00,BLDG_C,Parking Area,P1279,Employee,BADGE_10030,Entry,Denied,Medium,Failed Access,172,No,Normal,No,18,3,Tuesday,2,2026-02-03,No,0,0,0,0,0,0,Normal
SEC_1607,2026-02-03 19:00:00,BLDG_B,Office Floor,P1146,Contractor,BADGE_10472,Entry,Denied,Medium,Failed Access,78,No,Normal,No,19,3,Tuesday,2,2026-02-03,No,0,0,0,0,0,0,Normal
SEC_1608,2026-02-03 19:30:00,BLDG_A,Common Area,P1162,Employee,BADGE_10188,Entry,Authorized,Low,Normal Access,105,No,Normal,No,19,3,Tuesday,2,2026-02-03,No,0,0,0,0,0,0,Normal
SEC_1609,2026-02-03 20:00:00,BLDG_B,Restricted Zone,P1140,Employee,BADGE_10016,Exit,Authorized,Low,Normal Access,54,No,Normal,No,20,3,Tuesday,2,2026-02-03,No,0,0,0,0,0,0,Normal
SEC_1610,2026-02-03 20:30:00,BLDG_A,Meeting Room,P1177,Employee,BADGE_10354,Entry,Authorized,Low,Normal Access,3,No,Normal,No,20,3,Tuesday,2,2026-02-03,No,0,0,0,0,0,0,Normal
SEC_1611,2026-02-03 21:00:00,BLDG_B,Office Floor,P1003,Employee,BADGE_10184,Exit,Authorized,Low,Normal Access,80,No,Normal,No,21,3,Tuesday,2,2026-02-03,No,0,0,0,0,0,0,Normal
SEC_1612,2026-02-03 21:30:00,BLDG_A,Office Floor,P1251,Employee,BADGE_10443,Exit,Authorized,Medium,Normal Access,48,No,Normal,No,21,3,Tuesday,2,2026-02-03,No,0,0,0,0,0,0,Normal
SEC_1613,2026-02-03 22:00:00,BLDG_A,Parking Area,P1078,Employee,BADGE_10231,Entry,Authorized,Low,Normal Access,42,No,Normal,No,22,3,Tuesday,2,2026-02-03,No,0,0,0,0,0,0,Normal
SEC_1614,2026-02-03 22:30:00,BLDG_C,Office Floor,P1242,Employee,BADGE_10305,Entry,Authorized,Low,Normal Access,72,No,Normal,No,22,3,Tuesday,2,2026-02-03,No,0,0,0,0,0,0,Normal
SEC_1615,2026-02-03 23:00:00,BLDG_A,Parking Area,P1296,Employee,BADGE_10211,Entry,Authorized,Low,Normal Access,30,No,Normal,No,23,3,Tuesday,2,2026-02-03,No,0,0,0,0,0,0,Normal
SEC_1616,2026-02-03 23:30:00,BLDG_A,Restricted Zone,P1282,Employee,BADGE_10335,Entry,Denied,High,Failed Access,91,Yes,Normal,Yes,23,3,Tuesday,2,2026-02-03,No,0,1,1,0,1,3,Warning
SEC_1617,2026-02-04 00:00:00,BLDG_B,Office Floor,P1202,Contractor,BADGE_10450,Exit,Authorized,Low,Normal Access,19,No,Normal,No,0,4,Wednesday,2,2026-02-04,No,0,0,0,0,0,0,Normal
SEC_1618,2026-02-04 00:30:00,BLDG_B,Restricted Zone,P1192,Employee,BADGE_10034,Entry,Authorized,Low,Normal Access,35,No,Normal,No,0,4,Wednesday,2,2026-02-04,No,0,0,0,0,0,0,Normal
SEC_1619,2026-02-04 01:00:00,BLDG_B,Common Area,P1285,Employee,BADGE_10407,Entry,Authorized,Low,Normal Access,163,No,Normal,No,1,4,Wednesday,2,2026-02-04,No,0,0,0,0,0,0,Normal
SEC_1620,2026-02-04 01:30:00,BLDG_C,Office Floor,P1293,Employee,BADGE_10391,Entry,Authorized,Low,Normal Access,9,No,Normal,No,1,4,Wednesday,2,2026-02-04,No,0,0,0,0,0,0,Normal
SEC_1621,2026-02-04 02:00:00,BLDG_A,Common Area,P1157,Employee,BADGE_10153,Entry,Authorized,Low,Normal Access,143,No,Normal,No,2,4,Wednesday,2,2026-02-04,No,0,0,0,0,0,0,Normal
SEC_1622,2026-02-04 02:30:00,BLDG_B,Restricted Zone,P1271,Employee,BADGE_10064,Exit,Denied,Medium,Restricted Access,113,Yes,Normal,No,2,4,Wednesday,2,2026-02-04,No,0,1,0,0,0,1,Monitoring
SEC_1623,2026-02-04 03:00:00,BLDG_A,Office Floor,P1164,Contractor,BADGE_10094,Entry,Authorized,Low,Normal Access,69,No,Normal,No,3,4,Wednesday,2,2026-02-04,No,0,0,0,0,0,0,Normal
SEC_1624,2026-02-04 03:30:00,BLDG_C,Meeting Room,P1078,Employee,BADGE_10434,Exit,Authorized,Low,Normal Access,125,No,Normal,No,3,4,Wednesday,2,2026-02-04,No,0,0,0,0,0,0,Normal
SEC_1625,2026-02-04 04:00:00,BLDG_B,Meeting Room,P1161,Contractor,BADGE_10427,Exit,Authorized,Low,Normal Access,123,No,Normal,No,4,4,Wednesday,2,2026-02-04,No,0,0,0,0,0,0,Normal
SEC_1626,2026-02-04 04:30:00,BLDG_B,Restricted Zone,P1236,Employee,BADGE_10485,Entry,Authorized,Low,Normal Access,14,No,Normal,No,4,4,Wednesday,2,2026-02-04,No,0,0,0,0,0,0,Normal
SEC_1627,2026-02-04 05:00:00,BLDG_B,Parking Area,P1203,Employee,BADGE_10229,Entry,Denied,Medium,Failed Access,153,No,Unusual,No,5,4,Wednesday,2,2026-02-04,No,0,0,0,1,0,1,Monitoring
SEC_1628,2026-02-04 05:30:00,BLDG_B,Server Room,P1219,Contractor,BADGE_10102,Exit,Authorized,Low,Normal Access,36,No,Normal,No,5,4,Wednesday,2,2026-02-04,No,0,0,0,0,0,0,Normal
SEC_1629,2026-02-04 06:00:00,BLDG_A,Parking Area,P1087,Employee,BADGE_10078,Entry,Authorized,Medium,Normal Access,161,No,Normal,No,6,4,Wednesday,2,2026-02-04,No,0,0,0,0,0,0,Normal
SEC_1630,2026-02-04 06:30:00,BLDG_A,Common Area,P1143,Employee,BADGE_10228,Entry,Authorized,Medium,Normal Access,121,No,Normal,No,6,4,Wednesday,2,2026-02-04,No,0,0,0,0,0,0,Normal
SEC_1631,2026-02-04 07:00:00,BLDG_C,Common Area,P1098,Employee,BADGE_10146,Entry,Authorized,Low,Normal Access,7,No,Normal,No,7,4,Wednesday,2,2026-02-04,No,0,0,0,0,0,0,Normal
SEC_1632,2026-02-04 07:30:00,BLDG_B,Meeting Room,P1139,Employee,BADGE_10355,Exit,Authorized,Low,Normal Access,75,No,Normal,No,7,4,Wednesday,2,2026-02-04,No,0,0,0,0,0,0,Normal
SEC_1633,2026-02-04 08:00:00,BLDG_B,Server Room,P1139,Employee,BADGE_10227,Entry,Authorized,Low,Normal Access,18,No,Normal,No,8,4,Wednesday,2,2026-02-04,No,0,0,0,0,0,0,Normal
SEC_1634,2026-02-04 08:30:00,BLDG_A,Office Floor,P1055,Employee,BADGE_10356,Entry,Authorized,Low,Normal Access,22,No,Normal,No,8,4,Wednesday,2,2026-02-04,No,0,0,0,0,0,0,Normal
SEC_1635,2026-02-04 09:00:00,BLDG_A,Parking Area,P1001,Employee,BADGE_10358,Entry,Authorized,Low,Normal Access,116,No,Normal,No,9,4,Wednesday,2,2026-02-04,Yes,0,0,0,0,0,0,Normal
SEC_1636,2026-02-04 09:30:00,BLDG_A,Common Area,P1196,Employee,BADGE_10284,Exit,Authorized,Low,Normal Access,88,No,Normal,No,9,4,Wednesday,2,2026-02-04,Yes,0,0,0,0,0,0,Normal
SEC_1637,2026-02-04 10:00:00,BLDG_A,Parking Area,P1233,Employee,BADGE_10421,Entry,Authorized,Medium,Normal Access,42,No,Normal,No,10,4,Wednesday,2,2026-02-04,Yes,0,0,0,0,0,0,Normal
SEC_1638,2026-02-04 10:30:00,BLDG_B,Meeting Room,P1018,Employee,BADGE_10056,Entry,Authorized,Low,Normal Access,152,No,Normal,No,10,4,Wednesday,2,2026-02-04,Yes,0,0,0,0,0,0,Normal
SEC_1639,2026-02-04 11:00:00,BLDG_B,Meeting Room,P1064,Employee,BADGE_10199,Exit,Authorized,Low,Normal Access,87,No,Normal,No,11,4,Wednesday,2,2026-02-04,Yes,0,0,0,0,0,0,Normal
SEC_1640,2026-02-04 11:30:00,BLDG_B,Office Floor,P1156,Employee,BADGE_10471,Exit,Authorized,Low,Normal Access,165,No,Normal,No,11,4,Wednesday,2,2026-02-04,Yes,0,0,0,0,0,0,Normal
SEC_1641,2026-02-04 12:00:00,BLDG_B,Meeting Room,P1054,Employee,BADGE_10093,Entry,Authorized,Medium,Normal Access,70,No,Normal,No,12,4,Wednesday,2,2026-02-04,Yes,0,0,0,0,0,0,Normal
SEC_1642,2026-02-04 12:30:00,BLDG_C,Office Floor,P1256,Employee,BADGE_10223,Exit,Authorized,Low,Normal Access,114,No,Normal,No,12,4,Wednesday,2,2026-02-04,Yes,0,0,0,0,0,0,Normal
SEC_1643,2026-02-04 13:00:00,BLDG_B,Restricted Zone,P1243,Employee,BADGE_10106,Exit,Denied,Critical,Failed Access,72,Yes,Unusual,Yes,13,4,Wednesday,2,2026-02-04,Yes,0,1,1,1,1,4,Critical
SEC_1644,2026-02-04 13:30:00,BLDG_A,Office Floor,P1091,Employee,BADGE_10392,Entry,Authorized,Medium,Normal Access,18,No,Normal,No,13,4,Wednesday,2,2026-02-04,Yes,0,0,0,0,0,0,Normal
SEC_1645,2026-02-04 14:00:00,BLDG_B,Parking Area,P1297,Contractor,BADGE_10431,Entry,Authorized,Medium,Normal Access,143,No,Normal,No,14,4,Wednesday,2,2026-02-04,Yes,0,0,0,0,0,0,Normal
SEC_1646,2026-02-04 14:30:00,BLDG_A,Common Area,P1045,Employee,BADGE_10018,Entry,Authorized,Low,Normal Access,100,No,Normal,No,14,4,Wednesday,2,2026-02-04,Yes,0,0,0,0,0,0,Normal
SEC_1647,2026-02-04 15:00:00,BLDG_A,Office Floor,P1056,Employee,BADGE_10039,Exit,Authorized,Low,Normal Access,64,No,Normal,No,15,4,Wednesday,2,2026-02-04,Yes,0,0,0,0,0,0,Normal
SEC_1648,2026-02-04 15:30:00,BLDG_C,Restricted Zone,P1220,Employee,BADGE_10275,Entry,Denied,Medium,Restricted Access,136,Yes,Normal,No,15,4,Wednesday,2,2026-02-04,Yes,0,1,0,0,0,1,Monitoring
SEC_1649,2026-02-04 16:00:00,BLDG_B,Office Floor,P1277,Employee,BADGE_10382,Entry,Authorized,Low,Normal Access,125,No,Normal,No,16,4,Wednesday,2,2026-02-04,Yes,0,0,0,0,0,0,Normal
SEC_1650,2026-02-04 16:30:00,BLDG_A,Office Floor,P1118,Employee,BADGE_10328,Entry,Authorized,Low,Normal Access,69,No,Normal,No,16,4,Wednesday,2,2026-02-04,Yes,0,0,0,0,0,0,Normal
SEC_1651,2026-02-04 17:00:00,BLDG_A,Meeting Room,P1076,Employee,BADGE_10221,Entry,Authorized,High,Suspicious Activity,140,Yes,Unusual,Yes,17,4,Wednesday,2,2026-02-04,Yes,0,1,1,1,1,4,Critical
SEC_1652,2026-02-04 17:30:00,BLDG_B,Server Room,P1292,Employee,BADGE_10266,Entry,Authorized,Low,Normal Access,27,No,Normal,No,17,4,Wednesday,2,2026-02-04,Yes,0,0,0,0,0,0,Normal
SEC_1653,2026-02-04 18:00:00,BLDG_C,Common Area,P1016,Employee,BADGE_10029,Exit,Authorized,Critical,Suspicious Activity,161,Yes,Unusual,Yes,18,4,Wednesday,2,2026-02-04,No,0,1,1,1,1,4,Critical
SEC_1654,2026-02-04 18:30:00,BLDG_C,Office Floor,P1042,Employee,BADGE_10333,Exit,Authorized,Low,Normal Access,71,No,Normal,No,18,4,Wednesday,2,2026-02-04,No,0,0,0,0,0,0,Normal
SEC_1655,2026-02-04 19:00:00,BLDG_B,Office Floor,P1063,Contractor,BADGE_10261,Entry,Authorized,Low,Normal Access,122,No,Normal,No,19,4,Wednesday,2,2026-02-04,No,0,0,0,0,0,0,Normal
SEC_1656,2026-02-04 19:30:00,BLDG_A,Parking Area,P1181,Employee,BADGE_10174,Entry,Authorized,Low,Normal Access,99,No,Normal,No,19,4,Wednesday,2,2026-02-04,No,0,0,0,0,0,0,Normal
SEC_1657,2026-02-04 20:00:00,BLDG_B,Meeting Room,P1133,Contractor,BADGE_10394,Exit,Authorized,Low,Normal Access,81,No,Normal,No,20,4,Wednesday,2,2026-02-04,No,0,0,0,0,0,0,Normal
SEC_1658,2026-02-04 20:30:00,BLDG_B,Office Floor,P1214,Employee,BADGE_10079,Exit,Authorized,Low,Normal Access,140,No,Normal,No,20,4,Wednesday,2,2026-02-04,No,0,0,0,0,0,0,Normal
SEC_1659,2026-02-04 21:00:00,BLDG_C,Meeting Room,P1058,Employee,BADGE_10162,Entry,Authorized,Medium,Normal Access,96,No,Normal,No,21,4,Wednesday,2,2026-02-04,No,0,0,0,0,0,0,Normal
SEC_1660,2026-02-04 21:30:00,BLDG_A,Meeting Room,P1249,Employee,BADGE_10329,Entry,Authorized,Low,Normal Access,2,No,Normal,No,21,4,Wednesday,2,2026-02-04,No,0,0,0,0,0,0,Normal
SEC_1661,2026-02-04 22:00:00,BLDG_B,Meeting Room,P1111,Visitor,BADGE_10175,Exit,Authorized,Low,Normal Access,154,No,Normal,No,22,4,Wednesday,2,2026-02-04,No,0,0,0,0,0,0,Normal
SEC_1662,2026-02-04 22:30:00,BLDG_A,Common Area,P1186,Contractor,BADGE_10048,Exit,Authorized,Low,Normal Access,131,No,Normal,No,22,4,Wednesday,2,2026-02-04,No,0,0,0,0,0,0,Normal
SEC_1663,2026-02-04 23:00:00,BLDG_A,Common Area,P1089,Employee,BADGE_10161,Entry,Authorized,Low,Normal Access,79,No,Normal,No,23,4,Wednesday,2,2026-02-04,No,0,0,0,0,0,0,Normal
SEC_1664,2026-02-04 23:30:00,BLDG_C,Common Area,P1134,Visitor,BADGE_10220,Exit,Authorized,Low,Normal Access,136,No,Normal,No,23,4,Wednesday,2,2026-02-04,No,0,0,0,0,0,0,Normal
SEC_1665,2026-02-05 00:00:00,BLDG_B,Meeting Room,P1006,Employee,BADGE_10446,Entry,Authorized,Medium,Normal Access,138,No,Normal,No,0,5,Thursday,2,2026-02-05,No,0,0,0,0,0,0,Normal
SEC_1666,2026-02-05 00:30:00,BLDG_A,Office Floor,P1142,Employee,BADGE_10248,Entry,Authorized,Low,Normal Access,176,No,Normal,No,0,5,Thursday,2,2026-02-05,No,0,0,0,0,0,0,Normal
SEC_1667,2026-02-05 01:00:00,BLDG_B,Common Area,P1152,Employee,BADGE_10352,Exit,Authorized,Low,Normal Access,159,No,Normal,No,1,5,Thursday,2,2026-02-05,No,0,0,0,0,0,0,Normal
SEC_1668,2026-02-05 01:30:00,BLDG_C,Common Area,P1255,Contractor,BADGE_10254,Entry,Authorized,Low,Normal Access,130,No,Normal,No,1,5,Thursday,2,2026-02-05,No,0,0,0,0,0,0,Normal
SEC_1669,2026-02-05 02:00:00,BLDG_C,Office Floor,P1232,Visitor,BADGE_10304,Entry,Authorized,Low,Normal Access,95,No,Normal,No,2,5,Thursday,2,2026-02-05,No,0,0,0,0,0,0,Normal
SEC_1670,2026-02-05 02:30:00,BLDG_B,Office Floor,P1233,Employee,BADGE_10417,Exit,Authorized,Low,Normal Access,29,No,Normal,No,2,5,Thursday,2,2026-02-05,No,0,0,0,0,0,0,Normal
SEC_1671,2026-02-05 03:00:00,BLDG_C,Parking Area,P1176,Employee,BADGE_10485,Exit,Authorized,Low,Normal Access,150,No,Normal,No,3,5,Thursday,2,2026-02-05,No,0,0,0,0,0,0,Normal
SEC_1672,2026-02-05 03:30:00,BLDG_A,Server Room,P1173,Employee,BADGE_10387,Exit,Denied,High,Failed Access,151,Yes,Normal,No,3,5,Thursday,2,2026-02-05,No,0,1,0,0,1,2,Warning
SEC_1673,2026-02-05 04:00:00,BLDG_A,Office Floor,P1143,Employee,BADGE_10282,Exit,Authorized,Low,Normal Access,140,No,Normal,No,4,5,Thursday,2,2026-02-05,No,0,0,0,0,0,0,Normal
SEC_1674,2026-02-05 04:30:00,BLDG_A,Meeting Room,P1259,Visitor,BADGE_10055,Exit,Authorized,Low,Normal Access,144,No,Normal,No,4,5,Thursday,2,2026-02-05,No,0,0,0,0,0,0,Normal
SEC_1675,2026-02-05 05:00:00,BLDG_B,Common Area,P1116,Employee,BADGE_10396,Entry,Authorized,Low,Normal Access,60,No,Normal,No,5,5,Thursday,2,2026-02-05,No,0,0,0,0,0,0,Normal
SEC_1676,2026-02-05 05:30:00,BLDG_B,Office Floor,P1072,Visitor,BADGE_10209,Entry,Authorized,High,Suspicious Activity,17,Yes,Suspicious,Yes,5,5,Thursday,2,2026-02-05,No,0,1,1,0,1,3,Warning
SEC_1677,2026-02-05 06:00:00,BLDG_C,Office Floor,P1084,Employee,BADGE_10493,Entry,Authorized,Low,Normal Access,49,No,Normal,No,6,5,Thursday,2,2026-02-05,No,0,0,0,0,0,0,Normal
SEC_1678,2026-02-05 06:30:00,BLDG_A,Meeting Room,P1168,Contractor,BADGE_10145,Exit,Authorized,Medium,Normal Access,119,No,Normal,No,6,5,Thursday,2,2026-02-05,No,0,0,0,0,0,0,Normal
SEC_1679,2026-02-05 07:00:00,BLDG_A,Restricted Zone,P1193,Employee,BADGE_10104,Entry,Authorized,Low,Normal Access,45,No,Normal,No,7,5,Thursday,2,2026-02-05,No,0,0,0,0,0,0,Normal
SEC_1680,2026-02-05 07:30:00,BLDG_A,Server Room,P1180,Employee,BADGE_10117,Exit,Authorized,Low,Normal Access,11,No,Normal,No,7,5,Thursday,2,2026-02-05,No,0,0,0,0,0,0,Normal
SEC_1681,2026-02-05 08:00:00,BLDG_A,Common Area,P1013,Employee,BADGE_10425,Entry,Authorized,Low,Normal Access,13,No,Normal,No,8,5,Thursday,2,2026-02-05,No,0,0,0,0,0,0,Normal
SEC_1682,2026-02-05 08:30:00,BLDG_B,Office Floor,P1120,Employee,BADGE_10242,Exit,Authorized,Low,Normal Access,64,No,Normal,No,8,5,Thursday,2,2026-02-05,No,0,0,0,0,0,0,Normal
SEC_1683,2026-02-05 09:00:00,BLDG_C,Common Area,P1239,Employee,BADGE_10351,Entry,Authorized,Low,Normal Access,126,No,Normal,No,9,5,Thursday,2,2026-02-05,Yes,0,0,0,0,0,0,Normal
SEC_1684,2026-02-05 09:30:00,BLDG_A,Office Floor,P1138,Visitor,BADGE_10369,Exit,Authorized,Medium,Normal Access,94,No,Normal,No,9,5,Thursday,2,2026-02-05,Yes,0,0,0,0,0,0,Normal
SEC_1685,2026-02-05 10:00:00,BLDG_B,Office Floor,P1239,Employee,BADGE_10265,Exit,Authorized,Low,Normal Access,13,No,Normal,No,10,5,Thursday,2,2026-02-05,Yes,0,0,0,0,0,0,Normal
SEC_1686,2026-02-05 10:30:00,BLDG_B,Office Floor,P1188,Employee,BADGE_10456,Entry,Authorized,Low,Normal Access,68,No,Normal,No,10,5,Thursday,2,2026-02-05,Yes,0,0,0,0,0,0,Normal
SEC_1687,2026-02-05 11:00:00,BLDG_A,Restricted Zone,P1070,Visitor,BADGE_10047,Entry,Authorized,Medium,Normal Access,109,No,Normal,No,11,5,Thursday,2,2026-02-05,Yes,0,0,0,0,0,0,Normal
SEC_1688,2026-02-05 11:30:00,BLDG_C,Meeting Room,P1120,Employee,BADGE_10278,Entry,Authorized,Medium,Normal Access,47,No,Normal,No,11,5,Thursday,2,2026-02-05,Yes,0,0,0,0,0,0,Normal
SEC_1689,2026-02-05 12:00:00,BLDG_B,Common Area,P1191,Employee,BADGE_10450,Exit,Authorized,Low,Normal Access,71,No,Normal,No,12,5,Thursday,2,2026-02-05,Yes,0,0,0,0,0,0,Normal
SEC_1690,2026-02-05 12:30:00,BLDG_B,Parking Area,P1285,Contractor,BADGE_10183,Entry,Authorized,Low,Normal Access,136,No,Normal,No,12,5,Thursday,2,2026-02-05,Yes,0,0,0,0,0,0,Normal
SEC_1691,2026-02-05 13:00:00,BLDG_C,Common Area,P1260,Employee,BADGE_10195,Exit,Authorized,Low,Normal Access,154,No,Normal,No,13,5,Thursday,2,2026-02-05,Yes,0,0,0,0,0,0,Normal
SEC_1692,2026-02-05 13:30:00,BLDG_C,Parking Area,P1264,Visitor,BADGE_10083,Entry,Authorized,Low,Normal Access,10,No,Normal,No,13,5,Thursday,2,2026-02-05,Yes,0,0,0,0,0,0,Normal
SEC_1693,2026-02-05 14:00:00,BLDG_A,Common Area,P1215,Employee,BADGE_10420,Exit,Authorized,Low,Normal Access,98,No,Normal,No,14,5,Thursday,2,2026-02-05,Yes,0,0,0,0,0,0,Normal
SEC_1694,2026-02-05 14:30:00,BLDG_A,Meeting Room,P1169,Employee,BADGE_10130,Entry,Authorized,Low,Normal Access,20,No,Normal,No,14,5,Thursday,2,2026-02-05,Yes,0,0,0,0,0,0,Normal
SEC_1695,2026-02-05 15:00:00,BLDG_A,Office Floor,P1141,Visitor,BADGE_10432,Exit,Authorized,Medium,Normal Access,115,No,Normal,No,15,5,Thursday,2,2026-02-05,Yes,0,0,0,0,0,0,Normal
SEC_1696,2026-02-05 15:30:00,BLDG_A,Parking Area,P1102,Employee,BADGE_10169,Exit,Authorized,Low,Normal Access,71,No,Normal,No,15,5,Thursday,2,2026-02-05,Yes,0,0,0,0,0,0,Normal
SEC_1697,2026-02-05 16:00:00,BLDG_C,Common Area,P1227,Employee,BADGE_10421,Entry,Authorized,Low,Normal Access,113,No,Normal,No,16,5,Thursday,2,2026-02-05,Yes,0,0,0,0,0,0,Normal
SEC_1698,2026-02-05 16:30:00,BLDG_A,Common Area,P1037,Visitor,BADGE_10211,Exit,Authorized,Low,Normal Access,38,No,Normal,No,16,5,Thursday,2,2026-02-05,Yes,0,0,0,0,0,0,Normal
SEC_1699,2026-02-05 17:00:00,BLDG_A,Server Room,P1284,Employee,BADGE_10496,Exit,Authorized,Low,Normal Access,133,No,Normal,No,17,5,Thursday,2,2026-02-05,Yes,0,0,0,0,0,0,Normal
SEC_1700,2026-02-05 17:30:00,BLDG_C,Office Floor,P1281,Employee,BADGE_10355,Exit,Authorized,Low,Normal Access,66,No,Normal,No,17,5,Thursday,2,2026-02-05,Yes,0,0,0,0,0,0,Normal
SEC_1701,2026-02-05 18:00:00,BLDG_A,Parking Area,P1173,Employee,BADGE_10193,Exit,Authorized,Medium,Normal Access,4,No,Normal,No,18,5,Thursday,2,2026-02-05,No,0,0,0,0,0,0,Normal
SEC_1702,2026-02-05 18:30:00,BLDG_B,Parking Area,P1199,Employee,BADGE_10059,Exit,Authorized,Low,Normal Access,52,No,Normal,No,18,5,Thursday,2,2026-02-05,No,0,0,0,0,0,0,Normal
SEC_1703,2026-02-05 19:00:00,BLDG_B,Meeting Room,P1266,Employee,BADGE_10373,Entry,Authorized,Medium,Suspicious Activity,153,Yes,Unusual,Yes,19,5,Thursday,2,2026-02-05,No,0,1,1,1,0,3,Warning
SEC_1704,2026-02-05 19:30:00,BLDG_C,Office Floor,P1248,Employee,BADGE_10041,Exit,Authorized,Medium,Normal Access,36,No,Normal,No,19,5,Thursday,2,2026-02-05,No,0,0,0,0,0,0,Normal
SEC_1705,2026-02-05 20:00:00,BLDG_B,Parking Area,P1274,Employee,BADGE_10027,Exit,Authorized,Low,Normal Access,55,No,Normal,No,20,5,Thursday,2,2026-02-05,No,0,0,0,0,0,0,Normal
SEC_1706,2026-02-05 20:30:00,BLDG_B,Common Area,P1259,Employee,BADGE_10152,Entry,Authorized,Low,Normal Access,130,No,Normal,No,20,5,Thursday,2,2026-02-05,No,0,0,0,0,0,0,Normal
SEC_1707,2026-02-05 21:00:00,BLDG_C,Office Floor,P1132,Employee,BADGE_10120,Exit,Authorized,Low,Normal Access,137,No,Normal,No,21,5,Thursday,2,2026-02-05,No,0,0,0,0,0,0,Normal
SEC_1708,2026-02-05 21:30:00,BLDG_A,Common Area,P1107,Employee,BADGE_10105,Exit,Authorized,Low,Normal Access,72,No,Normal,No,21,5,Thursday,2,2026-02-05,No,0,0,0,0,0,0,Normal
SEC_1709,2026-02-05 22:00:00,BLDG_B,Parking Area,P1185,Employee,BADGE_10114,Entry,Authorized,Medium,Normal Access,80,No,Normal,No,22,5,Thursday,2,2026-02-05,No,0,0,0,0,0,0,Normal
SEC_1710,2026-02-05 22:30:00,BLDG_B,Office Floor,P1111,Visitor,BADGE_10104,Exit,Authorized,Low,Normal Access,16,No,Normal,No,22,5,Thursday,2,2026-02-05,No,0,0,0,0,0,0,Normal
SEC_1711,2026-02-05 23:00:00,BLDG_B,Parking Area,P1067,Employee,BADGE_10275,Entry,Authorized,Low,Normal Access,106,No,Normal,No,23,5,Thursday,2,2026-02-05,No,0,0,0,0,0,0,Normal
SEC_1712,2026-02-05 23:30:00,BLDG_C,Common Area,P1280,Employee,BADGE_10401,Entry,Authorized,Low,Normal Access,49,No,Normal,No,23,5,Thursday,2,2026-02-05,No,0,0,0,0,0,0,Normal
SEC_1713,2026-02-06 00:00:00,BLDG_B,Restricted Zone,P1097,Employee,BADGE_10249,Exit,Denied,High,Failed Access,128,Yes,Normal,Yes,0,6,Friday,2,2026-02-06,No,0,1,1,0,1,3,Warning
SEC_1714,2026-02-06 00:30:00,BLDG_C,Meeting Room,P1240,Employee,BADGE_10482,Entry,Authorized,Low,Normal Access,139,No,Normal,No,0,6,Friday,2,2026-02-06,No,0,0,0,0,0,0,Normal
SEC_1715,2026-02-06 01:00:00,BLDG_C,Meeting Room,P1087,Visitor,BADGE_10264,Entry,Authorized,Low,Normal Access,3,No,Normal,No,1,6,Friday,2,2026-02-06,No,0,0,0,0,0,0,Normal
SEC_1716,2026-02-06 01:30:00,BLDG_B,Office Floor,P1148,Visitor,BADGE_10285,Entry,Authorized,Low,Normal Access,146,No,Normal,No,1,6,Friday,2,2026-02-06,No,0,0,0,0,0,0,Normal
SEC_1717,2026-02-06 02:00:00,BLDG_A,Common Area,P1025,Employee,BADGE_10406,Entry,Authorized,Low,Normal Access,92,No,Normal,No,2,6,Friday,2,2026-02-06,No,0,0,0,0,0,0,Normal
SEC_1718,2026-02-06 02:30:00,BLDG_B,Parking Area,P1054,Employee,BADGE_10368,Exit,Authorized,Low,Normal Access,98,No,Normal,No,2,6,Friday,2,2026-02-06,No,0,0,0,0,0,0,Normal
SEC_1719,2026-02-06 03:00:00,BLDG_A,Office Floor,P1123,Employee,BADGE_10420,Exit,Authorized,Low,Normal Access,55,No,Normal,No,3,6,Friday,2,2026-02-06,No,0,0,0,0,0,0,Normal
SEC_1720,2026-02-06 03:30:00,BLDG_B,Parking Area,P1037,Employee,BADGE_10067,Entry,Authorized,Low,Normal Access,112,No,Normal,No,3,6,Friday,2,2026-02-06,No,0,0,0,0,0,0,Normal
SEC_1721,2026-02-06 04:00:00,BLDG_B,Meeting Room,P1300,Employee,BADGE_10408,Exit,Authorized,Low,Normal Access,126,No,Normal,No,4,6,Friday,2,2026-02-06,No,0,0,0,0,0,0,Normal
SEC_1722,2026-02-06 04:30:00,BLDG_A,Common Area,P1194,Visitor,BADGE_10103,Exit,Authorized,Low,Normal Access,106,No,Normal,No,4,6,Friday,2,2026-02-06,No,0,0,0,0,0,0,Normal
SEC_1723,2026-02-06 05:00:00,BLDG_C,Office Floor,P1179,Employee,BADGE_10298,Exit,Authorized,Low,Normal Access,109,No,Normal,No,5,6,Friday,2,2026-02-06,No,0,0,0,0,0,0,Normal
SEC_1724,2026-02-06 05:30:00,BLDG_B,Office Floor,P1262,Employee,BADGE_10251,Entry,Authorized,Low,Normal Access,15,No,Normal,No,5,6,Friday,2,2026-02-06,No,0,0,0,0,0,0,Normal
SEC_1725,2026-02-06 06:00:00,BLDG_C,Meeting Room,P1136,Employee,BADGE_10489,Exit,Authorized,Low,Normal Access,46,No,Normal,No,6,6,Friday,2,2026-02-06,No,0,0,0,0,0,0,Normal
SEC_1726,2026-02-06 06:30:00,BLDG_A,Office Floor,P1219,Employee,BADGE_10319,Entry,Authorized,Low,Normal Access,34,No,Normal,No,6,6,Friday,2,2026-02-06,No,0,0,0,0,0,0,Normal
SEC_1727,2026-02-06 07:00:00,BLDG_C,Office Floor,P1095,Employee,BADGE_10414,Exit,Authorized,Low,Normal Access,121,No,Normal,No,7,6,Friday,2,2026-02-06,No,0,0,0,0,0,0,Normal
SEC_1728,2026-02-06 07:30:00,BLDG_B,Office Floor,P1049,Contractor,BADGE_10176,Entry,Authorized,Low,Normal Access,72,No,Normal,No,7,6,Friday,2,2026-02-06,No,0,0,0,0,0,0,Normal
SEC_1729,2026-02-06 08:00:00,BLDG_A,Office Floor,P1262,Contractor,BADGE_10173,Exit,Authorized,Low,Normal Access,24,No,Normal,No,8,6,Friday,2,2026-02-06,No,0,0,0,0,0,0,Normal
SEC_1730,2026-02-06 08:30:00,BLDG_B,Server Room,P1096,Visitor,BADGE_10409,Exit,Denied,Low,Failed Access,11,No,Normal,No,8,6,Friday,2,2026-02-06,No,0,0,0,0,0,0,Normal
SEC_1731,2026-02-06 09:00:00,BLDG_A,Restricted Zone,P1065,Employee,BADGE_10082,Entry,Authorized,Low,Normal Access,106,No,Normal,No,9,6,Friday,2,2026-02-06,Yes,0,0,0,0,0,0,Normal
SEC_1732,2026-02-06 09:30:00,BLDG_B,Common Area,P1054,Employee,BADGE_10288,Exit,Authorized,Low,Normal Access,115,No,Normal,No,9,6,Friday,2,2026-02-06,Yes,0,0,0,0,0,0,Normal
SEC_1733,2026-02-06 10:00:00,BLDG_B,Office Floor,P1121,Employee,BADGE_10259,Entry,Authorized,Low,Normal Access,155,No,Normal,No,10,6,Friday,2,2026-02-06,Yes,0,0,0,0,0,0,Normal
SEC_1734,2026-02-06 10:30:00,BLDG_C,Common Area,P1094,Employee,BADGE_10253,Entry,Authorized,Low,Normal Access,150,No,Normal,No,10,6,Friday,2,2026-02-06,Yes,0,0,0,0,0,0,Normal
SEC_1735,2026-02-06 11:00:00,BLDG_B,Parking Area,P1154,Employee,BADGE_10016,Entry,Authorized,Low,Normal Access,109,No,Normal,No,11,6,Friday,2,2026-02-06,Yes,0,0,0,0,0,0,Normal
SEC_1736,2026-02-06 11:30:00,BLDG_B,Server Room,P1293,Employee,BADGE_10407,Exit,Authorized,Low,Normal Access,178,No,Normal,No,11,6,Friday,2,2026-02-06,Yes,0,0,0,0,0,0,Normal
SEC_1737,2026-02-06 12:00:00,BLDG_C,Parking Area,P1259,Employee,BADGE_10393,Entry,Authorized,Low,Normal Access,48,No,Normal,No,12,6,Friday,2,2026-02-06,Yes,0,0,0,0,0,0,Normal
SEC_1738,2026-02-06 12:30:00,BLDG_B,Server Room,P1131,Contractor,BADGE_10228,Entry,Authorized,Low,Normal Access,178,No,Normal,No,12,6,Friday,2,2026-02-06,Yes,0,0,0,0,0,0,Normal
SEC_1739,2026-02-06 13:00:00,BLDG_C,Office Floor,P1235,Visitor,BADGE_10278,Entry,Authorized,Low,Normal Access,95,No,Normal,No,13,6,Friday,2,2026-02-06,Yes,0,0,0,0,0,0,Normal
SEC_1740,2026-02-06 13:30:00,BLDG_A,Meeting Room,P1014,Employee,BADGE_10301,Exit,Authorized,Medium,Normal Access,78,No,Normal,No,13,6,Friday,2,2026-02-06,Yes,0,0,0,0,0,0,Normal
SEC_1741,2026-02-06 14:00:00,BLDG_C,Common Area,P1247,Employee,BADGE_10294,Entry,Authorized,Low,Normal Access,132,No,Normal,No,14,6,Friday,2,2026-02-06,Yes,0,0,0,0,0,0,Normal
SEC_1742,2026-02-06 14:30:00,BLDG_A,Office Floor,P1290,Contractor,BADGE_10208,Entry,Authorized,Low,Normal Access,101,No,Normal,No,14,6,Friday,2,2026-02-06,Yes,0,0,0,0,0,0,Normal
SEC_1743,2026-02-06 15:00:00,BLDG_C,Common Area,P1089,Employee,BADGE_10359,Entry,Authorized,Low,Normal Access,137,No,Normal,No,15,6,Friday,2,2026-02-06,Yes,0,0,0,0,0,0,Normal
SEC_1744,2026-02-06 15:30:00,BLDG_A,Parking Area,P1065,Employee,BADGE_10001,Exit,Denied,High,Restricted Access,126,Yes,Normal,No,15,6,Friday,2,2026-02-06,Yes,0,1,0,0,1,2,Warning
SEC_1745,2026-02-06 16:00:00,BLDG_A,Restricted Zone,P1061,Employee,BADGE_10041,Exit,Authorized,Medium,Normal Access,131,No,Normal,No,16,6,Friday,2,2026-02-06,Yes,0,0,0,0,0,0,Normal
SEC_1746,2026-02-06 16:30:00,BLDG_A,Office Floor,P1258,Employee,BADGE_10139,Entry,Authorized,Medium,Normal Access,173,No,Normal,No,16,6,Friday,2,2026-02-06,Yes,0,0,0,0,0,0,Normal
SEC_1747,2026-02-06 17:00:00,BLDG_A,Common Area,P1133,Employee,BADGE_10033,Entry,Denied,Low,Failed Access,70,No,Normal,No,17,6,Friday,2,2026-02-06,Yes,0,0,0,0,0,0,Normal
SEC_1748,2026-02-06 17:30:00,BLDG_C,Server Room,P1159,Employee,BADGE_10446,Exit,Authorized,Low,Normal Access,12,No,Normal,No,17,6,Friday,2,2026-02-06,Yes,0,0,0,0,0,0,Normal
SEC_1749,2026-02-06 18:00:00,BLDG_A,Parking Area,P1093,Employee,BADGE_10463,Entry,Authorized,Low,Normal Access,31,No,Normal,No,18,6,Friday,2,2026-02-06,No,0,0,0,0,0,0,Normal
SEC_1750,2026-02-06 18:30:00,BLDG_B,Office Floor,P1292,Visitor,BADGE_10234,Entry,Authorized,Low,Normal Access,56,No,Normal,No,18,6,Friday,2,2026-02-06,No,0,0,0,0,0,0,Normal
SEC_1751,2026-02-06 19:00:00,BLDG_A,Common Area,P1240,Employee,BADGE_10320,Entry,Authorized,Low,Normal Access,58,No,Normal,No,19,6,Friday,2,2026-02-06,No,0,0,0,0,0,0,Normal
SEC_1752,2026-02-06 19:30:00,BLDG_B,Office Floor,P1090,Employee,BADGE_10226,Entry,Authorized,Low,Normal Access,139,No,Normal,No,19,6,Friday,2,2026-02-06,No,0,0,0,0,0,0,Normal
SEC_1753,2026-02-06 20:00:00,BLDG_B,Office Floor,P1225,Contractor,BADGE_10014,Entry,Authorized,Low,Normal Access,100,No,Normal,No,20,6,Friday,2,2026-02-06,No,0,0,0,0,0,0,Normal
SEC_1754,2026-02-06 20:30:00,BLDG_B,Office Floor,P1265,Visitor,BADGE_10121,Exit,Authorized,Low,Normal Access,33,No,Normal,No,20,6,Friday,2,2026-02-06,No,0,0,0,0,0,0,Normal
SEC_1755,2026-02-06 21:00:00,BLDG_B,Restricted Zone,P1261,Employee,BADGE_10134,Entry,Denied,High,Restricted Access,88,Yes,Normal,Yes,21,6,Friday,2,2026-02-06,No,0,1,1,0,1,3,Warning
SEC_1756,2026-02-06 21:30:00,BLDG_C,Common Area,P1267,Employee,BADGE_10194,Entry,Authorized,Low,Normal Access,156,No,Normal,No,21,6,Friday,2,2026-02-06,No,0,0,0,0,0,0,Normal
SEC_1757,2026-02-06 22:00:00,BLDG_B,Server Room,P1220,Employee,BADGE_10006,Entry,Authorized,Low,Normal Access,113,No,Normal,No,22,6,Friday,2,2026-02-06,No,0,0,0,0,0,0,Normal
SEC_1758,2026-02-06 22:30:00,BLDG_B,Common Area,P1037,Employee,BADGE_10117,Exit,Denied,Low,Failed Access,4,No,Normal,No,22,6,Friday,2,2026-02-06,No,0,0,0,0,0,0,Normal
SEC_1759,2026-02-06 23:00:00,BLDG_A,Meeting Room,P1132,Visitor,BADGE_10002,Entry,Authorized,Medium,Normal Access,116,No,Normal,No,23,6,Friday,2,2026-02-06,No,0,0,0,0,0,0,Normal
SEC_1760,2026-02-06 23:30:00,BLDG_C,Common Area,P1246,Employee,BADGE_10116,Entry,Authorized,Low,Normal Access,122,No,Normal,No,23,6,Friday,2,2026-02-06,No,0,0,0,0,0,0,Normal
SEC_1761,2026-02-07 00:00:00,BLDG_A,Common Area,P1294,Employee,BADGE_10456,Entry,Authorized,Low,Normal Access,97,No,Normal,No,0,7,Saturday,2,2026-02-07,No,0,0,0,0,0,0,Normal
SEC_1762,2026-02-07 00:30:00,BLDG_A,Office Floor,P1120,Employee,BADGE_10326,Entry,Authorized,Low,Normal Access,114,No,Normal,No,0,7,Saturday,2,2026-02-07,No,0,0,0,0,0,0,Normal
SEC_1763,2026-02-07 01:00:00,BLDG_A,Common Area,P1002,Employee,BADGE_10092,Exit,Authorized,Low,Normal Access,3,No,Normal,No,1,7,Saturday,2,2026-02-07,No,0,0,0,0,0,0,Normal
SEC_1764,2026-02-07 01:30:00,BLDG_C,Common Area,P1292,Employee,BADGE_10154,Exit,Authorized,Low,Normal Access,157,No,Normal,No,1,7,Saturday,2,2026-02-07,No,0,0,0,0,0,0,Normal
SEC_1765,2026-02-07 02:00:00,BLDG_C,Common Area,P1015,Employee,BADGE_10273,Entry,Authorized,Low,Normal Access,52,No,Normal,No,2,7,Saturday,2,2026-02-07,No,0,0,0,0,0,0,Normal
SEC_1766,2026-02-07 02:30:00,BLDG_B,Office Floor,P1246,Employee,BADGE_10391,Entry,Authorized,Low,Normal Access,90,No,Normal,No,2,7,Saturday,2,2026-02-07,No,0,0,0,0,0,0,Normal
SEC_1767,2026-02-07 03:00:00,BLDG_A,Meeting Room,P1112,Visitor,BADGE_10103,Entry,Authorized,Low,Normal Access,59,No,Normal,No,3,7,Saturday,2,2026-02-07,No,0,0,0,0,0,0,Normal
SEC_1768,2026-02-07 03:30:00,BLDG_C,Restricted Zone,P1025,Employee,BADGE_10371,Exit,Authorized,Low,Normal Access,14,No,Normal,No,3,7,Saturday,2,2026-02-07,No,0,0,0,0,0,0,Normal
SEC_1769,2026-02-07 04:00:00,BLDG_A,Parking Area,P1111,Employee,BADGE_10428,Entry,Authorized,Low,Normal Access,70,No,Normal,No,4,7,Saturday,2,2026-02-07,No,0,0,0,0,0,0,Normal
SEC_1770,2026-02-07 04:30:00,BLDG_B,Common Area,P1034,Visitor,BADGE_10314,Exit,Authorized,Low,Normal Access,112,No,Normal,No,4,7,Saturday,2,2026-02-07,No,0,0,0,0,0,0,Normal
SEC_1771,2026-02-07 05:00:00,BLDG_C,Server Room,P1226,Employee,BADGE_10487,Entry,Authorized,Low,Normal Access,180,No,Normal,No,5,7,Saturday,2,2026-02-07,No,0,0,0,0,0,0,Normal
SEC_1772,2026-02-07 05:30:00,BLDG_B,Meeting Room,P1231,Employee,BADGE_10215,Entry,Authorized,Low,Normal Access,59,No,Normal,No,5,7,Saturday,2,2026-02-07,No,0,0,0,0,0,0,Normal
SEC_1773,2026-02-07 06:00:00,BLDG_B,Common Area,P1026,Contractor,BADGE_10435,Entry,Authorized,Low,Normal Access,122,No,Normal,No,6,7,Saturday,2,2026-02-07,No,0,0,0,0,0,0,Normal
SEC_1774,2026-02-07 06:30:00,BLDG_A,Common Area,P1055,Visitor,BADGE_10427,Exit,Denied,Medium,Restricted Access,111,Yes,Unusual,No,6,7,Saturday,2,2026-02-07,No,0,1,0,1,0,2,Warning
SEC_1775,2026-02-07 07:00:00,BLDG_B,Office Floor,P1066,Employee,BADGE_10144,Exit,Denied,Medium,Failed Access,54,No,Unusual,No,7,7,Saturday,2,2026-02-07,No,0,0,0,1,0,1,Monitoring
SEC_1776,2026-02-07 07:30:00,BLDG_A,Office Floor,P1052,Employee,BADGE_10116,Exit,Authorized,Medium,Normal Access,126,No,Normal,No,7,7,Saturday,2,2026-02-07,No,0,0,0,0,0,0,Normal
SEC_1777,2026-02-07 08:00:00,BLDG_A,Meeting Room,P1158,Employee,BADGE_10468,Entry,Authorized,Low,Normal Access,171,No,Normal,No,8,7,Saturday,2,2026-02-07,No,0,0,0,0,0,0,Normal
SEC_1778,2026-02-07 08:30:00,BLDG_B,Meeting Room,P1046,Visitor,BADGE_10171,Entry,Authorized,Low,Normal Access,131,No,Normal,No,8,7,Saturday,2,2026-02-07,No,0,0,0,0,0,0,Normal
SEC_1779,2026-02-07 09:00:00,BLDG_A,Server Room,P1225,Employee,BADGE_10446,Entry,Authorized,Low,Normal Access,62,No,Normal,No,9,7,Saturday,2,2026-02-07,Yes,0,0,0,0,0,0,Normal
SEC_1780,2026-02-07 09:30:00,BLDG_A,Office Floor,P1153,Employee,BADGE_10172,Entry,Authorized,Low,Normal Access,143,No,Normal,No,9,7,Saturday,2,2026-02-07,Yes,0,0,0,0,0,0,Normal
SEC_1781,2026-02-07 10:00:00,BLDG_A,Common Area,P1006,Visitor,BADGE_10015,Exit,Authorized,Low,Normal Access,43,No,Normal,No,10,7,Saturday,2,2026-02-07,Yes,0,0,0,0,0,0,Normal
SEC_1782,2026-02-07 10:30:00,BLDG_A,Common Area,P1100,Employee,BADGE_10055,Entry,Authorized,Medium,Normal Access,65,No,Normal,No,10,7,Saturday,2,2026-02-07,Yes,0,0,0,0,0,0,Normal
SEC_1783,2026-02-07 11:00:00,BLDG_B,Parking Area,P1018,Employee,BADGE_10022,Entry,Authorized,Low,Normal Access,146,No,Normal,No,11,7,Saturday,2,2026-02-07,Yes,0,0,0,0,0,0,Normal
SEC_1784,2026-02-07 11:30:00,BLDG_C,Meeting Room,P1001,Employee,BADGE_10295,Exit,Authorized,Low,Normal Access,28,No,Normal,No,11,7,Saturday,2,2026-02-07,Yes,0,0,0,0,0,0,Normal
SEC_1785,2026-02-07 12:00:00,BLDG_C,Meeting Room,P1100,Visitor,BADGE_10329,Exit,Authorized,Low,Normal Access,47,No,Normal,No,12,7,Saturday,2,2026-02-07,Yes,0,0,0,0,0,0,Normal
SEC_1786,2026-02-07 12:30:00,BLDG_A,Common Area,P1220,Employee,BADGE_10205,Exit,Authorized,Low,Normal Access,25,No,Normal,No,12,7,Saturday,2,2026-02-07,Yes,0,0,0,0,0,0,Normal
SEC_1787,2026-02-07 13:00:00,BLDG_B,Restricted Zone,P1202,Visitor,BADGE_10090,Exit,Authorized,Low,Normal Access,90,No,Normal,No,13,7,Saturday,2,2026-02-07,Yes,0,0,0,0,0,0,Normal
SEC_1788,2026-02-07 13:30:00,BLDG_A,Office Floor,P1130,Employee,BADGE_10055,Entry,Authorized,Low,Normal Access,16,No,Normal,No,13,7,Saturday,2,2026-02-07,Yes,0,0,0,0,0,0,Normal
SEC_1789,2026-02-07 14:00:00,BLDG_B,Parking Area,P1051,Employee,BADGE_10060,Exit,Authorized,Low,Normal Access,4,No,Normal,No,14,7,Saturday,2,2026-02-07,Yes,0,0,0,0,0,0,Normal
SEC_1790,2026-02-07 14:30:00,BLDG_B,Meeting Room,P1046,Employee,BADGE_10028,Exit,Authorized,Low,Normal Access,8,No,Normal,No,14,7,Saturday,2,2026-02-07,Yes,0,0,0,0,0,0,Normal
SEC_1791,2026-02-07 15:00:00,BLDG_B,Office Floor,P1187,Employee,BADGE_10239,Exit,Authorized,Low,Normal Access,135,No,Normal,No,15,7,Saturday,2,2026-02-07,Yes,0,0,0,0,0,0,Normal
SEC_1792,2026-02-07 15:30:00,BLDG_A,Parking Area,P1100,Employee,BADGE_10187,Entry,Authorized,Medium,Normal Access,13,No,Normal,No,15,7,Saturday,2,2026-02-07,Yes,0,0,0,0,0,0,Normal
SEC_1793,2026-02-07 16:00:00,BLDG_A,Office Floor,P1072,Employee,BADGE_10270,Exit,Authorized,Medium,Normal Access,40,No,Normal,No,16,7,Saturday,2,2026-02-07,Yes,0,0,0,0,0,0,Normal
SEC_1794,2026-02-07 16:30:00,BLDG_A,Meeting Room,P1114,Visitor,BADGE_10321,Entry,Authorized,Low,Normal Access,147,No,Normal,No,16,7,Saturday,2,2026-02-07,Yes,0,0,0,0,0,0,Normal
SEC_1795,2026-02-07 17:00:00,BLDG_A,Server Room,P1198,Employee,BADGE_10136,Exit,Authorized,Low,Normal Access,105,No,Normal,No,17,7,Saturday,2,2026-02-07,Yes,0,0,0,0,0,0,Normal
SEC_1796,2026-02-07 17:30:00,BLDG_B,Office Floor,P1044,Employee,BADGE_10272,Exit,Authorized,Low,Normal Access,135,No,Normal,No,17,7,Saturday,2,2026-02-07,Yes,0,0,0,0,0,0,Normal
SEC_1797,2026-02-07 18:00:00,BLDG_C,Restricted Zone,P1243,Visitor,BADGE_10490,Entry,Authorized,Low,Normal Access,159,No,Normal,No,18,7,Saturday,2,2026-02-07,No,0,0,0,0,0,0,Normal
SEC_1798,2026-02-07 18:30:00,BLDG_B,Meeting Room,P1286,Employee,BADGE_10020,Exit,Authorized,Low,Normal Access,127,No,Normal,No,18,7,Saturday,2,2026-02-07,No,0,0,0,0,0,0,Normal
SEC_1799,2026-02-07 19:00:00,BLDG_B,Server Room,P1133,Employee,BADGE_10207,Entry,Authorized,Low,Normal Access,52,No,Normal,No,19,7,Saturday,2,2026-02-07,No,0,0,0,0,0,0,Normal
SEC_1800,2026-02-07 19:30:00,BLDG_A,Meeting Room,P1106,Employee,BADGE_10143,Entry,Authorized,Low,Normal Access,167,No,Normal,No,19,7,Saturday,2,2026-02-07,No,0,0,0,0,0,0,Normal
SEC_1801,2026-02-07 20:00:00,BLDG_A,Parking Area,P1170,Contractor,BADGE_10134,Entry,Authorized,Critical,Suspicious Activity,42,Yes,Suspicious,Yes,20,7,Saturday,2,2026-02-07,No,0,1,1,0,1,3,Warning
SEC_1802,2026-02-07 20:30:00,BLDG_A,Restricted Zone,P1063,Visitor,BADGE_10039,Exit,Authorized,Low,Normal Access,139,No,Normal,No,20,7,Saturday,2,2026-02-07,No,0,0,0,0,0,0,Normal
SEC_1803,2026-02-07 21:00:00,BLDG_A,Common Area,P1107,Employee,BADGE_10444,Entry,Authorized,Low,Normal Access,37,No,Normal,No,21,7,Saturday,2,2026-02-07,No,0,0,0,0,0,0,Normal
SEC_1804,2026-02-07 21:30:00,BLDG_B,Meeting Room,P1122,Employee,BADGE_10417,Entry,Authorized,Low,Normal Access,24,No,Normal,No,21,7,Saturday,2,2026-02-07,No,0,0,0,0,0,0,Normal
SEC_1805,2026-02-07 22:00:00,BLDG_A,Office Floor,P1202,Employee,BADGE_10423,Entry,Authorized,Low,Normal Access,25,No,Normal,No,22,7,Saturday,2,2026-02-07,No,0,0,0,0,0,0,Normal
SEC_1806,2026-02-07 22:30:00,BLDG_A,Common Area,P1233,Employee,BADGE_10480,Entry,Authorized,Low,Normal Access,155,No,Normal,No,22,7,Saturday,2,2026-02-07,No,0,0,0,0,0,0,Normal
SEC_1807,2026-02-07 23:00:00,BLDG_B,Office Floor,P1297,Visitor,BADGE_10473,Entry,Authorized,Low,Normal Access,121,No,Normal,No,23,7,Saturday,2,2026-02-07,No,0,0,0,0,0,0,Normal
SEC_1808,2026-02-07 23:30:00,BLDG_C,Common Area,P1292,Employee,BADGE_10054,Entry,Authorized,Low,Normal Access,98,No,Normal,No,23,7,Saturday,2,2026-02-07,No,0,0,0,0,0,0,Normal
SEC_1809,2026-02-08 00:00:00,BLDG_A,Server Room,P1059,Visitor,BADGE_10185,Exit,Denied,Medium,Failed Access,45,No,Normal,No,0,8,Sunday,2,2026-02-08,No,0,0,0,0,0,0,Normal
SEC_1810,2026-02-08 00:30:00,BLDG_A,Office Floor,P1136,Employee,BADGE_10234,Exit,Denied,Medium,Restricted Access,11,Yes,Normal,No,0,8,Sunday,2,2026-02-08,No,0,1,0,0,0,1,Monitoring
SEC_1811,2026-02-08 01:00:00,BLDG_B,Meeting Room,P1056,Employee,BADGE_10171,Entry,Authorized,Low,Normal Access,153,No,Normal,No,1,8,Sunday,2,2026-02-08,No,0,0,0,0,0,0,Normal
SEC_1812,2026-02-08 01:30:00,BLDG_A,Common Area,P1014,Contractor,BADGE_10081,Exit,Authorized,Low,Normal Access,124,No,Normal,No,1,8,Sunday,2,2026-02-08,No,0,0,0,0,0,0,Normal
SEC_1813,2026-02-08 02:00:00,BLDG_C,Common Area,P1064,Contractor,BADGE_10244,Exit,Authorized,Low,Normal Access,72,No,Normal,No,2,8,Sunday,2,2026-02-08,No,0,0,0,0,0,0,Normal
SEC_1814,2026-02-08 02:30:00,BLDG_C,Office Floor,P1226,Employee,BADGE_10242,Entry,Authorized,Low,Normal Access,107,No,Normal,No,2,8,Sunday,2,2026-02-08,No,0,0,0,0,0,0,Normal
SEC_1815,2026-02-08 03:00:00,BLDG_A,Meeting Room,P1270,Employee,BADGE_10025,Entry,Authorized,Low,Normal Access,101,No,Normal,No,3,8,Sunday,2,2026-02-08,No,0,0,0,0,0,0,Normal
SEC_1816,2026-02-08 03:30:00,BLDG_A,Common Area,P1015,Visitor,BADGE_10048,Entry,Denied,Medium,Restricted Access,140,Yes,Unusual,No,3,8,Sunday,2,2026-02-08,No,0,1,0,1,0,2,Warning
SEC_1817,2026-02-08 04:00:00,BLDG_B,Restricted Zone,P1075,Contractor,BADGE_10150,Exit,Authorized,Low,Normal Access,37,No,Normal,No,4,8,Sunday,2,2026-02-08,No,0,0,0,0,0,0,Normal
SEC_1818,2026-02-08 04:30:00,BLDG_A,Common Area,P1098,Visitor,BADGE_10268,Exit,Authorized,Low,Normal Access,151,No,Normal,No,4,8,Sunday,2,2026-02-08,No,0,0,0,0,0,0,Normal
SEC_1819,2026-02-08 05:00:00,BLDG_A,Parking Area,P1253,Contractor,BADGE_10269,Entry,Authorized,Low,Normal Access,43,No,Normal,No,5,8,Sunday,2,2026-02-08,No,0,0,0,0,0,0,Normal
SEC_1820,2026-02-08 05:30:00,BLDG_C,Common Area,P1203,Employee,BADGE_10434,Exit,Authorized,Low,Normal Access,13,No,Normal,No,5,8,Sunday,2,2026-02-08,No,0,0,0,0,0,0,Normal
SEC_1821,2026-02-08 06:00:00,BLDG_C,Server Room,P1279,Visitor,BADGE_10232,Entry,Authorized,Low,Normal Access,102,No,Normal,No,6,8,Sunday,2,2026-02-08,No,0,0,0,0,0,0,Normal
SEC_1822,2026-02-08 06:30:00,BLDG_C,Office Floor,P1086,Visitor,BADGE_10295,Entry,Authorized,Low,Normal Access,42,No,Normal,No,6,8,Sunday,2,2026-02-08,No,0,0,0,0,0,0,Normal
SEC_1823,2026-02-08 07:00:00,BLDG_A,Common Area,P1284,Employee,BADGE_10034,Exit,Authorized,Low,Normal Access,40,No,Normal,No,7,8,Sunday,2,2026-02-08,No,0,0,0,0,0,0,Normal
SEC_1824,2026-02-08 07:30:00,BLDG_B,Common Area,P1154,Contractor,BADGE_10107,Entry,Authorized,Low,Normal Access,147,No,Normal,No,7,8,Sunday,2,2026-02-08,No,0,0,0,0,0,0,Normal
SEC_1825,2026-02-08 08:00:00,BLDG_B,Common Area,P1048,Employee,BADGE_10445,Exit,Authorized,Low,Normal Access,153,No,Normal,No,8,8,Sunday,2,2026-02-08,No,0,0,0,0,0,0,Normal
SEC_1826,2026-02-08 08:30:00,BLDG_B,Meeting Room,P1209,Employee,BADGE_10075,Entry,Authorized,Medium,Normal Access,66,No,Normal,No,8,8,Sunday,2,2026-02-08,No,0,0,0,0,0,0,Normal
SEC_1827,2026-02-08 09:00:00,BLDG_C,Parking Area,P1198,Visitor,BADGE_10187,Exit,Authorized,Low,Normal Access,117,No,Normal,No,9,8,Sunday,2,2026-02-08,Yes,0,0,0,0,0,0,Normal
SEC_1828,2026-02-08 09:30:00,BLDG_B,Restricted Zone,P1144,Employee,BADGE_10085,Exit,Authorized,Low,Normal Access,13,No,Normal,No,9,8,Sunday,2,2026-02-08,Yes,0,0,0,0,0,0,Normal
SEC_1829,2026-02-08 10:00:00,BLDG_A,Office Floor,P1132,Employee,BADGE_10346,Entry,Authorized,Low,Normal Access,63,No,Normal,No,10,8,Sunday,2,2026-02-08,Yes,0,0,0,0,0,0,Normal
SEC_1830,2026-02-08 10:30:00,BLDG_C,Server Room,P1195,Employee,BADGE_10117,Exit,Authorized,Low,Normal Access,109,No,Normal,No,10,8,Sunday,2,2026-02-08,Yes,0,0,0,0,0,0,Normal
SEC_1831,2026-02-08 11:00:00,BLDG_C,Office Floor,P1209,Employee,BADGE_10158,Entry,Authorized,Low,Normal Access,82,No,Normal,No,11,8,Sunday,2,2026-02-08,Yes,0,0,0,0,0,0,Normal
SEC_1832,2026-02-08 11:30:00,BLDG_C,Office Floor,P1103,Employee,BADGE_10217,Exit,Authorized,Medium,Suspicious Activity,103,Yes,Suspicious,Yes,11,8,Sunday,2,2026-02-08,Yes,0,1,1,0,0,2,Warning
SEC_1833,2026-02-08 12:00:00,BLDG_C,Restricted Zone,P1019,Employee,BADGE_10487,Exit,Authorized,Low,Normal Access,152,No,Normal,No,12,8,Sunday,2,2026-02-08,Yes,0,0,0,0,0,0,Normal
SEC_1834,2026-02-08 12:30:00,BLDG_A,Common Area,P1097,Visitor,BADGE_10047,Exit,Denied,Medium,Restricted Access,141,Yes,Normal,No,12,8,Sunday,2,2026-02-08,Yes,0,1,0,0,0,1,Monitoring
SEC_1835,2026-02-08 13:00:00,BLDG_C,Parking Area,P1282,Employee,BADGE_10327,Exit,Authorized,Low,Normal Access,75,No,Normal,No,13,8,Sunday,2,2026-02-08,Yes,0,0,0,0,0,0,Normal
SEC_1836,2026-02-08 13:30:00,BLDG_B,Common Area,P1087,Employee,BADGE_10038,Exit,Authorized,Low,Normal Access,54,No,Normal,No,13,8,Sunday,2,2026-02-08,Yes,0,0,0,0,0,0,Normal
SEC_1837,2026-02-08 14:00:00,BLDG_C,Office Floor,P1227,Employee,BADGE_10127,Entry,Authorized,Medium,Normal Access,94,No,Normal,No,14,8,Sunday,2,2026-02-08,Yes,0,0,0,0,0,0,Normal
SEC_1838,2026-02-08 14:30:00,BLDG_C,Office Floor,P1082,Contractor,BADGE_10128,Exit,Denied,Medium,Failed Access,104,No,Normal,No,14,8,Sunday,2,2026-02-08,Yes,0,0,0,0,0,0,Normal
SEC_1839,2026-02-08 15:00:00,BLDG_C,Office Floor,P1082,Employee,BADGE_10236,Exit,Authorized,Low,Normal Access,137,No,Normal,No,15,8,Sunday,2,2026-02-08,Yes,0,0,0,0,0,0,Normal
SEC_1840,2026-02-08 15:30:00,BLDG_A,Office Floor,P1098,Employee,BADGE_10216,Exit,Authorized,Low,Normal Access,125,No,Normal,No,15,8,Sunday,2,2026-02-08,Yes,0,0,0,0,0,0,Normal
SEC_1841,2026-02-08 16:00:00,BLDG_A,Office Floor,P1247,Employee,BADGE_10112,Exit,Authorized,Critical,Suspicious Activity,97,Yes,Suspicious,Yes,16,8,Sunday,2,2026-02-08,Yes,0,1,1,0,1,3,Warning
SEC_1842,2026-02-08 16:30:00,BLDG_B,Restricted Zone,P1290,Employee,BADGE_10236,Exit,Denied,Medium,Restricted Access,36,Yes,Normal,No,16,8,Sunday,2,2026-02-08,Yes,0,1,0,0,0,1,Monitoring
SEC_1843,2026-02-08 17:00:00,BLDG_A,Restricted Zone,P1236,Contractor,BADGE_10060,Exit,Denied,High,Restricted Access,25,Yes,Unusual,Yes,17,8,Sunday,2,2026-02-08,Yes,0,1,1,1,1,4,Critical
SEC_1844,2026-02-08 17:30:00,BLDG_A,Common Area,P1059,Employee,BADGE_10252,Exit,Authorized,Low,Normal Access,78,No,Normal,No,17,8,Sunday,2,2026-02-08,Yes,0,0,0,0,0,0,Normal
SEC_1845,2026-02-08 18:00:00,BLDG_B,Meeting Room,P1080,Employee,BADGE_10206,Exit,Authorized,Low,Normal Access,54,No,Normal,No,18,8,Sunday,2,2026-02-08,No,0,0,0,0,0,0,Normal
SEC_1846,2026-02-08 18:30:00,BLDG_A,Office Floor,P1277,Employee,BADGE_10241,Exit,Denied,Medium,Failed Access,157,No,Normal,No,18,8,Sunday,2,2026-02-08,No,0,0,0,0,0,0,Normal
SEC_1847,2026-02-08 19:00:00,BLDG_C,Common Area,P1262,Contractor,BADGE_10161,Entry,Authorized,Low,Normal Access,63,No,Normal,No,19,8,Sunday,2,2026-02-08,No,0,0,0,0,0,0,Normal
SEC_1848,2026-02-08 19:30:00,BLDG_A,Office Floor,P1003,Employee,BADGE_10441,Entry,Authorized,Low,Normal Access,162,No,Normal,No,19,8,Sunday,2,2026-02-08,No,0,0,0,0,0,0,Normal
SEC_1849,2026-02-08 20:00:00,BLDG_C,Common Area,P1273,Employee,BADGE_10493,Exit,Authorized,Low,Normal Access,97,No,Normal,No,20,8,Sunday,2,2026-02-08,No,0,0,0,0,0,0,Normal
SEC_1850,2026-02-08 20:30:00,BLDG_A,Parking Area,P1122,Employee,BADGE_10135,Exit,Authorized,Low,Normal Access,141,No,Normal,No,20,8,Sunday,2,2026-02-08,No,0,0,0,0,0,0,Normal
SEC_1851,2026-02-08 21:00:00,BLDG_A,Server Room,P1221,Visitor,BADGE_10122,Entry,Authorized,Low,Normal Access,106,No,Normal,No,21,8,Sunday,2,2026-02-08,No,0,0,0,0,0,0,Normal
SEC_1852,2026-02-08 21:30:00,BLDG_B,Common Area,P1182,Employee,BADGE_10174,Exit,Authorized,Low,Normal Access,170,No,Normal,No,21,8,Sunday,2,2026-02-08,No,0,0,0,0,0,0,Normal
SEC_1853,2026-02-08 22:00:00,BLDG_A,Common Area,P1225,Employee,BADGE_10397,Exit,Authorized,Low,Normal Access,90,No,Normal,No,22,8,Sunday,2,2026-02-08,No,0,0,0,0,0,0,Normal
SEC_1854,2026-02-08 22:30:00,BLDG_C,Common Area,P1185,Employee,BADGE_10223,Exit,Authorized,Medium,Normal Access,12,No,Normal,No,22,8,Sunday,2,2026-02-08,No,0,0,0,0,0,0,Normal
SEC_1855,2026-02-08 23:00:00,BLDG_C,Office Floor,P1227,Employee,BADGE_10093,Entry,Authorized,Low,Normal Access,117,No,Normal,No,23,8,Sunday,2,2026-02-08,No,0,0,0,0,0,0,Normal
SEC_1856,2026-02-08 23:30:00,BLDG_A,Server Room,P1028,Employee,BADGE_10485,Entry,Authorized,Medium,Normal Access,78,No,Normal,No,23,8,Sunday,2,2026-02-08,No,0,0,0,0,0,0,Normal
SEC_1857,2026-02-09 00:00:00,BLDG_A,Restricted Zone,P1285,Employee,BADGE_10435,Entry,Authorized,Low,Normal Access,43,No,Normal,No,0,9,Monday,2,2026-02-09,No,0,0,0,0,0,0,Normal
SEC_1858,2026-02-09 00:30:00,BLDG_B,Office Floor,P1227,Employee,BADGE_10240,Entry,Authorized,Low,Normal Access,180,No,Normal,No,0,9,Monday,2,2026-02-09,No,0,0,0,0,0,0,Normal
SEC_1859,2026-02-09 01:00:00,BLDG_A,Office Floor,P1147,Employee,BADGE_10340,Entry,Authorized,Low,Normal Access,62,No,Normal,No,1,9,Monday,2,2026-02-09,No,0,0,0,0,0,0,Normal
SEC_1860,2026-02-09 01:30:00,BLDG_A,Office Floor,P1129,Employee,BADGE_10436,Entry,Authorized,Low,Normal Access,25,No,Normal,No,1,9,Monday,2,2026-02-09,No,0,0,0,0,0,0,Normal
SEC_1861,2026-02-09 02:00:00,BLDG_C,Parking Area,P1030,Employee,BADGE_10414,Entry,Authorized,Low,Normal Access,104,No,Normal,No,2,9,Monday,2,2026-02-09,No,0,0,0,0,0,0,Normal
SEC_1862,2026-02-09 02:30:00,BLDG_A,Restricted Zone,P1294,Contractor,BADGE_10232,Exit,Denied,High,Restricted Access,61,Yes,Unusual,Yes,2,9,Monday,2,2026-02-09,No,0,1,1,1,1,4,Critical
SEC_1863,2026-02-09 03:00:00,BLDG_B,Server Room,P1022,Employee,BADGE_10019,Exit,Authorized,Low,Normal Access,32,No,Normal,No,3,9,Monday,2,2026-02-09,No,0,0,0,0,0,0,Normal
SEC_1864,2026-02-09 03:30:00,BLDG_A,Meeting Room,P1078,Employee,BADGE_10199,Entry,Authorized,Low,Normal Access,18,No,Normal,No,3,9,Monday,2,2026-02-09,No,0,0,0,0,0,0,Normal
SEC_1865,2026-02-09 04:00:00,BLDG_B,Common Area,P1101,Employee,BADGE_10327,Exit,Authorized,Critical,Suspicious Activity,72,Yes,Suspicious,Yes,4,9,Monday,2,2026-02-09,No,0,1,1,0,1,3,Warning
SEC_1866,2026-02-09 04:30:00,BLDG_B,Office Floor,P1147,Employee,BADGE_10498,Entry,Authorized,Low,Normal Access,122,No,Normal,No,4,9,Monday,2,2026-02-09,No,0,0,0,0,0,0,Normal
SEC_1867,2026-02-09 05:00:00,BLDG_C,Restricted Zone,P1136,Employee,BADGE_10057,Entry,Authorized,Low,Normal Access,179,No,Normal,No,5,9,Monday,2,2026-02-09,No,0,0,0,0,0,0,Normal
SEC_1868,2026-02-09 05:30:00,BLDG_A,Office Floor,P1221,Employee,BADGE_10016,Exit,Authorized,Low,Normal Access,135,No,Normal,No,5,9,Monday,2,2026-02-09,No,0,0,0,0,0,0,Normal
SEC_1869,2026-02-09 06:00:00,BLDG_A,Office Floor,P1086,Visitor,BADGE_10167,Exit,Authorized,Low,Normal Access,130,No,Normal,No,6,9,Monday,2,2026-02-09,No,0,0,0,0,0,0,Normal
SEC_1870,2026-02-09 06:30:00,BLDG_B,Meeting Room,P1007,Visitor,BADGE_10051,Exit,Authorized,Low,Normal Access,4,No,Normal,No,6,9,Monday,2,2026-02-09,No,0,0,0,0,0,0,Normal
SEC_1871,2026-02-09 07:00:00,BLDG_A,Server Room,P1030,Employee,BADGE_10322,Entry,Authorized,Low,Normal Access,137,No,Normal,No,7,9,Monday,2,2026-02-09,No,0,0,0,0,0,0,Normal
SEC_1872,2026-02-09 07:30:00,BLDG_C,Office Floor,P1256,Employee,BADGE_10397,Exit,Authorized,Low,Normal Access,108,No,Normal,No,7,9,Monday,2,2026-02-09,No,0,0,0,0,0,0,Normal
SEC_1873,2026-02-09 08:00:00,BLDG_B,Office Floor,P1081,Employee,BADGE_10350,Entry,Authorized,Low,Normal Access,142,No,Normal,No,8,9,Monday,2,2026-02-09,No,0,0,0,0,0,0,Normal
SEC_1874,2026-02-09 08:30:00,BLDG_A,Office Floor,P1089,Employee,BADGE_10418,Exit,Authorized,Low,Normal Access,167,No,Normal,No,8,9,Monday,2,2026-02-09,No,0,0,0,0,0,0,Normal
SEC_1875,2026-02-09 09:00:00,BLDG_B,Meeting Room,P1068,Employee,BADGE_10092,Exit,Authorized,High,Suspicious Activity,11,Yes,Suspicious,Yes,9,9,Monday,2,2026-02-09,Yes,0,1,1,0,1,3,Warning
SEC_1876,2026-02-09 09:30:00,BLDG_B,Restricted Zone,P1104,Employee,BADGE_10259,Entry,Authorized,Low,Normal Access,53,No,Normal,No,9,9,Monday,2,2026-02-09,Yes,0,0,0,0,0,0,Normal
SEC_1877,2026-02-09 10:00:00,BLDG_B,Meeting Room,P1298,Employee,BADGE_10265,Entry,Authorized,Low,Normal Access,106,No,Normal,No,10,9,Monday,2,2026-02-09,Yes,0,0,0,0,0,0,Normal
SEC_1878,2026-02-09 10:30:00,BLDG_B,Office Floor,P1263,Employee,BADGE_10424,Entry,Authorized,Low,Normal Access,105,No,Normal,No,10,9,Monday,2,2026-02-09,Yes,0,0,0,0,0,0,Normal
SEC_1879,2026-02-09 11:00:00,BLDG_B,Meeting Room,P1298,Visitor,BADGE_10209,Entry,Authorized,Low,Normal Access,114,No,Normal,No,11,9,Monday,2,2026-02-09,Yes,0,0,0,0,0,0,Normal
SEC_1880,2026-02-09 11:30:00,BLDG_B,Common Area,P1128,Employee,BADGE_10458,Entry,Authorized,Low,Normal Access,39,No,Normal,No,11,9,Monday,2,2026-02-09,Yes,0,0,0,0,0,0,Normal
SEC_1881,2026-02-09 12:00:00,BLDG_A,Common Area,P1089,Employee,BADGE_10018,Exit,Authorized,Low,Normal Access,109,No,Normal,No,12,9,Monday,2,2026-02-09,Yes,0,0,0,0,0,0,Normal
SEC_1882,2026-02-09 12:30:00,BLDG_A,Parking Area,P1134,Employee,BADGE_10385,Entry,Authorized,Low,Normal Access,57,No,Normal,No,12,9,Monday,2,2026-02-09,Yes,0,0,0,0,0,0,Normal
SEC_1883,2026-02-09 13:00:00,BLDG_B,Meeting Room,P1006,Employee,BADGE_10030,Entry,Authorized,Low,Normal Access,130,No,Normal,No,13,9,Monday,2,2026-02-09,Yes,0,0,0,0,0,0,Normal
SEC_1884,2026-02-09 13:30:00,BLDG_A,Office Floor,P1073,Visitor,BADGE_10300,Exit,Authorized,Low,Normal Access,53,No,Normal,No,13,9,Monday,2,2026-02-09,Yes,0,0,0,0,0,0,Normal
SEC_1885,2026-02-09 14:00:00,BLDG_B,Common Area,P1081,Employee,BADGE_10013,Exit,Authorized,Low,Normal Access,135,No,Normal,No,14,9,Monday,2,2026-02-09,Yes,0,0,0,0,0,0,Normal
SEC_1886,2026-02-09 14:30:00,BLDG_A,Office Floor,P1298,Visitor,BADGE_10081,Exit,Authorized,Medium,Normal Access,156,No,Normal,No,14,9,Monday,2,2026-02-09,Yes,0,0,0,0,0,0,Normal
SEC_1887,2026-02-09 15:00:00,BLDG_A,Office Floor,P1103,Employee,BADGE_10398,Entry,Authorized,Low,Normal Access,111,No,Normal,No,15,9,Monday,2,2026-02-09,Yes,0,0,0,0,0,0,Normal
SEC_1888,2026-02-09 15:30:00,BLDG_B,Meeting Room,P1248,Employee,BADGE_10454,Entry,Authorized,Low,Normal Access,43,No,Normal,No,15,9,Monday,2,2026-02-09,Yes,0,0,0,0,0,0,Normal
SEC_1889,2026-02-09 16:00:00,BLDG_A,Parking Area,P1027,Employee,BADGE_10462,Exit,Authorized,Low,Normal Access,131,No,Normal,No,16,9,Monday,2,2026-02-09,Yes,0,0,0,0,0,0,Normal
SEC_1890,2026-02-09 16:30:00,BLDG_C,Parking Area,P1230,Employee,BADGE_10460,Exit,Authorized,Low,Normal Access,127,No,Normal,No,16,9,Monday,2,2026-02-09,Yes,0,0,0,0,0,0,Normal
SEC_1891,2026-02-09 17:00:00,BLDG_C,Office Floor,P1026,Visitor,BADGE_10176,Exit,Authorized,Low,Normal Access,109,No,Normal,No,17,9,Monday,2,2026-02-09,Yes,0,0,0,0,0,0,Normal
SEC_1892,2026-02-09 17:30:00,BLDG_B,Meeting Room,P1189,Employee,BADGE_10160,Exit,Authorized,Low,Normal Access,47,No,Normal,No,17,9,Monday,2,2026-02-09,Yes,0,0,0,0,0,0,Normal
SEC_1893,2026-02-09 18:00:00,BLDG_B,Office Floor,P1009,Employee,BADGE_10253,Exit,Authorized,Low,Normal Access,109,No,Normal,No,18,9,Monday,2,2026-02-09,No,0,0,0,0,0,0,Normal
SEC_1894,2026-02-09 18:30:00,BLDG_A,Parking Area,P1096,Employee,BADGE_10403,Entry,Authorized,High,Suspicious Activity,33,Yes,Unusual,Yes,18,9,Monday,2,2026-02-09,No,0,1,1,1,1,4,Critical
SEC_1895,2026-02-09 19:00:00,BLDG_B,Restricted Zone,P1208,Employee,BADGE_10484,Exit,Denied,Medium,Failed Access,152,No,Normal,No,19,9,Monday,2,2026-02-09,No,0,0,0,0,0,0,Normal
SEC_1896,2026-02-09 19:30:00,BLDG_A,Meeting Room,P1074,Contractor,BADGE_10385,Entry,Authorized,Low,Normal Access,86,No,Normal,No,19,9,Monday,2,2026-02-09,No,0,0,0,0,0,0,Normal
SEC_1897,2026-02-09 20:00:00,BLDG_A,Restricted Zone,P1212,Employee,BADGE_10251,Exit,Authorized,Low,Normal Access,169,No,Normal,No,20,9,Monday,2,2026-02-09,No,0,0,0,0,0,0,Normal
SEC_1898,2026-02-09 20:30:00,BLDG_A,Restricted Zone,P1109,Employee,BADGE_10203,Exit,Authorized,Low,Normal Access,36,No,Normal,No,20,9,Monday,2,2026-02-09,No,0,0,0,0,0,0,Normal
SEC_1899,2026-02-09 21:00:00,BLDG_A,Meeting Room,P1084,Visitor,BADGE_10214,Exit,Authorized,Low,Normal Access,35,No,Normal,No,21,9,Monday,2,2026-02-09,No,0,0,0,0,0,0,Normal
SEC_1900,2026-02-09 21:30:00,BLDG_A,Restricted Zone,P1136,Employee,BADGE_10087,Entry,Denied,Medium,Failed Access,61,No,Normal,No,21,9,Monday,2,2026-02-09,No,0,0,0,0,0,0,Normal
SEC_1901,2026-02-09 22:00:00,BLDG_A,Office Floor,P1017,Employee,BADGE_10370,Entry,Authorized,Medium,Normal Access,59,No,Normal,No,22,9,Monday,2,2026-02-09,No,0,0,0,0,0,0,Normal
SEC_1902,2026-02-09 22:30:00,BLDG_C,Office Floor,P1162,Employee,BADGE_10302,Exit,Authorized,Low,Normal Access,30,No,Normal,No,22,9,Monday,2,2026-02-09,No,0,0,0,0,0,0,Normal
SEC_1903,2026-02-09 23:00:00,BLDG_A,Common Area,P1050,Employee,BADGE_10270,Exit,Authorized,Medium,Normal Access,109,No,Normal,No,23,9,Monday,2,2026-02-09,No,0,0,0,0,0,0,Normal
SEC_1904,2026-02-09 23:30:00,BLDG_B,Office Floor,P1091,Employee,BADGE_10469,Exit,Authorized,Low,Normal Access,96,No,Normal,No,23,9,Monday,2,2026-02-09,No,0,0,0,0,0,0,Normal
SEC_1905,2026-02-10 00:00:00,BLDG_B,Common Area,P1289,Employee,BADGE_10275,Entry,Denied,Low,Restricted Access,58,Yes,Unusual,No,0,10,Tuesday,2,2026-02-10,No,0,1,0,1,0,2,Warning
SEC_1906,2026-02-10 00:30:00,BLDG_A,Office Floor,P1209,Employee,BADGE_10133,Entry,Authorized,Low,Normal Access,126,No,Normal,No,0,10,Tuesday,2,2026-02-10,No,0,0,0,0,0,0,Normal
SEC_1907,2026-02-10 01:00:00,BLDG_A,Meeting Room,P1117,Employee,BADGE_10436,Exit,Authorized,Low,Normal Access,12,No,Normal,No,1,10,Tuesday,2,2026-02-10,No,0,0,0,0,0,0,Normal
SEC_1908,2026-02-10 01:30:00,BLDG_A,Office Floor,P1280,Employee,BADGE_10499,Exit,Authorized,Low,Normal Access,69,No,Normal,No,1,10,Tuesday,2,2026-02-10,No,0,0,0,0,0,0,Normal
SEC_1909,2026-02-10 02:00:00,BLDG_A,Server Room,P1001,Employee,BADGE_10116,Exit,Authorized,Low,Normal Access,164,No,Normal,No,2,10,Tuesday,2,2026-02-10,No,0,0,0,0,0,0,Normal
SEC_1910,2026-02-10 02:30:00,BLDG_A,Meeting Room,P1213,Employee,BADGE_10143,Exit,Denied,High,Restricted Access,134,Yes,Normal,No,2,10,Tuesday,2,2026-02-10,No,0,1,0,0,1,2,Warning
SEC_1911,2026-02-10 03:00:00,BLDG_A,Common Area,P1073,Employee,BADGE_10261,Entry,Authorized,Low,Normal Access,34,No,Normal,No,3,10,Tuesday,2,2026-02-10,No,0,0,0,0,0,0,Normal
SEC_1912,2026-02-10 03:30:00,BLDG_B,Office Floor,P1081,Employee,BADGE_10061,Exit,Authorized,Low,Normal Access,19,No,Normal,No,3,10,Tuesday,2,2026-02-10,No,0,0,0,0,0,0,Normal
SEC_1913,2026-02-10 04:00:00,BLDG_C,Office Floor,P1241,Visitor,BADGE_10345,Entry,Denied,Medium,Restricted Access,46,Yes,Unusual,No,4,10,Tuesday,2,2026-02-10,No,0,1,0,1,0,2,Warning
SEC_1914,2026-02-10 04:30:00,BLDG_A,Common Area,P1077,Visitor,BADGE_10234,Entry,Authorized,Low,Normal Access,7,No,Normal,No,4,10,Tuesday,2,2026-02-10,No,0,0,0,0,0,0,Normal
SEC_1915,2026-02-10 05:00:00,BLDG_B,Meeting Room,P1093,Employee,BADGE_10480,Exit,Authorized,Low,Normal Access,166,No,Normal,No,5,10,Tuesday,2,2026-02-10,No,0,0,0,0,0,0,Normal
SEC_1916,2026-02-10 05:30:00,BLDG_B,Office Floor,P1293,Employee,BADGE_10475,Entry,Authorized,Low,Normal Access,113,No,Normal,No,5,10,Tuesday,2,2026-02-10,No,0,0,0,0,0,0,Normal
SEC_1917,2026-02-10 06:00:00,BLDG_A,Meeting Room,P1199,Employee,BADGE_10112,Entry,Authorized,Low,Normal Access,90,No,Normal,No,6,10,Tuesday,2,2026-02-10,No,0,0,0,0,0,0,Normal
SEC_1918,2026-02-10 06:30:00,BLDG_B,Server Room,P1266,Employee,BADGE_10291,Exit,Authorized,Low,Normal Access,100,No,Normal,No,6,10,Tuesday,2,2026-02-10,No,0,0,0,0,0,0,Normal
SEC_1919,2026-02-10 07:00:00,BLDG_B,Restricted Zone,P1205,Contractor,BADGE_10473,Exit,Authorized,Low,Normal Access,149,No,Normal,No,7,10,Tuesday,2,2026-02-10,No,0,0,0,0,0,0,Normal
SEC_1920,2026-02-10 07:30:00,BLDG_B,Common Area,P1123,Visitor,BADGE_10387,Exit,Authorized,Low,Normal Access,71,No,Normal,No,7,10,Tuesday,2,2026-02-10,No,0,0,0,0,0,0,Normal
SEC_1921,2026-02-10 08:00:00,BLDG_B,Restricted Zone,P1192,Employee,BADGE_10372,Entry,Authorized,Medium,Normal Access,104,No,Normal,No,8,10,Tuesday,2,2026-02-10,No,0,0,0,0,0,0,Normal
SEC_1922,2026-02-10 08:30:00,BLDG_B,Office Floor,P1154,Employee,BADGE_10480,Entry,Authorized,Low,Normal Access,103,No,Normal,No,8,10,Tuesday,2,2026-02-10,No,0,0,0,0,0,0,Normal
SEC_1923,2026-02-10 09:00:00,BLDG_C,Common Area,P1031,Visitor,BADGE_10347,Exit,Authorized,Low,Normal Access,4,No,Normal,No,9,10,Tuesday,2,2026-02-10,Yes,0,0,0,0,0,0,Normal
SEC_1924,2026-02-10 09:30:00,BLDG_C,Office Floor,P1122,Visitor,BADGE_10462,Entry,Authorized,Low,Normal Access,117,No,Normal,No,9,10,Tuesday,2,2026-02-10,Yes,0,0,0,0,0,0,Normal
SEC_1925,2026-02-10 10:00:00,BLDG_A,Meeting Room,P1138,Employee,BADGE_10050,Entry,Authorized,Low,Normal Access,168,No,Normal,No,10,10,Tuesday,2,2026-02-10,Yes,0,0,0,0,0,0,Normal
SEC_1926,2026-02-10 10:30:00,BLDG_A,Meeting Room,P1053,Employee,BADGE_10175,Exit,Authorized,Low,Normal Access,162,No,Normal,No,10,10,Tuesday,2,2026-02-10,Yes,0,0,0,0,0,0,Normal
SEC_1927,2026-02-10 11:00:00,BLDG_A,Meeting Room,P1134,Employee,BADGE_10353,Entry,Authorized,Low,Normal Access,157,No,Normal,No,11,10,Tuesday,2,2026-02-10,Yes,0,0,0,0,0,0,Normal
SEC_1928,2026-02-10 11:30:00,BLDG_B,Office Floor,P1236,Employee,BADGE_10316,Exit,Denied,Medium,Restricted Access,61,Yes,Unusual,No,11,10,Tuesday,2,2026-02-10,Yes,0,1,0,1,0,2,Warning
SEC_1929,2026-02-10 12:00:00,BLDG_C,Meeting Room,P1237,Employee,BADGE_10013,Entry,Authorized,Low,Normal Access,84,No,Normal,No,12,10,Tuesday,2,2026-02-10,Yes,0,0,0,0,0,0,Normal
SEC_1930,2026-02-10 12:30:00,BLDG_A,Common Area,P1283,Employee,BADGE_10429,Entry,Authorized,Low,Normal Access,38,No,Normal,No,12,10,Tuesday,2,2026-02-10,Yes,0,0,0,0,0,0,Normal
SEC_1931,2026-02-10 13:00:00,BLDG_C,Office Floor,P1165,Employee,BADGE_10013,Exit,Authorized,Low,Normal Access,26,No,Normal,No,13,10,Tuesday,2,2026-02-10,Yes,0,0,0,0,0,0,Normal
SEC_1932,2026-02-10 13:30:00,BLDG_A,Common Area,P1043,Employee,BADGE_10404,Entry,Authorized,Low,Normal Access,162,No,Normal,No,13,10,Tuesday,2,2026-02-10,Yes,0,0,0,0,0,0,Normal
SEC_1933,2026-02-10 14:00:00,BLDG_A,Restricted Zone,P1181,Employee,BADGE_10251,Entry,Denied,High,Restricted Access,49,Yes,Normal,Yes,14,10,Tuesday,2,2026-02-10,Yes,0,1,1,0,1,3,Warning
SEC_1934,2026-02-10 14:30:00,BLDG_B,Office Floor,P1078,Employee,BADGE_10202,Entry,Authorized,Low,Normal Access,34,No,Normal,No,14,10,Tuesday,2,2026-02-10,Yes,0,0,0,0,0,0,Normal
SEC_1935,2026-02-10 15:00:00,BLDG_B,Server Room,P1060,Contractor,BADGE_10302,Exit,Denied,Low,Failed Access,170,No,Normal,No,15,10,Tuesday,2,2026-02-10,Yes,0,0,0,0,0,0,Normal
SEC_1936,2026-02-10 15:30:00,BLDG_C,Office Floor,P1290,Employee,BADGE_10396,Entry,Authorized,Low,Normal Access,134,No,Normal,No,15,10,Tuesday,2,2026-02-10,Yes,0,0,0,0,0,0,Normal
SEC_1937,2026-02-10 16:00:00,BLDG_A,Parking Area,P1205,Employee,BADGE_10076,Entry,Denied,Medium,Failed Access,30,No,Normal,No,16,10,Tuesday,2,2026-02-10,Yes,0,0,0,0,0,0,Normal
SEC_1938,2026-02-10 16:30:00,BLDG_A,Restricted Zone,P1088,Employee,BADGE_10369,Exit,Authorized,Low,Normal Access,17,No,Normal,No,16,10,Tuesday,2,2026-02-10,Yes,0,0,0,0,0,0,Normal
SEC_1939,2026-02-10 17:00:00,BLDG_C,Restricted Zone,P1238,Employee,BADGE_10022,Entry,Authorized,High,Suspicious Activity,51,Yes,Suspicious,Yes,17,10,Tuesday,2,2026-02-10,Yes,0,1,1,0,1,3,Warning
SEC_1940,2026-02-10 17:30:00,BLDG_C,Office Floor,P1061,Employee,BADGE_10085,Entry,Authorized,Low,Normal Access,36,No,Normal,No,17,10,Tuesday,2,2026-02-10,Yes,0,0,0,0,0,0,Normal
SEC_1941,2026-02-10 18:00:00,BLDG_B,Common Area,P1253,Employee,BADGE_10201,Entry,Authorized,Low,Normal Access,21,No,Normal,No,18,10,Tuesday,2,2026-02-10,No,0,0,0,0,0,0,Normal
SEC_1942,2026-02-10 18:30:00,BLDG_B,Meeting Room,P1284,Employee,BADGE_10198,Exit,Authorized,Low,Normal Access,161,No,Normal,No,18,10,Tuesday,2,2026-02-10,No,0,0,0,0,0,0,Normal
SEC_1943,2026-02-10 19:00:00,BLDG_B,Parking Area,P1161,Visitor,BADGE_10303,Entry,Authorized,Low,Normal Access,99,No,Normal,No,19,10,Tuesday,2,2026-02-10,No,0,0,0,0,0,0,Normal
SEC_1944,2026-02-10 19:30:00,BLDG_C,Meeting Room,P1120,Employee,BADGE_10075,Exit,Authorized,Low,Normal Access,163,No,Normal,No,19,10,Tuesday,2,2026-02-10,No,0,0,0,0,0,0,Normal
SEC_1945,2026-02-10 20:00:00,BLDG_A,Meeting Room,P1269,Contractor,BADGE_10493,Exit,Authorized,Medium,Normal Access,24,No,Normal,No,20,10,Tuesday,2,2026-02-10,No,0,0,0,0,0,0,Normal
SEC_1946,2026-02-10 20:30:00,BLDG_A,Office Floor,P1207,Employee,BADGE_10105,Entry,Authorized,Low,Normal Access,36,No,Normal,No,20,10,Tuesday,2,2026-02-10,No,0,0,0,0,0,0,Normal
SEC_1947,2026-02-10 21:00:00,BLDG_B,Common Area,P1138,Employee,BADGE_10136,Exit,Authorized,Low,Normal Access,107,No,Normal,No,21,10,Tuesday,2,2026-02-10,No,0,0,0,0,0,0,Normal
SEC_1948,2026-02-10 21:30:00,BLDG_B,Common Area,P1222,Employee,BADGE_10325,Entry,Authorized,Low,Normal Access,161,No,Normal,No,21,10,Tuesday,2,2026-02-10,No,0,0,0,0,0,0,Normal
SEC_1949,2026-02-10 22:00:00,BLDG_B,Office Floor,P1013,Employee,BADGE_10219,Exit,Authorized,Low,Normal Access,2,No,Normal,No,22,10,Tuesday,2,2026-02-10,No,0,0,0,0,0,0,Normal
SEC_1950,2026-02-10 22:30:00,BLDG_A,Parking Area,P1279,Employee,BADGE_10244,Entry,Authorized,Low,Normal Access,125,No,Normal,No,22,10,Tuesday,2,2026-02-10,No,0,0,0,0,0,0,Normal
SEC_1951,2026-02-10 23:00:00,BLDG_A,Meeting Room,P1004,Employee,BADGE_10118,Entry,Authorized,Low,Normal Access,24,No,Normal,No,23,10,Tuesday,2,2026-02-10,No,0,0,0,0,0,0,Normal
SEC_1952,2026-02-10 23:30:00,BLDG_C,Meeting Room,P1103,Employee,BADGE_10483,Entry,Authorized,Low,Normal Access,81,No,Normal,No,23,10,Tuesday,2,2026-02-10,No,0,0,0,0,0,0,Normal
SEC_1953,2026-02-11 00:00:00,BLDG_A,Common Area,P1039,Employee,BADGE_10189,Entry,Authorized,Low,Normal Access,26,No,Normal,No,0,11,Wednesday,2,2026-02-11,No,0,0,0,0,0,0,Normal
SEC_1954,2026-02-11 00:30:00,BLDG_B,Office Floor,P1121,Employee,BADGE_10016,Entry,Authorized,Low,Normal Access,12,No,Normal,No,0,11,Wednesday,2,2026-02-11,No,0,0,0,0,0,0,Normal
SEC_1955,2026-02-11 01:00:00,BLDG_B,Parking Area,P1012,Employee,BADGE_10472,Exit,Authorized,Low,Normal Access,22,No,Normal,No,1,11,Wednesday,2,2026-02-11,No,0,0,0,0,0,0,Normal
SEC_1956,2026-02-11 01:30:00,BLDG_A,Common Area,P1216,Contractor,BADGE_10190,Entry,Denied,Medium,Failed Access,76,No,Normal,No,1,11,Wednesday,2,2026-02-11,No,0,0,0,0,0,0,Normal
SEC_1957,2026-02-11 02:00:00,BLDG_C,Server Room,P1182,Visitor,BADGE_10267,Entry,Authorized,Low,Normal Access,26,No,Normal,No,2,11,Wednesday,2,2026-02-11,No,0,0,0,0,0,0,Normal
SEC_1958,2026-02-11 02:30:00,BLDG_B,Office Floor,P1267,Employee,BADGE_10142,Exit,Authorized,Low,Normal Access,61,No,Normal,No,2,11,Wednesday,2,2026-02-11,No,0,0,0,0,0,0,Normal
SEC_1959,2026-02-11 03:00:00,BLDG_B,Office Floor,P1221,Employee,BADGE_10110,Exit,Authorized,Low,Normal Access,59,No,Normal,No,3,11,Wednesday,2,2026-02-11,No,0,0,0,0,0,0,Normal
SEC_1960,2026-02-11 03:30:00,BLDG_A,Parking Area,P1084,Employee,BADGE_10172,Exit,Denied,Medium,Restricted Access,119,Yes,Normal,No,3,11,Wednesday,2,2026-02-11,No,0,1,0,0,0,1,Monitoring
SEC_1961,2026-02-11 04:00:00,BLDG_C,Common Area,P1093,Employee,BADGE_10008,Entry,Authorized,Low,Normal Access,158,No,Normal,No,4,11,Wednesday,2,2026-02-11,No,0,0,0,0,0,0,Normal
SEC_1962,2026-02-11 04:30:00,BLDG_B,Office Floor,P1272,Employee,BADGE_10078,Entry,Authorized,Low,Normal Access,49,No,Normal,No,4,11,Wednesday,2,2026-02-11,No,0,0,0,0,0,0,Normal
SEC_1963,2026-02-11 05:00:00,BLDG_A,Parking Area,P1040,Contractor,BADGE_10098,Exit,Authorized,Medium,Normal Access,5,No,Normal,No,5,11,Wednesday,2,2026-02-11,No,0,0,0,0,0,0,Normal
SEC_1964,2026-02-11 05:30:00,BLDG_B,Meeting Room,P1134,Employee,BADGE_10124,Exit,Authorized,Low,Normal Access,117,No,Normal,No,5,11,Wednesday,2,2026-02-11,No,0,0,0,0,0,0,Normal
SEC_1965,2026-02-11 06:00:00,BLDG_B,Restricted Zone,P1056,Employee,BADGE_10172,Exit,Authorized,Medium,Normal Access,142,No,Normal,No,6,11,Wednesday,2,2026-02-11,No,0,0,0,0,0,0,Normal
SEC_1966,2026-02-11 06:30:00,BLDG_C,Restricted Zone,P1036,Employee,BADGE_10463,Entry,Authorized,Low,Normal Access,110,No,Normal,No,6,11,Wednesday,2,2026-02-11,No,0,0,0,0,0,0,Normal
SEC_1967,2026-02-11 07:00:00,BLDG_A,Common Area,P1098,Employee,BADGE_10211,Entry,Authorized,Low,Normal Access,49,No,Normal,No,7,11,Wednesday,2,2026-02-11,No,0,0,0,0,0,0,Normal
SEC_1968,2026-02-11 07:30:00,BLDG_C,Meeting Room,P1169,Visitor,BADGE_10236,Entry,Authorized,Low,Normal Access,19,No,Normal,No,7,11,Wednesday,2,2026-02-11,No,0,0,0,0,0,0,Normal
SEC_1969,2026-02-11 08:00:00,BLDG_C,Meeting Room,P1033,Employee,BADGE_10079,Entry,Authorized,Low,Normal Access,36,No,Normal,No,8,11,Wednesday,2,2026-02-11,No,0,0,0,0,0,0,Normal
SEC_1970,2026-02-11 08:30:00,BLDG_B,Common Area,P1294,Employee,BADGE_10035,Exit,Authorized,Low,Normal Access,175,No,Normal,No,8,11,Wednesday,2,2026-02-11,No,0,0,0,0,0,0,Normal
SEC_1971,2026-02-11 09:00:00,BLDG_A,Parking Area,P1066,Employee,BADGE_10446,Entry,Authorized,Low,Normal Access,148,No,Normal,No,9,11,Wednesday,2,2026-02-11,Yes,0,0,0,0,0,0,Normal
SEC_1972,2026-02-11 09:30:00,BLDG_A,Meeting Room,P1177,Contractor,BADGE_10195,Entry,Authorized,Low,Normal Access,155,No,Normal,No,9,11,Wednesday,2,2026-02-11,Yes,0,0,0,0,0,0,Normal
SEC_1973,2026-02-11 10:00:00,BLDG_B,Meeting Room,P1167,Visitor,BADGE_10404,Exit,Authorized,Low,Normal Access,78,No,Normal,No,10,11,Wednesday,2,2026-02-11,Yes,0,0,0,0,0,0,Normal
SEC_1974,2026-02-11 10:30:00,BLDG_B,Office Floor,P1070,Employee,BADGE_10234,Exit,Denied,High,Failed Access,74,Yes,Normal,No,10,11,Wednesday,2,2026-02-11,Yes,0,1,0,0,1,2,Warning
SEC_1975,2026-02-11 11:00:00,BLDG_A,Common Area,P1111,Employee,BADGE_10475,Exit,Authorized,Low,Normal Access,22,No,Normal,No,11,11,Wednesday,2,2026-02-11,Yes,0,0,0,0,0,0,Normal
SEC_1976,2026-02-11 11:30:00,BLDG_A,Parking Area,P1256,Employee,BADGE_10239,Exit,Authorized,Low,Normal Access,105,No,Normal,No,11,11,Wednesday,2,2026-02-11,Yes,0,0,0,0,0,0,Normal
SEC_1977,2026-02-11 12:00:00,BLDG_B,Common Area,P1101,Employee,BADGE_10107,Entry,Denied,Medium,Failed Access,90,No,Normal,No,12,11,Wednesday,2,2026-02-11,Yes,0,0,0,0,0,0,Normal
SEC_1978,2026-02-11 12:30:00,BLDG_A,Server Room,P1210,Employee,BADGE_10158,Entry,Authorized,Low,Normal Access,73,No,Normal,No,12,11,Wednesday,2,2026-02-11,Yes,0,0,0,0,0,0,Normal
SEC_1979,2026-02-11 13:00:00,BLDG_B,Meeting Room,P1028,Employee,BADGE_10192,Entry,Authorized,Low,Normal Access,109,No,Normal,No,13,11,Wednesday,2,2026-02-11,Yes,0,0,0,0,0,0,Normal
SEC_1980,2026-02-11 13:30:00,BLDG_C,Office Floor,P1064,Employee,BADGE_10048,Exit,Authorized,Low,Normal Access,151,No,Normal,No,13,11,Wednesday,2,2026-02-11,Yes,0,0,0,0,0,0,Normal
SEC_1981,2026-02-11 14:00:00,BLDG_C,Office Floor,P1162,Employee,BADGE_10380,Entry,Authorized,Low,Normal Access,94,No,Normal,No,14,11,Wednesday,2,2026-02-11,Yes,0,0,0,0,0,0,Normal
SEC_1982,2026-02-11 14:30:00,BLDG_A,Office Floor,P1299,Employee,BADGE_10187,Entry,Authorized,Low,Normal Access,31,No,Normal,No,14,11,Wednesday,2,2026-02-11,Yes,0,0,0,0,0,0,Normal
SEC_1983,2026-02-11 15:00:00,BLDG_B,Restricted Zone,P1154,Visitor,BADGE_10396,Exit,Authorized,Low,Normal Access,161,No,Normal,No,15,11,Wednesday,2,2026-02-11,Yes,0,0,0,0,0,0,Normal
SEC_1984,2026-02-11 15:30:00,BLDG_C,Meeting Room,P1160,Employee,BADGE_10320,Entry,Authorized,Low,Normal Access,73,No,Normal,No,15,11,Wednesday,2,2026-02-11,Yes,0,0,0,0,0,0,Normal
SEC_1985,2026-02-11 16:00:00,BLDG_B,Office Floor,P1235,Employee,BADGE_10427,Entry,Authorized,Low,Normal Access,17,No,Normal,No,16,11,Wednesday,2,2026-02-11,Yes,0,0,0,0,0,0,Normal
SEC_1986,2026-02-11 16:30:00,BLDG_B,Parking Area,P1066,Employee,BADGE_10294,Exit,Denied,Low,Failed Access,162,No,Normal,No,16,11,Wednesday,2,2026-02-11,Yes,0,0,0,0,0,0,Normal
SEC_1987,2026-02-11 17:00:00,BLDG_B,Office Floor,P1256,Contractor,BADGE_10216,Exit,Authorized,Low,Normal Access,96,No,Normal,No,17,11,Wednesday,2,2026-02-11,Yes,0,0,0,0,0,0,Normal
SEC_1988,2026-02-11 17:30:00,BLDG_B,Restricted Zone,P1150,Employee,BADGE_10052,Exit,Authorized,Low,Normal Access,7,No,Normal,No,17,11,Wednesday,2,2026-02-11,Yes,0,0,0,0,0,0,Normal
SEC_1989,2026-02-11 18:00:00,BLDG_A,Office Floor,P1050,Employee,BADGE_10017,Exit,Authorized,Low,Normal Access,12,No,Normal,No,18,11,Wednesday,2,2026-02-11,No,0,0,0,0,0,0,Normal
SEC_1990,2026-02-11 18:30:00,BLDG_B,Office Floor,P1285,Contractor,BADGE_10497,Exit,Authorized,Medium,Suspicious Activity,60,Yes,Suspicious,Yes,18,11,Wednesday,2,2026-02-11,No,0,1,1,0,0,2,Warning
SEC_1991,2026-02-11 19:00:00,BLDG_C,Office Floor,P1294,Employee,BADGE_10145,Entry,Authorized,Low,Normal Access,28,No,Normal,No,19,11,Wednesday,2,2026-02-11,No,0,0,0,0,0,0,Normal
SEC_1992,2026-02-11 19:30:00,BLDG_C,Office Floor,P1177,Contractor,BADGE_10491,Entry,Authorized,Low,Normal Access,10,No,Normal,No,19,11,Wednesday,2,2026-02-11,No,0,0,0,0,0,0,Normal
SEC_1993,2026-02-11 20:00:00,BLDG_B,Server Room,P1173,Visitor,BADGE_10487,Exit,Denied,High,Failed Access,174,Yes,Normal,No,20,11,Wednesday,2,2026-02-11,No,0,1,0,0,1,2,Warning
SEC_1994,2026-02-11 20:30:00,BLDG_B,Parking Area,P1040,Employee,BADGE_10165,Exit,Authorized,Low,Normal Access,32,No,Normal,No,20,11,Wednesday,2,2026-02-11,No,0,0,0,0,0,0,Normal
SEC_1995,2026-02-11 21:00:00,BLDG_A,Office Floor,P1088,Employee,BADGE_10113,Entry,Denied,High,Failed Access,101,Yes,Normal,No,21,11,Wednesday,2,2026-02-11,No,0,1,0,0,1,2,Warning
SEC_1996,2026-02-11 21:30:00,BLDG_B,Office Floor,P1135,Employee,BADGE_10012,Entry,Denied,Medium,Failed Access,167,No,Unusual,No,21,11,Wednesday,2,2026-02-11,No,0,0,0,1,0,1,Monitoring
SEC_1997,2026-02-11 22:00:00,BLDG_C,Common Area,P1059,Employee,BADGE_10054,Exit,Authorized,Low,Normal Access,147,No,Normal,No,22,11,Wednesday,2,2026-02-11,No,0,0,0,0,0,0,Normal
SEC_1998,2026-02-11 22:30:00,BLDG_C,Common Area,P1244,Employee,BADGE_10426,Entry,Authorized,Low,Normal Access,99,No,Normal,No,22,11,Wednesday,2,2026-02-11,No,0,0,0,0,0,0,Normal
SEC_1999,2026-02-11 23:00:00,BLDG_A,Parking Area,P1099,Employee,BADGE_10397,Exit,Authorized,Low,Normal Access,113,No,Normal,No,23,11,Wednesday,2,2026-02-11,No,0,0,0,0,0,0,Normal
SEC_2000,2026-02-11 23:30:00,BLDG_A,Office Floor,P1145,Visitor,BADGE_10385,Exit,Authorized,Low,Normal Access,34,No,Normal,No,23,11,Wednesday,2,2026-02-11,No,0,0,0,0,0,0,Normal
