Timestamp,Asset_ID,Building_ID,Equipment_Type,Ambient_Temperature_C,Equipment_Temperature_C,Vibration_mm_s,Pressure_bar,Power_Consumption_kW,Load_Percent,Oil_Temperature_C,Operating_Hours,Age_Years,Maintenance_Count,Days_Since_Maintenance,Last_Maintenance_Date,Maintenance_Type,Historical_Failure_Count,Error_Code,Failure_Within_7_Days,Hour,Day,Day_of_Week,Working_Hours,Temperature_Difference_C,Equipment_Stress,Maintenance_Urgency,High_Temperature,High_Vibration
2026-01-01 00:00:00,AST_046,BLDG_C,HVAC,32.9,68.66,4.06,6.29,14.95,57.42,58.85,9960,7,6,30,2025-12-02 00:00:00,Corrective,0,NONE,0,0,1,3,0,35.76,2.7982,0,0,0
2026-01-01 00:15:00,AST_053,BLDG_C,Pump,28.53,65.72,4.73,5.91,16.54,70.09,62.31,11322,8,4,56,2025-11-06 00:15:00,Preventive,0,NONE,0,0,1,3,0,37.19,3.7129000000000003,0,0,0
2026-01-01 00:30:00,AST_095,BLDG_C,Compressor,33.07,68.37,4.47,5.54,17.17,70.69,60.51,2332,10,9,97,2025-09-26 00:30:00,Inspection,2,E404,1,0,1,3,0,35.300000000000004,4.4349,1,0,0
2026-01-01 00:45:00,AST_099,BLDG_B,HVAC,24.1,68.41,4.87,5.8,16.96,69.16,65.66,3744,10,5,154,2025-07-31 00:45:00,Inspection,1,E303,1,0,1,3,0,44.309999999999995,5.7196,1,0,0
2026-01-01 01:00:00,AST_060,BLDG_C,Compressor,31.64,80.85,6.59,4.93,19.14,88.51,64.15,13098,15,5,25,2025-12-07 01:00:00,Inspection,3,NONE,0,1,1,3,0,49.209999999999994,4.021100000000001,0,1,1
2026-01-01 01:15:00,AST_097,BLDG_C,Compressor,29.84,74.97,6.03,4.98,19.95,68.13,66.37,11852,7,5,55,2025-11-07 01:15:00,Corrective,3,E303,1,1,1,3,0,45.129999999999995,4.193300000000001,0,1,1
2026-01-01 01:30:00,AST_063,BLDG_C,Motor,28.93,69.93,4.86,5.16,14.2,68.43,64.66,10233,12,1,42,2025-11-20 01:30:00,Inspection,1,E101,1,1,1,3,0,41.00000000000001,3.4683,0,0,0
2026-01-01 01:45:00,AST_085,BLDG_B,Chiller,29.78,65.46,3.28,6.01,13.8,58.47,55.83,8760,8,1,24,2025-12-08 01:45:00,Preventive,0,NONE,0,1,1,3,0,35.67999999999999,2.3767,0,0,0
2026-01-01 02:00:00,AST_032,BLDG_C,Pump,24.16,70.26,4.75,5.56,17.07,82.15,59.73,3844,6,8,161,2025-07-24 02:00:00,Inspection,2,NONE,0,2,1,3,0,46.10000000000001,5.9415000000000004,1,1,0
2026-01-01 02:15:00,AST_087,BLDG_A,HVAC,23.21,81.26,6.87,5.09,21.41,88.98,69.01,14622,11,8,136,2025-08-18 02:15:00,Inspection,2,E202,1,2,1,3,0,58.050000000000004,6.357800000000001,1,1,1
2026-01-01 02:30:00,AST_033,BLDG_A,Compressor,34.84,71.83,4.44,5.74,18.44,64.13,62.97,7405,7,6,59,2025-11-03 02:30:00,Inspection,3,NONE,0,2,1,3,0,36.989999999999995,3.5972999999999997,0,1,0
2026-01-01 02:45:00,AST_067,BLDG_C,Pump,27.33,64.71,3.71,6.04,17.11,60.52,57.1,2535,3,4,96,2025-09-27 02:45:00,Corrective,2,NONE,0,2,1,3,0,37.379999999999995,4.0092,1,0,0
2026-01-01 03:00:00,AST_018,BLDG_C,Chiller,27.27,67.91,4.85,5.86,16.86,66.95,62.94,8206,14,2,32,2025-11-30 03:00:00,Preventive,1,E101,1,3,1,3,0,40.64,3.2495000000000003,0,0,0
2026-01-01 03:15:00,AST_025,BLDG_C,Chiller,23.59,60.37,2.55,6.41,12.91,56.07,57.76,3099,8,2,8,2025-12-24 03:15:00,Preventive,0,NONE,0,3,1,3,0,36.78,1.7407,0,0,0
2026-01-01 03:30:00,AST_095,BLDG_C,Compressor,22.07,66.25,5.2,5.26,17.54,66.09,59.47,2568,10,9,154,2025-07-31 03:30:00,Inspection,1,NONE,0,3,1,3,0,44.18,5.8209,1,0,0
2026-01-01 03:45:00,AST_054,BLDG_C,HVAC,27.65,71.57,5.34,5.08,17.07,70.11,59.51,7179,5,5,80,2025-10-13 03:45:00,Preventive,4,E101,1,3,1,3,0,43.919999999999995,4.437100000000001,0,1,0
2026-01-01 04:00:00,AST_058,BLDG_B,Compressor,26.63,68.79,6.34,5.55,17.44,81.59,65.57,5677,6,4,177,2025-07-08 04:00:00,Inspection,3,E404,1,4,1,3,0,42.16000000000001,6.8919,1,0,1
2026-01-01 04:15:00,AST_067,BLDG_C,Pump,28.01,63.07,3.81,5.57,14.24,72.81,55.35,2513,3,1,71,2025-10-22 04:15:00,Preventive,2,E202,1,4,1,3,0,35.06,3.6721,0,0,0
2026-01-01 04:30:00,AST_046,BLDG_C,HVAC,28.35,75.3,5.45,5.11,20.08,69.85,65.42,10261,7,7,90,2025-10-03 04:30:00,Preventive,4,E101,1,4,1,3,0,46.949999999999996,4.6785000000000005,0,1,0
2026-01-01 04:45:00,AST_024,BLDG_A,Pump,37.96,76.13,5.82,5.97,18.57,71.38,68.25,14608,1,3,166,2025-07-19 04:45:00,Preventive,2,E202,1,4,1,3,0,38.169999999999995,6.361800000000001,1,1,0
2026-01-01 05:00:00,AST_032,BLDG_C,Pump,26.65,62.65,3.98,6.2,15.07,64.79,56.91,4379,6,6,95,2025-09-28 05:00:00,Preventive,0,NONE,0,5,1,3,0,36.0,4.1399,1,0,0
2026-01-01 05:15:00,AST_047,BLDG_A,Pump,34.32,69.86,5.1,5.56,14.69,62.89,61.8,7642,11,5,109,2025-09-14 05:15:00,Corrective,0,E202,1,5,1,3,0,35.54,4.8489,1,0,0
2026-01-01 05:30:00,AST_086,BLDG_A,Compressor,34.57,63.25,2.17,6.18,12.03,57.22,51.14,6619,1,5,5,2025-12-27 05:30:00,Preventive,0,NONE,0,5,1,3,0,28.68,1.5402,0,0,0
2026-01-01 05:45:00,AST_023,BLDG_B,Compressor,31.01,68.35,4.83,5.84,17.33,76.14,63.55,13921,5,5,76,2025-10-17 05:45:00,Overhaul,2,NONE,0,5,1,3,0,37.33999999999999,4.2134,0,0,0
2026-01-01 06:00:00,AST_066,BLDG_A,Compressor,27.06,70.43,5.46,5.44,17.81,81.52,67.22,4775,13,1,91,2025-10-02 06:00:00,Corrective,4,NONE,0,6,1,3,0,43.370000000000005,4.8192,1,1,0
2026-01-01 06:15:00,AST_027,BLDG_B,Compressor,22.55,69.6,6.33,5.34,19.93,79.99,71.86,11411,11,1,170,2025-07-15 06:15:00,Preventive,0,NONE,0,6,1,3,0,47.05,6.7318999999999996,1,0,1
2026-01-01 06:30:00,AST_002,BLDG_A,Generator,29.91,70.79,5.3,5.47,19.88,70.33,63.9,14840,3,3,10,2025-12-22 06:30:00,Inspection,4,NONE,0,6,1,3,0,40.88000000000001,3.0233000000000003,0,1,0
2026-01-01 06:45:00,AST_090,BLDG_B,Generator,32.08,71.35,5.58,5.27,20.55,77.17,69.05,9358,9,4,157,2025-07-28 06:45:00,Inspection,2,NONE,0,6,1,3,0,39.269999999999996,6.143700000000001,1,1,0
2026-01-01 07:00:00,AST_017,BLDG_B,Chiller,34.99,80.13,6.44,4.86,21.76,75.6,69.37,5583,12,5,149,2025-08-05 07:00:00,Inspection,4,E101,1,7,1,3,0,45.13999999999999,6.312000000000001,1,1,1
2026-01-01 07:15:00,AST_033,BLDG_A,Compressor,24.2,64.32,4.39,5.5,17.14,71.19,56.52,6738,7,2,65,2025-10-28 07:15:00,Preventive,2,NONE,0,7,1,3,0,40.11999999999999,3.7679,0,0,0
2026-01-01 07:30:00,AST_009,BLDG_C,Motor,27.03,69.94,4.57,5.78,18.09,79.95,61.49,13905,8,8,16,2025-12-16 07:30:00,Inspection,2,NONE,0,7,1,3,0,42.91,2.9475000000000002,0,0,0
2026-01-01 07:45:00,AST_043,BLDG_C,Generator,24.22,61.69,3.63,6.08,12.38,65.94,57.64,2336,6,2,10,2025-12-22 07:45:00,Inspection,3,E202,1,7,1,3,0,37.47,2.3114,0,0,0
2026-01-01 08:00:00,AST_048,BLDG_C,Compressor,25.47,66.92,4.53,5.86,16.21,65.61,62.17,8858,8,9,31,2025-12-01 08:00:00,Preventive,2,NONE,0,8,1,3,0,41.45,3.0881000000000003,0,0,0
2026-01-01 08:15:00,AST_039,BLDG_A,Compressor,30.66,68.25,6.05,5.31,18.91,79.86,65.01,13516,2,2,140,2025-08-14 08:15:00,Preventive,2,NONE,0,8,1,3,0,37.59,6.0186,1,0,1
2026-01-01 08:30:00,AST_093,BLDG_A,Pump,25.28,72.9,5.02,5.51,18.68,85.94,65.92,3489,15,9,128,2025-08-26 08:30:00,Corrective,1,NONE,0,8,1,3,0,47.620000000000005,5.4274000000000004,1,1,0
2026-01-01 08:45:00,AST_042,BLDG_C,Motor,24.7,68.2,4.73,5.35,19.74,75.85,61.5,13682,10,7,110,2025-09-13 08:45:00,Preventive,0,NONE,0,8,1,3,0,43.5,4.8505,1,0,0
2026-01-01 09:00:00,AST_026,BLDG_C,Generator,31.19,65.48,4.01,5.74,14.94,71.3,60.45,6620,1,8,97,2025-09-26 09:00:00,Inspection,3,NONE,0,9,1,3,1,34.290000000000006,4.257,1,0,0
2026-01-01 09:15:00,AST_099,BLDG_B,HVAC,29.8,77.53,4.95,5.39,18.79,77.58,66.78,3840,10,2,113,2025-09-10 09:15:00,Preventive,3,E404,1,9,1,3,1,47.730000000000004,5.0158000000000005,1,1,0
2026-01-01 09:30:00,AST_050,BLDG_B,Compressor,29.4,71.72,4.85,6.24,16.21,64.46,61.04,11388,1,7,103,2025-09-20 09:30:00,Overhaul,3,NONE,0,9,1,3,1,42.32,4.6446000000000005,1,1,0
2026-01-01 09:45:00,AST_025,BLDG_C,Chiller,25.39,71.15,4.49,5.76,16.94,69.54,64.64,3462,8,6,172,2025-07-13 09:45:00,Corrective,1,E303,1,9,1,3,1,45.760000000000005,5.9314,1,1,0
2026-01-01 10:00:00,AST_024,BLDG_A,Pump,33.17,74.31,5.73,5.96,18.36,72.74,67.01,14582,1,4,146,2025-08-08 10:00:00,Preventive,2,E202,1,10,1,3,1,41.14,5.9394,1,1,0
2026-01-01 10:15:00,AST_013,BLDG_C,Chiller,28.06,65.05,3.72,5.88,16.62,70.93,56.69,5085,14,7,39,2025-11-23 10:15:00,Preventive,0,NONE,0,10,1,3,1,36.989999999999995,2.9773000000000005,0,0,0
2026-01-01 10:30:00,AST_060,BLDG_C,Compressor,37.52,81.52,7.9,4.18,24.6,94.71,76.08,12818,15,4,180,2025-07-05 10:30:00,Corrective,4,NONE,0,10,1,3,1,43.99999999999999,7.7071000000000005,1,1,1
2026-01-01 10:45:00,AST_007,BLDG_A,Motor,28.64,69.01,5.61,5.27,17.44,71.29,62.91,4853,11,2,88,2025-10-05 10:45:00,Inspection,2,NONE,0,10,1,3,1,40.370000000000005,4.7169,0,0,0
2026-01-01 11:00:00,AST_057,BLDG_A,Pump,18.67,58.52,3.63,6.57,11.57,59.58,55.95,2603,6,7,60,2025-11-02 11:00:00,Inspection,1,NONE,0,11,1,3,1,39.85,3.2478,0,0,0
2026-01-01 11:15:00,AST_036,BLDG_C,Chiller,18.49,62.2,4.43,5.59,16.47,59.38,56.82,4667,1,8,145,2025-08-09 11:15:00,Preventive,2,E101,1,11,1,3,1,43.71000000000001,5.2658000000000005,1,0,0
2026-01-01 11:30:00,AST_045,BLDG_C,Generator,30.5,65.74,5.43,6.05,16.72,71.03,61.55,13729,4,2,53,2025-11-09 11:30:00,Preventive,2,NONE,0,11,1,3,1,35.239999999999995,3.9423000000000004,0,0,0
2026-01-01 11:45:00,AST_020,BLDG_A,Compressor,33.2,67.42,4.46,5.66,17.09,61.48,58.52,12501,2,5,50,2025-11-12 11:45:00,Preventive,1,NONE,0,11,1,3,1,34.22,3.3988,0,0,0
2026-01-01 12:00:00,AST_065,BLDG_A,HVAC,24.86,77.6,6.24,5.28,21.11,73.78,64.05,14152,6,1,117,2025-09-06 12:00:00,Inspection,3,NONE,0,12,1,3,1,52.739999999999995,5.5738,1,1,1
2026-01-01 12:15:00,AST_008,BLDG_C,Motor,36.4,79.33,6.25,4.52,19.29,85.88,66.22,15002,6,7,140,2025-08-14 12:15:00,Preventive,3,E101,1,12,1,3,1,42.93,6.1588,1,1,1
2026-01-01 12:30:00,AST_016,BLDG_A,Compressor,34.65,61.56,2.7,6.37,13.28,61.86,51.31,2414,4,8,47,2025-11-15 12:30:00,Preventive,0,E202,1,12,1,3,1,26.910000000000004,2.6386000000000003,0,0,0
2026-01-01 12:45:00,AST_014,BLDG_A,Generator,28.84,67.78,4.43,5.74,17.06,66.57,58.58,11678,1,6,152,2025-08-02 12:45:00,Corrective,0,NONE,0,12,1,3,1,38.94,5.4777000000000005,1,0,0
2026-01-01 13:00:00,AST_076,BLDG_A,Generator,30.16,62.67,4.8,5.38,18.01,64.27,63.4,6826,3,5,128,2025-08-26 13:00:00,Overhaul,3,NONE,0,13,1,3,1,32.510000000000005,5.1227,1,0,0
2026-01-01 13:15:00,AST_087,BLDG_A,HVAC,31.58,77.92,6.96,4.65,22.02,80.5,72.91,14758,11,6,101,2025-09-22 13:15:00,Preventive,4,E404,1,13,1,3,1,46.34,5.609,1,1,1
2026-01-01 13:30:00,AST_015,BLDG_C,Pump,35.56,67.23,4.87,5.57,17.71,75.83,61.29,3988,10,2,94,2025-09-29 13:30:00,Preventive,2,NONE,0,13,1,3,1,31.67,4.5863000000000005,1,0,0
2026-01-01 13:45:00,AST_092,BLDG_A,Generator,30.73,72.98,5.02,5.51,20.28,77.78,66.49,11339,7,1,43,2025-11-19 13:45:00,Inspection,4,E404,1,13,1,3,1,42.25,3.6458,0,1,0
2026-01-01 14:00:00,AST_098,BLDG_A,Generator,28.75,68.39,5.3,5.09,16.26,68.42,63.76,2285,12,7,89,2025-10-04 14:00:00,Corrective,2,E303,1,14,1,3,1,39.64,4.5842,0,0,0
2026-01-01 14:15:00,AST_066,BLDG_A,Compressor,30.69,69.5,5.38,5.26,16.91,74.29,63.83,4498,13,7,66,2025-10-27 14:15:00,Preventive,3,E101,1,14,1,3,1,38.81,4.2149,0,0,0
2026-01-01 14:30:00,AST_032,BLDG_C,Pump,30.15,65.65,3.7,6.33,15.85,54.37,58.65,4496,6,2,110,2025-09-13 14:30:00,Overhaul,0,NONE,0,14,1,3,1,35.50000000000001,4.223700000000001,1,0,0
2026-01-01 14:45:00,AST_087,BLDG_A,HVAC,31.7,73.99,5.73,5.36,16.64,65.96,65.36,15369,11,2,111,2025-09-12 14:45:00,Inspection,0,E303,1,14,1,3,1,42.28999999999999,5.1716,1,1,0
2026-01-01 15:00:00,AST_063,BLDG_C,Motor,21.72,76.97,6.43,5.34,20.65,89.49,65.49,10645,12,1,58,2025-11-04 15:00:00,Preventive,4,NONE,0,15,1,3,1,55.25,4.6269,0,1,1
2026-01-01 15:15:00,AST_086,BLDG_A,Compressor,29.26,66.02,3.08,6.29,15.07,66.02,55.5,6147,1,8,130,2025-08-24 15:15:00,Preventive,0,NONE,0,15,1,3,1,36.75999999999999,4.4922,1,0,0
2026-01-01 15:30:00,AST_051,BLDG_B,Chiller,29.84,71.93,5.18,5.14,15.15,73.89,64.58,6764,15,8,13,2025-12-19 15:30:00,Corrective,3,NONE,0,15,1,3,1,42.09,3.0709,0,1,0
2026-01-01 15:45:00,AST_025,BLDG_C,Chiller,27.71,67.9,4.66,5.63,16.91,71.02,63.1,3011,8,1,92,2025-10-01 15:45:00,Inspection,4,E404,1,15,1,3,1,40.190000000000005,4.4142,1,0,0
2026-01-01 16:00:00,AST_058,BLDG_B,Compressor,31.14,63.7,4.9,5.97,17.19,57.08,60.07,5775,6,8,41,2025-11-21 16:00:00,Preventive,2,NONE,0,16,1,3,1,32.56,3.3508000000000004,0,0,0
2026-01-01 16:15:00,AST_063,BLDG_C,Motor,35.68,72.0,4.72,6.21,15.04,75.33,57.8,10738,12,9,53,2025-11-09 16:15:00,Inspection,0,E303,1,16,1,3,1,36.32,3.7013,0,1,0
2026-01-01 16:30:00,AST_062,BLDG_A,Generator,28.55,65.65,3.66,6.1,15.76,60.83,55.72,6268,9,4,45,2025-11-17 16:30:00,Corrective,1,NONE,0,16,1,3,1,37.10000000000001,2.9723,0,0,0
2026-01-01 16:45:00,AST_022,BLDG_A,HVAC,30.77,64.36,4.64,6.33,12.82,65.59,52.99,13340,1,1,21,2025-12-11 16:45:00,Preventive,0,NONE,0,16,1,3,1,33.59,2.9318999999999997,0,0,0
2026-01-01 17:00:00,AST_058,BLDG_B,Compressor,34.43,71.95,4.32,5.88,15.6,70.01,61.23,6127,6,1,92,2025-10-01 17:00:00,Inspection,2,NONE,0,17,1,3,1,37.52,4.2681000000000004,1,1,0
2026-01-01 17:15:00,AST_058,BLDG_B,Compressor,28.65,64.2,4.42,5.84,18.71,68.97,58.06,5554,6,3,25,2025-12-07 17:15:00,Overhaul,4,NONE,0,17,1,3,1,35.550000000000004,2.9577,0,0,0
2026-01-01 17:30:00,AST_086,BLDG_A,Compressor,24.45,66.58,3.55,6.21,14.64,56.95,57.62,6368,1,5,55,2025-11-07 17:30:00,Preventive,2,NONE,0,17,1,3,1,42.129999999999995,3.0895,0,0,0
2026-01-01 17:45:00,AST_049,BLDG_C,HVAC,30.46,70.47,4.1,5.69,16.84,62.21,61.94,5620,11,5,63,2025-10-30 17:45:00,Preventive,1,NONE,0,17,1,3,1,40.01,3.5221,0,1,0
2026-01-01 18:00:00,AST_052,BLDG_A,Pump,19.19,65.15,5.67,5.39,18.61,78.18,68.52,5722,6,9,171,2025-07-14 18:00:00,Preventive,3,E303,1,18,1,3,0,45.96000000000001,6.4698,1,0,0
2026-01-01 18:15:00,AST_042,BLDG_C,Motor,18.81,72.31,3.93,5.86,15.05,70.99,64.54,13703,10,2,45,2025-11-17 18:15:00,Inspection,0,NONE,0,18,1,3,0,53.5,3.1819,0,1,0
2026-01-01 18:30:00,AST_070,BLDG_B,Chiller,29.33,72.09,5.6,5.67,16.55,74.16,62.56,5317,11,2,43,2025-11-19 18:30:00,Overhaul,4,NONE,0,18,1,3,0,42.760000000000005,3.8415999999999997,0,1,0
2026-01-01 18:45:00,AST_015,BLDG_C,Pump,18.62,68.68,5.12,5.51,20.03,77.27,61.89,3369,10,6,145,2025-08-09 18:45:00,Preventive,3,NONE,0,18,1,3,0,50.06,5.7207,1,0,0
2026-01-01 19:00:00,AST_054,BLDG_C,HVAC,22.74,64.72,3.63,6.4,15.05,54.92,56.47,7223,5,9,15,2025-12-17 19:00:00,Inspection,2,E404,1,19,1,3,0,41.980000000000004,2.3011999999999997,0,0,0
2026-01-01 19:15:00,AST_060,BLDG_C,Compressor,26.48,78.38,7.88,4.66,22.18,94.38,76.16,12821,15,1,151,2025-08-03 19:15:00,Corrective,4,E202,1,19,1,3,0,51.89999999999999,7.1158,1,1,1
2026-01-01 19:30:00,AST_097,BLDG_C,Compressor,25.11,75.74,6.12,5.15,20.02,78.37,67.32,12277,7,9,143,2025-08-11 19:30:00,Corrective,3,E101,1,19,1,3,0,50.629999999999995,6.0917,1,1,1
2026-01-01 19:45:00,AST_008,BLDG_C,Motor,27.41,72.75,6.08,4.73,20.74,85.68,67.84,15022,6,9,81,2025-10-12 19:45:00,Preventive,4,E404,1,19,1,3,0,45.34,4.908800000000001,0,1,1
2026-01-01 20:00:00,AST_053,BLDG_C,Pump,32.45,77.96,5.07,5.03,18.94,65.16,63.68,11680,8,9,131,2025-08-23 20:00:00,Preventive,1,NONE,0,20,1,3,0,45.50999999999999,5.2996,1,1,0
2026-01-01 20:15:00,AST_060,BLDG_C,Compressor,28.95,72.74,6.28,5.2,17.75,78.87,68.51,12532,15,5,50,2025-11-12 20:15:00,Preventive,1,NONE,0,20,1,3,0,43.78999999999999,4.300700000000001,0,1,1
2026-01-01 20:30:00,AST_005,BLDG_C,Generator,24.64,68.42,4.64,5.75,14.43,71.76,58.61,13195,8,9,49,2025-11-13 20:30:00,Corrective,0,NONE,0,20,1,3,0,43.78,3.5536,0,0,0
2026-01-01 20:45:00,AST_068,BLDG_C,Compressor,33.42,60.72,2.6,6.72,12.68,52.07,54.47,8251,4,4,5,2025-12-27 20:45:00,Preventive,0,NONE,0,20,1,3,0,27.299999999999997,1.6607000000000003,0,0,0
2026-01-01 21:00:00,AST_006,BLDG_A,Pump,22.28,74.65,6.01,4.4,20.85,75.36,69.26,5748,15,2,172,2025-07-13 21:00:00,Overhaul,1,E101,1,21,1,3,0,52.370000000000005,6.5976,1,1,1
2026-01-01 21:15:00,AST_096,BLDG_B,Compressor,28.89,69.96,4.54,5.26,18.41,66.85,66.45,5201,3,6,112,2025-09-11 21:15:00,Preventive,4,E303,1,21,1,3,0,41.06999999999999,4.724500000000001,1,0,0
2026-01-01 21:30:00,AST_094,BLDG_C,HVAC,21.84,65.39,5.71,5.41,18.22,77.5,62.07,11993,14,4,23,2025-12-09 21:30:00,Preventive,1,NONE,0,21,1,3,0,43.55,3.519,0,0,0
2026-01-01 21:45:00,AST_047,BLDG_A,Pump,29.01,66.96,4.44,5.52,15.94,69.99,62.22,6933,11,6,80,2025-10-13 21:45:00,Corrective,0,NONE,0,21,1,3,0,37.94999999999999,4.075900000000001,0,0,0
2026-01-01 22:00:00,AST_099,BLDG_B,HVAC,26.73,71.09,3.86,5.64,15.17,75.36,58.31,3820,10,3,76,2025-10-17 22:00:00,Inspection,1,NONE,0,22,1,3,0,44.36,3.8176,0,1,0
2026-01-01 22:15:00,AST_055,BLDG_C,Pump,32.33,73.79,5.38,5.32,17.6,74.36,66.32,14706,4,6,113,2025-09-10 22:15:00,Preventive,1,E202,1,22,1,3,0,41.46000000000001,5.1556,1,1,0
2026-01-01 22:30:00,AST_040,BLDG_A,Compressor,30.88,66.21,4.07,5.62,16.65,70.81,62.89,4534,5,2,16,2025-12-16 22:30:00,Preventive,4,NONE,0,22,1,3,0,35.33,2.6561,0,0,0
2026-01-01 22:45:00,AST_052,BLDG_A,Pump,25.65,66.83,5.04,5.1,19.76,81.49,63.31,5428,6,2,165,2025-07-20 22:45:00,Overhaul,3,NONE,0,22,1,3,0,41.18,6.1309000000000005,1,0,0
2026-01-01 23:00:00,AST_016,BLDG_A,Compressor,24.88,57.27,2.83,6.83,12.25,60.47,54.44,2182,4,9,49,2025-11-13 23:00:00,Preventive,0,NONE,0,23,1,3,0,32.39,2.7167000000000003,0,0,0
2026-01-01 23:15:00,AST_013,BLDG_C,Chiller,26.74,70.22,6.07,5.25,22.57,76.66,69.28,4278,14,7,94,2025-09-29 23:15:00,Preventive,4,NONE,0,23,1,3,0,43.480000000000004,5.0746,1,1,1
2026-01-01 23:30:00,AST_030,BLDG_B,Motor,35.5,64.25,4.69,5.99,16.1,65.13,59.4,10054,2,3,107,2025-09-16 23:30:00,Inspection,1,NONE,0,23,1,3,0,28.75,4.667300000000001,1,0,0
2026-01-01 23:45:00,AST_019,BLDG_B,Pump,34.48,68.04,3.73,6.05,14.31,63.79,58.56,7923,7,1,12,2025-12-20 23:45:00,Preventive,1,NONE,0,23,1,3,0,33.56000000000001,2.3699000000000003,0,0,0
2026-01-02 00:00:00,AST_017,BLDG_B,Chiller,24.13,74.38,6.25,5.23,21.87,84.27,69.39,6303,12,8,157,2025-07-29 00:00:00,Preventive,3,NONE,0,0,2,4,0,50.25,6.4826999999999995,1,1,1
2026-01-02 00:15:00,AST_063,BLDG_C,Motor,31.2,75.36,5.07,5.71,15.09,68.77,67.09,10220,12,6,95,2025-09-29 00:15:00,Preventive,0,E101,1,0,2,4,0,44.16,4.6157,1,1,0
2026-01-02 00:30:00,AST_019,BLDG_B,Pump,21.07,65.71,5.54,5.66,18.04,75.66,58.99,8034,7,7,178,2025-07-08 00:30:00,Preventive,0,NONE,0,0,2,4,0,44.63999999999999,6.5326,1,0,0
2026-01-02 00:45:00,AST_092,BLDG_A,Generator,26.21,70.13,5.03,5.28,17.7,74.99,63.47,10580,7,9,91,2025-10-03 00:45:00,Preventive,2,E404,1,0,2,4,0,43.919999999999995,4.5819,1,1,0
2026-01-02 01:00:00,AST_058,BLDG_B,Compressor,24.29,63.15,4.6,5.63,18.02,62.58,58.06,5623,6,5,162,2025-07-24 01:00:00,Preventive,0,E303,1,1,2,4,0,38.86,5.7058,1,0,0
2026-01-02 01:15:00,AST_055,BLDG_C,Pump,32.28,76.32,6.79,5.09,21.59,85.62,69.76,15555,4,1,179,2025-07-07 01:15:00,Preventive,3,NONE,0,1,2,4,0,44.03999999999999,7.152200000000001,1,1,1
2026-01-02 01:30:00,AST_090,BLDG_B,Generator,22.84,72.74,6.19,4.91,19.96,80.08,66.02,9249,9,7,179,2025-07-07 01:30:00,Preventive,2,NONE,0,1,2,4,0,49.89999999999999,6.856800000000001,1,1,1
2026-01-02 01:45:00,AST_090,BLDG_B,Generator,29.72,70.44,5.1,5.08,18.77,71.17,63.44,9563,9,5,88,2025-10-06 01:45:00,Inspection,2,NONE,0,1,2,4,0,40.72,4.5117,0,1,0
2026-01-02 02:00:00,AST_062,BLDG_A,Generator,28.0,67.52,4.43,5.63,14.92,69.21,58.63,5595,9,3,86,2025-10-08 02:00:00,Preventive,1,NONE,0,2,2,4,0,39.519999999999996,4.1841,0,0,0
2026-01-02 02:15:00,AST_023,BLDG_B,Compressor,27.3,74.93,5.59,5.62,20.0,73.95,65.98,14848,5,9,150,2025-08-05 02:15:00,Preventive,1,NONE,0,2,2,4,0,47.63000000000001,5.9755,1,1,0
2026-01-02 02:30:00,AST_009,BLDG_C,Motor,34.69,72.5,5.37,5.5,15.22,71.72,63.81,13315,8,1,72,2025-10-22 02:30:00,Inspection,0,E101,1,2,2,4,0,37.81,4.3052,0,1,0
2026-01-02 02:45:00,AST_012,BLDG_C,Motor,35.04,69.42,4.74,5.62,17.72,71.03,61.84,8416,1,1,165,2025-07-21 02:45:00,Inspection,2,E202,1,2,2,4,0,34.38,5.9063,1,0,0
2026-01-02 03:00:00,AST_001,BLDG_C,Compressor,27.42,68.99,4.5,5.42,17.15,63.67,65.08,13511,1,1,131,2025-08-24 03:00:00,Preventive,1,NONE,0,3,2,4,0,41.56999999999999,5.0567,1,0,0
2026-01-02 03:15:00,AST_058,BLDG_B,Compressor,26.62,73.96,5.54,5.46,16.55,75.3,67.41,5648,6,3,168,2025-07-18 03:15:00,Overhaul,3,E202,1,3,2,4,0,47.33999999999999,6.329000000000001,1,1,0
2026-01-02 03:30:00,AST_001,BLDG_C,Compressor,21.97,68.58,4.39,5.88,16.33,66.54,64.57,13832,1,6,86,2025-10-08 03:30:00,Preventive,1,E303,1,3,2,4,0,46.61,4.1414,0,0,0
2026-01-02 03:45:00,AST_034,BLDG_C,Compressor,27.98,64.37,4.14,5.52,15.85,69.72,59.85,1475,5,3,151,2025-08-04 03:45:00,Preventive,1,NONE,0,3,2,4,0,36.39,5.373200000000001,1,0,0
2026-01-02 04:00:00,AST_096,BLDG_B,Compressor,35.81,72.41,4.53,5.7,16.06,74.92,61.56,5031,3,8,160,2025-07-26 04:00:00,Inspection,2,E404,1,4,2,4,0,36.599999999999994,5.7612000000000005,1,1,0
2026-01-02 04:15:00,AST_048,BLDG_C,Compressor,27.49,74.14,5.84,4.74,18.0,75.11,63.27,8542,8,2,172,2025-07-14 04:15:00,Corrective,2,NONE,0,4,2,4,0,46.650000000000006,6.5271,1,1,0
2026-01-02 04:30:00,AST_089,BLDG_C,Generator,30.92,71.88,5.94,4.98,20.0,74.28,65.26,9307,9,9,88,2025-10-06 04:30:00,Preventive,4,NONE,0,4,2,4,0,40.959999999999994,4.8788,0,1,0
2026-01-02 04:45:00,AST_001,BLDG_C,Compressor,22.41,72.33,5.72,5.32,18.8,66.69,64.31,13708,1,3,117,2025-09-07 04:45:00,Preventive,3,NONE,0,4,2,4,0,49.92,5.2949,1,1,0
2026-01-02 05:00:00,AST_016,BLDG_A,Compressor,26.26,64.52,3.77,6.5,15.06,60.3,57.4,2495,4,5,80,2025-10-14 05:00:00,Corrective,2,NONE,0,5,2,4,0,38.25999999999999,3.711,0,0,0
2026-01-02 05:15:00,AST_061,BLDG_C,Compressor,29.85,63.31,4.38,5.86,16.11,66.69,64.9,12907,1,8,126,2025-08-29 05:15:00,Preventive,0,NONE,0,5,2,4,0,33.46,4.9389,1,0,0
2026-01-02 05:30:00,AST_064,BLDG_C,Chiller,28.42,75.03,6.5,4.74,19.65,74.3,68.25,9076,11,2,147,2025-08-08 05:30:00,Overhaul,3,E202,1,5,2,4,0,46.61,6.2829999999999995,1,1,1
2026-01-02 05:45:00,AST_063,BLDG_C,Motor,31.3,73.78,5.97,5.13,21.66,81.26,62.32,10970,12,6,45,2025-11-18 05:45:00,Preventive,3,E303,1,5,2,4,0,42.480000000000004,4.1006,0,1,0
2026-01-02 06:00:00,AST_069,BLDG_C,Pump,25.59,70.5,5.27,5.47,18.45,77.73,66.94,2979,12,5,171,2025-07-15 06:00:00,Inspection,2,NONE,0,6,2,4,0,44.91,6.3053,1,1,0
2026-01-02 06:15:00,AST_022,BLDG_A,HVAC,21.0,68.48,3.9,5.6,15.04,67.64,61.38,13828,1,9,6,2025-12-27 06:15:00,Corrective,3,E303,1,6,2,4,0,47.480000000000004,2.3564000000000003,0,0,0
2026-01-02 06:30:00,AST_093,BLDG_A,Pump,32.49,73.13,5.32,5.89,16.99,70.68,60.92,3935,15,5,33,2025-11-30 06:30:00,Inspection,2,E404,1,6,2,4,0,40.63999999999999,3.4948000000000006,0,1,0
2026-01-02 06:45:00,AST_067,BLDG_C,Pump,24.26,61.76,3.76,6.0,14.11,64.5,60.9,2212,3,2,109,2025-09-15 06:45:00,Inspection,1,NONE,0,6,2,4,0,37.5,4.329000000000001,1,0,0
2026-01-02 07:00:00,AST_076,BLDG_A,Generator,30.03,67.32,4.47,5.47,16.14,72.73,57.25,6502,3,5,55,2025-11-08 07:00:00,Inspection,4,NONE,0,7,2,4,0,37.28999999999999,3.6153,0,0,0
2026-01-02 07:15:00,AST_026,BLDG_C,Generator,29.8,63.82,3.54,6.01,16.6,67.09,59.19,6806,1,4,79,2025-10-15 07:15:00,Preventive,1,NONE,0,7,2,4,0,34.019999999999996,3.6669,0,0,0
2026-01-02 07:30:00,AST_016,BLDG_A,Compressor,21.34,59.87,3.0,5.89,12.16,59.01,54.45,2902,4,7,14,2025-12-19 07:30:00,Preventive,2,E303,1,7,2,4,0,38.53,2.0701,0,0,0
2026-01-02 07:45:00,AST_051,BLDG_B,Chiller,32.2,74.52,6.23,4.46,20.02,79.21,66.05,6731,15,6,146,2025-08-09 07:45:00,Preventive,2,NONE,0,7,2,4,0,42.31999999999999,6.2041,1,1,1
2026-01-02 08:00:00,AST_086,BLDG_A,Compressor,25.73,52.5,2.87,6.25,12.39,61.87,60.14,6096,1,2,55,2025-11-08 08:00:00,Inspection,1,NONE,0,8,2,4,0,26.77,2.8667000000000002,0,0,0
2026-01-02 08:15:00,AST_057,BLDG_A,Pump,28.22,69.09,4.04,6.02,14.17,63.55,59.12,3123,6,5,122,2025-09-02 08:15:00,Inspection,0,E101,1,8,2,4,0,40.870000000000005,4.6915,1,0,0
2026-01-02 08:30:00,AST_029,BLDG_C,HVAC,26.57,67.75,4.62,5.75,18.64,74.02,60.51,13799,2,7,125,2025-08-30 08:30:00,Preventive,0,E101,1,8,2,4,0,41.18,5.0882000000000005,1,0,0
2026-01-02 08:45:00,AST_078,BLDG_B,Pump,34.49,66.74,4.04,5.92,15.62,71.99,57.93,10551,7,7,43,2025-11-20 08:45:00,Preventive,0,NONE,0,8,2,4,0,32.24999999999999,3.1959,0,0,0
2026-01-02 09:00:00,AST_092,BLDG_A,Generator,33.37,70.67,4.34,6.23,17.08,71.99,62.06,11356,7,5,32,2025-12-01 09:00:00,Preventive,2,NONE,0,9,2,4,1,37.300000000000004,3.0959,0,1,0
2026-01-02 09:15:00,AST_069,BLDG_C,Pump,20.75,65.62,4.63,5.78,15.19,64.4,59.7,3673,12,9,7,2025-12-26 09:15:00,Corrective,3,NONE,0,9,2,4,1,44.870000000000005,2.636,0,0,0
2026-01-02 09:30:00,AST_047,BLDG_A,Pump,37.04,71.94,4.87,5.08,17.37,76.17,66.35,7174,11,4,88,2025-10-06 09:30:00,Preventive,2,E202,1,9,2,4,1,34.9,4.4697000000000005,0,1,0
2026-01-02 09:45:00,AST_094,BLDG_C,HVAC,25.29,76.14,6.94,4.29,24.35,88.42,72.51,12417,14,3,159,2025-07-27 09:45:00,Inspection,3,E101,1,9,2,4,1,50.85,6.8402,1,1,1
2026-01-02 10:00:00,AST_062,BLDG_A,Generator,36.41,66.64,4.83,5.59,17.67,66.24,64.17,6188,9,4,121,2025-09-03 10:00:00,Overhaul,1,NONE,0,10,2,4,1,30.230000000000004,5.0144,1,0,0
2026-01-02 10:15:00,AST_069,BLDG_C,Pump,26.98,65.23,5.62,5.5,16.53,72.73,62.29,3250,12,5,6,2025-12-27 10:15:00,Preventive,4,E202,1,10,2,4,1,38.25,3.0953000000000004,0,0,0
2026-01-02 10:30:00,AST_076,BLDG_A,Generator,26.64,65.14,4.66,5.37,17.17,67.19,63.02,6468,3,6,97,2025-09-27 10:30:00,Preventive,3,E101,1,10,2,4,1,38.5,4.475899999999999,1,0,0
2026-01-02 10:45:00,AST_016,BLDG_A,Compressor,27.01,66.6,2.99,5.96,15.43,69.07,60.92,2283,4,3,170,2025-07-16 10:45:00,Preventive,0,NONE,0,10,2,4,1,39.58999999999999,5.2867,1,0,0
2026-01-02 11:00:00,AST_090,BLDG_B,Generator,26.4,74.55,5.51,5.17,18.06,79.71,69.5,10029,9,2,135,2025-08-20 11:00:00,Preventive,2,NONE,0,11,2,4,1,48.15,5.7011,1,1,0
2026-01-02 11:15:00,AST_090,BLDG_B,Generator,38.1,72.27,5.69,5.7,18.03,76.54,65.93,9570,9,4,148,2025-08-07 11:15:00,Preventive,1,NONE,0,11,2,4,1,34.169999999999995,6.0014,1,1,0
2026-01-02 11:30:00,AST_048,BLDG_C,Compressor,27.69,60.67,4.0,5.53,18.91,68.8,58.67,8648,8,5,98,2025-09-26 11:30:00,Preventive,0,NONE,0,11,2,4,1,32.980000000000004,4.248,1,0,0
2026-01-02 11:45:00,AST_085,BLDG_B,Chiller,26.79,66.8,4.61,5.69,16.51,57.46,59.74,9501,8,4,44,2025-11-19 11:45:00,Inspection,1,NONE,0,11,2,4,1,40.01,3.2986000000000004,0,0,0
2026-01-02 12:00:00,AST_039,BLDG_A,Compressor,28.31,68.1,4.84,5.99,15.16,65.05,62.03,13661,2,3,6,2025-12-27 12:00:00,Preventive,4,NONE,0,12,2,4,1,39.78999999999999,2.7065,0,0,0
2026-01-02 12:15:00,AST_100,BLDG_A,Generator,24.13,66.31,4.97,5.74,17.31,69.44,60.25,4711,9,8,85,2025-10-09 12:15:00,Preventive,2,NONE,0,12,2,4,1,42.18000000000001,4.3824,0,0,0
2026-01-02 12:30:00,AST_033,BLDG_A,Compressor,34.39,76.18,5.32,5.05,20.16,83.38,63.71,6962,7,4,173,2025-07-13 12:30:00,Overhaul,2,E101,1,12,2,4,1,41.790000000000006,6.4218,1,1,0
2026-01-02 12:45:00,AST_094,BLDG_C,HVAC,22.12,73.8,5.93,4.83,18.88,82.71,68.27,12509,14,2,16,2025-12-17 12:45:00,Inspection,4,E101,1,12,2,4,1,51.67999999999999,3.5190999999999995,0,1,0
2026-01-02 13:00:00,AST_023,BLDG_B,Compressor,25.54,71.37,6.23,4.75,19.17,88.21,65.46,13943,5,2,167,2025-07-19 13:00:00,Preventive,2,E404,1,13,2,4,1,45.830000000000005,6.7141,1,1,1
2026-01-02 13:15:00,AST_010,BLDG_C,Generator,31.75,68.95,5.24,5.42,19.76,74.46,61.67,8306,9,1,69,2025-10-25 13:15:00,Corrective,3,E303,1,13,2,4,1,37.2,4.2206,0,0,0
2026-01-02 13:30:00,AST_069,BLDG_C,Pump,28.17,66.08,4.2,6.09,15.89,67.39,56.3,3471,12,4,59,2025-11-04 13:30:00,Preventive,1,NONE,0,13,2,4,1,37.91,3.5339,0,0,0
2026-01-02 13:45:00,AST_100,BLDG_A,Generator,30.2,62.18,4.13,6.52,14.28,70.47,57.86,4715,9,9,49,2025-11-14 13:45:00,Inspection,0,E303,1,13,2,4,1,31.98,3.3367,0,0,0
2026-01-02 14:00:00,AST_034,BLDG_C,Compressor,34.13,69.78,4.84,5.29,15.11,69.35,62.11,1108,5,7,105,2025-09-19 14:00:00,Inspection,4,E202,1,14,2,4,1,35.65,4.7295,1,0,0
2026-01-02 14:15:00,AST_052,BLDG_A,Pump,32.02,71.57,3.84,5.92,17.78,64.57,60.35,5498,6,7,66,2025-10-28 14:15:00,Inspection,3,NONE,0,14,2,4,1,39.54999999999999,3.5017000000000005,0,1,0
2026-01-02 14:30:00,AST_095,BLDG_C,Compressor,28.55,60.27,3.78,6.18,14.06,64.45,58.57,2744,10,7,53,2025-11-10 14:30:00,Preventive,0,NONE,0,14,2,4,1,31.720000000000002,3.2165000000000004,0,0,0
2026-01-02 14:45:00,AST_010,BLDG_C,Generator,36.36,71.4,5.03,5.53,14.44,76.75,60.1,8270,9,8,131,2025-08-24 14:45:00,Inspection,0,NONE,0,14,2,4,1,35.040000000000006,5.3995,1,1,0
2026-01-02 15:00:00,AST_019,BLDG_B,Pump,25.49,76.39,6.52,4.92,17.98,75.47,68.49,7383,7,1,157,2025-07-29 15:00:00,Preventive,4,E101,1,15,2,4,1,50.900000000000006,6.502700000000001,1,1,1
2026-01-02 15:15:00,AST_058,BLDG_B,Compressor,27.6,66.46,3.92,5.34,15.21,70.61,59.88,6302,6,8,27,2025-12-06 15:15:00,Preventive,3,E303,1,15,2,4,1,38.85999999999999,2.8141000000000003,0,0,0
2026-01-02 15:30:00,AST_096,BLDG_B,Compressor,27.88,67.37,4.09,6.1,14.01,65.42,57.11,5187,3,4,156,2025-07-30 15:30:00,Preventive,0,E101,1,15,2,4,1,39.49000000000001,5.4102,1,0,0
2026-01-02 15:45:00,AST_001,BLDG_C,Compressor,27.59,62.96,3.59,5.79,13.29,65.43,55.8,13061,1,4,42,2025-11-21 15:45:00,Preventive,0,NONE,0,15,2,4,1,35.370000000000005,2.9303,0,0,0
2026-01-02 16:00:00,AST_069,BLDG_C,Pump,23.72,67.69,4.28,5.48,19.48,71.57,60.2,3002,12,4,32,2025-12-01 16:00:00,Preventive,3,E404,1,16,2,4,1,43.97,3.0677000000000003,0,0,0
2026-01-02 16:15:00,AST_004,BLDG_A,Generator,21.67,67.82,4.94,5.77,17.5,67.88,61.81,6520,12,6,25,2025-12-08 16:15:00,Inspection,2,E303,1,16,2,4,1,46.14999999999999,3.1548000000000003,0,0,0
2026-01-02 16:30:00,AST_016,BLDG_A,Compressor,29.67,61.72,3.22,5.77,10.77,61.06,56.92,2208,4,7,111,2025-09-13 16:30:00,Overhaul,0,NONE,0,16,2,4,1,32.05,4.118600000000001,1,0,0
2026-01-02 16:45:00,AST_024,BLDG_A,Pump,25.47,74.84,5.52,5.12,17.37,71.48,62.65,14496,1,6,150,2025-08-05 16:45:00,Preventive,1,E303,1,16,2,4,1,49.370000000000005,5.9228,1,1,0
2026-01-02 17:00:00,AST_080,BLDG_C,Pump,35.63,81.55,6.65,4.98,21.49,85.4,69.78,14403,9,1,168,2025-07-18 17:00:00,Preventive,3,E303,1,17,2,4,1,45.919999999999995,6.8740000000000006,1,1,1
2026-01-02 17:15:00,AST_002,BLDG_A,Generator,27.71,71.44,4.08,5.71,14.85,65.65,61.53,14925,3,8,103,2025-09-21 17:15:00,Preventive,0,NONE,0,17,2,4,1,43.73,4.3485,1,1,0
2026-01-02 17:30:00,AST_092,BLDG_A,Generator,26.99,79.72,6.62,4.6,21.79,80.41,66.99,10840,7,7,177,2025-07-09 17:30:00,Preventive,4,NONE,0,17,2,4,1,52.730000000000004,6.992100000000001,1,1,1
2026-01-02 17:45:00,AST_032,BLDG_C,Pump,32.38,68.35,4.25,5.89,13.27,65.09,59.51,3625,6,6,123,2025-09-01 17:45:00,Preventive,1,NONE,0,17,2,4,1,35.96999999999999,4.8109,1,0,0
2026-01-02 18:00:00,AST_091,BLDG_A,Pump,29.61,67.4,3.3,6.31,15.58,64.76,59.66,8650,2,6,77,2025-10-17 18:00:00,Overhaul,0,E303,1,18,2,4,0,37.790000000000006,3.5076,0,0,0
2026-01-02 18:15:00,AST_084,BLDG_C,Chiller,27.3,70.16,3.9,5.79,19.16,65.22,61.46,14234,2,5,126,2025-08-29 18:15:00,Preventive,1,NONE,0,18,2,4,0,42.86,4.732200000000001,1,1,0
2026-01-02 18:30:00,AST_024,BLDG_A,Pump,25.44,63.27,4.14,5.65,18.19,65.57,58.38,14635,1,6,34,2025-11-29 18:30:00,Preventive,1,E303,1,18,2,4,0,37.83,2.9917000000000002,0,0,0
2026-01-02 18:45:00,AST_012,BLDG_C,Motor,42.63,71.33,4.58,5.48,14.43,65.42,62.69,8947,1,9,112,2025-09-12 18:45:00,Preventive,2,E404,1,18,2,4,0,28.699999999999996,4.7262,1,1,0
2026-01-02 19:00:00,AST_050,BLDG_B,Compressor,29.45,64.72,4.51,5.96,14.29,65.75,61.38,11242,1,9,102,2025-09-22 19:00:00,Inspection,1,NONE,0,19,2,4,0,35.269999999999996,4.5015,1,0,0
2026-01-02 19:15:00,AST_035,BLDG_A,Chiller,32.34,57.5,2.92,6.49,14.17,56.71,54.8,3347,1,8,36,2025-11-27 19:15:00,Inspection,2,NONE,0,19,2,4,0,25.159999999999997,2.4551,0,0,0
2026-01-02 19:30:00,AST_033,BLDG_A,Compressor,23.91,70.04,5.59,4.84,20.52,78.27,66.08,7058,7,9,160,2025-07-26 19:30:00,Overhaul,3,NONE,0,19,2,4,0,46.13000000000001,6.2187,1,1,0
2026-01-02 19:45:00,AST_033,BLDG_A,Compressor,25.69,72.1,6.09,5.0,19.72,75.46,63.03,7330,7,8,176,2025-07-10 19:45:00,Inspection,2,NONE,0,19,2,4,0,46.41,6.7105999999999995,1,1,1
2026-01-02 20:00:00,AST_061,BLDG_C,Compressor,36.45,75.81,4.69,5.35,19.32,77.62,65.03,12170,1,8,83,2025-10-11 20:00:00,Preventive,4,NONE,0,20,2,4,0,39.36,4.312200000000001,0,1,0
2026-01-02 20:15:00,AST_051,BLDG_B,Chiller,33.59,66.83,4.35,5.75,17.94,70.87,57.89,6401,15,1,45,2025-11-18 20:15:00,Preventive,0,NONE,0,20,2,4,0,33.239999999999995,3.3487,0,0,0
2026-01-02 20:30:00,AST_043,BLDG_C,Generator,29.83,69.68,4.28,5.84,16.09,59.86,55.56,2804,6,5,67,2025-10-27 20:30:00,Inspection,3,E303,1,20,2,4,0,39.85000000000001,3.6506,0,0,0
2026-01-02 20:45:00,AST_012,BLDG_C,Motor,26.47,62.4,4.23,5.58,15.15,61.41,60.82,9357,1,4,27,2025-12-06 20:45:00,Preventive,3,NONE,0,20,2,4,0,35.93,2.8461000000000003,0,0,0
2026-01-02 21:00:00,AST_067,BLDG_C,Pump,27.06,65.74,4.66,5.68,15.0,69.05,62.05,2551,3,2,108,2025-09-16 21:00:00,Corrective,4,E404,1,21,2,4,0,38.67999999999999,4.7145,1,0,0
2026-01-02 21:15:00,AST_065,BLDG_A,HVAC,25.3,74.3,4.99,5.19,17.82,74.31,66.11,14121,6,8,79,2025-10-15 21:15:00,Preventive,2,E101,1,21,2,4,0,49.0,4.319100000000001,0,1,0
2026-01-02 21:30:00,AST_033,BLDG_A,Compressor,23.37,63.17,4.06,5.79,14.43,59.45,55.73,7073,7,3,52,2025-11-11 21:30:00,Preventive,0,NONE,0,21,2,4,0,39.8,3.2584999999999997,0,0,0
2026-01-02 21:45:00,AST_040,BLDG_A,Compressor,31.7,69.86,4.85,5.56,16.04,78.07,63.3,4069,5,4,164,2025-07-22 21:45:00,Corrective,2,E404,1,21,2,4,0,38.16,6.0007,1,0,0
2026-01-02 22:00:00,AST_074,BLDG_B,Compressor,30.16,63.92,2.74,6.19,13.85,66.02,54.92,4507,3,7,61,2025-11-02 22:00:00,Corrective,1,NONE,0,22,2,4,0,33.760000000000005,2.9762000000000004,0,0,0
2026-01-02 22:15:00,AST_043,BLDG_C,Generator,30.94,65.01,4.44,5.97,14.87,60.21,59.63,2405,6,9,122,2025-09-02 22:15:00,Inspection,2,NONE,0,22,2,4,0,34.07000000000001,4.8181,1,0,0
2026-01-02 22:30:00,AST_044,BLDG_B,Motor,26.65,73.92,6.35,4.78,21.38,81.85,70.03,15492,7,2,104,2025-09-20 22:30:00,Preventive,3,NONE,0,22,2,4,0,47.27,5.4385,1,1,1
2026-01-02 22:45:00,AST_029,BLDG_C,HVAC,29.02,68.19,5.2,5.77,16.97,69.16,60.63,13187,2,3,128,2025-08-27 22:45:00,Corrective,0,NONE,0,22,2,4,0,39.17,5.3316,1,0,0
2026-01-02 23:00:00,AST_013,BLDG_C,Chiller,26.27,76.96,6.15,4.68,19.11,85.19,65.92,4882,14,4,165,2025-07-21 23:00:00,Preventive,2,E303,1,23,2,4,0,50.69,6.6119,1,1,1
2026-01-02 23:15:00,AST_012,BLDG_C,Motor,25.09,61.44,3.63,5.8,15.9,59.17,56.62,8695,1,1,156,2025-07-30 23:15:00,Preventive,0,NONE,0,23,2,4,0,36.349999999999994,5.1637,1,0,0
2026-01-02 23:30:00,AST_095,BLDG_C,Compressor,34.67,74.24,4.07,5.8,15.26,80.05,61.89,2085,10,7,171,2025-07-15 23:30:00,Preventive,0,NONE,0,23,2,4,0,39.56999999999999,5.8485,1,1,0
2026-01-02 23:45:00,AST_046,BLDG_C,HVAC,28.49,66.39,4.64,5.98,14.59,63.15,61.7,9992,7,2,38,2025-11-25 23:45:00,Preventive,1,E202,1,23,2,4,0,37.900000000000006,3.2474999999999996,0,0,0
2026-01-03 00:00:00,AST_002,BLDG_A,Generator,30.03,69.59,5.15,5.45,17.67,77.18,63.29,14384,3,5,160,2025-07-27 00:00:00,Preventive,1,NONE,0,0,3,5,0,39.56,6.0318000000000005,1,0,0
2026-01-03 00:15:00,AST_035,BLDG_A,Chiller,31.34,66.28,4.15,5.83,16.61,67.48,63.05,3260,1,1,169,2025-07-18 00:15:00,Preventive,3,NONE,0,0,3,5,0,34.94,5.7148,1,0,0
2026-01-03 00:30:00,AST_087,BLDG_A,HVAC,28.54,75.5,6.44,4.92,20.01,77.64,65.79,15441,11,3,11,2025-12-23 00:30:00,Preventive,4,E101,1,0,3,5,0,46.96,3.5724000000000005,0,1,1
2026-01-03 00:45:00,AST_081,BLDG_B,Pump,28.96,65.85,4.6,5.73,17.16,62.52,63.48,12874,1,2,169,2025-07-18 00:45:00,Preventive,0,E303,1,0,3,5,0,36.88999999999999,5.8452,1,0,0
2026-01-03 01:00:00,AST_090,BLDG_B,Generator,23.65,70.14,5.94,5.7,17.23,82.42,65.69,9249,9,1,60,2025-11-04 01:00:00,Preventive,4,E404,1,1,3,5,0,46.49,4.400200000000001,0,1,0
2026-01-03 01:15:00,AST_008,BLDG_C,Motor,24.42,71.1,5.29,5.12,18.71,75.09,66.16,14495,6,7,69,2025-10-26 01:15:00,Preventive,3,NONE,0,1,3,5,0,46.67999999999999,4.2469,0,1,0
2026-01-03 01:30:00,AST_093,BLDG_A,Pump,24.21,68.16,4.64,6.22,14.64,65.86,57.85,3243,15,5,51,2025-11-13 01:30:00,Preventive,0,NONE,0,1,3,5,0,43.949999999999996,3.5345999999999997,0,0,0
2026-01-03 01:45:00,AST_026,BLDG_C,Generator,30.42,68.66,4.26,6.17,11.16,77.32,59.22,7341,1,1,152,2025-08-04 01:45:00,Corrective,0,NONE,0,1,3,5,0,38.239999999999995,5.5172,1,0,0
2026-01-03 02:00:00,AST_074,BLDG_B,Compressor,28.28,64.16,3.74,5.86,19.04,70.85,57.5,4484,3,6,23,2025-12-11 02:00:00,Preventive,4,NONE,0,2,3,5,0,35.879999999999995,2.6645000000000003,0,0,0
2026-01-03 02:15:00,AST_090,BLDG_B,Generator,24.42,72.63,5.37,5.05,18.57,75.25,66.23,9705,9,5,161,2025-07-26 02:15:00,Preventive,2,NONE,0,2,3,5,0,48.209999999999994,6.1205,1,1,0
2026-01-03 02:30:00,AST_034,BLDG_C,Compressor,30.32,62.5,4.85,5.94,14.56,63.32,55.88,1326,5,3,150,2025-08-06 02:30:00,Preventive,1,E404,1,2,3,5,0,32.18,5.5732,1,0,0
2026-01-03 02:45:00,AST_007,BLDG_A,Motor,30.17,68.01,5.53,5.45,17.17,77.65,64.02,4215,11,7,167,2025-07-20 02:45:00,Inspection,2,E404,1,2,3,5,0,37.84,6.3285,1,0,0
2026-01-03 03:00:00,AST_068,BLDG_C,Compressor,25.22,70.56,5.74,5.17,18.39,82.84,66.27,8064,4,9,175,2025-07-12 03:00:00,Inspection,4,E404,1,3,3,5,0,45.34,6.6244000000000005,1,1,0
2026-01-03 03:15:00,AST_058,BLDG_B,Compressor,27.89,70.66,4.99,5.59,16.21,78.08,61.51,5930,6,9,130,2025-08-26 03:15:00,Inspection,1,NONE,0,3,3,5,0,42.769999999999996,5.3768,1,1,0
2026-01-03 03:30:00,AST_075,BLDG_A,Chiller,30.19,74.81,5.87,4.75,20.28,67.92,66.5,1702,15,9,143,2025-08-13 03:30:00,Inspection,2,NONE,0,3,3,5,0,44.620000000000005,5.8872,1,1,0
2026-01-03 03:45:00,AST_029,BLDG_C,HVAC,24.57,66.42,4.55,6.04,15.42,70.61,58.1,13216,2,2,53,2025-11-11 03:45:00,Preventive,1,NONE,0,3,3,5,0,41.85,3.5861,0,0,0
2026-01-03 04:00:00,AST_036,BLDG_C,Chiller,30.26,59.71,3.28,5.74,13.51,66.12,55.46,4826,1,3,117,2025-09-08 04:00:00,Inspection,0,NONE,0,4,3,5,0,29.45,4.3132,1,0,0
2026-01-03 04:15:00,AST_089,BLDG_C,Generator,29.2,67.37,5.39,5.27,18.37,66.83,65.22,9202,9,7,42,2025-11-22 04:15:00,Corrective,2,NONE,0,4,3,5,0,38.17,3.6643,0,0,0
2026-01-03 04:30:00,AST_021,BLDG_C,Generator,24.0,63.27,3.7,5.76,15.08,65.32,59.68,11162,3,5,68,2025-10-27 04:30:00,Preventive,1,E101,1,4,3,5,0,39.27,3.4932,0,0,0
2026-01-03 04:45:00,AST_036,BLDG_C,Chiller,28.88,62.13,3.02,5.96,13.69,52.84,54.25,4573,1,2,73,2025-10-22 04:45:00,Preventive,1,NONE,0,4,3,5,0,33.25,3.1964,0,0,0
2026-01-03 05:00:00,AST_010,BLDG_C,Generator,29.46,70.73,5.35,5.49,16.86,71.4,60.57,8201,9,3,140,2025-08-16 05:00:00,Preventive,1,E101,1,5,3,5,0,41.27,5.654,1,1,0
2026-01-03 05:15:00,AST_073,BLDG_A,Pump,25.5,70.71,6.31,5.04,21.44,79.42,65.13,7849,10,6,166,2025-07-21 05:15:00,Overhaul,2,NONE,0,5,3,5,0,45.209999999999994,6.6382,1,1,1
2026-01-03 05:30:00,AST_024,BLDG_A,Pump,25.81,75.17,6.36,5.21,21.18,87.74,66.06,14690,1,7,180,2025-07-07 05:30:00,Corrective,3,E202,1,5,3,5,0,49.36,7.0214,1,1,1
2026-01-03 05:45:00,AST_064,BLDG_C,Chiller,23.97,73.07,5.79,4.75,19.07,86.19,70.46,10006,11,9,120,2025-09-05 05:45:00,Inspection,2,NONE,0,5,3,5,0,49.099999999999994,5.5779,1,1,0
2026-01-03 06:00:00,AST_099,BLDG_B,HVAC,26.2,68.28,4.96,5.28,17.29,68.17,61.85,3343,10,1,69,2025-10-26 06:00:00,Preventive,4,E202,1,6,3,5,0,42.08,4.0457,0,0,0
2026-01-03 06:15:00,AST_049,BLDG_C,HVAC,27.95,68.62,4.91,5.71,16.4,76.59,60.97,5822,11,7,35,2025-11-29 06:15:00,Preventive,2,NONE,0,6,3,5,0,40.67,3.4299000000000004,0,0,0
2026-01-03 06:30:00,AST_099,BLDG_B,HVAC,25.82,71.38,5.06,5.6,16.89,61.42,62.86,3895,10,8,136,2025-08-20 06:30:00,Preventive,1,E404,1,6,3,5,0,45.559999999999995,5.3582,1,1,0
2026-01-03 06:45:00,AST_036,BLDG_C,Chiller,22.06,64.85,3.01,6.4,12.03,58.73,57.98,4783,1,3,117,2025-09-08 06:45:00,Preventive,0,NONE,0,6,3,5,0,42.78999999999999,4.1312999999999995,1,0,0
2026-01-03 07:00:00,AST_082,BLDG_C,Chiller,25.25,71.99,5.02,5.13,19.53,73.17,64.47,9492,8,4,113,2025-09-12 07:00:00,Inspection,2,E202,1,7,3,5,0,46.739999999999995,4.999700000000001,1,1,0
2026-01-03 07:15:00,AST_096,BLDG_B,Compressor,26.33,65.91,3.68,5.87,14.81,66.51,57.15,5258,3,6,73,2025-10-22 07:15:00,Corrective,2,NONE,0,7,3,5,0,39.58,3.5971,0,0,0
2026-01-03 07:30:00,AST_024,BLDG_A,Pump,31.27,70.91,4.93,5.56,20.12,74.07,62.54,13885,1,7,162,2025-07-25 07:30:00,Preventive,1,NONE,0,7,3,5,0,39.64,5.9527,1,1,0
2026-01-03 07:45:00,AST_023,BLDG_B,Compressor,30.38,72.95,5.31,4.97,17.9,74.0,63.5,14232,5,4,124,2025-09-01 07:45:00,Inspection,0,E101,1,7,3,5,0,42.57000000000001,5.343999999999999,1,1,0
2026-01-03 08:00:00,AST_062,BLDG_A,Generator,31.34,64.57,4.31,5.96,12.68,66.19,58.04,6146,9,8,92,2025-10-03 08:00:00,Preventive,0,NONE,0,8,3,5,0,33.22999999999999,4.2259,1,0,0
2026-01-03 08:15:00,AST_096,BLDG_B,Compressor,25.04,69.33,4.68,5.91,14.86,73.98,58.58,4659,3,5,71,2025-10-24 08:15:00,Overhaul,4,NONE,0,8,3,5,0,44.29,4.0318,0,0,0
2026-01-03 08:30:00,AST_037,BLDG_B,Chiller,28.57,65.37,4.12,5.57,12.9,69.88,57.93,6311,3,1,79,2025-10-16 08:30:00,Preventive,2,NONE,0,8,3,5,0,36.800000000000004,3.9268,0,0,0
2026-01-03 08:45:00,AST_012,BLDG_C,Motor,18.31,63.43,3.25,6.21,12.01,59.25,52.48,9175,1,4,49,2025-11-15 08:45:00,Preventive,0,NONE,0,8,3,5,0,45.120000000000005,2.8725,0,0,0
2026-01-03 09:00:00,AST_055,BLDG_C,Pump,29.72,67.08,3.32,6.36,13.13,69.48,61.88,15693,4,3,8,2025-12-26 09:00:00,Preventive,0,E101,1,9,3,5,1,37.36,2.1828000000000003,0,0,0
2026-01-03 09:15:00,AST_013,BLDG_C,Chiller,30.44,75.94,6.56,5.12,20.55,91.09,69.69,4830,14,9,158,2025-07-29 09:15:00,Preventive,3,NONE,0,9,3,5,1,45.5,6.6949000000000005,1,1,1
2026-01-03 09:30:00,AST_023,BLDG_B,Compressor,26.59,74.68,6.11,5.05,19.93,77.57,71.86,13995,5,8,159,2025-07-28 09:30:00,Preventive,3,E303,1,9,3,5,1,48.09,6.399700000000001,1,1,1
2026-01-03 09:45:00,AST_089,BLDG_C,Generator,29.18,73.23,5.37,5.59,19.2,83.31,65.59,9405,9,1,178,2025-07-09 09:45:00,Corrective,0,E303,1,9,3,5,1,44.050000000000004,6.5411,1,1,0
2026-01-03 10:00:00,AST_099,BLDG_B,HVAC,21.94,72.21,5.42,5.7,18.72,73.38,68.58,3811,10,6,111,2025-09-14 10:00:00,Inspection,4,NONE,0,10,3,5,1,50.269999999999996,5.1218,1,1,0
2026-01-03 10:15:00,AST_030,BLDG_B,Motor,24.8,61.4,3.46,6.18,13.81,69.35,56.94,9818,2,9,55,2025-11-09 10:15:00,Inspection,0,NONE,0,10,3,5,1,36.599999999999994,3.1775,0,0,0
2026-01-03 10:30:00,AST_017,BLDG_B,Chiller,31.06,68.98,4.73,5.6,18.9,66.75,62.44,6474,12,7,54,2025-11-10 10:30:00,Preventive,1,E404,1,10,3,5,1,37.92,3.6395000000000004,0,0,0
2026-01-03 10:45:00,AST_062,BLDG_A,Generator,30.05,68.8,3.72,6.14,15.79,70.4,54.78,6264,9,4,10,2025-12-24 10:45:00,Corrective,2,E202,1,10,3,5,1,38.75,2.3920000000000003,0,0,0
2026-01-03 11:00:00,AST_084,BLDG_C,Chiller,26.35,67.88,5.48,5.28,18.25,75.94,62.87,14145,2,1,63,2025-11-01 11:00:00,Preventive,4,NONE,0,11,3,5,1,41.529999999999994,4.2114,0,0,0
2026-01-03 11:15:00,AST_089,BLDG_C,Generator,31.25,73.61,5.07,5.17,16.97,65.05,64.06,9215,9,2,129,2025-08-27 11:15:00,Preventive,1,E303,1,11,3,5,1,42.36,5.2585,1,1,0
2026-01-03 11:30:00,AST_086,BLDG_A,Compressor,28.55,72.12,5.62,5.3,16.43,83.1,63.8,6107,1,5,147,2025-08-09 11:30:00,Inspection,4,NONE,0,11,3,5,1,43.57000000000001,6.019,1,1,0
2026-01-03 11:45:00,AST_013,BLDG_C,Chiller,25.98,69.51,3.92,5.87,16.95,63.59,59.89,4258,14,5,34,2025-11-30 11:45:00,Corrective,1,NONE,0,11,3,5,1,43.53,2.8839,0,0,0
2026-01-03 12:00:00,AST_059,BLDG_A,Compressor,27.27,71.78,5.52,5.01,20.23,71.78,67.66,6002,11,8,174,2025-07-13 12:00:00,Preventive,2,E303,1,12,3,5,1,44.510000000000005,6.405799999999999,1,1,0
2026-01-03 12:15:00,AST_019,BLDG_B,Pump,26.18,70.23,5.03,5.34,19.72,70.32,64.66,7851,7,6,126,2025-08-30 12:15:00,Preventive,2,E303,1,12,3,5,1,44.050000000000004,5.2352,1,1,0
2026-01-03 12:30:00,AST_049,BLDG_C,HVAC,23.26,72.74,5.47,4.9,19.78,90.27,68.14,6063,11,8,129,2025-08-27 12:30:00,Overhaul,3,E202,1,12,3,5,1,49.47999999999999,5.6707,1,1,0
2026-01-03 12:45:00,AST_100,BLDG_A,Generator,33.03,68.48,3.84,6.32,14.72,59.3,59.72,5341,9,2,41,2025-11-23 12:45:00,Preventive,1,NONE,0,12,3,5,1,35.45,2.949,0,0,0
2026-01-03 13:00:00,AST_012,BLDG_C,Motor,25.73,72.2,5.21,5.24,18.96,75.93,67.1,8888,1,3,174,2025-07-13 13:00:00,Preventive,3,NONE,0,13,3,5,1,46.47,6.3233,1,1,0
2026-01-03 13:15:00,AST_061,BLDG_C,Compressor,24.67,64.8,4.74,5.45,16.77,64.99,64.16,12803,1,6,128,2025-08-28 13:15:00,Corrective,1,NONE,0,13,3,5,1,40.129999999999995,5.1059,1,0,0
2026-01-03 13:30:00,AST_019,BLDG_B,Pump,21.88,70.44,5.64,5.22,19.16,69.6,64.59,7734,7,3,105,2025-09-20 13:30:00,Preventive,3,NONE,0,13,3,5,1,48.56,5.052,1,1,0
2026-01-03 13:45:00,AST_076,BLDG_A,Generator,17.46,66.47,3.65,6.29,16.15,55.64,61.26,5939,3,6,39,2025-11-25 13:45:00,Preventive,2,NONE,0,13,3,5,1,49.01,2.7964,0,0,0
2026-01-03 14:00:00,AST_009,BLDG_C,Motor,30.81,77.81,6.36,5.09,20.09,82.44,71.29,13569,8,6,91,2025-10-04 14:00:00,Preventive,4,E404,1,14,3,5,1,47.0,5.188400000000001,1,1,1
2026-01-03 14:15:00,AST_071,BLDG_B,Chiller,31.17,77.4,5.22,5.12,20.87,75.47,63.9,10531,4,2,138,2025-08-18 14:15:00,Inspection,3,NONE,0,14,3,5,1,46.230000000000004,5.6027000000000005,1,1,0
2026-01-03 14:30:00,AST_028,BLDG_A,HVAC,32.77,64.32,2.74,6.46,14.19,52.63,54.31,5214,1,7,22,2025-12-12 14:30:00,Corrective,1,NONE,0,14,3,5,1,31.54999999999999,2.0623,0,0,0
2026-01-03 14:45:00,AST_078,BLDG_B,Pump,27.4,73.56,4.92,5.54,17.67,77.32,59.62,10861,7,2,117,2025-09-08 14:45:00,Corrective,1,NONE,0,14,3,5,1,46.160000000000004,5.0812,1,1,0
2026-01-03 15:00:00,AST_095,BLDG_C,Compressor,26.71,66.06,4.21,5.76,16.11,70.81,55.26,2469,10,6,33,2025-12-01 15:00:00,Overhaul,2,E101,1,15,3,5,1,39.35,3.0521000000000003,0,0,0
2026-01-03 15:15:00,AST_052,BLDG_A,Pump,25.97,66.62,3.76,5.53,15.78,68.28,57.83,5905,6,1,81,2025-10-14 15:15:00,Inspection,1,NONE,0,15,3,5,1,40.650000000000006,3.8068,0,0,0
2026-01-03 15:30:00,AST_083,BLDG_A,Compressor,26.33,66.75,3.89,5.98,15.79,73.14,57.77,10800,7,3,63,2025-11-01 15:30:00,Preventive,0,NONE,0,15,3,5,1,40.42,3.5473999999999997,0,0,0
2026-01-03 15:45:00,AST_016,BLDG_A,Compressor,32.48,73.16,5.58,5.14,20.81,73.79,64.04,3134,4,2,179,2025-07-08 15:45:00,Preventive,4,NONE,0,15,3,5,1,40.68,6.549900000000001,1,1,0
2026-01-03 16:00:00,AST_069,BLDG_C,Pump,27.89,74.13,6.23,5.38,19.27,77.57,65.96,2778,12,7,130,2025-08-26 16:00:00,Corrective,3,NONE,0,16,3,5,1,46.239999999999995,5.867700000000001,1,1,1
2026-01-03 16:15:00,AST_099,BLDG_B,HVAC,29.51,73.07,5.87,5.18,18.49,76.77,69.45,3576,10,4,149,2025-08-07 16:15:00,Inspection,4,NONE,0,16,3,5,1,43.55999999999999,6.095700000000001,1,1,0
2026-01-03 16:30:00,AST_012,BLDG_C,Motor,26.23,71.87,4.5,5.75,15.07,61.37,62.95,8790,1,8,113,2025-09-12 16:30:00,Corrective,2,NONE,0,16,3,5,1,45.64,4.6737,1,1,0
2026-01-03 16:45:00,AST_025,BLDG_C,Chiller,33.28,65.3,4.47,5.76,14.46,68.04,60.12,3429,8,6,26,2025-12-08 16:45:00,Corrective,3,NONE,0,16,3,5,1,32.019999999999996,2.9884,0,0,0
2026-01-03 17:00:00,AST_052,BLDG_A,Pump,20.38,68.28,4.75,5.53,17.17,70.53,58.99,5321,6,4,72,2025-10-23 17:00:00,Preventive,3,E303,1,17,3,5,1,47.900000000000006,4.0453,0,0,0
2026-01-03 17:15:00,AST_085,BLDG_B,Chiller,23.12,68.92,4.41,5.55,15.44,67.39,58.58,9311,8,5,73,2025-10-22 17:15:00,Preventive,0,NONE,0,17,3,5,1,45.8,3.8979000000000004,0,0,0
2026-01-03 17:30:00,AST_100,BLDG_A,Generator,29.52,71.95,5.44,5.15,18.91,77.39,66.29,4938,9,9,169,2025-07-18 17:30:00,Preventive,2,E303,1,17,3,5,1,42.43000000000001,6.3299,1,1,0
2026-01-03 17:45:00,AST_053,BLDG_C,Pump,35.0,67.1,4.54,5.83,17.69,76.76,59.48,10855,8,7,53,2025-11-11 17:45:00,Preventive,1,NONE,0,17,3,5,1,32.099999999999994,3.6436,0,0,0
2026-01-03 18:00:00,AST_023,BLDG_B,Compressor,27.1,73.6,4.96,5.76,20.4,72.89,61.41,14797,5,9,145,2025-08-11 18:00:00,Preventive,0,E404,1,18,3,5,0,46.49999999999999,5.6129,1,1,0
2026-01-03 18:15:00,AST_016,BLDG_A,Compressor,24.63,65.0,4.08,6.28,14.79,60.72,59.32,2841,4,7,166,2025-07-21 18:15:00,Corrective,0,NONE,0,18,3,5,0,40.370000000000005,5.559200000000001,1,0,0
2026-01-03 18:30:00,AST_057,BLDG_A,Pump,32.0,73.27,5.22,5.51,15.93,71.62,63.14,3057,6,1,113,2025-09-12 18:30:00,Corrective,4,NONE,0,18,3,5,0,41.269999999999996,5.0642000000000005,1,1,0
2026-01-03 18:45:00,AST_039,BLDG_A,Compressor,29.29,72.53,5.83,5.6,20.89,75.54,65.06,13466,2,8,90,2025-10-05 18:45:00,Preventive,4,NONE,0,18,3,5,0,43.24,4.8874,0,1,0
2026-01-03 19:00:00,AST_053,BLDG_C,Pump,33.16,78.77,5.56,5.11,17.33,82.14,68.37,11545,8,4,57,2025-11-07 19:00:00,Preventive,4,NONE,0,19,3,5,0,45.61,4.1854,0,1,0
2026-01-03 19:15:00,AST_042,BLDG_C,Motor,22.84,65.56,5.79,4.96,16.78,76.25,67.32,13709,10,3,127,2025-08-29 19:15:00,Preventive,0,NONE,0,19,3,5,0,42.72,5.618500000000001,1,0,0
2026-01-03 19:30:00,AST_058,BLDG_B,Compressor,32.85,68.43,4.53,6.35,17.76,61.18,62.84,5972,6,7,91,2025-10-04 19:30:00,Preventive,1,E101,1,19,3,5,0,35.580000000000005,4.2438,1,0,0
2026-01-03 19:45:00,AST_039,BLDG_A,Compressor,21.81,74.71,5.25,5.34,20.23,80.89,64.6,13562,2,3,135,2025-08-21 19:45:00,Inspection,3,NONE,0,19,3,5,0,52.89999999999999,5.6089,1,1,0
2026-01-03 20:00:00,AST_014,BLDG_A,Generator,26.85,68.94,4.65,5.22,17.56,74.17,62.82,11096,1,8,46,2025-11-18 20:00:00,Inspection,4,NONE,0,20,3,5,0,42.089999999999996,3.5217,0,0,0
2026-01-03 20:15:00,AST_095,BLDG_C,Compressor,29.65,68.45,4.78,6.16,16.08,68.95,60.32,3058,10,6,102,2025-09-23 20:15:00,Inspection,1,E202,1,20,3,5,0,38.800000000000004,4.641500000000001,1,0,0
2026-01-03 20:30:00,AST_005,BLDG_C,Generator,28.74,74.58,6.05,4.77,19.95,85.46,69.15,13286,8,5,164,2025-07-23 20:30:00,Corrective,2,E303,1,20,3,5,0,45.84,6.554600000000001,1,1,1
2026-01-03 20:45:00,AST_035,BLDG_A,Chiller,32.24,69.39,4.78,5.54,15.86,75.49,59.01,4134,1,4,113,2025-09-12 20:45:00,Corrective,4,E202,1,20,3,5,0,37.15,4.9269,1,0,0
2026-01-03 21:00:00,AST_087,BLDG_A,HVAC,20.69,69.03,6.18,5.25,19.68,78.17,65.24,15497,11,8,55,2025-11-09 21:00:00,Preventive,3,E101,1,21,3,5,0,48.34,4.3537,0,0,1
2026-01-03 21:15:00,AST_093,BLDG_A,Pump,28.56,69.36,5.35,5.74,17.95,69.52,63.93,3606,15,8,89,2025-10-06 21:15:00,Preventive,2,E101,1,21,3,5,0,40.8,4.6152,0,0,0
2026-01-03 21:30:00,AST_075,BLDG_A,Chiller,32.8,72.98,5.89,4.87,17.73,78.07,65.07,1667,15,1,178,2025-07-09 21:30:00,Preventive,2,E101,1,21,3,5,0,40.18000000000001,6.6967,1,1,0
2026-01-03 21:45:00,AST_018,BLDG_C,Chiller,28.24,77.58,6.63,5.28,19.44,83.96,70.73,7784,14,9,131,2025-08-25 21:45:00,Overhaul,3,E202,1,21,3,5,0,49.34,6.1116,1,1,1
2026-01-03 22:00:00,AST_076,BLDG_A,Generator,23.43,64.22,3.89,6.04,13.36,67.17,56.79,6507,3,5,25,2025-12-09 22:00:00,Preventive,4,NONE,0,22,3,5,0,40.79,2.7277,0,0,0
2026-01-03 22:15:00,AST_009,BLDG_C,Motor,32.03,67.43,4.16,5.52,16.48,64.22,57.94,13554,8,4,48,2025-11-16 22:15:00,Preventive,0,NONE,0,22,3,5,0,35.400000000000006,3.2662,0,0,0
2026-01-03 22:30:00,AST_074,BLDG_B,Compressor,25.41,67.8,5.37,5.5,17.29,72.41,61.56,4879,3,6,143,2025-08-13 22:30:00,Inspection,3,NONE,0,22,3,5,0,42.39,5.7321,1,0,0
2026-01-03 22:45:00,AST_058,BLDG_B,Compressor,24.7,67.09,5.69,5.9,19.53,62.01,59.71,5654,6,6,107,2025-09-18 22:45:00,Overhaul,3,NONE,0,22,3,5,0,42.39,5.0361,1,0,0
2026-01-03 23:00:00,AST_017,BLDG_B,Chiller,24.2,71.05,5.31,4.98,18.61,72.87,67.68,5650,12,2,72,2025-10-23 23:00:00,Inspection,3,E101,1,23,3,5,0,46.849999999999994,4.2927,0,1,0
2026-01-03 23:15:00,AST_007,BLDG_A,Motor,27.21,72.34,5.97,5.69,17.63,79.14,64.23,5102,11,8,133,2025-08-23 23:15:00,Preventive,2,NONE,0,23,3,5,0,45.13,5.8393999999999995,1,1,0
2026-01-03 23:30:00,AST_046,BLDG_C,HVAC,28.73,71.23,4.49,5.81,16.75,75.51,60.78,9971,7,7,96,2025-09-29 23:30:00,Preventive,1,E404,1,23,3,5,0,42.5,4.4711,1,1,0
2026-01-03 23:45:00,AST_013,BLDG_C,Chiller,22.92,65.71,3.73,6.09,15.76,46.72,59.28,4357,14,1,28,2025-12-06 23:45:00,Preventive,0,E202,1,23,3,5,0,42.78999999999999,2.5192,0,0,0
2026-01-04 00:00:00,AST_040,BLDG_A,Compressor,23.75,71.53,5.79,5.41,18.38,73.36,65.98,4681,5,5,129,2025-08-28 00:00:00,Preventive,4,E101,1,0,4,6,0,47.78,5.6296,1,1,0
2026-01-04 00:15:00,AST_042,BLDG_C,Motor,25.22,77.06,7.28,5.13,22.48,88.37,72.0,13080,10,6,145,2025-08-12 00:15:00,Preventive,4,NONE,0,0,4,6,0,51.84,6.6957,1,1,1
2026-01-04 00:30:00,AST_009,BLDG_C,Motor,24.18,70.06,6.03,5.83,18.95,69.62,64.86,13412,8,4,115,2025-09-11 00:30:00,Preventive,1,NONE,0,0,4,6,0,45.88,5.408200000000001,1,1,1
2026-01-04 00:45:00,AST_050,BLDG_B,Compressor,28.15,67.76,5.14,5.36,17.15,70.49,60.93,11296,1,2,102,2025-09-24 00:45:00,Overhaul,3,NONE,0,0,4,6,0,39.61000000000001,4.8009,1,0,0
2026-01-04 01:00:00,AST_027,BLDG_B,Compressor,29.44,70.0,5.08,5.47,17.79,81.33,66.12,10807,11,4,143,2025-08-14 01:00:00,Preventive,0,NONE,0,1,4,6,0,40.56,5.705299999999999,1,0,0
2026-01-04 01:15:00,AST_066,BLDG_A,Compressor,28.9,71.78,5.33,5.86,17.33,71.68,66.9,5381,13,1,21,2025-12-14 01:15:00,Inspection,4,NONE,0,1,4,6,0,42.88,3.2688,0,1,0
2026-01-04 01:30:00,AST_005,BLDG_C,Generator,28.9,74.67,6.88,4.68,19.51,89.86,68.8,13900,8,7,103,2025-09-23 01:30:00,Inspection,4,NONE,0,1,4,6,0,45.77,5.7106,1,1,1
2026-01-04 01:45:00,AST_029,BLDG_C,HVAC,34.68,76.07,5.12,5.49,16.57,69.89,62.03,13297,2,2,86,2025-10-10 01:45:00,Preventive,3,NONE,0,1,4,6,0,41.38999999999999,4.4669,0,1,0
2026-01-04 02:00:00,AST_037,BLDG_B,Chiller,29.69,66.31,3.96,6.15,17.69,73.52,59.34,6955,3,2,108,2025-09-18 02:00:00,Inspection,1,NONE,0,2,4,6,0,36.620000000000005,4.4792000000000005,1,0,0
2026-01-04 02:15:00,AST_038,BLDG_C,Motor,31.14,75.94,5.5,4.86,18.35,74.76,64.4,5796,14,9,156,2025-08-01 02:15:00,Preventive,0,E202,1,2,4,6,0,44.8,6.0676000000000005,1,1,0
2026-01-04 02:30:00,AST_083,BLDG_A,Compressor,26.34,67.0,3.87,6.11,15.3,62.08,56.55,10045,7,5,23,2025-12-12 02:30:00,Preventive,1,NONE,0,2,4,6,0,40.66,2.6288,0,0,0
2026-01-04 02:45:00,AST_008,BLDG_C,Motor,31.78,73.04,6.05,4.82,18.93,85.63,66.03,14997,6,2,169,2025-07-19 02:45:00,Inspection,1,NONE,0,2,4,6,0,41.260000000000005,6.6563,1,1,1
2026-01-04 03:00:00,AST_065,BLDG_A,HVAC,26.15,68.41,4.8,5.65,17.53,65.01,65.61,14644,6,9,89,2025-10-07 03:00:00,Preventive,0,NONE,0,3,4,6,0,42.26,4.3501,0,0,0
2026-01-04 03:15:00,AST_086,BLDG_A,Compressor,29.65,55.3,2.28,6.88,13.48,52.12,49.37,6138,1,9,12,2025-12-23 03:15:00,Overhaul,0,NONE,0,3,4,6,0,25.65,1.6731999999999998,0,0,0
2026-01-04 03:30:00,AST_017,BLDG_B,Chiller,22.51,70.45,5.66,4.77,19.04,76.96,62.96,6014,12,1,32,2025-12-03 03:30:00,Preventive,4,NONE,0,3,4,6,0,47.94,3.6736000000000004,0,1,0
2026-01-04 03:45:00,AST_071,BLDG_B,Chiller,28.66,66.88,4.86,5.85,17.82,70.54,59.53,10102,4,3,9,2025-12-26 03:45:00,Corrective,4,NONE,0,3,4,6,0,38.22,2.8294,0,0,0
2026-01-04 04:00:00,AST_089,BLDG_C,Generator,24.1,66.78,5.0,5.96,17.07,74.68,61.82,9660,9,4,149,2025-08-08 04:00:00,Preventive,0,E303,1,4,4,6,0,42.68,5.726800000000001,1,0,0
2026-01-04 04:15:00,AST_045,BLDG_C,Generator,31.74,76.21,5.34,5.22,18.23,72.86,63.57,14179,4,7,105,2025-09-21 04:15:00,Preventive,2,NONE,0,4,4,6,0,44.47,4.964600000000001,1,1,0
2026-01-04 04:30:00,AST_004,BLDG_A,Generator,31.5,80.86,6.63,4.9,20.52,77.62,71.31,6819,12,4,168,2025-07-20 04:30:00,Preventive,4,E101,1,4,4,6,0,49.36,6.7882,1,1,1
2026-01-04 04:45:00,AST_036,BLDG_C,Chiller,26.13,67.97,3.83,6.24,15.59,63.13,61.54,4682,1,2,122,2025-09-04 04:45:00,Corrective,2,NONE,0,4,4,6,0,41.84,4.6033,1,0,0
2026-01-04 05:00:00,AST_070,BLDG_B,Chiller,36.2,73.09,4.19,5.19,18.57,77.74,62.5,4596,11,7,151,2025-08-06 05:00:00,Inspection,0,NONE,0,5,4,6,0,36.89,5.4734,1,1,0
2026-01-04 05:15:00,AST_031,BLDG_C,Motor,26.86,72.66,6.24,5.09,21.04,74.86,67.66,12390,12,6,68,2025-10-28 05:15:00,Inspection,4,E101,1,5,4,6,0,45.8,4.6046000000000005,0,1,1
2026-01-04 05:30:00,AST_019,BLDG_B,Pump,21.55,65.19,4.27,5.98,18.35,77.43,63.88,7689,7,3,95,2025-10-01 05:30:00,Preventive,1,NONE,0,5,4,6,0,43.64,4.3823,1,0,0
2026-01-04 05:45:00,AST_061,BLDG_C,Compressor,24.88,65.09,4.27,5.99,15.51,69.16,55.58,12352,1,6,121,2025-09-05 05:45:00,Inspection,0,NONE,0,5,4,6,0,40.21000000000001,4.819599999999999,1,0,0
2026-01-04 06:00:00,AST_054,BLDG_C,HVAC,23.82,64.49,5.11,5.54,16.44,69.23,64.16,7122,5,6,102,2025-09-24 06:00:00,Inspection,3,NONE,0,6,4,6,0,40.669999999999995,4.7763,1,0,0
2026-01-04 06:15:00,AST_039,BLDG_A,Compressor,29.52,65.54,3.92,5.59,16.39,57.32,57.5,13862,2,5,15,2025-12-20 06:15:00,Inspection,2,NONE,0,6,4,6,0,36.02000000000001,2.4412,0,0,0
2026-01-04 06:30:00,AST_091,BLDG_A,Pump,23.06,60.21,3.45,6.57,14.05,52.36,55.71,8788,2,4,58,2025-11-07 06:30:00,Preventive,0,NONE,0,6,4,6,0,37.150000000000006,3.0636,0,0,0
2026-01-04 06:45:00,AST_074,BLDG_B,Compressor,25.84,65.98,3.78,5.89,15.99,65.03,60.33,4664,3,1,177,2025-07-11 06:45:00,Corrective,0,E303,1,6,4,6,0,40.14,5.7023,1,0,0
2026-01-04 07:00:00,AST_090,BLDG_B,Generator,29.26,79.24,5.56,5.01,19.01,74.01,62.39,9946,9,6,51,2025-11-14 07:00:00,Inspection,4,E101,1,7,4,6,0,49.97999999999999,3.9840999999999998,0,1,0
2026-01-04 07:15:00,AST_019,BLDG_B,Pump,28.55,74.27,5.77,5.0,19.01,79.36,67.47,7366,7,2,144,2025-08-13 07:15:00,Preventive,4,E404,1,7,4,6,0,45.72,5.9816,1,1,0
2026-01-04 07:30:00,AST_039,BLDG_A,Compressor,27.95,75.44,6.46,5.08,20.3,88.79,68.57,13514,2,3,153,2025-08-04 07:30:00,Inspection,4,NONE,0,7,4,6,0,47.489999999999995,6.5319,1,1,1
2026-01-04 07:45:00,AST_067,BLDG_C,Pump,28.5,67.69,4.62,5.29,17.76,72.47,64.11,2458,3,8,143,2025-08-14 07:45:00,Corrective,3,NONE,0,7,4,6,0,39.19,5.4327000000000005,1,0,0
2026-01-04 08:00:00,AST_045,BLDG_C,Generator,26.52,71.6,4.99,5.49,18.86,72.05,68.56,13509,4,6,9,2025-12-26 08:00:00,Preventive,4,E202,1,8,4,6,0,45.08,2.8965000000000005,0,1,0
2026-01-04 08:15:00,AST_013,BLDG_C,Chiller,21.58,61.18,3.72,5.85,14.64,71.78,55.36,4928,14,3,24,2025-12-11 08:15:00,Preventive,0,E202,1,8,4,6,0,39.6,2.6858,0,0,0
2026-01-04 08:30:00,AST_092,BLDG_A,Generator,26.41,81.66,6.59,5.1,21.44,84.23,73.15,11215,7,7,173,2025-07-15 08:30:00,Preventive,4,E404,1,8,4,6,0,55.25,6.9383,1,1,1
2026-01-04 08:45:00,AST_058,BLDG_B,Compressor,29.87,64.56,4.33,5.59,16.47,72.1,57.33,5636,6,4,50,2025-11-15 08:45:00,Corrective,1,NONE,0,8,4,6,0,34.69,3.4530000000000003,0,0,0
2026-01-04 09:00:00,AST_020,BLDG_A,Compressor,27.45,67.87,4.59,5.84,16.44,67.63,60.38,12656,2,9,16,2025-12-19 09:00:00,Inspection,4,NONE,0,9,4,6,1,40.42,2.8323,0,0,0
2026-01-04 09:15:00,AST_092,BLDG_A,Generator,29.57,74.32,5.52,5.7,17.47,69.02,65.25,10850,7,5,74,2025-10-22 09:15:00,Preventive,3,NONE,0,9,4,6,1,44.74999999999999,4.3782,0,1,0
2026-01-04 09:30:00,AST_072,BLDG_B,Chiller,25.65,62.2,3.8,5.54,15.96,55.02,55.41,12284,3,3,21,2025-12-14 09:30:00,Inspection,1,NONE,0,9,4,6,1,36.550000000000004,2.4901999999999997,0,0,0
2026-01-04 09:45:00,AST_061,BLDG_C,Compressor,31.98,69.58,4.41,5.39,16.64,67.16,57.31,12665,1,2,119,2025-09-07 09:45:00,Inspection,0,E101,1,9,4,6,1,37.599999999999994,4.8156,1,0,0
2026-01-04 10:00:00,AST_039,BLDG_A,Compressor,17.77,70.18,5.11,6.02,16.11,65.16,58.75,13859,2,2,151,2025-08-06 10:00:00,Preventive,0,NONE,0,10,4,6,1,52.41000000000001,5.7156,1,1,0
2026-01-04 10:15:00,AST_001,BLDG_C,Compressor,28.57,71.06,5.23,5.12,16.58,68.54,65.61,12873,1,3,158,2025-07-30 10:15:00,Inspection,2,E404,1,10,4,6,1,42.49,5.9374,1,1,0
2026-01-04 10:30:00,AST_003,BLDG_A,Motor,33.4,72.08,4.22,6.71,15.55,71.07,59.25,3862,10,2,52,2025-11-13 10:30:00,Overhaul,1,NONE,0,10,4,6,1,38.68,3.4387,0,1,0
2026-01-04 10:45:00,AST_077,BLDG_B,Pump,33.99,71.8,5.66,5.18,16.34,61.93,60.06,8050,4,4,112,2025-09-14 10:45:00,Inspection,2,NONE,0,10,4,6,1,37.809999999999995,5.1233,1,1,0
2026-01-04 11:00:00,AST_092,BLDG_A,Generator,27.07,69.44,4.74,5.74,14.49,70.06,64.08,11392,7,2,56,2025-11-09 11:00:00,Inspection,1,NONE,0,11,4,6,1,42.37,3.7166,0,0,0
2026-01-04 11:15:00,AST_062,BLDG_A,Generator,22.7,70.27,5.14,5.68,15.77,69.36,59.86,6031,9,9,100,2025-09-26 11:15:00,Overhaul,1,E404,1,11,4,6,1,47.56999999999999,4.7496,1,1,0
2026-01-04 11:30:00,AST_063,BLDG_C,Motor,33.47,79.26,6.06,5.07,20.13,78.68,69.38,10463,12,2,74,2025-10-22 11:30:00,Corrective,3,E202,1,11,4,6,1,45.790000000000006,4.690799999999999,0,1,1
2026-01-04 11:45:00,AST_025,BLDG_C,Chiller,27.79,68.47,4.18,5.83,16.25,76.21,61.11,2892,8,9,106,2025-09-20 11:45:00,Preventive,2,NONE,0,11,4,6,1,40.68,4.5541,1,0,0
2026-01-04 12:00:00,AST_056,BLDG_A,Generator,27.36,73.22,5.42,5.49,20.07,70.45,63.04,15193,2,6,79,2025-10-17 12:00:00,Inspection,3,E202,1,12,4,6,1,45.86,4.452500000000001,0,1,0
2026-01-04 12:15:00,AST_033,BLDG_A,Compressor,24.43,73.12,5.01,5.41,15.25,80.2,63.29,7288,7,1,165,2025-07-23 12:15:00,Corrective,1,E404,1,12,4,6,1,48.690000000000005,6.106,1,1,0
2026-01-04 12:30:00,AST_038,BLDG_C,Motor,23.0,67.16,5.1,5.12,19.76,65.66,61.8,5704,14,4,155,2025-08-02 12:30:00,Corrective,0,NONE,0,12,4,6,1,44.16,5.7966,1,0,0
2026-01-04 12:45:00,AST_006,BLDG_A,Pump,30.26,69.36,5.7,5.45,18.65,80.43,66.55,5987,15,1,147,2025-08-10 12:45:00,Preventive,1,NONE,0,12,4,6,1,39.099999999999994,6.0243,1,0,0
2026-01-04 13:00:00,AST_058,BLDG_B,Compressor,30.68,72.77,5.47,5.43,18.04,83.25,65.31,6243,6,6,159,2025-07-29 13:00:00,Inspection,3,NONE,0,13,4,6,1,42.089999999999996,6.2005,1,1,0
2026-01-04 13:15:00,AST_044,BLDG_B,Motor,28.81,68.52,5.26,5.26,16.99,56.28,66.75,15230,7,4,86,2025-10-10 13:15:00,Preventive,2,E303,1,13,4,6,1,39.709999999999994,4.3868,0,0,0
2026-01-04 13:30:00,AST_045,BLDG_C,Generator,24.94,69.27,6.14,5.57,18.47,73.55,65.58,13635,4,3,96,2025-09-30 13:30:00,Overhaul,2,NONE,0,13,4,6,1,44.33,5.1114999999999995,1,0,1
2026-01-04 13:45:00,AST_032,BLDG_C,Pump,23.74,71.59,5.72,5.51,16.24,74.72,65.1,3822,6,3,179,2025-07-09 13:45:00,Preventive,3,E303,1,13,4,6,1,47.85000000000001,6.6152,1,1,0
2026-01-04 14:00:00,AST_045,BLDG_C,Generator,22.27,65.3,4.48,5.57,17.19,69.0,57.47,14184,4,9,8,2025-12-27 14:00:00,Preventive,2,NONE,0,14,4,6,1,43.03,2.6420000000000003,0,0,0
2026-01-04 14:15:00,AST_061,BLDG_C,Compressor,25.76,72.8,5.9,5.27,17.54,86.63,68.58,12847,1,6,139,2025-08-18 14:15:00,Preventive,4,E101,1,14,4,6,1,47.03999999999999,6.0063,1,1,0
2026-01-04 14:30:00,AST_047,BLDG_A,Pump,23.98,65.23,5.13,5.49,15.24,66.79,61.77,7057,11,9,113,2025-09-13 14:30:00,Preventive,0,NONE,0,14,4,6,1,41.25,4.979900000000001,1,0,0
2026-01-04 14:45:00,AST_021,BLDG_C,Generator,21.16,69.33,5.51,5.79,15.61,65.19,58.28,11227,3,5,167,2025-07-21 14:45:00,Inspection,0,NONE,0,14,4,6,1,48.17,6.1959,1,0,0
2026-01-04 15:00:00,AST_080,BLDG_C,Pump,30.61,66.72,4.94,5.58,16.01,70.99,62.35,14128,9,2,52,2025-11-13 15:00:00,Overhaul,0,NONE,0,15,4,6,1,36.11,3.7259,0,0,0
2026-01-04 15:15:00,AST_085,BLDG_B,Chiller,22.72,63.26,5.0,5.67,18.55,77.88,63.61,9259,8,8,77,2025-10-19 15:15:00,Inspection,2,E404,1,15,4,6,1,40.54,4.3187999999999995,0,0,0
2026-01-04 15:30:00,AST_075,BLDG_A,Chiller,31.94,70.24,5.46,5.41,19.19,74.95,62.06,2214,15,5,76,2025-10-20 15:30:00,Preventive,2,NONE,0,15,4,6,1,38.3,4.4535,0,1,0
2026-01-04 15:45:00,AST_036,BLDG_C,Chiller,29.58,67.01,3.73,6.23,13.93,64.16,56.93,4649,1,2,120,2025-09-06 15:45:00,Preventive,1,NONE,0,15,4,6,1,37.43000000000001,4.5336,1,0,0
2026-01-04 16:00:00,AST_099,BLDG_B,HVAC,29.18,71.03,5.28,5.2,17.71,72.16,62.35,3329,10,4,177,2025-07-11 16:00:00,Inspection,1,NONE,0,16,4,6,1,41.85,6.3736,1,1,0
2026-01-04 16:15:00,AST_019,BLDG_B,Pump,34.66,64.61,4.38,5.92,16.01,56.25,59.69,7625,7,9,85,2025-10-11 16:15:00,Overhaul,0,NONE,0,16,4,6,1,29.950000000000003,4.0145,0,0,0
2026-01-04 16:30:00,AST_020,BLDG_A,Compressor,22.86,70.77,5.29,5.56,18.01,78.13,65.08,12524,2,4,85,2025-10-11 16:30:00,Preventive,4,NONE,0,16,4,6,1,47.91,4.5973,0,1,0
2026-01-04 16:45:00,AST_057,BLDG_A,Pump,31.5,67.64,3.26,6.05,15.88,69.53,56.86,2593,6,4,117,2025-09-09 16:45:00,Preventive,1,NONE,0,16,4,6,1,36.14,4.3393,1,0,0
2026-01-04 17:00:00,AST_018,BLDG_C,Chiller,26.81,71.58,5.23,5.38,18.32,71.51,67.88,7964,14,2,100,2025-09-26 17:00:00,Preventive,1,E404,1,17,4,6,1,44.769999999999996,4.8071,1,1,0
2026-01-04 17:15:00,AST_047,BLDG_A,Pump,38.28,72.09,5.31,5.93,17.28,70.44,61.85,7022,11,6,76,2025-10-20 17:15:00,Inspection,2,NONE,0,17,4,6,1,33.81,4.3484,0,1,0
2026-01-04 17:30:00,AST_049,BLDG_C,HVAC,26.48,76.44,6.56,5.19,18.6,75.67,63.2,5638,11,2,151,2025-08-06 17:30:00,Corrective,4,E202,1,17,4,6,1,49.959999999999994,6.4007000000000005,1,1,1
2026-01-04 17:45:00,AST_014,BLDG_A,Generator,25.83,59.32,4.12,6.29,14.78,68.15,56.27,11831,1,7,67,2025-10-29 17:45:00,Preventive,0,NONE,0,17,4,6,1,33.49,3.6695,0,0,0
2026-01-04 18:00:00,AST_015,BLDG_C,Pump,29.7,63.21,3.7,6.16,16.16,63.21,60.09,3547,10,3,42,2025-11-23 18:00:00,Preventive,1,NONE,0,18,4,6,0,33.510000000000005,2.9521,0,0,0
2026-01-04 18:15:00,AST_031,BLDG_C,Motor,27.16,73.01,7.06,5.05,19.8,81.47,69.06,13039,12,3,71,2025-10-25 18:15:00,Inspection,4,NONE,0,18,4,6,0,45.85000000000001,5.0587,0,1,1
2026-01-04 18:30:00,AST_001,BLDG_C,Compressor,24.97,73.79,5.34,5.8,15.73,77.41,60.91,13266,1,5,73,2025-10-23 18:30:00,Preventive,4,NONE,0,18,4,6,0,48.82000000000001,4.3701,0,1,0
2026-01-04 18:45:00,AST_054,BLDG_C,HVAC,24.12,62.88,3.36,6.19,13.15,62.24,53.01,7719,5,3,17,2025-12-18 18:45:00,Preventive,0,NONE,0,18,4,6,0,38.760000000000005,2.3064,0,0,0
2026-01-04 19:00:00,AST_003,BLDG_A,Motor,33.83,77.38,6.59,5.21,22.04,83.5,66.29,3997,10,2,179,2025-07-09 19:00:00,Corrective,4,E404,1,19,4,6,0,43.55,7.051,1,1,1
2026-01-04 19:15:00,AST_016,BLDG_A,Compressor,23.35,61.23,3.59,5.99,16.97,67.41,57.87,3128,4,9,35,2025-11-30 19:15:00,Preventive,4,NONE,0,19,4,6,0,37.879999999999995,2.8101000000000003,0,0,0
2026-01-04 19:30:00,AST_087,BLDG_A,HVAC,28.89,81.04,6.74,4.51,21.28,86.93,71.44,15087,11,2,118,2025-09-08 19:30:00,Preventive,4,NONE,0,19,4,6,0,52.150000000000006,5.9253,1,1,1
2026-01-04 19:45:00,AST_057,BLDG_A,Pump,32.22,66.41,2.74,6.29,13.99,61.28,55.88,2616,6,2,26,2025-12-09 19:45:00,Inspection,1,NONE,0,19,4,6,0,34.19,2.2288,0,0,0
2026-01-04 20:00:00,AST_075,BLDG_A,Chiller,32.42,70.1,4.81,5.8,17.02,71.11,60.82,2041,15,8,97,2025-09-29 20:00:00,Inspection,0,NONE,0,20,4,6,0,37.67999999999999,4.5751,1,1,0
2026-01-04 20:15:00,AST_012,BLDG_C,Motor,25.59,72.75,5.69,4.94,21.01,80.16,66.79,9288,1,9,175,2025-07-13 20:15:00,Inspection,4,NONE,0,20,4,6,0,47.16,6.5776,1,1,0
2026-01-04 20:30:00,AST_074,BLDG_B,Compressor,27.18,69.18,5.2,5.94,14.54,63.09,64.37,4697,3,7,71,2025-10-25 20:30:00,Inspection,4,E101,1,20,4,6,0,42.00000000000001,4.1309000000000005,0,0,0
2026-01-04 20:45:00,AST_096,BLDG_B,Compressor,26.4,63.4,3.4,6.16,12.78,59.19,57.84,5407,3,3,58,2025-11-07 20:45:00,Corrective,1,NONE,0,20,4,6,0,37.0,3.1119000000000003,0,0,0
2026-01-04 21:00:00,AST_016,BLDG_A,Compressor,21.86,64.84,3.1,6.11,12.12,62.58,58.61,2293,4,9,142,2025-08-15 21:00:00,Inspection,0,E303,1,21,4,6,0,42.980000000000004,4.7058,1,0,0
2026-01-04 21:15:00,AST_072,BLDG_B,Chiller,30.15,70.14,4.15,6.1,15.36,70.78,56.72,11863,3,3,46,2025-11-19 21:15:00,Preventive,2,NONE,0,21,4,6,0,39.99,3.2878,0,1,0
2026-01-04 21:30:00,AST_076,BLDG_A,Generator,28.15,63.67,3.68,6.11,15.87,71.76,55.68,6697,3,5,68,2025-10-28 21:30:00,Inspection,1,NONE,0,21,4,6,0,35.52,3.5496000000000008,0,0,0
2026-01-04 21:45:00,AST_024,BLDG_A,Pump,33.76,67.67,4.69,6.1,15.77,65.26,57.69,13934,1,9,130,2025-08-27 21:45:00,Overhaul,0,NONE,0,21,4,6,0,33.910000000000004,5.1286000000000005,1,0,0
2026-01-04 22:00:00,AST_028,BLDG_A,HVAC,24.71,63.82,3.64,5.8,13.75,70.35,57.1,6195,1,3,25,2025-12-10 22:00:00,Preventive,4,E202,1,22,4,6,0,39.11,2.6595,0,0,0
2026-01-04 22:15:00,AST_008,BLDG_C,Motor,32.35,75.34,5.88,4.93,19.23,74.02,67.5,15409,6,7,173,2025-07-15 22:15:00,Preventive,0,NONE,0,22,4,6,0,42.99,6.5522,1,1,0
2026-01-04 22:30:00,AST_092,BLDG_A,Generator,32.64,70.72,5.39,5.39,18.01,79.96,62.62,10814,7,1,156,2025-08-01 22:30:00,Preventive,0,NONE,0,22,4,6,0,38.08,6.0756,1,1,0
2026-01-04 22:45:00,AST_036,BLDG_C,Chiller,28.19,57.63,2.32,5.85,11.01,66.25,54.6,4670,1,4,39,2025-11-26 22:45:00,Preventive,0,NONE,0,22,4,6,0,29.44,2.3705,0,0,0
2026-01-04 23:00:00,AST_090,BLDG_B,Generator,19.32,66.75,5.44,5.83,16.35,62.15,63.31,10014,9,4,34,2025-12-01 23:00:00,Preventive,2,NONE,0,23,4,6,0,47.43,3.4775000000000005,0,0,0
2026-01-04 23:15:00,AST_008,BLDG_C,Motor,25.95,70.25,4.35,5.44,16.68,67.86,61.1,14910,6,7,61,2025-11-04 23:15:00,Inspection,0,NONE,0,23,4,6,0,44.3,3.6386000000000003,0,1,0
2026-01-04 23:30:00,AST_058,BLDG_B,Compressor,35.14,68.16,3.72,5.74,16.41,54.8,61.22,5814,6,8,51,2025-11-14 23:30:00,Overhaul,2,NONE,0,23,4,6,0,33.019999999999996,3.056,0,0,0
2026-01-04 23:45:00,AST_060,BLDG_C,Compressor,29.19,81.36,7.21,4.5,22.6,81.69,77.49,12597,15,1,167,2025-07-21 23:45:00,Preventive,4,E404,1,23,4,6,0,52.17,7.040900000000001,1,1,1
2026-01-05 00:00:00,AST_050,BLDG_B,Compressor,30.77,66.37,4.23,6.04,13.99,56.68,58.78,10835,1,5,23,2025-12-13 00:00:00,Preventive,2,NONE,0,0,5,0,0,35.60000000000001,2.7188,0,0,0
2026-01-05 00:15:00,AST_028,BLDG_A,HVAC,27.64,69.14,4.78,5.49,19.31,74.15,62.48,5209,1,7,118,2025-09-09 00:15:00,Preventive,4,E404,1,0,5,0,0,41.5,5.0135000000000005,1,0,0
2026-01-05 00:30:00,AST_092,BLDG_A,Generator,27.11,65.19,4.89,4.97,17.3,75.06,64.51,10496,7,4,12,2025-12-24 00:30:00,Inspection,4,NONE,0,0,5,0,0,38.08,2.9466,0,0,0
2026-01-05 00:45:00,AST_041,BLDG_B,HVAC,20.53,71.76,4.92,5.64,18.74,79.33,62.07,13270,12,4,30,2025-12-06 00:45:00,Preventive,2,NONE,0,0,5,0,0,51.230000000000004,3.3613,0,1,0
2026-01-05 01:00:00,AST_100,BLDG_A,Generator,31.18,70.01,4.44,5.86,17.38,72.84,60.96,4645,9,4,117,2025-09-10 01:00:00,Preventive,1,E303,1,1,5,0,0,38.830000000000005,4.8444,1,1,0
2026-01-05 01:15:00,AST_064,BLDG_C,Chiller,32.32,73.85,6.47,5.74,16.72,79.01,65.68,9202,11,6,75,2025-10-22 01:15:00,Preventive,3,E303,1,1,5,0,0,41.529999999999994,4.8781,0,1,1
2026-01-05 01:30:00,AST_027,BLDG_B,Compressor,24.2,69.3,3.69,5.59,16.27,69.44,59.85,11347,11,7,34,2025-12-02 01:30:00,Preventive,0,NONE,0,1,5,0,0,45.099999999999994,2.8504,0,0,0
2026-01-05 01:45:00,AST_063,BLDG_C,Motor,27.28,79.5,6.33,4.47,18.85,81.81,68.07,10709,12,2,139,2025-08-19 01:45:00,Preventive,3,E101,1,1,5,0,0,52.22,6.1301000000000005,1,1,1
2026-01-05 02:00:00,AST_017,BLDG_B,Chiller,26.75,68.78,4.95,6.04,15.89,73.24,62.09,6270,12,5,71,2025-10-26 02:00:00,Inspection,0,NONE,0,2,5,0,0,42.03,4.1324000000000005,0,0,0
2026-01-05 02:15:00,AST_073,BLDG_A,Pump,29.68,64.9,4.65,5.79,17.45,67.47,59.95,7465,10,4,69,2025-10-28 02:15:00,Corrective,0,NONE,0,2,5,0,0,35.220000000000006,3.9147000000000007,0,0,0
2026-01-05 02:30:00,AST_033,BLDG_A,Compressor,25.82,67.17,4.74,5.68,16.18,74.76,63.28,7175,7,3,40,2025-11-26 02:30:00,Inspection,4,NONE,0,2,5,0,0,41.35,3.4436,0,0,0
2026-01-05 02:45:00,AST_084,BLDG_C,Chiller,31.73,68.24,3.79,6.45,12.76,52.61,60.36,14605,2,7,29,2025-12-07 02:45:00,Preventive,0,E303,1,2,5,0,0,36.50999999999999,2.6221,0,0,0
2026-01-05 03:00:00,AST_077,BLDG_B,Pump,28.29,58.53,3.56,6.28,16.34,56.35,55.76,8882,4,6,41,2025-11-25 03:00:00,Inspection,0,NONE,0,3,5,0,0,30.240000000000002,2.8075,0,0,0
2026-01-05 03:15:00,AST_092,BLDG_A,Generator,17.8,64.29,4.4,5.82,14.73,73.22,59.44,11009,7,7,5,2025-12-31 03:15:00,Inspection,2,E101,1,3,5,0,0,46.49000000000001,2.5922000000000005,0,0,0
2026-01-05 03:30:00,AST_029,BLDG_C,HVAC,29.77,74.88,6.4,5.22,17.37,74.16,69.06,13424,2,5,147,2025-08-11 03:30:00,Preventive,3,NONE,0,3,5,0,0,45.11,6.2416,1,1,1
2026-01-05 03:45:00,AST_013,BLDG_C,Chiller,31.99,65.86,4.94,5.17,19.06,64.38,59.25,5054,14,6,41,2025-11-25 03:45:00,Corrective,2,E404,1,3,5,0,0,33.870000000000005,3.4398,0,0,0
2026-01-05 04:00:00,AST_046,BLDG_C,HVAC,23.39,68.77,5.24,5.84,15.75,74.71,62.44,9594,7,5,145,2025-08-13 04:00:00,Preventive,0,NONE,0,4,5,0,0,45.379999999999995,5.7431,1,0,0
2026-01-05 04:15:00,AST_035,BLDG_A,Chiller,29.63,71.97,4.87,5.88,19.06,71.28,60.7,3692,1,7,140,2025-08-18 04:15:00,Inspection,4,E101,1,4,5,0,0,42.34,5.460800000000001,1,1,0
2026-01-05 04:30:00,AST_006,BLDG_A,Pump,35.32,72.28,5.26,5.22,19.91,76.71,67.75,5913,15,2,137,2025-08-21 04:30:00,Preventive,2,E101,1,4,5,0,0,36.96,5.6111,1,1,0
2026-01-05 04:45:00,AST_082,BLDG_C,Chiller,28.45,76.42,5.09,4.9,20.12,83.29,66.31,9325,8,5,132,2025-08-26 04:45:00,Overhaul,2,E101,1,4,5,0,0,47.97,5.508900000000001,1,1,0
2026-01-05 05:00:00,AST_069,BLDG_C,Pump,32.57,67.97,4.51,5.53,17.4,78.22,63.61,2799,12,6,131,2025-08-27 05:00:00,Preventive,1,NONE,0,5,5,0,0,35.4,5.2062,1,0,0
2026-01-05 05:15:00,AST_047,BLDG_A,Pump,26.23,65.17,3.55,6.44,15.88,62.82,59.22,6924,11,6,5,2025-12-31 05:15:00,Inspection,0,NONE,0,5,5,0,0,38.94,2.1482,0,0,0
2026-01-05 05:30:00,AST_025,BLDG_C,Chiller,27.93,73.51,6.6,4.98,18.27,81.72,66.23,3472,8,5,168,2025-07-21 05:30:00,Inspection,4,E202,1,5,5,0,0,45.580000000000005,6.8172,1,1,1
2026-01-05 05:45:00,AST_066,BLDG_A,Compressor,27.18,68.43,4.77,5.95,15.99,58.99,61.08,4663,13,7,39,2025-11-27 05:45:00,Inspection,2,NONE,0,5,5,0,0,41.25000000000001,3.2779,0,0,0
2026-01-05 06:00:00,AST_010,BLDG_C,Generator,26.45,67.95,5.32,5.36,15.73,80.29,65.6,9094,9,8,108,2025-09-19 06:00:00,Preventive,2,E404,1,6,5,0,0,41.5,5.0909,1,0,0
2026-01-05 06:15:00,AST_056,BLDG_A,Generator,27.41,73.73,5.6,5.61,19.03,68.15,65.5,15198,2,7,27,2025-12-09 06:15:00,Preventive,4,NONE,0,6,5,0,0,46.32000000000001,3.4615,0,1,0
2026-01-05 06:30:00,AST_030,BLDG_B,Motor,21.48,60.7,2.51,6.25,13.76,52.51,51.92,9950,2,5,13,2025-12-23 06:30:00,Inspection,0,NONE,0,6,5,0,0,39.22,1.7891000000000001,0,0,0
2026-01-05 06:45:00,AST_005,BLDG_C,Generator,26.68,72.39,4.52,5.65,15.63,61.58,62.3,13173,8,1,38,2025-11-28 06:45:00,Preventive,1,NONE,0,6,5,0,0,45.71,3.1837999999999997,0,1,0
2026-01-05 07:00:00,AST_033,BLDG_A,Compressor,33.35,70.85,5.4,5.34,16.73,67.17,64.87,7479,7,5,178,2025-07-11 07:00:00,Preventive,2,NONE,0,7,5,0,0,37.49999999999999,6.3917,1,1,0
2026-01-05 07:15:00,AST_065,BLDG_A,HVAC,24.15,70.85,5.67,5.0,18.97,81.3,65.44,14530,6,2,132,2025-08-26 07:15:00,Corrective,1,NONE,0,7,5,0,0,46.699999999999996,5.721,1,1,0
2026-01-05 07:30:00,AST_018,BLDG_C,Chiller,23.74,70.2,5.49,5.49,19.88,76.76,63.03,7811,14,5,8,2025-12-28 07:30:00,Corrective,3,E404,1,7,5,0,0,46.46000000000001,3.1236000000000006,0,1,0
2026-01-05 07:45:00,AST_096,BLDG_B,Compressor,28.24,66.07,4.2,5.24,15.26,62.46,57.41,5216,3,5,162,2025-07-27 07:45:00,Preventive,0,NONE,0,7,5,0,0,37.83,5.544600000000001,1,0,0
2026-01-05 08:00:00,AST_049,BLDG_C,HVAC,28.44,73.97,5.68,5.13,17.8,80.06,63.15,5546,11,2,106,2025-09-21 08:00:00,Preventive,3,NONE,0,8,5,0,0,45.53,5.1926000000000005,1,1,0
2026-01-05 08:15:00,AST_011,BLDG_A,Compressor,29.51,70.33,4.98,5.59,16.59,70.18,63.14,11294,4,5,79,2025-10-18 08:15:00,Preventive,3,E202,1,8,5,0,0,40.81999999999999,4.2738000000000005,0,1,0
2026-01-05 08:30:00,AST_085,BLDG_B,Chiller,27.55,77.69,5.69,5.53,20.25,77.86,66.21,9409,8,4,103,2025-09-24 08:30:00,Inspection,3,E202,1,8,5,0,0,50.14,5.1146,1,1,0
2026-01-05 08:45:00,AST_026,BLDG_C,Generator,28.29,62.45,2.9,6.39,12.7,58.51,54.07,7227,1,1,76,2025-10-21 08:45:00,Inspection,0,NONE,0,8,5,0,0,34.160000000000004,3.2651,0,0,0
2026-01-05 09:00:00,AST_063,BLDG_C,Motor,26.6,59.06,4.45,5.49,15.37,66.84,62.0,10666,12,3,7,2025-12-29 09:00:00,Inspection,0,NONE,0,9,5,0,1,32.46,2.5884000000000005,0,0,0
2026-01-05 09:15:00,AST_089,BLDG_C,Generator,22.9,74.91,6.22,5.16,21.74,76.92,73.89,8777,9,1,146,2025-08-12 09:15:00,Overhaul,4,E202,1,9,5,0,1,52.01,6.1772,1,1,1
2026-01-05 09:30:00,AST_086,BLDG_A,Compressor,27.71,70.29,3.96,5.49,16.87,64.51,61.03,5661,1,5,177,2025-07-12 09:30:00,Preventive,1,NONE,0,9,5,0,1,42.580000000000005,5.7691,1,1,0
2026-01-05 09:45:00,AST_059,BLDG_A,Compressor,30.9,65.31,4.29,5.96,15.55,70.56,59.81,6624,11,4,38,2025-11-28 09:45:00,Preventive,1,NONE,0,9,5,0,1,34.410000000000004,3.1816000000000004,0,0,0
2026-01-05 10:00:00,AST_027,BLDG_B,Compressor,30.06,72.28,5.32,4.8,18.78,82.38,65.41,11389,11,7,49,2025-11-17 10:00:00,Preventive,4,NONE,0,10,5,0,1,42.22,3.9318,0,1,0
2026-01-05 10:15:00,AST_049,BLDG_C,HVAC,21.02,68.4,6.04,5.08,20.38,73.79,65.98,6065,11,5,65,2025-11-01 10:15:00,Preventive,4,E202,1,10,5,0,1,47.38000000000001,4.453900000000001,0,0,1
2026-01-05 10:30:00,AST_077,BLDG_B,Pump,29.01,67.14,5.18,5.3,15.95,64.24,65.54,8912,4,4,87,2025-10-10 10:30:00,Overhaul,3,NONE,0,10,5,0,1,38.129999999999995,4.4544,0,0,0
2026-01-05 10:45:00,AST_033,BLDG_A,Compressor,24.43,71.24,5.9,5.2,18.91,89.85,70.23,7081,7,2,127,2025-08-31 10:45:00,Corrective,4,NONE,0,10,5,0,1,46.809999999999995,5.798500000000001,1,1,0
2026-01-05 11:00:00,AST_098,BLDG_A,Generator,33.57,73.32,4.35,5.49,15.52,72.17,65.45,2478,12,4,106,2025-09-21 11:00:00,Preventive,2,NONE,0,11,5,0,1,39.74999999999999,4.5817,1,1,0
2026-01-05 11:15:00,AST_099,BLDG_B,HVAC,29.31,68.48,3.43,6.19,16.1,65.57,59.03,4016,10,2,20,2025-12-16 11:15:00,Preventive,1,E202,1,11,5,0,1,39.17,2.4277,0,0,0
2026-01-05 11:30:00,AST_001,BLDG_C,Compressor,31.59,66.09,5.31,5.37,17.56,68.08,65.08,13684,1,8,70,2025-10-27 11:30:00,Corrective,4,NONE,0,11,5,0,1,34.5,4.2048000000000005,0,0,0
2026-01-05 11:45:00,AST_021,BLDG_C,Generator,28.08,71.22,5.41,4.91,17.73,81.79,63.04,10949,3,3,172,2025-07-17 11:45:00,Inspection,2,NONE,0,11,5,0,1,43.14,6.421900000000001,1,1,0
2026-01-05 12:00:00,AST_055,BLDG_C,Pump,27.74,74.32,5.26,5.21,20.11,84.79,66.43,14847,4,9,149,2025-08-09 12:00:00,Preventive,2,NONE,0,12,5,0,1,46.58,5.931900000000001,1,1,0
2026-01-05 12:15:00,AST_006,BLDG_A,Pump,33.98,75.51,5.36,4.71,17.54,69.22,66.07,5763,15,4,123,2025-09-04 12:15:00,Overhaul,2,E101,1,12,5,0,1,41.53000000000001,5.296200000000001,1,1,0
2026-01-05 12:30:00,AST_092,BLDG_A,Generator,31.89,79.36,5.75,4.92,20.08,77.44,66.45,10437,7,6,166,2025-07-23 12:30:00,Corrective,2,E303,1,12,5,0,1,47.47,6.394400000000001,1,1,0
2026-01-05 12:45:00,AST_081,BLDG_B,Pump,28.47,66.63,4.91,5.25,17.84,73.91,63.1,12418,1,5,128,2025-08-30 12:45:00,Preventive,3,E202,1,12,5,0,1,38.16,5.2631,1,0,0
2026-01-05 13:00:00,AST_069,BLDG_C,Pump,27.2,65.21,5.92,5.2,16.99,87.27,66.4,3431,12,1,148,2025-08-10 13:00:00,Inspection,2,NONE,0,13,5,0,1,38.00999999999999,6.200699999999999,1,0,0
2026-01-05 13:15:00,AST_095,BLDG_C,Compressor,21.17,73.9,5.28,5.04,16.54,80.39,62.9,3066,10,9,106,2025-09-21 13:15:00,Preventive,3,E202,1,13,5,0,1,52.730000000000004,5.0359,1,1,0
2026-01-05 13:30:00,AST_005,BLDG_C,Generator,29.3,75.47,5.48,5.52,18.31,70.14,65.55,13695,8,1,70,2025-10-27 13:30:00,Overhaul,3,NONE,0,13,5,0,1,46.17,4.2934,0,1,0
2026-01-05 13:45:00,AST_003,BLDG_A,Motor,27.5,63.74,4.31,6.38,14.61,61.8,56.86,3168,10,8,17,2025-12-19 13:45:00,Overhaul,2,NONE,0,13,5,0,1,36.24,2.682,0,0,0
2026-01-05 14:00:00,AST_053,BLDG_C,Pump,30.22,72.08,5.59,5.95,16.61,69.68,64.56,11611,8,9,115,2025-09-12 14:00:00,Inspection,1,NONE,0,14,5,0,1,41.86,5.232800000000001,1,1,0
2026-01-05 14:15:00,AST_023,BLDG_B,Compressor,31.43,75.76,6.1,5.36,20.0,80.8,70.29,14003,5,9,163,2025-07-26 14:15:00,Inspection,2,NONE,0,14,5,0,1,44.330000000000005,6.508,1,1,1
2026-01-05 14:30:00,AST_053,BLDG_C,Pump,32.93,68.85,4.78,5.49,15.58,79.02,62.09,11047,8,1,38,2025-11-28 14:30:00,Preventive,2,NONE,0,14,5,0,1,35.919999999999995,3.4622,0,0,0
2026-01-05 14:45:00,AST_037,BLDG_B,Chiller,29.35,65.26,3.63,5.94,11.95,64.9,58.13,6552,3,2,43,2025-11-23 14:45:00,Overhaul,2,NONE,0,14,5,0,1,35.910000000000004,2.961,0,0,0
2026-01-05 15:00:00,AST_074,BLDG_B,Compressor,23.81,66.31,3.99,5.74,18.04,69.7,63.34,5263,3,1,140,2025-08-18 15:00:00,Corrective,1,NONE,0,15,5,0,1,42.5,5.093,1,0,0
2026-01-05 15:15:00,AST_074,BLDG_B,Compressor,19.4,66.91,3.14,6.59,14.75,60.21,59.43,4710,3,2,124,2025-09-03 15:15:00,Inspection,0,NONE,0,15,5,0,1,47.51,4.338100000000001,1,0,0
2026-01-05 15:30:00,AST_083,BLDG_A,Compressor,24.7,70.81,5.35,5.55,19.52,73.82,63.4,10616,7,8,130,2025-08-28 15:30:00,Overhaul,0,NONE,0,15,5,0,1,46.11,5.4782,1,1,0
2026-01-05 15:45:00,AST_017,BLDG_B,Chiller,33.33,76.52,5.01,5.73,16.67,71.4,64.93,5765,12,5,59,2025-11-07 15:45:00,Overhaul,3,E303,1,15,5,0,1,43.19,3.8979999999999997,0,1,0
2026-01-05 16:00:00,AST_085,BLDG_B,Chiller,35.29,67.91,4.88,5.85,17.8,63.46,61.24,9299,8,7,31,2025-12-05 16:00:00,Inspection,3,NONE,0,16,5,0,1,32.62,3.2066,0,0,0
2026-01-05 16:15:00,AST_078,BLDG_B,Pump,27.05,69.53,4.83,5.48,18.89,75.61,62.23,11102,7,2,122,2025-09-05 16:15:00,Preventive,1,E101,1,16,5,0,1,42.480000000000004,5.1281,1,0,0
2026-01-05 16:30:00,AST_073,BLDG_A,Pump,22.16,71.13,5.37,4.94,18.26,75.43,65.27,7217,10,8,57,2025-11-09 16:30:00,Overhaul,4,E404,1,16,5,0,1,48.97,4.042300000000001,0,1,0
2026-01-05 16:45:00,AST_001,BLDG_C,Compressor,25.41,58.58,4.6,6.07,12.78,58.05,57.36,13469,1,6,43,2025-11-23 16:45:00,Corrective,0,NONE,0,16,5,0,1,33.17,3.2804999999999995,0,0,0
2026-01-05 17:00:00,AST_051,BLDG_B,Chiller,32.55,77.42,5.52,5.2,18.84,85.71,64.62,6898,15,8,69,2025-10-28 17:00:00,Overhaul,3,E404,1,17,5,0,1,44.870000000000005,4.4451,0,1,0
2026-01-05 17:15:00,AST_045,BLDG_C,Generator,25.64,71.12,5.53,5.81,18.31,68.83,64.51,13799,4,1,149,2025-08-09 17:15:00,Inspection,0,NONE,0,17,5,0,1,45.480000000000004,5.8803,1,1,0
2026-01-05 17:30:00,AST_077,BLDG_B,Pump,30.36,69.26,4.89,5.55,18.0,74.92,62.03,8670,4,1,162,2025-07-27 17:30:00,Preventive,1,NONE,0,17,5,0,1,38.900000000000006,5.9452,1,0,0
2026-01-05 17:45:00,AST_004,BLDG_A,Generator,28.67,66.23,4.43,5.55,15.76,65.46,61.77,6617,12,7,17,2025-12-19 17:45:00,Preventive,1,NONE,0,17,5,0,1,37.56,2.7666,0,0,0
2026-01-05 18:00:00,AST_062,BLDG_A,Generator,30.84,73.62,5.38,5.77,18.47,79.89,62.67,6475,9,8,25,2025-12-11 18:00:00,Corrective,4,NONE,0,18,5,0,0,42.78,3.4509000000000003,0,1,0
2026-01-05 18:15:00,AST_065,BLDG_A,HVAC,35.27,77.37,6.85,4.69,22.29,82.62,70.25,14494,6,3,151,2025-08-07 18:15:00,Inspection,4,E101,1,18,5,0,0,42.1,6.5862,1,1,1
2026-01-05 18:30:00,AST_032,BLDG_C,Pump,30.36,67.64,3.43,5.48,13.78,54.86,54.94,3888,6,5,57,2025-11-09 18:30:00,Preventive,1,E101,1,18,5,0,0,37.28,3.0606,0,0,0
2026-01-05 18:45:00,AST_034,BLDG_C,Compressor,28.59,63.11,3.44,6.22,12.47,66.94,54.94,1267,5,1,23,2025-12-13 18:45:00,Corrective,3,NONE,0,18,5,0,0,34.519999999999996,2.5054,0,0,0
2026-01-05 19:00:00,AST_092,BLDG_A,Generator,35.71,70.34,4.13,5.97,15.99,74.98,62.15,10955,7,7,61,2025-11-05 19:00:00,Preventive,0,NONE,0,19,5,0,0,34.63,3.6218000000000004,0,1,0
2026-01-05 19:15:00,AST_095,BLDG_C,Compressor,29.4,66.04,4.6,5.74,14.34,63.57,59.01,2531,10,5,29,2025-12-07 19:15:00,Inspection,2,E202,1,19,5,0,0,36.64000000000001,3.0557,0,0,0
2026-01-05 19:30:00,AST_072,BLDG_B,Chiller,24.83,74.61,4.44,5.47,17.58,75.62,63.59,11716,3,8,35,2025-12-01 19:30:00,Preventive,4,NONE,0,19,5,0,0,49.78,3.2322000000000006,0,1,0
2026-01-05 19:45:00,AST_039,BLDG_A,Compressor,30.75,67.76,4.22,5.74,18.76,72.09,65.5,13505,2,8,85,2025-10-12 19:45:00,Preventive,2,NONE,0,19,5,0,0,37.010000000000005,4.1089,0,0,0
2026-01-05 20:00:00,AST_026,BLDG_C,Generator,29.79,63.54,3.13,6.13,15.29,62.37,54.89,6799,1,9,27,2025-12-09 20:00:00,Preventive,3,NONE,0,20,5,0,0,33.75,2.4157,0,0,0
2026-01-05 20:15:00,AST_034,BLDG_C,Compressor,26.77,61.67,3.69,5.53,16.93,70.32,60.09,1492,5,7,36,2025-11-30 20:15:00,Preventive,4,NONE,0,20,5,0,0,34.900000000000006,2.8991999999999996,0,0,0
2026-01-05 20:30:00,AST_054,BLDG_C,HVAC,25.93,64.48,4.72,6.04,15.15,65.1,57.56,7969,5,1,78,2025-10-19 20:30:00,Preventive,2,NONE,0,20,5,0,0,38.550000000000004,4.099,0,0,0
2026-01-05 20:45:00,AST_003,BLDG_A,Motor,26.81,68.2,4.5,6.25,17.17,67.74,58.85,3274,10,3,14,2025-12-22 20:45:00,Preventive,3,NONE,0,20,5,0,0,41.39,2.7574000000000005,0,0,0
2026-01-05 21:00:00,AST_050,BLDG_B,Compressor,25.87,67.12,3.31,6.01,16.34,64.27,54.36,11475,1,8,58,2025-11-08 21:00:00,Preventive,0,NONE,0,21,5,0,0,41.25,3.1266999999999996,0,0,0
2026-01-05 21:15:00,AST_012,BLDG_C,Motor,26.94,68.4,4.2,5.36,15.87,68.5,61.31,8523,1,3,56,2025-11-10 21:15:00,Overhaul,3,E303,1,21,5,0,0,41.46000000000001,3.4850000000000003,0,0,0
2026-01-05 21:30:00,AST_065,BLDG_A,HVAC,24.63,76.84,6.41,4.92,24.14,80.17,66.92,14731,6,8,152,2025-08-06 21:30:00,Inspection,4,NONE,0,21,5,0,0,52.21000000000001,6.4057,1,1,1
2026-01-05 21:45:00,AST_054,BLDG_C,HVAC,29.54,67.51,4.49,5.4,16.15,81.84,61.9,7052,5,1,164,2025-07-25 21:45:00,Preventive,1,NONE,0,21,5,0,0,37.970000000000006,5.894400000000001,1,0,0
2026-01-05 22:00:00,AST_005,BLDG_C,Generator,29.24,73.09,5.33,5.58,17.0,79.62,61.22,13242,8,5,118,2025-09-09 22:00:00,Overhaul,0,E404,1,22,5,0,0,43.85000000000001,5.2882,1,1,0
2026-01-05 22:15:00,AST_094,BLDG_C,HVAC,29.38,69.71,5.77,5.88,19.15,80.05,63.02,11966,14,4,18,2025-12-18 22:15:00,Preventive,2,E101,1,22,5,0,0,40.33,3.4684999999999997,0,0,0
2026-01-05 22:30:00,AST_094,BLDG_C,HVAC,27.75,77.54,7.39,4.02,23.05,96.13,72.57,12616,14,5,160,2025-07-29 22:30:00,Corrective,4,E202,1,22,5,0,0,49.790000000000006,7.1173,1,1,1
2026-01-05 22:45:00,AST_057,BLDG_A,Pump,27.29,64.5,4.51,5.76,14.33,66.01,61.08,2393,6,8,114,2025-09-13 22:45:00,Corrective,1,NONE,0,22,5,0,0,37.21,4.7441,1,0,0
2026-01-05 23:00:00,AST_017,BLDG_B,Chiller,33.77,67.28,5.55,5.36,18.71,72.03,63.25,6100,12,4,57,2025-11-09 23:00:00,Preventive,3,NONE,0,23,5,0,0,33.51,4.0803,0,0,0
2026-01-05 23:15:00,AST_047,BLDG_A,Pump,28.27,68.92,6.1,5.59,19.08,70.51,68.76,7612,11,4,156,2025-08-02 23:15:00,Preventive,1,E101,1,23,5,0,0,40.650000000000006,6.2651,1,0,1
2026-01-05 23:30:00,AST_023,BLDG_B,Compressor,33.06,80.12,5.86,5.97,18.87,75.2,71.02,14368,5,3,83,2025-10-14 23:30:00,Preventive,4,NONE,0,23,5,0,0,47.06,4.756,0,1,0
2026-01-05 23:45:00,AST_079,BLDG_B,Compressor,24.01,62.49,4.93,5.82,16.43,63.53,64.63,6636,4,7,26,2025-12-10 23:45:00,Preventive,4,NONE,0,23,5,0,0,38.480000000000004,3.1273,0,0,0
2026-01-06 00:00:00,AST_085,BLDG_B,Chiller,30.36,64.03,4.93,5.45,16.62,64.48,59.3,8998,8,3,34,2025-12-03 00:00:00,Inspection,1,NONE,0,0,6,1,0,33.67,3.2968,0,0,0
2026-01-06 00:15:00,AST_014,BLDG_A,Generator,25.06,65.56,3.95,5.8,14.83,68.05,59.53,11561,1,3,8,2025-12-29 00:15:00,Preventive,3,NONE,0,0,6,1,0,40.5,2.4205,0,0,0
2026-01-06 00:30:00,AST_066,BLDG_A,Compressor,25.78,68.09,4.56,5.47,17.29,74.57,62.09,5418,13,5,63,2025-11-04 00:30:00,Preventive,1,E404,1,0,6,1,0,42.31,3.8297,0,0,0
2026-01-06 00:45:00,AST_075,BLDG_A,Chiller,26.35,69.01,4.67,5.68,16.46,76.95,62.28,2020,15,5,12,2025-12-25 00:45:00,Preventive,4,E202,1,0,6,1,0,42.660000000000004,2.8775000000000004,0,0,0
2026-01-06 01:00:00,AST_051,BLDG_B,Chiller,26.1,67.12,5.21,5.33,17.99,70.55,66.45,6875,15,6,16,2025-12-21 01:00:00,Preventive,4,NONE,0,1,6,1,0,41.02,3.1095,0,0,0
2026-01-06 01:15:00,AST_038,BLDG_C,Motor,26.12,74.98,5.38,4.91,20.5,80.94,64.46,6405,14,8,123,2025-09-05 01:15:00,Corrective,2,NONE,0,1,6,1,0,48.86,5.4214,1,1,0
2026-01-06 01:30:00,AST_064,BLDG_C,Chiller,32.87,75.22,5.91,4.78,20.79,85.89,64.36,9642,11,6,163,2025-07-27 01:30:00,Preventive,2,E404,1,1,6,1,0,42.35,6.482900000000001,1,1,0
2026-01-06 01:45:00,AST_098,BLDG_A,Generator,28.18,66.77,3.62,6.04,12.07,61.73,58.1,2173,12,1,38,2025-11-29 01:45:00,Inspection,0,NONE,0,1,6,1,0,38.589999999999996,2.8253000000000004,0,0,0
2026-01-06 02:00:00,AST_038,BLDG_C,Motor,28.9,72.93,5.74,5.01,19.21,84.97,66.62,5472,14,8,86,2025-10-12 02:00:00,Preventive,4,E404,1,2,6,1,0,44.03000000000001,4.8657,0,1,0
2026-01-06 02:15:00,AST_050,BLDG_B,Compressor,26.17,70.15,4.65,5.67,17.16,74.1,59.19,10792,1,8,102,2025-09-26 02:15:00,Preventive,2,E303,1,2,6,1,0,43.980000000000004,4.641,1,1,0
2026-01-06 02:30:00,AST_098,BLDG_A,Generator,31.43,73.2,4.88,5.6,17.22,64.83,60.4,2283,12,9,131,2025-08-28 02:30:00,Inspection,1,NONE,0,2,6,1,0,41.77,5.2203,1,1,0
2026-01-06 02:45:00,AST_082,BLDG_C,Chiller,29.42,70.64,5.17,5.66,18.97,85.63,67.48,9313,8,9,79,2025-10-19 02:45:00,Preventive,3,NONE,0,2,6,1,0,41.22,4.504300000000001,0,1,0
2026-01-06 03:00:00,AST_030,BLDG_B,Motor,26.76,68.83,4.26,5.71,16.11,64.33,60.87,9793,2,2,109,2025-09-19 03:00:00,Corrective,1,E404,1,3,6,1,0,42.06999999999999,4.5273,1,0,0
2026-01-06 03:15:00,AST_079,BLDG_B,Compressor,21.66,62.16,4.13,5.66,15.87,72.89,57.02,6714,4,2,53,2025-11-14 03:15:00,Inspection,3,NONE,0,3,6,1,0,40.5,3.4409,0,0,0
2026-01-06 03:30:00,AST_091,BLDG_A,Pump,28.87,67.85,4.19,5.47,15.79,72.57,57.6,9036,2,3,83,2025-10-15 03:30:00,Preventive,2,E101,1,3,6,1,0,38.97999999999999,4.0617,0,0,0
2026-01-06 03:45:00,AST_051,BLDG_B,Chiller,30.3,73.29,4.64,5.48,18.64,65.87,62.07,6233,15,1,97,2025-10-01 03:45:00,Preventive,0,NONE,0,3,6,1,0,42.99000000000001,4.4547,1,1,0
2026-01-06 04:00:00,AST_063,BLDG_C,Motor,24.08,74.76,6.07,5.12,20.55,80.05,68.39,10713,12,4,158,2025-08-01 04:00:00,Preventive,1,NONE,0,4,6,1,0,50.68000000000001,6.3885000000000005,1,1,1
2026-01-06 04:15:00,AST_098,BLDG_A,Generator,26.82,70.19,3.5,5.62,15.22,68.74,55.88,2099,12,4,22,2025-12-15 04:15:00,Preventive,1,NONE,0,4,6,1,0,43.37,2.5274,0,1,0
2026-01-06 04:30:00,AST_052,BLDG_A,Pump,30.15,68.57,3.8,5.76,15.9,61.22,59.25,5852,6,9,100,2025-09-28 04:30:00,Preventive,1,E303,1,4,6,1,0,38.419999999999995,4.1322,1,0,0
2026-01-06 04:45:00,AST_038,BLDG_C,Motor,21.72,68.5,5.44,5.69,17.33,74.48,64.22,5472,14,9,42,2025-11-25 04:45:00,Preventive,3,NONE,0,4,6,1,0,46.78,3.7608,0,0,0
2026-01-06 05:00:00,AST_097,BLDG_C,Compressor,25.4,78.05,5.59,5.5,17.93,79.86,64.87,12615,7,9,91,2025-10-07 05:00:00,Preventive,2,NONE,0,5,6,1,0,52.65,4.8546000000000005,1,1,0
2026-01-06 05:15:00,AST_088,BLDG_A,Chiller,29.51,77.44,6.08,5.3,20.27,82.25,61.19,13284,12,7,92,2025-10-06 05:15:00,Corrective,1,NONE,0,5,6,1,0,47.92999999999999,5.0945,1,1,1
2026-01-06 05:30:00,AST_079,BLDG_B,Compressor,32.42,61.52,3.34,6.21,15.88,62.15,57.87,7348,4,2,54,2025-11-13 05:30:00,Inspection,1,NONE,0,5,6,1,0,29.1,3.0375,0,0,0
2026-01-06 05:45:00,AST_030,BLDG_B,Motor,36.74,61.59,2.82,6.22,12.4,67.27,50.9,9733,2,5,12,2025-12-25 05:45:00,Corrective,0,NONE,0,5,6,1,0,24.85,2.0407,0,0,0
2026-01-06 06:00:00,AST_051,BLDG_B,Chiller,35.83,72.16,5.73,5.04,19.02,83.22,65.22,6172,15,4,173,2025-07-17 06:00:00,Preventive,0,NONE,0,6,6,1,0,36.33,6.5842,1,1,0
2026-01-06 06:15:00,AST_081,BLDG_B,Pump,28.58,72.24,4.94,5.77,18.34,74.44,62.48,12474,1,8,138,2025-08-21 06:15:00,Preventive,2,NONE,0,6,6,1,0,43.66,5.4804,1,1,0
2026-01-06 06:30:00,AST_005,BLDG_C,Generator,26.06,72.52,5.57,5.55,18.81,71.56,62.41,13061,8,2,73,2025-10-25 06:30:00,Inspection,2,NONE,0,6,6,1,0,46.459999999999994,4.4036,0,1,0
2026-01-06 06:45:00,AST_029,BLDG_C,HVAC,31.69,78.39,6.59,4.71,21.04,75.76,70.74,13450,2,6,176,2025-07-14 06:45:00,Corrective,4,NONE,0,6,6,1,0,46.7,6.913600000000001,1,1,1
2026-01-06 07:00:00,AST_004,BLDG_A,Generator,25.83,64.88,5.05,5.08,15.92,73.64,60.26,6590,12,5,125,2025-09-03 07:00:00,Inspection,0,NONE,0,7,6,1,0,39.05,5.2564,1,0,0
2026-01-06 07:15:00,AST_010,BLDG_C,Generator,24.95,70.1,6.08,5.07,17.32,83.51,64.41,8249,9,2,68,2025-10-30 07:15:00,Preventive,4,NONE,0,7,6,1,0,45.14999999999999,4.6271,0,1,1
2026-01-06 07:30:00,AST_056,BLDG_A,Generator,26.78,73.93,6.3,5.18,21.21,78.68,69.36,14798,2,1,161,2025-07-29 07:30:00,Corrective,3,NONE,0,7,6,1,0,47.150000000000006,6.5268,1,1,1
2026-01-06 07:45:00,AST_017,BLDG_B,Chiller,26.28,71.72,6.62,4.67,22.66,78.26,68.6,6069,12,8,160,2025-07-30 07:45:00,Corrective,4,NONE,0,7,6,1,0,45.44,6.6306,1,1,1
2026-01-06 08:00:00,AST_074,BLDG_B,Compressor,29.65,64.65,4.1,5.94,13.93,71.26,57.9,4924,3,2,143,2025-08-16 08:00:00,Preventive,1,NONE,0,8,6,1,0,35.00000000000001,5.2126,1,0,0
2026-01-06 08:15:00,AST_017,BLDG_B,Chiller,25.59,78.15,6.21,5.32,20.15,81.42,67.83,6314,12,7,125,2025-09-03 08:15:00,Preventive,4,E202,1,8,6,1,0,52.56,5.7982,1,1,1
2026-01-06 08:30:00,AST_084,BLDG_C,Chiller,28.34,65.39,4.44,5.56,18.07,73.86,63.27,14626,2,9,69,2025-10-29 08:30:00,Corrective,2,NONE,0,8,6,1,0,37.05,3.8946000000000005,0,0,0
2026-01-06 08:45:00,AST_088,BLDG_A,Chiller,34.38,81.9,5.94,4.89,18.19,79.88,72.56,13092,12,9,111,2025-09-17 08:45:00,Preventive,3,E202,1,8,6,1,0,47.52,5.3948,1,1,0
2026-01-06 09:00:00,AST_069,BLDG_C,Pump,28.49,73.17,5.24,5.64,16.37,71.13,61.45,3055,12,8,151,2025-08-08 09:00:00,Preventive,1,E202,1,9,6,1,1,44.68000000000001,5.8273,1,1,0
2026-01-06 09:15:00,AST_034,BLDG_C,Compressor,34.07,70.99,5.48,5.21,17.49,70.15,61.49,1654,5,9,141,2025-08-18 09:15:00,Inspection,4,NONE,0,9,6,1,1,36.919999999999995,5.7135,1,1,0
2026-01-06 09:30:00,AST_006,BLDG_A,Pump,32.81,76.15,6.42,4.65,20.07,84.85,69.02,5892,15,2,159,2025-07-31 09:30:00,Overhaul,3,E404,1,9,6,1,1,43.34,6.596500000000001,1,1,1
2026-01-06 09:45:00,AST_053,BLDG_C,Pump,30.37,78.79,6.98,5.07,20.81,79.99,69.58,11411,8,6,166,2025-07-24 09:45:00,Preventive,3,E101,1,9,6,1,1,48.42,6.911900000000001,1,1,1
2026-01-06 10:00:00,AST_066,BLDG_A,Compressor,26.58,70.32,5.55,5.25,20.58,79.42,64.1,4615,13,4,176,2025-07-14 10:00:00,Preventive,1,NONE,0,10,6,1,1,43.739999999999995,6.5342,1,1,0
2026-01-06 10:15:00,AST_077,BLDG_B,Pump,32.16,70.72,4.67,5.38,17.24,71.68,65.9,8377,4,4,104,2025-09-24 10:15:00,Preventive,4,NONE,0,10,6,1,1,38.56,4.6648000000000005,1,1,0
2026-01-06 10:30:00,AST_043,BLDG_C,Generator,27.0,66.85,4.66,5.79,16.14,70.72,58.32,2146,6,5,86,2025-10-12 10:30:00,Inspection,3,NONE,0,10,6,1,1,39.849999999999994,4.2912,0,0,0
2026-01-06 10:45:00,AST_075,BLDG_A,Chiller,27.99,68.74,5.78,5.34,19.12,82.12,63.27,1891,15,3,147,2025-08-12 10:45:00,Preventive,3,E303,1,10,6,1,1,40.75,6.0732,1,0,0
2026-01-06 11:00:00,AST_023,BLDG_B,Compressor,29.32,63.66,4.64,5.91,16.14,69.6,61.02,14336,5,1,55,2025-11-12 11:00:00,Overhaul,0,NONE,0,11,6,1,1,34.339999999999996,3.6519999999999997,0,0,0
2026-01-06 11:15:00,AST_055,BLDG_C,Pump,27.98,74.45,5.78,5.09,20.13,84.95,69.54,15402,4,8,145,2025-08-14 11:15:00,Preventive,3,NONE,0,11,6,1,1,46.47,6.0615000000000006,1,1,0
2026-01-06 11:30:00,AST_080,BLDG_C,Pump,25.12,70.47,5.14,5.81,20.66,70.09,65.09,13746,9,5,87,2025-10-11 11:30:00,Preventive,0,E202,1,11,6,1,1,45.349999999999994,4.4969,0,1,0
2026-01-06 11:45:00,AST_095,BLDG_C,Compressor,21.89,68.4,5.17,5.71,20.25,78.86,60.95,2201,10,3,116,2025-09-12 11:45:00,Corrective,4,E101,1,11,6,1,1,46.510000000000005,5.1766000000000005,1,0,0
2026-01-06 12:00:00,AST_075,BLDG_A,Chiller,31.84,72.45,5.53,5.86,16.6,76.64,63.65,1971,15,7,60,2025-11-07 12:00:00,Inspection,4,E202,1,12,6,1,1,40.61,4.1784,0,1,0
2026-01-06 12:15:00,AST_016,BLDG_A,Compressor,30.28,67.93,5.59,5.22,17.12,70.55,63.89,2710,4,7,169,2025-07-21 12:15:00,Preventive,4,NONE,0,12,6,1,1,37.650000000000006,6.3215,1,0,0
2026-01-06 12:30:00,AST_008,BLDG_C,Motor,21.12,75.47,6.32,5.63,18.99,70.25,71.37,15296,6,1,149,2025-08-10 12:30:00,Preventive,2,E202,1,12,6,1,1,54.349999999999994,6.210500000000001,1,1,1
2026-01-06 12:45:00,AST_004,BLDG_A,Generator,25.01,77.1,6.73,4.5,19.67,74.98,69.98,7183,12,9,161,2025-07-29 12:45:00,Overhaul,4,E303,1,12,6,1,1,52.08999999999999,6.6618,1,1,1
2026-01-06 13:00:00,AST_004,BLDG_A,Generator,28.72,76.55,5.82,5.42,18.66,69.86,65.91,6453,12,2,165,2025-07-25 13:00:00,Preventive,3,E404,1,13,6,1,1,47.83,6.326600000000001,1,1,0
2026-01-06 13:15:00,AST_056,BLDG_A,Generator,29.77,69.32,4.71,5.58,16.11,71.12,61.25,14980,2,5,64,2025-11-03 13:15:00,Inspection,1,NONE,0,13,6,1,1,39.55,3.8752000000000004,0,0,0
2026-01-06 13:30:00,AST_025,BLDG_C,Chiller,21.93,64.38,4.36,5.91,14.46,64.43,61.32,3073,8,5,124,2025-09-04 13:30:00,Preventive,0,NONE,0,13,6,1,1,42.449999999999996,4.8683,1,0,0
2026-01-06 13:45:00,AST_067,BLDG_C,Pump,27.64,65.34,3.85,5.84,14.75,67.89,61.83,2438,3,8,142,2025-08-17 13:45:00,Inspection,2,NONE,0,13,6,1,1,37.7,5.0588999999999995,1,0,0
2026-01-06 14:00:00,AST_096,BLDG_B,Compressor,30.16,75.88,5.27,5.03,21.18,75.37,66.64,5115,3,8,179,2025-07-11 14:00:00,Corrective,4,NONE,0,14,6,1,1,45.72,6.4417,1,1,0
2026-01-06 14:15:00,AST_067,BLDG_C,Pump,26.59,64.87,4.17,6.04,14.11,67.65,58.35,2407,3,7,27,2025-12-10 14:15:00,Preventive,4,NONE,0,14,6,1,1,38.28,2.8845,0,0,0
2026-01-06 14:30:00,AST_027,BLDG_B,Compressor,29.02,73.75,5.84,4.91,18.92,81.42,62.38,11073,11,7,153,2025-08-06 14:30:00,Inspection,1,E303,1,14,6,1,1,44.730000000000004,6.2102,1,1,0
2026-01-06 14:45:00,AST_093,BLDG_A,Pump,26.05,66.14,3.91,5.53,16.71,67.68,59.7,3874,15,6,17,2025-12-20 14:45:00,Preventive,1,NONE,0,14,6,1,1,40.09,2.5808,0,0,0
2026-01-06 15:00:00,AST_032,BLDG_C,Pump,31.64,68.26,4.5,5.75,15.68,69.16,60.78,4107,6,6,105,2025-09-23 15:00:00,Preventive,2,E404,1,15,6,1,1,36.620000000000005,4.5916,1,0,0
2026-01-06 15:15:00,AST_050,BLDG_B,Compressor,24.8,66.85,4.33,6.09,15.14,70.34,60.76,11418,1,9,165,2025-07-25 15:15:00,Corrective,0,NONE,0,15,6,1,1,42.05,5.7354,1,0,0
2026-01-06 15:30:00,AST_061,BLDG_C,Compressor,23.43,68.64,4.75,5.57,16.53,77.46,63.08,12008,1,6,28,2025-12-09 15:30:00,Preventive,4,E404,1,15,6,1,1,45.21,3.2346,0,0,0
2026-01-06 15:45:00,AST_051,BLDG_B,Chiller,28.12,70.99,5.63,5.41,21.56,67.43,65.95,6266,15,2,112,2025-09-16 15:45:00,Corrective,2,E101,1,15,6,1,1,42.86999999999999,5.166300000000001,1,1,0
2026-01-06 16:00:00,AST_019,BLDG_B,Pump,22.27,63.76,4.27,5.55,15.6,65.18,59.61,7454,7,2,15,2025-12-22 16:00:00,Preventive,3,NONE,0,16,6,1,1,41.489999999999995,2.6597999999999997,0,0,0
2026-01-06 16:15:00,AST_021,BLDG_C,Generator,19.58,66.97,4.85,5.41,15.24,73.34,62.76,11605,3,5,21,2025-12-16 16:15:00,Preventive,3,NONE,0,16,6,1,1,47.39,3.0934,0,0,0
2026-01-06 16:30:00,AST_005,BLDG_C,Generator,32.33,76.93,5.58,4.99,21.11,87.35,68.38,13503,8,4,179,2025-07-11 16:30:00,Preventive,2,NONE,0,16,6,1,1,44.60000000000001,6.6855,1,1,0
2026-01-06 16:45:00,AST_082,BLDG_C,Chiller,24.06,72.64,5.47,5.82,17.73,76.44,64.33,9984,8,2,29,2025-12-08 16:45:00,Preventive,4,E404,1,16,6,1,1,48.58,3.5324,0,1,0
2026-01-06 17:00:00,AST_092,BLDG_A,Generator,22.67,70.75,5.58,5.45,21.32,73.17,65.86,10958,7,3,98,2025-09-30 17:00:00,Preventive,2,E404,1,17,6,1,1,48.08,4.9237,1,1,0
2026-01-06 17:15:00,AST_042,BLDG_C,Motor,24.75,71.49,5.64,5.34,18.4,87.33,64.66,13277,10,7,25,2025-12-12 17:15:00,Inspection,4,NONE,0,17,6,1,1,46.739999999999995,3.6292999999999997,0,1,0
2026-01-06 17:30:00,AST_061,BLDG_C,Compressor,24.57,67.69,4.65,6.16,18.14,69.06,57.87,12888,1,8,88,2025-10-10 17:30:00,Overhaul,1,NONE,0,17,6,1,1,43.12,4.3106,0,0,0
2026-01-06 17:45:00,AST_022,BLDG_A,HVAC,27.43,74.05,4.95,5.37,19.5,74.46,66.92,13406,1,6,144,2025-08-15 17:45:00,Inspection,2,NONE,0,17,6,1,1,46.62,5.6046,1,1,0
2026-01-06 18:00:00,AST_021,BLDG_C,Generator,23.63,69.94,4.75,5.47,17.0,79.03,61.73,11412,3,5,41,2025-11-26 18:00:00,Preventive,4,E101,1,18,6,1,0,46.31,3.5103,0,0,0
2026-01-06 18:15:00,AST_070,BLDG_B,Chiller,29.99,69.82,4.18,5.85,16.32,71.36,62.04,4481,11,1,46,2025-11-21 18:15:00,Preventive,2,NONE,0,18,6,1,0,39.83,3.3056,0,0,0
2026-01-06 18:30:00,AST_001,BLDG_C,Compressor,30.58,71.68,5.67,5.52,16.99,79.39,60.91,13501,1,8,149,2025-08-10 18:30:00,Preventive,2,NONE,0,18,6,1,0,41.10000000000001,6.0419,1,1,0
2026-01-06 18:45:00,AST_005,BLDG_C,Generator,22.9,77.1,5.76,4.56,19.8,86.62,63.88,13027,8,3,105,2025-09-23 18:45:00,Preventive,4,NONE,0,18,6,1,0,54.199999999999996,5.2702,1,1,0
2026-01-06 19:00:00,AST_012,BLDG_C,Motor,25.53,65.91,5.1,5.78,16.03,67.61,61.71,8632,1,6,52,2025-11-15 19:00:00,Corrective,4,NONE,0,19,6,1,0,40.379999999999995,3.7561,0,0,0
2026-01-06 19:15:00,AST_090,BLDG_B,Generator,25.91,68.89,4.56,5.64,16.97,79.19,61.32,9224,9,3,107,2025-09-21 19:15:00,Preventive,0,NONE,0,19,6,1,0,42.980000000000004,4.7559000000000005,1,0,0
2026-01-06 19:30:00,AST_046,BLDG_C,HVAC,27.34,73.95,4.68,5.53,14.65,56.72,61.44,9711,7,7,32,2025-12-05 19:30:00,Preventive,2,NONE,0,19,6,1,0,46.61,3.0792,0,1,0
2026-01-06 19:45:00,AST_034,BLDG_C,Compressor,32.33,66.96,3.91,6.03,15.14,54.4,61.28,1320,5,7,45,2025-11-22 19:45:00,Overhaul,3,NONE,0,19,6,1,0,34.629999999999995,3.008,0,0,0
2026-01-06 20:00:00,AST_049,BLDG_C,HVAC,32.56,71.06,5.28,5.11,17.81,70.55,61.5,6358,11,9,103,2025-09-25 20:00:00,Preventive,2,NONE,0,20,6,1,0,38.5,4.8774999999999995,1,1,0
2026-01-06 20:15:00,AST_078,BLDG_B,Pump,38.0,70.49,4.57,5.22,17.5,68.96,62.13,10850,7,5,51,2025-11-16 20:15:00,Preventive,2,E202,1,20,6,1,0,32.489999999999995,3.5376000000000003,0,1,0
2026-01-06 20:30:00,AST_090,BLDG_B,Generator,18.92,74.13,6.97,4.86,21.45,84.18,72.53,9655,9,8,150,2025-08-09 20:30:00,Preventive,4,E202,1,20,6,1,0,55.209999999999994,6.6298,1,1,1
2026-01-06 20:45:00,AST_045,BLDG_C,Generator,24.3,72.8,5.19,5.57,18.03,71.45,62.41,14114,4,8,109,2025-09-19 20:45:00,Preventive,2,NONE,0,20,6,1,0,48.5,4.9705,1,1,0
2026-01-06 21:00:00,AST_027,BLDG_B,Compressor,35.26,76.51,5.76,4.98,20.25,78.94,66.16,11001,11,1,128,2025-08-31 21:00:00,Inspection,2,E303,1,21,6,1,0,41.25000000000001,5.6533999999999995,1,1,0
2026-01-06 21:15:00,AST_073,BLDG_A,Pump,20.8,65.57,5.07,5.36,16.89,69.96,58.46,7569,10,5,17,2025-12-20 21:15:00,Preventive,3,E404,1,21,6,1,0,44.769999999999996,3.0675999999999997,0,0,0
2026-01-06 21:30:00,AST_026,BLDG_C,Generator,35.17,71.14,5.28,5.2,18.88,83.98,68.45,6864,1,3,145,2025-08-14 21:30:00,Preventive,4,NONE,0,21,6,1,0,35.97,5.851800000000001,1,1,0
2026-01-06 21:45:00,AST_047,BLDG_A,Pump,28.59,71.94,5.81,5.5,18.59,70.6,60.01,7165,11,1,104,2025-09-24 21:45:00,Preventive,2,NONE,0,21,6,1,0,43.349999999999994,5.109999999999999,1,1,0
2026-01-06 22:00:00,AST_086,BLDG_A,Compressor,28.74,61.78,2.99,6.77,13.46,51.31,56.08,6055,1,4,35,2025-12-02 22:00:00,Preventive,1,NONE,0,22,6,1,0,33.040000000000006,2.4091000000000005,0,0,0
2026-01-06 22:15:00,AST_056,BLDG_A,Generator,22.88,68.89,4.55,5.79,16.89,76.65,59.39,14900,2,8,134,2025-08-25 22:15:00,Preventive,0,NONE,0,22,6,1,0,46.010000000000005,5.266500000000001,1,0,0
2026-01-06 22:30:00,AST_094,BLDG_C,HVAC,26.2,75.33,5.91,5.48,20.8,74.16,64.38,12301,14,3,20,2025-12-17 22:30:00,Inspection,3,NONE,0,22,6,1,0,49.129999999999995,3.5056000000000003,0,1,0
2026-01-06 22:45:00,AST_063,BLDG_C,Motor,34.99,83.63,6.02,4.73,20.52,79.64,70.19,10378,12,2,141,2025-08-18 22:45:00,Inspection,2,NONE,0,22,6,1,0,48.63999999999999,6.0244,1,1,1
2026-01-06 23:00:00,AST_048,BLDG_C,Compressor,27.81,64.09,4.27,5.7,14.81,65.96,59.31,8167,8,9,77,2025-10-21 23:00:00,Inspection,1,NONE,0,23,6,1,0,36.28,3.9076,0,0,0
2026-01-06 23:15:00,AST_061,BLDG_C,Compressor,26.22,73.32,5.77,5.55,17.96,79.25,66.35,12920,1,5,170,2025-07-20 23:15:00,Preventive,2,E303,1,23,6,1,0,47.099999999999994,6.5005,1,1,0
2026-01-06 23:30:00,AST_081,BLDG_B,Pump,29.62,68.11,5.05,5.4,15.96,61.82,63.22,13089,1,7,58,2025-11-09 23:30:00,Inspection,2,E303,1,23,6,1,0,38.489999999999995,3.7981999999999996,0,0,0
2026-01-06 23:45:00,AST_026,BLDG_C,Generator,27.23,64.5,4.75,5.4,17.15,57.47,62.71,6950,1,2,104,2025-09-24 23:45:00,Corrective,4,NONE,0,23,6,1,0,37.269999999999996,4.5547,1,0,0
2026-01-07 00:00:00,AST_036,BLDG_C,Chiller,29.38,71.94,4.3,5.89,16.95,76.69,63.25,4532,1,9,113,2025-09-16 00:00:00,Preventive,4,E404,1,0,7,2,0,42.56,4.7469,1,1,0
2026-01-07 00:15:00,AST_001,BLDG_C,Compressor,24.6,72.08,5.38,5.38,17.31,76.55,65.04,13169,1,9,91,2025-10-08 00:15:00,Corrective,4,E303,1,0,7,2,0,47.48,4.7375,1,1,0
2026-01-07 00:30:00,AST_008,BLDG_C,Motor,27.69,76.14,6.17,4.84,19.53,84.19,67.48,14692,6,4,177,2025-07-14 00:30:00,Preventive,1,E303,1,0,7,2,0,48.45,6.8499,1,1,1
2026-01-07 00:45:00,AST_099,BLDG_B,HVAC,25.44,66.71,5.46,4.93,17.92,81.21,63.33,3363,10,4,166,2025-07-25 00:45:00,Preventive,2,NONE,0,0,7,2,0,41.269999999999996,6.3161000000000005,1,0,0
2026-01-07 01:00:00,AST_052,BLDG_A,Pump,20.78,64.51,4.69,6.15,17.23,63.21,63.72,5975,6,6,141,2025-08-19 01:00:00,Inspection,0,NONE,0,1,7,2,0,43.730000000000004,5.3281,1,0,0
2026-01-07 01:15:00,AST_079,BLDG_B,Compressor,29.93,63.22,4.17,5.44,14.03,65.96,59.92,6877,4,6,12,2025-12-26 01:15:00,Preventive,3,NONE,0,1,7,2,0,33.29,2.5676000000000005,0,0,0
2026-01-07 01:30:00,AST_047,BLDG_A,Pump,23.06,74.58,4.71,5.62,17.68,75.63,64.45,6894,11,1,11,2025-12-27 01:30:00,Corrective,4,E101,1,1,7,2,0,51.519999999999996,2.8603,0,1,0
2026-01-07 01:45:00,AST_056,BLDG_A,Generator,27.34,74.04,5.14,5.23,17.35,73.98,65.89,15361,2,9,40,2025-11-28 01:45:00,Preventive,4,NONE,0,1,7,2,0,46.7,3.5957999999999997,0,1,0
2026-01-07 02:00:00,AST_086,BLDG_A,Compressor,31.7,61.89,2.81,6.49,16.07,59.94,54.31,6505,1,2,22,2025-12-16 02:00:00,Inspection,2,NONE,0,2,7,2,0,30.19,2.1634,0,0,0
2026-01-07 02:15:00,AST_014,BLDG_A,Generator,22.01,59.13,4.11,5.79,16.24,63.14,59.33,11357,1,5,7,2025-12-31 02:15:00,Overhaul,2,NONE,0,2,7,2,0,37.120000000000005,2.4154000000000004,0,0,0
2026-01-07 02:30:00,AST_090,BLDG_B,Generator,30.42,68.15,3.62,6.45,14.06,73.5,63.17,9449,9,9,32,2025-12-06 02:30:00,Inspection,1,NONE,0,2,7,2,0,37.730000000000004,2.8230000000000004,0,0,0
2026-01-07 02:45:00,AST_028,BLDG_A,HVAC,26.8,65.28,2.88,6.32,12.97,60.47,53.08,5522,1,4,74,2025-10-25 02:45:00,Preventive,1,NONE,0,2,7,2,0,38.480000000000004,3.2367,0,0,0
2026-01-07 03:00:00,AST_087,BLDG_A,HVAC,24.13,76.15,7.49,4.5,24.27,92.68,75.53,15233,11,3,176,2025-07-15 03:00:00,Preventive,4,NONE,0,3,7,2,0,52.02000000000001,7.4428,1,1,1
2026-01-07 03:15:00,AST_078,BLDG_B,Pump,36.09,72.74,5.91,5.0,19.57,78.8,66.17,10342,7,7,153,2025-08-07 03:15:00,Preventive,2,NONE,0,3,7,2,0,36.64999999999999,6.212,1,1,0
2026-01-07 03:30:00,AST_088,BLDG_A,Chiller,28.0,65.73,4.47,5.62,17.26,65.43,60.46,12328,12,6,32,2025-12-06 03:30:00,Preventive,0,NONE,0,3,7,2,0,37.730000000000004,3.0823000000000005,0,0,0
2026-01-07 03:45:00,AST_002,BLDG_A,Generator,25.73,72.36,5.05,5.4,18.11,75.15,61.58,14691,3,8,58,2025-11-10 03:45:00,Preventive,3,NONE,0,3,7,2,0,46.629999999999995,3.9314999999999998,0,1,0
2026-01-07 04:00:00,AST_026,BLDG_C,Generator,24.88,63.4,3.74,6.44,16.19,57.46,60.21,7456,1,3,69,2025-10-30 04:00:00,Corrective,2,NONE,0,4,7,2,0,38.519999999999996,3.4506000000000006,0,0,0
2026-01-07 04:15:00,AST_014,BLDG_A,Generator,31.52,68.53,4.7,5.75,17.67,72.21,61.89,11274,1,5,104,2025-09-25 04:15:00,Corrective,2,NONE,0,4,7,2,0,37.010000000000005,4.6821,1,0,0
2026-01-07 04:30:00,AST_059,BLDG_A,Compressor,25.55,66.19,3.72,6.0,15.33,71.5,58.95,6640,11,4,25,2025-12-13 04:30:00,Overhaul,1,NONE,0,4,7,2,0,40.64,2.7030000000000003,0,0,0
2026-01-07 04:45:00,AST_056,BLDG_A,Generator,31.03,67.43,4.41,5.75,15.5,76.42,62.96,15331,2,4,17,2025-12-21 04:45:00,Preventive,3,NONE,0,4,7,2,0,36.400000000000006,2.8682,0,0,0
2026-01-07 05:00:00,AST_007,BLDG_A,Motor,27.99,67.84,5.93,5.51,16.2,69.91,64.19,4812,11,4,61,2025-11-07 05:00:00,Preventive,4,NONE,0,5,7,2,0,39.85000000000001,4.2911,0,0,0
2026-01-07 05:15:00,AST_003,BLDG_A,Motor,32.46,71.28,4.38,5.48,15.75,64.93,58.34,3070,10,8,53,2025-11-15 05:15:00,Preventive,2,E303,1,5,7,2,0,38.82,3.4613,0,1,0
2026-01-07 05:30:00,AST_023,BLDG_B,Compressor,23.83,78.39,6.61,5.43,18.18,82.59,69.04,14388,5,6,122,2025-09-07 05:30:00,Overhaul,4,NONE,0,5,7,2,0,54.56,5.9099,1,1,1
2026-01-07 05:45:00,AST_018,BLDG_C,Chiller,24.39,70.67,5.28,5.17,18.36,71.81,64.07,7414,14,3,58,2025-11-10 05:45:00,Inspection,2,NONE,0,5,7,2,0,46.28,3.9901,0,1,0
2026-01-07 06:00:00,AST_038,BLDG_C,Motor,26.88,77.09,6.52,4.82,20.5,72.96,66.19,5642,14,5,142,2025-08-18 06:00:00,Inspection,4,NONE,0,6,7,2,0,50.21000000000001,6.1776,1,1,1
2026-01-07 06:15:00,AST_099,BLDG_B,HVAC,27.21,71.65,4.85,6.01,19.18,67.83,60.43,3632,10,6,57,2025-11-11 06:15:00,Overhaul,3,E303,1,6,7,2,0,44.440000000000005,3.7583,0,1,0
2026-01-07 06:30:00,AST_015,BLDG_C,Pump,26.58,65.3,4.15,6.46,15.54,66.79,55.73,3524,10,5,48,2025-11-20 06:30:00,Corrective,1,NONE,0,6,7,2,0,38.72,3.2879,0,0,0
2026-01-07 06:45:00,AST_064,BLDG_C,Chiller,38.53,73.59,5.76,5.5,18.47,80.84,61.7,9753,11,6,51,2025-11-17 06:45:00,Preventive,3,NONE,0,6,7,2,0,35.06,4.1324000000000005,0,1,0
2026-01-07 07:00:00,AST_089,BLDG_C,Generator,36.25,68.72,4.15,5.72,13.84,75.78,60.49,9365,9,8,57,2025-11-11 07:00:00,Preventive,0,NONE,0,7,7,2,0,32.47,3.5578000000000003,0,0,0
2026-01-07 07:15:00,AST_028,BLDG_A,HVAC,29.2,66.77,3.7,6.23,12.48,62.61,54.65,5483,1,7,78,2025-10-21 07:15:00,Corrective,1,NONE,0,7,7,2,0,37.56999999999999,3.6661,0,0,0
2026-01-07 07:30:00,AST_074,BLDG_B,Compressor,29.67,66.17,3.11,5.98,16.13,68.76,60.7,5069,3,5,50,2025-11-18 07:30:00,Preventive,3,NONE,0,7,7,2,0,36.5,2.9316,0,0,0
2026-01-07 07:45:00,AST_039,BLDG_A,Compressor,27.05,61.62,3.8,6.2,13.89,67.6,52.87,13644,2,6,17,2025-12-21 07:45:00,Preventive,0,NONE,0,7,7,2,0,34.56999999999999,2.5359999999999996,0,0,0
2026-01-07 08:00:00,AST_057,BLDG_A,Pump,23.8,68.85,4.74,5.24,20.31,61.54,61.94,2980,6,4,169,2025-07-22 08:00:00,Overhaul,2,E303,1,8,7,2,0,45.05,5.8914,1,0,0
2026-01-07 08:15:00,AST_017,BLDG_B,Chiller,27.27,72.74,5.49,5.69,18.04,69.32,63.05,5725,12,9,106,2025-09-23 08:15:00,Overhaul,2,NONE,0,8,7,2,0,45.47,5.0092,1,1,0
2026-01-07 08:30:00,AST_086,BLDG_A,Compressor,31.08,68.07,3.83,5.94,15.68,66.95,55.81,6589,1,4,28,2025-12-10 08:30:00,Inspection,4,NONE,0,8,7,2,0,36.989999999999995,2.7615000000000003,0,0,0
2026-01-07 08:45:00,AST_090,BLDG_B,Generator,33.22,68.73,3.61,5.72,13.94,74.35,59.05,9588,9,1,6,2026-01-01 08:45:00,Inspection,1,NONE,0,8,7,2,0,35.510000000000005,2.3075,0,0,0
2026-01-07 09:00:00,AST_044,BLDG_B,Motor,31.98,71.7,5.76,5.1,20.02,79.8,62.79,15451,7,7,85,2025-10-14 09:00:00,Inspection,2,NONE,0,9,7,2,1,39.72,4.802,0,1,0
2026-01-07 09:15:00,AST_025,BLDG_C,Chiller,21.96,66.58,3.58,5.95,14.47,68.39,59.61,2654,8,7,104,2025-09-25 09:15:00,Preventive,1,NONE,0,9,7,2,1,44.62,4.1959,1,0,0
2026-01-07 09:30:00,AST_017,BLDG_B,Chiller,26.84,72.63,5.52,4.86,19.55,75.63,67.29,5527,12,4,146,2025-08-14 09:30:00,Preventive,2,NONE,0,9,7,2,1,45.78999999999999,5.8843,1,1,0
2026-01-07 09:45:00,AST_013,BLDG_C,Chiller,22.12,73.21,6.22,5.07,21.7,84.32,69.99,5076,14,3,142,2025-08-18 09:45:00,Inspection,4,E404,1,9,7,2,1,51.08999999999999,6.1712,1,1,1
2026-01-07 10:00:00,AST_084,BLDG_C,Chiller,32.68,77.52,5.98,5.11,19.84,76.19,68.24,13978,2,8,167,2025-07-24 10:00:00,Inspection,3,NONE,0,10,7,2,1,44.839999999999996,6.4939,1,1,0
2026-01-07 10:15:00,AST_025,BLDG_C,Chiller,26.35,71.64,6.02,5.57,21.2,73.38,68.25,3293,8,5,157,2025-08-03 10:15:00,Preventive,4,NONE,0,10,7,2,1,45.29,6.2818000000000005,1,1,1
2026-01-07 10:30:00,AST_068,BLDG_C,Compressor,27.81,63.03,4.13,5.82,15.27,64.55,59.96,8771,4,7,135,2025-08-25 10:30:00,Overhaul,0,NONE,0,10,7,2,1,35.22,4.9975000000000005,1,0,0
2026-01-07 10:45:00,AST_010,BLDG_C,Generator,29.92,69.39,5.44,5.09,20.22,81.32,62.76,8236,9,4,115,2025-09-14 10:45:00,Preventive,2,NONE,0,10,7,2,1,39.47,5.289200000000001,1,0,0
2026-01-07 11:00:00,AST_067,BLDG_C,Pump,39.06,64.71,3.49,5.96,12.18,56.9,54.18,2972,3,4,106,2025-09-23 11:00:00,Preventive,0,E404,1,11,7,2,1,25.64999999999999,4.085,1,0,0
2026-01-07 11:15:00,AST_018,BLDG_C,Chiller,29.07,68.71,4.09,5.7,16.96,66.0,58.82,8241,14,8,21,2025-12-17 11:15:00,Inspection,0,NONE,0,11,7,2,1,39.63999999999999,2.716,0,0,0
2026-01-07 11:30:00,AST_100,BLDG_A,Generator,27.05,61.71,3.42,6.02,14.38,66.01,55.02,4878,9,8,16,2025-12-22 11:30:00,Preventive,1,NONE,0,11,7,2,1,34.66,2.3481,0,0,0
2026-01-07 11:45:00,AST_086,BLDG_A,Compressor,23.04,64.76,4.69,5.7,14.95,63.01,61.17,6211,1,2,120,2025-09-09 11:45:00,Preventive,2,E303,1,11,7,2,1,41.720000000000006,4.9061,1,0,0
2026-01-07 12:00:00,AST_034,BLDG_C,Compressor,33.83,58.12,2.57,6.56,10.36,58.19,53.76,2080,5,2,28,2025-12-10 12:00:00,Preventive,0,NONE,0,12,7,2,1,24.29,2.1699,0,0,0
2026-01-07 12:15:00,AST_008,BLDG_C,Motor,27.27,73.65,5.5,5.21,17.88,75.7,61.05,15008,6,3,33,2025-12-05 12:15:00,Inspection,3,NONE,0,12,7,2,1,46.38000000000001,3.6170000000000004,0,1,0
2026-01-07 12:30:00,AST_040,BLDG_A,Compressor,34.63,72.92,4.47,5.87,15.59,64.83,58.31,4350,5,3,175,2025-07-16 12:30:00,Preventive,0,NONE,0,12,7,2,1,38.29,5.9363,1,1,0
2026-01-07 12:45:00,AST_083,BLDG_A,Compressor,32.42,79.89,5.69,4.89,20.09,78.35,65.58,10436,7,1,157,2025-08-03 12:45:00,Inspection,3,NONE,0,12,7,2,1,47.47,6.1995000000000005,1,1,0
2026-01-07 13:00:00,AST_042,BLDG_C,Motor,26.15,75.56,5.58,5.3,20.17,73.2,67.24,13720,10,3,126,2025-09-03 13:00:00,Corrective,1,NONE,0,13,7,2,1,49.410000000000004,5.484,1,1,0
2026-01-07 13:15:00,AST_041,BLDG_B,HVAC,22.43,72.04,5.43,5.3,17.17,81.32,66.42,12710,12,6,94,2025-10-05 13:15:00,Preventive,0,NONE,0,13,7,2,1,49.61000000000001,4.8652,1,1,0
2026-01-07 13:30:00,AST_006,BLDG_A,Pump,29.09,69.5,5.3,5.37,21.81,80.4,68.3,6063,15,8,69,2025-10-30 13:30:00,Overhaul,4,E303,1,13,7,2,1,40.41,4.304,0,0,0
2026-01-07 13:45:00,AST_052,BLDG_A,Pump,25.54,65.98,4.03,6.05,14.93,61.48,57.75,5963,6,6,88,2025-10-11 13:45:00,Preventive,1,NONE,0,13,7,2,1,40.440000000000005,3.9867999999999997,0,0,0
2026-01-07 14:00:00,AST_026,BLDG_C,Generator,28.16,67.24,4.33,5.7,17.44,70.8,60.81,6637,1,5,123,2025-09-06 14:00:00,Overhaul,3,NONE,0,14,7,2,1,39.08,4.9,1,0,0
2026-01-07 14:15:00,AST_064,BLDG_C,Chiller,32.2,76.64,6.18,5.11,19.3,78.44,63.6,9446,11,4,160,2025-07-31 14:15:00,Corrective,1,NONE,0,14,7,2,1,44.44,6.4564,1,1,1
2026-01-07 14:30:00,AST_098,BLDG_A,Generator,21.39,55.11,3.51,5.81,13.82,50.94,53.48,2548,12,3,20,2025-12-18 14:30:00,Overhaul,0,NONE,0,14,7,2,1,33.72,2.3133999999999997,0,0,0
2026-01-07 14:45:00,AST_059,BLDG_A,Compressor,29.06,74.59,6.31,5.47,19.47,84.97,68.54,5773,11,4,179,2025-07-12 14:45:00,Preventive,2,E303,1,14,7,2,1,45.53,6.9536999999999995,1,1,1
2026-01-07 15:00:00,AST_056,BLDG_A,Generator,31.04,71.08,5.19,5.24,16.8,68.84,66.75,14716,2,7,108,2025-09-21 15:00:00,Preventive,2,E202,1,15,7,2,1,40.04,4.9244,1,1,0
2026-01-07 15:15:00,AST_059,BLDG_A,Compressor,31.23,75.91,5.5,5.29,18.19,86.42,63.88,6621,11,1,96,2025-10-03 15:15:00,Preventive,3,NONE,0,15,7,2,1,44.67999999999999,4.9842,1,1,0
2026-01-07 15:30:00,AST_070,BLDG_B,Chiller,22.55,71.41,4.64,5.7,15.35,74.84,62.0,5232,11,7,31,2025-12-07 15:30:00,Preventive,3,E101,1,15,7,2,1,48.86,3.2244,0,1,0
2026-01-07 15:45:00,AST_033,BLDG_A,Compressor,29.68,70.22,5.32,5.24,17.9,70.05,66.57,6748,7,1,174,2025-07-17 15:45:00,Corrective,2,NONE,0,15,7,2,1,40.54,6.3085,1,1,0
2026-01-07 16:00:00,AST_053,BLDG_C,Pump,32.81,75.35,7.42,5.2,20.12,80.46,66.03,10793,8,2,179,2025-07-12 16:00:00,Preventive,3,E303,1,16,7,2,1,42.53999999999999,7.3526,1,1,1
2026-01-07 16:15:00,AST_022,BLDG_A,HVAC,29.37,71.87,5.5,5.1,18.99,78.54,61.85,14066,1,4,166,2025-07-25 16:15:00,Corrective,1,E101,1,16,7,2,1,42.5,6.305400000000001,1,1,0
2026-01-07 16:30:00,AST_021,BLDG_C,Generator,27.54,79.6,5.88,5.39,19.79,79.39,72.37,11687,3,1,169,2025-07-22 16:30:00,Preventive,4,E101,1,16,7,2,1,52.059999999999995,6.5259,1,1,0
2026-01-07 16:45:00,AST_070,BLDG_B,Chiller,32.56,75.82,6.98,5.21,19.23,85.19,65.62,4565,11,9,138,2025-08-22 16:45:00,Preventive,4,NONE,0,16,7,2,1,43.25999999999999,6.4039,1,1,1
2026-01-07 17:00:00,AST_070,BLDG_B,Chiller,25.22,66.46,4.94,5.4,17.94,71.15,62.63,5122,11,6,139,2025-08-21 17:00:00,Inspection,1,NONE,0,17,7,2,1,41.239999999999995,5.4675,1,0,0
2026-01-07 17:15:00,AST_004,BLDG_A,Generator,21.88,74.2,6.8,4.72,21.34,82.97,69.03,7396,12,1,157,2025-08-03 17:15:00,Preventive,4,E202,1,17,7,2,1,52.32000000000001,6.6897,1,1,1
2026-01-07 17:30:00,AST_094,BLDG_C,HVAC,27.2,69.75,5.2,5.0,16.51,76.41,58.45,11799,14,1,37,2025-12-01 17:30:00,Corrective,0,NONE,0,17,7,2,1,42.55,3.5841000000000003,0,0,0
2026-01-07 17:45:00,AST_075,BLDG_A,Chiller,30.14,68.22,3.78,5.58,16.51,71.14,60.25,1246,15,6,59,2025-11-09 17:45:00,Corrective,1,E303,1,17,7,2,1,38.08,3.4033999999999995,0,0,0
2026-01-07 18:00:00,AST_062,BLDG_A,Generator,32.16,66.74,4.12,5.67,16.02,64.07,60.41,6013,9,4,11,2025-12-27 18:00:00,Inspection,3,E303,1,18,7,2,0,34.58,2.5087,0,0,0
2026-01-07 18:15:00,AST_062,BLDG_A,Generator,30.12,65.55,4.78,5.89,15.08,69.55,59.95,6093,9,4,61,2025-11-07 18:15:00,Preventive,1,NONE,0,18,7,2,0,35.42999999999999,3.8274999999999997,0,0,0
2026-01-07 18:30:00,AST_094,BLDG_C,HVAC,31.34,75.01,6.47,5.15,20.22,83.28,69.46,12422,14,6,130,2025-08-30 18:30:00,Inspection,2,NONE,0,18,7,2,0,43.67,6.0207999999999995,1,1,1
2026-01-07 18:45:00,AST_095,BLDG_C,Compressor,32.18,70.52,4.56,6.35,16.95,62.88,58.71,2917,10,7,16,2025-12-22 18:45:00,Overhaul,3,NONE,0,18,7,2,0,38.339999999999996,2.7727999999999997,0,1,0
2026-01-07 19:00:00,AST_024,BLDG_A,Pump,26.64,64.03,4.02,5.92,15.17,60.24,58.43,14255,1,9,20,2025-12-18 19:00:00,Inspection,2,NONE,0,19,7,2,0,37.39,2.6104,0,0,0
2026-01-07 19:15:00,AST_055,BLDG_C,Pump,27.41,69.87,5.24,5.43,18.41,64.62,63.18,15450,4,5,47,2025-11-21 19:15:00,Preventive,3,NONE,0,19,7,2,0,42.46000000000001,3.6822000000000004,0,0,0
2026-01-07 19:30:00,AST_009,BLDG_C,Motor,33.15,76.96,7.24,4.69,19.41,81.38,67.92,13721,8,9,121,2025-09-08 19:30:00,Corrective,4,E303,1,19,7,2,0,43.809999999999995,6.1298,1,1,1
2026-01-07 19:45:00,AST_003,BLDG_A,Motor,23.16,63.89,4.95,5.16,18.4,70.91,60.45,3652,10,4,139,2025-08-21 19:45:00,Inspection,1,E101,1,19,7,2,0,40.730000000000004,5.469100000000001,1,0,0
2026-01-07 20:00:00,AST_031,BLDG_C,Motor,29.72,70.74,5.46,5.1,18.04,78.73,63.53,13363,12,2,115,2025-09-14 20:00:00,Corrective,0,NONE,0,20,7,2,0,41.019999999999996,5.2713,1,1,0
2026-01-07 20:15:00,AST_040,BLDG_A,Compressor,25.13,68.59,3.88,5.83,16.1,70.96,60.38,3889,5,3,55,2025-11-13 20:15:00,Preventive,3,NONE,0,20,7,2,0,43.46000000000001,3.3616,0,0,0
2026-01-07 20:30:00,AST_036,BLDG_C,Chiller,32.4,67.04,4.55,5.85,16.68,68.88,62.58,4263,1,1,164,2025-07-27 20:30:00,Preventive,3,E202,1,20,7,2,0,34.64000000000001,5.7888,1,0,0
2026-01-07 20:45:00,AST_024,BLDG_A,Pump,27.93,66.79,5.25,5.71,17.57,70.91,62.27,14849,1,6,79,2025-10-20 20:45:00,Inspection,2,NONE,0,20,7,2,0,38.86000000000001,4.3891,0,0,0
2026-01-07 21:00:00,AST_095,BLDG_C,Compressor,28.03,64.64,4.79,5.76,17.02,65.66,64.85,2937,10,6,12,2025-12-26 21:00:00,Preventive,4,NONE,0,21,7,2,0,36.61,2.8125999999999998,0,0,0
2026-01-07 21:15:00,AST_006,BLDG_A,Pump,34.92,72.3,4.78,5.28,17.72,74.13,61.94,6502,15,1,49,2025-11-19 21:15:00,Inspection,2,NONE,0,21,7,2,0,37.379999999999995,3.6333,0,1,0
2026-01-07 21:30:00,AST_066,BLDG_A,Compressor,23.7,73.03,4.89,5.07,14.96,76.43,64.63,4529,13,3,63,2025-11-05 21:30:00,Preventive,2,E303,1,21,7,2,0,49.33,3.9802999999999997,0,1,0
2026-01-07 21:45:00,AST_084,BLDG_C,Chiller,28.86,74.91,6.15,4.52,21.32,80.54,67.51,14719,2,5,136,2025-08-24 21:45:00,Corrective,4,NONE,0,21,7,2,0,46.05,5.9854,1,1,1
2026-01-07 22:00:00,AST_092,BLDG_A,Generator,27.28,68.53,4.77,5.23,16.61,76.14,61.86,11093,7,3,108,2025-09-21 22:00:00,Preventive,0,NONE,0,22,7,2,0,41.25,4.8294,1,0,0
2026-01-07 22:15:00,AST_075,BLDG_A,Chiller,30.13,71.84,5.56,5.1,19.59,82.2,67.64,2177,15,3,161,2025-07-30 22:15:00,Preventive,2,E303,1,22,7,2,0,41.71000000000001,6.266,1,1,0
2026-01-07 22:30:00,AST_004,BLDG_A,Generator,35.72,75.92,6.35,5.33,20.4,86.01,66.19,6875,12,3,161,2025-07-30 22:30:00,Overhaul,2,E404,1,22,7,2,0,40.2,6.620100000000001,1,1,1
2026-01-07 22:45:00,AST_079,BLDG_B,Compressor,25.58,71.71,4.82,5.82,16.57,72.01,60.13,6986,4,5,102,2025-09-27 22:45:00,Inspection,3,NONE,0,22,7,2,0,46.129999999999995,4.6881,1,1,0
2026-01-07 23:00:00,AST_006,BLDG_A,Pump,23.21,77.35,7.04,4.88,22.22,82.13,69.41,6054,15,5,160,2025-07-31 23:00:00,Inspection,4,NONE,0,23,7,2,0,54.13999999999999,6.837300000000001,1,1,1
2026-01-07 23:15:00,AST_094,BLDG_C,HVAC,24.76,77.46,5.41,5.08,18.08,80.02,61.73,11972,14,4,83,2025-10-16 23:15:00,Preventive,1,NONE,0,23,7,2,0,52.69999999999999,4.6242,0,1,0
2026-01-07 23:30:00,AST_051,BLDG_B,Chiller,27.07,73.99,4.99,5.68,18.5,72.25,65.29,6480,15,1,128,2025-09-01 23:30:00,Inspection,0,E303,1,23,7,2,0,46.919999999999995,5.2785,1,1,0
2026-01-07 23:45:00,AST_062,BLDG_A,Generator,28.26,69.9,5.94,5.26,17.55,75.53,64.22,6446,9,5,176,2025-07-15 23:45:00,Corrective,0,NONE,0,23,7,2,0,41.64,6.651300000000001,1,0,0
2026-01-08 00:00:00,AST_057,BLDG_A,Pump,28.46,65.76,4.68,6.12,14.95,63.05,62.08,3151,6,5,8,2025-12-31 00:00:00,Corrective,4,NONE,0,0,8,3,0,37.300000000000004,2.6625,0,0,0
2026-01-08 00:15:00,AST_066,BLDG_A,Compressor,35.21,78.28,5.54,4.84,18.76,71.96,66.23,4972,13,4,94,2025-10-06 00:15:00,Preventive,3,NONE,0,0,8,3,0,43.07,4.8156,1,1,0
2026-01-08 00:30:00,AST_079,BLDG_B,Compressor,34.5,71.35,5.39,5.27,15.92,77.65,63.69,6761,4,6,108,2025-09-22 00:30:00,Corrective,3,NONE,0,0,8,3,0,36.849999999999994,5.0925,1,1,0
2026-01-08 00:45:00,AST_075,BLDG_A,Chiller,33.21,80.29,6.7,5.37,20.6,75.64,68.3,2181,15,4,141,2025-08-20 00:45:00,Inspection,4,E202,1,0,8,3,0,47.080000000000005,6.2564,1,1,1
2026-01-08 01:00:00,AST_008,BLDG_C,Motor,38.06,82.46,5.93,4.95,20.47,85.02,68.87,14633,6,7,123,2025-09-07 01:00:00,Overhaul,3,NONE,0,1,8,3,0,44.39999999999999,5.6822,1,1,0
2026-01-08 01:15:00,AST_026,BLDG_C,Generator,31.3,65.21,3.55,5.84,15.36,67.77,60.07,7370,1,7,137,2025-08-24 01:15:00,Preventive,0,E303,1,1,8,3,0,33.91,4.8377,1,0,0
2026-01-08 01:30:00,AST_051,BLDG_B,Chiller,32.43,70.34,4.85,5.94,18.48,70.5,61.71,6703,15,2,60,2025-11-09 01:30:00,Inspection,0,E404,1,1,8,3,0,37.910000000000004,3.8449999999999998,0,1,0
2026-01-08 01:45:00,AST_045,BLDG_C,Generator,31.22,72.95,5.02,5.84,17.23,62.57,61.65,14050,4,3,100,2025-09-30 01:45:00,Corrective,1,NONE,0,1,8,3,0,41.730000000000004,4.6337,1,1,0
2026-01-08 02:00:00,AST_044,BLDG_B,Motor,30.56,78.11,6.15,4.84,20.24,88.25,68.11,15515,7,1,79,2025-10-21 02:00:00,Preventive,4,NONE,0,2,8,3,0,47.55,4.9225,0,1,1
2026-01-08 02:15:00,AST_005,BLDG_C,Generator,29.58,77.27,6.41,5.07,18.58,75.29,69.48,13700,8,8,147,2025-08-14 02:15:00,Preventive,2,E404,1,2,8,3,0,47.69,6.2569,1,1,1
2026-01-08 02:30:00,AST_070,BLDG_B,Chiller,26.41,63.62,3.88,5.8,18.06,73.3,59.37,4706,11,9,36,2025-12-03 02:30:00,Preventive,2,NONE,0,2,8,3,0,37.209999999999994,3.005,0,0,0
2026-01-08 02:45:00,AST_026,BLDG_C,Generator,23.01,58.48,3.14,5.61,11.63,56.82,56.63,7030,1,4,32,2025-12-07 02:45:00,Preventive,1,NONE,0,2,8,3,0,35.47,2.4642000000000004,0,0,0
2026-01-08 03:00:00,AST_068,BLDG_C,Compressor,27.48,62.26,3.08,5.79,14.59,59.09,60.45,8100,4,6,26,2025-12-13 03:00:00,Preventive,1,NONE,0,3,8,3,0,34.78,2.3429,0,0,0
2026-01-08 03:15:00,AST_019,BLDG_B,Pump,30.26,71.34,4.05,5.96,15.63,72.46,62.55,7735,7,9,21,2025-12-18 03:15:00,Inspection,3,NONE,0,3,8,3,0,41.08,2.7645999999999997,0,1,0
2026-01-08 03:30:00,AST_084,BLDG_C,Chiller,28.29,64.37,4.14,5.55,16.27,71.28,61.88,14529,2,6,63,2025-11-06 03:30:00,Inspection,1,NONE,0,3,8,3,0,36.080000000000005,3.6288,0,0,0
2026-01-08 03:45:00,AST_097,BLDG_C,Compressor,23.74,72.57,5.09,5.65,15.84,66.51,63.52,11816,7,9,94,2025-10-06 03:45:00,Corrective,1,E303,1,3,8,3,0,48.83,4.5811,1,1,0
2026-01-08 04:00:00,AST_020,BLDG_A,Compressor,27.34,71.77,4.76,5.57,18.56,79.67,61.44,12812,2,4,110,2025-09-20 04:00:00,Overhaul,2,NONE,0,4,8,3,0,44.42999999999999,4.9007000000000005,1,1,0
2026-01-08 04:15:00,AST_012,BLDG_C,Motor,27.13,68.61,3.63,6.21,14.32,65.38,57.21,9384,1,8,30,2025-12-09 04:15:00,Preventive,3,E404,1,4,8,3,0,41.480000000000004,2.7058,0,0,0
2026-01-08 04:30:00,AST_047,BLDG_A,Pump,27.75,64.5,4.44,5.47,17.34,68.17,58.13,7355,11,9,29,2025-12-10 04:30:00,Preventive,1,E101,1,4,8,3,0,36.75,3.0377000000000005,0,0,0
2026-01-08 04:45:00,AST_001,BLDG_C,Compressor,29.96,70.31,5.44,5.63,16.2,70.47,63.75,13439,1,4,142,2025-08-19 04:45:00,Inspection,1,NONE,0,4,8,3,0,40.35,5.7207,1,1,0
2026-01-08 05:00:00,AST_090,BLDG_B,Generator,30.83,72.25,5.41,5.4,19.07,68.19,63.02,9516,9,5,49,2025-11-20 05:00:00,Preventive,3,NONE,0,5,8,3,0,41.42,3.8259000000000003,0,1,0
2026-01-08 05:15:00,AST_014,BLDG_A,Generator,26.0,70.96,5.82,5.22,16.91,77.41,63.76,11393,1,8,87,2025-10-13 05:15:00,Preventive,4,NONE,0,5,8,3,0,44.959999999999994,4.8421,0,1,0
2026-01-08 05:30:00,AST_064,BLDG_C,Chiller,31.92,72.17,5.6,5.26,16.98,74.62,64.28,9640,11,6,15,2025-12-24 05:30:00,Preventive,3,E404,1,5,8,3,0,40.25,3.2861999999999996,0,1,0
2026-01-08 05:45:00,AST_038,BLDG_C,Motor,32.53,72.67,5.35,5.33,18.61,71.82,63.55,5459,14,7,108,2025-09-22 05:45:00,Preventive,2,NONE,0,5,8,3,0,40.14,5.0182,1,1,0
2026-01-08 06:00:00,AST_037,BLDG_B,Chiller,29.28,69.49,4.95,5.77,15.9,75.46,60.83,6658,3,3,72,2025-10-28 06:00:00,Inspection,4,NONE,0,6,8,3,0,40.209999999999994,4.1746,0,0,0
2026-01-08 06:15:00,AST_011,BLDG_A,Compressor,30.66,70.28,4.27,5.81,14.96,68.32,60.68,11809,4,7,99,2025-10-01 06:15:00,Preventive,0,E101,1,6,8,3,0,39.620000000000005,4.3712,1,1,0
2026-01-08 06:30:00,AST_100,BLDG_A,Generator,31.94,71.04,6.07,5.23,17.98,77.35,65.39,4618,9,8,160,2025-08-01 06:30:00,Preventive,3,NONE,0,6,8,3,0,39.10000000000001,6.4015,1,1,1
2026-01-08 06:45:00,AST_077,BLDG_B,Pump,23.61,69.85,4.29,5.67,16.42,77.0,59.68,8408,4,6,69,2025-10-31 06:45:00,Preventive,2,E202,1,6,8,3,0,46.239999999999995,3.8660000000000005,0,0,0
2026-01-08 07:00:00,AST_003,BLDG_A,Motor,32.22,73.42,4.7,5.4,17.45,64.32,60.84,3397,10,9,53,2025-11-16 07:00:00,Inspection,4,NONE,0,7,8,3,0,41.2,3.5832,0,1,0
2026-01-08 07:15:00,AST_033,BLDG_A,Compressor,24.84,71.03,6.47,4.88,19.68,70.74,66.87,7551,7,6,179,2025-07-13 07:15:00,Preventive,3,NONE,0,7,8,3,0,46.19,6.8754,1,1,1
2026-01-08 07:30:00,AST_006,BLDG_A,Pump,25.23,69.84,5.01,5.41,16.9,64.89,65.88,6487,15,9,56,2025-11-13 07:30:00,Inspection,1,NONE,0,7,8,3,0,44.61,3.7729,0,0,0
2026-01-08 07:45:00,AST_050,BLDG_B,Compressor,28.79,72.46,4.77,5.65,18.16,74.33,62.12,11184,1,4,106,2025-09-24 07:45:00,Preventive,3,E101,1,7,8,3,0,43.669999999999995,4.7713,1,1,0
2026-01-08 08:00:00,AST_010,BLDG_C,Generator,19.42,61.16,3.98,6.04,16.95,65.29,57.09,8693,9,8,61,2025-11-08 08:00:00,Preventive,0,NONE,0,8,8,3,0,41.739999999999995,3.4649,0,0,0
2026-01-08 08:15:00,AST_005,BLDG_C,Generator,28.7,72.78,5.35,4.93,19.44,74.85,67.41,13742,8,4,51,2025-11-18 08:15:00,Corrective,3,NONE,0,8,8,3,0,44.08,3.9085,0,1,0
2026-01-08 08:30:00,AST_023,BLDG_B,Compressor,31.93,78.22,6.38,4.53,20.97,78.94,71.48,14292,5,2,163,2025-07-29 08:30:00,Preventive,4,NONE,0,8,8,3,0,46.29,6.6014,1,1,1
2026-01-08 08:45:00,AST_010,BLDG_C,Generator,21.42,74.18,6.57,4.58,19.76,91.99,70.87,9056,9,9,178,2025-07-14 08:45:00,Preventive,4,E303,1,8,8,3,0,52.760000000000005,7.107900000000001,1,1,1
2026-01-08 09:00:00,AST_044,BLDG_B,Motor,32.36,73.52,5.64,5.26,16.23,85.81,62.57,15907,7,5,30,2025-12-09 09:00:00,Preventive,3,E101,1,9,8,3,1,41.16,3.7140999999999997,0,1,0
2026-01-08 09:15:00,AST_002,BLDG_A,Generator,25.2,72.58,6.14,4.6,19.81,84.16,65.43,14725,3,4,118,2025-09-12 09:15:00,Overhaul,4,E404,1,9,8,3,1,47.379999999999995,5.6576,1,1,1
2026-01-08 09:30:00,AST_013,BLDG_C,Chiller,28.83,69.87,3.97,5.66,13.22,59.3,56.15,4696,14,2,9,2025-12-30 09:30:00,Preventive,1,NONE,0,9,8,3,1,41.040000000000006,2.361,0,0,0
2026-01-08 09:45:00,AST_040,BLDG_A,Compressor,25.79,65.56,4.98,5.39,16.1,66.58,61.54,4021,5,1,88,2025-10-12 09:45:00,Inspection,3,E404,1,9,8,3,1,39.77,4.4178,0,0,0
2026-01-08 10:00:00,AST_002,BLDG_A,Generator,30.29,70.34,3.78,5.82,18.08,73.31,62.82,14901,3,7,56,2025-11-13 10:00:00,Preventive,1,NONE,0,10,8,3,1,40.050000000000004,3.3651,0,1,0
2026-01-08 10:15:00,AST_084,BLDG_C,Chiller,32.1,66.0,4.9,5.58,15.67,70.95,63.05,14151,2,6,109,2025-09-21 10:15:00,Preventive,1,NONE,0,10,8,3,1,33.9,4.849500000000001,1,0,0
2026-01-08 10:30:00,AST_065,BLDG_A,HVAC,30.59,70.76,5.07,5.33,16.22,77.79,67.42,14211,6,2,58,2025-11-11 10:30:00,Preventive,2,NONE,0,10,8,3,1,40.17,3.9659000000000004,0,1,0
2026-01-08 10:45:00,AST_063,BLDG_C,Motor,27.98,77.61,6.43,4.48,22.06,90.12,69.7,10418,12,8,165,2025-07-27 10:45:00,Overhaul,3,E202,1,10,8,3,1,49.629999999999995,6.773200000000001,1,1,1
2026-01-08 11:00:00,AST_073,BLDG_A,Pump,26.1,76.02,6.76,4.69,17.62,92.5,69.33,7788,10,4,170,2025-07-22 11:00:00,Preventive,4,E303,1,11,8,3,1,49.919999999999995,7.029,1,1,1
2026-01-08 11:15:00,AST_017,BLDG_B,Chiller,27.72,70.93,5.39,5.16,18.95,72.21,65.21,5734,12,8,159,2025-08-02 11:15:00,Preventive,1,E404,1,11,8,3,1,43.21000000000001,6.0581,1,1,0
2026-01-08 11:30:00,AST_009,BLDG_C,Motor,30.62,68.85,5.4,5.92,19.19,72.69,62.4,14133,8,7,19,2025-12-20 11:30:00,Preventive,2,E202,1,11,8,3,1,38.22999999999999,3.2669,0,0,0
2026-01-08 11:45:00,AST_075,BLDG_A,Chiller,30.76,73.27,5.46,5.68,16.8,71.33,64.69,1964,15,5,65,2025-11-04 11:45:00,Preventive,3,E404,1,11,8,3,1,42.50999999999999,4.1973,0,1,0
2026-01-08 12:00:00,AST_015,BLDG_C,Pump,30.2,74.69,6.05,5.16,17.07,64.95,63.36,3775,10,8,126,2025-09-04 12:00:00,Preventive,3,E202,1,12,8,3,1,44.489999999999995,5.5895,1,1,1
2026-01-08 12:15:00,AST_024,BLDG_A,Pump,22.87,62.33,3.39,6.16,15.12,66.73,54.03,14551,1,9,25,2025-12-14 12:15:00,Corrective,0,NONE,0,12,8,3,1,39.459999999999994,2.5233,0,0,0
2026-01-08 12:30:00,AST_038,BLDG_C,Motor,27.91,64.51,4.85,6.01,14.73,71.22,56.69,6376,14,5,50,2025-11-19 12:30:00,Preventive,0,NONE,0,12,8,3,1,36.60000000000001,3.6522,0,0,0
2026-01-08 12:45:00,AST_035,BLDG_A,Chiller,25.47,68.68,3.39,5.84,15.89,62.01,58.79,4155,1,5,138,2025-08-23 12:45:00,Preventive,1,NONE,0,12,8,3,1,43.21000000000001,4.7361,1,0,0
2026-01-08 13:00:00,AST_094,BLDG_C,HVAC,30.66,68.49,4.97,5.14,16.2,64.54,61.97,12546,14,2,42,2025-11-27 13:00:00,Inspection,0,E101,1,13,8,3,1,37.83,3.4734,0,0,0
2026-01-08 13:15:00,AST_095,BLDG_C,Compressor,24.94,61.23,3.82,5.49,17.45,64.05,56.31,2794,10,5,66,2025-11-03 13:15:00,Preventive,1,NONE,0,13,8,3,1,36.28999999999999,3.4885,0,0,0
2026-01-08 13:30:00,AST_049,BLDG_C,HVAC,29.81,68.67,5.97,5.49,19.92,81.03,65.01,5993,11,3,90,2025-10-10 13:30:00,Preventive,4,E101,1,13,8,3,1,38.86,4.9982999999999995,0,0,0
2026-01-08 13:45:00,AST_069,BLDG_C,Pump,26.87,67.29,4.58,5.72,16.21,75.17,64.23,2809,12,7,82,2025-10-18 13:45:00,Preventive,1,E202,1,13,8,3,1,40.42,4.223700000000001,0,0,0
2026-01-08 14:00:00,AST_062,BLDG_A,Generator,20.48,62.13,3.41,6.12,16.83,60.77,55.33,5940,9,5,50,2025-11-19 14:00:00,Corrective,0,NONE,0,14,8,3,1,41.650000000000006,2.9717000000000002,0,0,0
2026-01-08 14:15:00,AST_060,BLDG_C,Compressor,31.72,84.37,7.76,4.27,24.17,94.33,75.32,12639,15,8,145,2025-08-16 14:15:00,Preventive,4,NONE,0,14,8,3,1,52.650000000000006,6.9473,1,1,1
2026-01-08 14:30:00,AST_050,BLDG_B,Compressor,27.9,62.83,2.84,6.05,13.61,62.61,55.17,11075,1,1,7,2026-01-01 14:30:00,Preventive,0,NONE,0,14,8,3,1,34.93,1.9021,0,0,0
2026-01-08 14:45:00,AST_078,BLDG_B,Pump,33.1,67.69,3.71,5.66,13.11,68.1,61.37,10545,7,3,10,2025-12-29 14:45:00,Preventive,1,E404,1,14,8,3,1,34.589999999999996,2.365,0,0,0
2026-01-08 15:00:00,AST_075,BLDG_A,Chiller,21.34,67.84,5.04,5.15,16.75,66.31,62.94,1288,15,3,97,2025-10-03 15:00:00,Corrective,2,E202,1,15,8,3,1,46.5,4.6190999999999995,1,0,0
2026-01-08 15:15:00,AST_009,BLDG_C,Motor,26.83,73.48,4.72,5.61,19.3,67.75,60.88,13998,8,9,12,2025-12-27 15:15:00,Preventive,3,NONE,0,15,8,3,1,46.650000000000006,2.8055000000000003,0,1,0
2026-01-08 15:30:00,AST_034,BLDG_C,Compressor,27.13,70.19,4.33,6.3,13.81,61.96,60.73,1818,5,5,176,2025-07-16 15:30:00,Corrective,0,NONE,0,15,8,3,1,43.06,5.871600000000001,1,1,0
2026-01-08 15:45:00,AST_076,BLDG_A,Generator,29.08,68.44,3.97,5.94,14.41,64.34,58.15,5964,3,9,112,2025-09-18 15:45:00,Inspection,1,E202,1,15,8,3,1,39.36,4.471400000000001,1,0,0
2026-01-08 16:00:00,AST_099,BLDG_B,HVAC,22.7,72.45,6.14,4.63,18.74,88.9,70.48,4115,10,9,165,2025-07-27 16:00:00,Corrective,4,NONE,0,16,8,3,1,49.75,6.6450000000000005,1,1,1
2026-01-08 16:15:00,AST_035,BLDG_A,Chiller,30.18,63.03,2.76,6.57,13.25,54.98,55.16,3473,1,1,79,2025-10-21 16:15:00,Preventive,0,NONE,0,16,8,3,1,32.85,3.2338,0,0,0
2026-01-08 16:30:00,AST_001,BLDG_C,Compressor,35.65,66.69,4.59,6.24,16.55,70.04,60.78,13824,1,2,81,2025-10-19 16:30:00,Preventive,0,NONE,0,16,8,3,1,31.04,4.1564,0,0,0
2026-01-08 16:45:00,AST_040,BLDG_A,Compressor,29.9,64.06,4.68,6.11,16.83,64.69,64.08,4188,5,5,54,2025-11-15 16:45:00,Preventive,3,NONE,0,16,8,3,1,34.160000000000004,3.5989,0,0,0
2026-01-08 17:00:00,AST_064,BLDG_C,Chiller,28.37,65.16,4.85,5.76,15.14,70.84,60.88,9387,11,4,15,2025-12-24 17:00:00,Preventive,1,NONE,0,17,8,3,1,36.78999999999999,2.9484,0,0,0
2026-01-08 17:15:00,AST_022,BLDG_A,HVAC,22.49,67.13,4.83,5.5,17.67,71.28,65.28,13548,1,9,99,2025-10-01 17:15:00,Preventive,2,E202,1,17,8,3,1,44.64,4.6248000000000005,1,0,0
2026-01-08 17:30:00,AST_060,BLDG_C,Compressor,24.9,81.05,7.31,4.33,22.2,90.73,73.75,12790,15,7,160,2025-08-01 17:30:00,Inspection,4,NONE,0,17,8,3,1,56.15,7.0313,1,1,1
2026-01-08 17:45:00,AST_064,BLDG_C,Chiller,27.78,75.01,4.97,5.82,17.2,74.22,63.99,9656,11,6,74,2025-10-26 17:45:00,Preventive,1,E404,1,17,8,3,1,47.230000000000004,4.2102,0,1,0
2026-01-08 18:00:00,AST_093,BLDG_A,Pump,25.88,74.66,6.84,4.95,21.82,82.34,69.39,3370,15,7,173,2025-07-19 18:00:00,Preventive,4,E202,1,18,8,3,0,48.78,7.0194,1,1,1
2026-01-08 18:15:00,AST_072,BLDG_B,Chiller,32.11,67.78,3.75,6.06,15.5,64.54,57.4,12220,3,1,20,2025-12-19 18:15:00,Corrective,0,NONE,0,18,8,3,0,35.67,2.5454,0,0,0
2026-01-08 18:30:00,AST_011,BLDG_A,Compressor,30.13,69.87,5.14,5.38,14.99,78.86,63.88,11258,4,1,72,2025-10-28 18:30:00,Corrective,3,NONE,0,18,8,3,0,39.74000000000001,4.284599999999999,0,0,0
2026-01-08 18:45:00,AST_014,BLDG_A,Generator,38.77,67.53,4.61,5.39,17.56,68.55,58.76,11174,1,8,103,2025-09-27 18:45:00,Preventive,3,NONE,0,18,8,3,0,28.759999999999998,4.589500000000001,1,0,0
2026-01-08 19:00:00,AST_060,BLDG_C,Compressor,24.08,71.93,5.79,4.82,21.28,84.7,65.96,13024,15,2,52,2025-11-17 19:00:00,Inspection,2,NONE,0,19,8,3,0,47.85000000000001,4.203,0,1,0
2026-01-08 19:15:00,AST_030,BLDG_B,Motor,28.13,71.43,4.42,5.99,17.01,68.86,61.92,10245,2,9,68,2025-11-01 19:15:00,Preventive,3,NONE,0,19,8,3,0,43.30000000000001,3.8166,0,1,0
2026-01-08 19:30:00,AST_035,BLDG_A,Chiller,22.47,60.55,3.1,6.2,13.13,57.25,49.55,3301,1,7,94,2025-10-06 19:30:00,Inspection,0,NONE,0,19,8,3,0,38.08,3.6925000000000003,1,0,0
2026-01-08 19:45:00,AST_085,BLDG_B,Chiller,19.11,68.68,5.17,5.63,16.77,75.83,62.7,9107,8,6,80,2025-10-20 19:45:00,Inspection,2,E202,1,19,8,3,0,49.57000000000001,4.4262999999999995,0,0,0
2026-01-08 20:00:00,AST_037,BLDG_B,Chiller,30.89,71.18,4.58,5.62,17.73,66.5,62.16,6364,3,1,143,2025-08-18 20:00:00,Inspection,1,NONE,0,20,8,3,0,40.290000000000006,5.356999999999999,1,1,0
2026-01-08 20:15:00,AST_005,BLDG_C,Generator,29.99,72.63,6.21,4.91,19.24,81.18,70.32,13693,8,1,105,2025-09-25 20:15:00,Corrective,3,NONE,0,20,8,3,0,42.64,5.3957999999999995,1,1,1
2026-01-08 20:30:00,AST_083,BLDG_A,Compressor,24.58,67.0,4.39,5.42,17.62,74.36,61.92,10220,7,2,93,2025-10-07 20:30:00,Preventive,2,E404,1,20,8,3,0,42.42,4.3596,1,0,0
2026-01-08 20:45:00,AST_078,BLDG_B,Pump,28.37,59.27,3.19,6.15,14.35,54.34,60.57,10841,7,6,22,2025-12-17 20:45:00,Preventive,0,NONE,0,20,8,3,0,30.900000000000002,2.2594,0,0,0
2026-01-08 21:00:00,AST_026,BLDG_C,Generator,25.48,67.33,3.96,5.86,15.52,68.24,61.19,6626,1,6,23,2025-12-16 21:00:00,Corrective,4,NONE,0,21,8,3,0,41.849999999999994,2.7264,0,0,0
2026-01-08 21:15:00,AST_062,BLDG_A,Generator,26.02,71.92,5.27,5.11,19.72,66.81,59.72,6107,9,2,59,2025-11-10 21:15:00,Preventive,4,NONE,0,21,8,3,0,45.900000000000006,3.9561,0,1,0
2026-01-08 21:30:00,AST_004,BLDG_A,Generator,26.72,70.32,5.17,5.62,15.83,63.92,62.06,6823,12,1,106,2025-09-24 21:30:00,Inspection,0,E404,1,21,8,3,0,43.599999999999994,4.8272,1,1,0
2026-01-08 21:45:00,AST_089,BLDG_C,Generator,24.41,65.36,4.84,5.39,17.24,73.16,62.67,9266,9,5,122,2025-09-08 21:45:00,Preventive,0,NONE,0,21,8,3,0,40.95,5.1076,1,0,0
2026-01-08 22:00:00,AST_042,BLDG_C,Motor,25.13,74.79,6.88,4.93,22.73,89.46,75.56,13871,10,5,158,2025-08-03 22:00:00,Preventive,4,E101,1,22,8,3,0,49.66000000000001,6.8066,1,1,1
2026-01-08 22:15:00,AST_089,BLDG_C,Generator,25.25,68.62,5.84,5.17,17.83,82.44,66.18,8724,9,2,138,2025-08-23 22:15:00,Preventive,2,E404,1,22,8,3,0,43.370000000000005,5.920400000000001,1,0,0
2026-01-08 22:30:00,AST_018,BLDG_C,Chiller,29.69,70.43,5.53,5.1,18.59,70.53,68.1,7966,14,6,8,2025-12-31 22:30:00,Preventive,4,NONE,0,22,8,3,0,40.74000000000001,3.0773,0,1,0
2026-01-08 22:45:00,AST_040,BLDG_A,Compressor,16.9,65.44,3.54,6.56,16.89,60.29,55.77,4331,5,9,112,2025-09-18 22:45:00,Corrective,0,NONE,0,22,8,3,0,48.54,4.258900000000001,1,0,0
2026-01-08 23:00:00,AST_072,BLDG_B,Chiller,27.09,74.37,4.92,5.48,16.42,77.96,61.9,12268,3,2,119,2025-09-11 23:00:00,Inspection,3,E202,1,23,8,3,0,47.28,5.127599999999999,1,1,0
2026-01-08 23:15:00,AST_039,BLDG_A,Compressor,23.65,63.28,3.98,5.72,14.75,71.89,57.22,13278,2,2,33,2025-12-06 23:15:00,Inspection,1,E303,1,23,8,3,0,39.63,2.9709000000000003,0,0,0
2026-01-08 23:30:00,AST_014,BLDG_A,Generator,23.79,67.8,4.64,5.49,16.85,70.62,64.26,10959,1,3,63,2025-11-06 23:30:00,Inspection,3,NONE,0,23,8,3,0,44.01,3.8221999999999996,0,0,0
2026-01-08 23:45:00,AST_032,BLDG_C,Pump,25.9,67.48,4.58,5.65,16.9,67.66,64.55,3648,6,7,129,2025-09-01 23:45:00,Inspection,3,NONE,0,23,8,3,0,41.580000000000005,5.0886,1,0,0
2026-01-09 00:00:00,AST_051,BLDG_B,Chiller,27.94,70.93,5.27,5.51,20.98,80.08,67.68,6570,15,6,102,2025-09-29 00:00:00,Inspection,0,NONE,0,0,9,4,0,42.99000000000001,4.9488,1,1,0
2026-01-09 00:15:00,AST_038,BLDG_C,Motor,27.14,68.87,5.68,5.53,19.12,74.08,62.04,6105,14,8,21,2025-12-19 00:15:00,Preventive,4,NONE,0,0,9,4,0,41.730000000000004,3.4328,0,0,0
2026-01-09 00:30:00,AST_097,BLDG_C,Compressor,23.74,73.17,5.57,5.1,17.43,74.88,67.44,12470,7,8,111,2025-09-20 00:30:00,Inspection,2,E303,1,0,9,4,0,49.43000000000001,5.1968000000000005,1,1,0
2026-01-09 00:45:00,AST_023,BLDG_B,Compressor,30.89,69.98,5.33,5.54,15.39,67.4,65.89,14850,5,6,47,2025-11-23 00:45:00,Preventive,3,E202,1,0,9,4,0,39.09,3.746,0,0,0
2026-01-09 01:00:00,AST_063,BLDG_C,Motor,24.39,77.15,6.74,4.34,20.93,85.18,68.47,11073,12,3,84,2025-10-17 01:00:00,Preventive,4,E303,1,1,9,4,0,52.760000000000005,5.2278,0,1,1
2026-01-09 01:15:00,AST_015,BLDG_C,Pump,25.06,69.86,5.52,5.29,17.43,79.26,66.22,3496,10,3,166,2025-07-27 01:15:00,Corrective,2,E101,1,1,9,4,0,44.8,6.320600000000001,1,0,0
2026-01-09 01:30:00,AST_097,BLDG_C,Compressor,29.14,68.12,4.71,5.36,18.95,68.69,63.09,12621,7,1,12,2025-12-28 01:30:00,Preventive,3,E202,1,1,9,4,0,38.980000000000004,2.8109,0,0,0
2026-01-09 01:45:00,AST_025,BLDG_C,Chiller,29.28,73.72,4.78,5.45,16.85,80.31,63.29,2649,8,7,145,2025-08-17 01:45:00,Preventive,2,E303,1,1,9,4,0,44.44,5.6151,1,1,0
2026-01-09 02:00:00,AST_017,BLDG_B,Chiller,25.55,74.28,6.23,5.03,19.04,76.23,68.81,5723,12,5,110,2025-09-21 02:00:00,Preventive,4,NONE,0,2,9,4,0,48.730000000000004,5.454300000000001,1,1,1
2026-01-09 02:15:00,AST_097,BLDG_C,Compressor,16.26,63.04,3.54,6.11,15.19,70.79,61.74,12557,7,4,12,2025-12-28 02:15:00,Preventive,1,NONE,0,2,9,4,0,46.78,2.3639,0,0,0
2026-01-09 02:30:00,AST_066,BLDG_A,Compressor,24.46,75.27,5.67,4.79,20.81,80.01,67.44,5190,13,4,100,2025-10-01 02:30:00,Overhaul,4,NONE,0,2,9,4,0,50.809999999999995,5.0681,1,1,0
2026-01-09 02:45:00,AST_078,BLDG_B,Pump,28.65,64.96,4.81,5.14,17.07,59.59,64.7,11123,7,4,98,2025-10-03 02:45:00,Preventive,0,NONE,0,2,9,4,0,36.309999999999995,4.4799,1,0,0
2026-01-09 03:00:00,AST_053,BLDG_C,Pump,30.75,74.15,5.59,5.17,19.96,76.27,63.27,11644,8,6,69,2025-11-01 03:00:00,Preventive,2,NONE,0,3,9,4,0,43.400000000000006,4.3787,0,1,0
2026-01-09 03:15:00,AST_051,BLDG_B,Chiller,27.68,74.28,6.46,5.28,19.6,81.84,71.48,6839,15,8,175,2025-07-18 03:15:00,Preventive,1,NONE,0,3,9,4,0,46.6,6.9024,1,1,1
2026-01-09 03:30:00,AST_039,BLDG_A,Compressor,26.08,68.59,4.75,5.33,17.32,60.02,58.31,13557,2,8,43,2025-11-27 03:30:00,Preventive,2,NONE,0,3,9,4,0,42.510000000000005,3.3602000000000003,0,0,0
2026-01-09 03:45:00,AST_051,BLDG_B,Chiller,37.17,70.48,5.52,5.15,19.58,83.21,63.08,6026,15,5,85,2025-10-16 03:45:00,Overhaul,2,E202,1,3,9,4,0,33.31,4.7401,0,1,0
2026-01-09 04:00:00,AST_070,BLDG_B,Chiller,26.51,69.89,4.92,5.59,18.92,76.62,62.36,5101,11,6,88,2025-10-13 04:00:00,Preventive,3,E303,1,4,9,4,0,43.379999999999995,4.4942,0,0,0
2026-01-09 04:15:00,AST_006,BLDG_A,Pump,30.45,70.19,4.83,5.53,16.67,78.05,64.48,6465,15,4,92,2025-10-09 04:15:00,Corrective,0,E202,1,4,9,4,0,39.739999999999995,4.5525,1,1,0
2026-01-09 04:30:00,AST_067,BLDG_C,Pump,22.66,65.56,2.98,6.35,15.23,55.4,55.71,2147,3,9,90,2025-10-11 04:30:00,Inspection,2,NONE,0,4,9,4,0,42.900000000000006,3.5460000000000003,0,0,0
2026-01-09 04:45:00,AST_007,BLDG_A,Motor,23.64,73.3,6.08,4.72,18.73,74.49,68.67,4301,11,8,97,2025-10-04 04:45:00,Overhaul,4,NONE,0,4,9,4,0,49.66,5.1169,1,1,1
2026-01-09 05:00:00,AST_051,BLDG_B,Chiller,30.59,74.95,5.95,4.89,20.0,86.34,67.24,6076,15,1,90,2025-10-11 05:00:00,Corrective,4,NONE,0,5,9,4,0,44.36,5.0434,0,1,0
2026-01-09 05:15:00,AST_072,BLDG_B,Chiller,32.18,71.11,4.64,5.91,16.17,63.57,63.07,12547,3,2,48,2025-11-22 05:15:00,Inspection,3,NONE,0,5,9,4,0,38.93,3.4516999999999998,0,1,0
2026-01-09 05:30:00,AST_042,BLDG_C,Motor,26.44,75.16,5.93,4.98,16.16,74.21,66.69,13072,10,9,141,2025-08-21 05:30:00,Preventive,0,E404,1,5,9,4,0,48.72,5.934099999999999,1,1,0
2026-01-09 05:45:00,AST_064,BLDG_C,Chiller,20.61,70.06,5.0,5.52,20.2,78.15,63.38,9735,11,8,169,2025-07-24 05:45:00,Preventive,0,NONE,0,5,9,4,0,49.45,6.1615,1,1,0
2026-01-09 06:00:00,AST_015,BLDG_C,Pump,27.33,70.0,4.8,5.35,18.49,64.43,61.16,3376,10,3,78,2025-10-23 06:00:00,Preventive,4,E202,1,6,9,4,0,42.67,4.1243,0,0,0
2026-01-09 06:15:00,AST_029,BLDG_C,HVAC,28.76,61.26,4.11,6.03,13.79,59.59,59.36,13257,2,8,40,2025-11-30 06:15:00,Inspection,1,NONE,0,6,9,4,0,32.5,3.0399000000000003,0,0,0
2026-01-09 06:30:00,AST_033,BLDG_A,Compressor,28.4,70.57,5.45,5.7,18.95,81.16,63.61,7585,7,1,105,2025-09-26 06:30:00,Preventive,3,E101,1,6,9,4,0,42.169999999999995,5.0916,1,1,0
2026-01-09 06:45:00,AST_094,BLDG_C,HVAC,25.75,74.16,7.09,4.7,23.56,86.41,73.07,11821,14,4,160,2025-08-02 06:45:00,Preventive,3,E404,1,6,9,4,0,48.41,6.9001,1,1,1
2026-01-09 07:00:00,AST_027,BLDG_B,Compressor,27.39,79.07,7.21,4.4,23.19,92.65,69.82,11523,11,3,174,2025-07-19 07:00:00,Preventive,4,E202,1,7,9,4,0,51.67999999999999,7.2905,1,1,1
2026-01-09 07:15:00,AST_036,BLDG_C,Chiller,25.0,72.71,5.67,5.54,16.92,74.89,63.27,4388,1,6,175,2025-07-18 07:15:00,Preventive,4,NONE,0,7,9,4,0,47.709999999999994,6.5169,1,1,0
2026-01-09 07:30:00,AST_029,BLDG_C,HVAC,23.55,65.05,5.56,5.19,17.35,86.97,64.1,13419,2,7,174,2025-07-19 07:30:00,Preventive,1,E101,1,7,9,4,0,41.5,6.5737,1,0,0
2026-01-09 07:45:00,AST_038,BLDG_C,Motor,31.02,74.99,5.44,5.45,17.42,76.42,59.28,6304,14,4,108,2025-09-23 07:45:00,Overhaul,1,E202,1,7,9,4,0,43.97,5.1002,1,1,0
2026-01-09 08:00:00,AST_057,BLDG_A,Pump,28.39,61.78,3.52,5.94,14.79,67.61,57.5,3188,6,7,70,2025-10-31 08:00:00,Preventive,0,NONE,0,8,9,4,0,33.39,3.4841000000000006,0,0,0
2026-01-09 08:15:00,AST_097,BLDG_C,Compressor,27.4,71.28,5.24,5.36,18.82,73.51,62.98,12073,7,9,59,2025-11-11 08:15:00,Corrective,3,NONE,0,8,9,4,0,43.88,4.0111,0,1,0
2026-01-09 08:30:00,AST_027,BLDG_B,Compressor,25.97,76.54,7.7,4.97,25.0,86.0,74.3,11599,11,2,180,2025-07-13 08:30:00,Inspection,3,E101,1,8,9,4,0,50.57000000000001,7.54,1,1,1
2026-01-09 08:45:00,AST_055,BLDG_C,Pump,27.28,70.16,5.27,4.96,17.84,82.65,66.24,15337,4,3,95,2025-10-06 08:45:00,Preventive,4,NONE,0,8,9,4,0,42.879999999999995,4.8345,1,1,0
2026-01-09 09:00:00,AST_033,BLDG_A,Compressor,28.64,61.53,3.95,6.44,14.1,66.53,55.29,7493,7,5,26,2025-12-14 09:00:00,Preventive,0,NONE,0,9,9,4,1,32.89,2.7653000000000003,0,0,0
2026-01-09 09:15:00,AST_068,BLDG_C,Compressor,34.91,76.8,5.28,6.29,15.1,72.04,60.34,7901,4,3,105,2025-09-26 09:15:00,Preventive,3,E101,1,9,9,4,1,41.89,4.9324,1,1,0
2026-01-09 09:30:00,AST_086,BLDG_A,Compressor,30.62,63.25,4.0,5.96,15.88,65.51,60.63,6415,1,8,159,2025-08-03 09:30:00,Preventive,0,NONE,0,9,9,4,1,32.629999999999995,5.4351,1,0,0
2026-01-09 09:45:00,AST_066,BLDG_A,Compressor,25.33,64.33,4.79,5.76,18.26,73.46,62.88,4518,13,8,125,2025-09-06 09:45:00,Corrective,0,NONE,0,9,9,4,1,39.0,5.1506,1,0,0
2026-01-09 10:00:00,AST_010,BLDG_C,Generator,25.38,73.5,5.83,5.24,21.13,80.71,69.6,8516,9,8,97,2025-10-04 10:00:00,Preventive,4,NONE,0,10,9,4,1,48.120000000000005,5.0791,1,1,0
2026-01-09 10:15:00,AST_005,BLDG_C,Generator,24.75,69.21,5.44,5.53,17.84,67.73,62.82,13137,8,9,112,2025-09-19 10:15:00,Preventive,0,NONE,0,10,9,4,1,44.459999999999994,5.0933,1,0,0
2026-01-09 10:30:00,AST_074,BLDG_B,Compressor,27.2,65.42,4.15,6.05,13.42,68.26,59.34,4769,3,4,145,2025-08-17 10:30:00,Corrective,1,NONE,0,10,9,4,1,38.22,5.2425999999999995,1,0,0
2026-01-09 10:45:00,AST_097,BLDG_C,Compressor,24.75,72.75,5.57,5.09,19.2,79.4,63.17,12309,7,5,177,2025-07-16 10:45:00,Overhaul,1,NONE,0,10,9,4,1,48.0,6.562,1,1,0
2026-01-09 11:00:00,AST_038,BLDG_C,Motor,29.9,70.57,4.96,5.49,17.27,65.34,60.24,5802,14,5,14,2025-12-26 11:00:00,Inspection,2,NONE,0,11,9,4,1,40.669999999999995,2.9173999999999998,0,1,0
2026-01-09 11:15:00,AST_013,BLDG_C,Chiller,17.43,66.87,5.78,5.02,16.79,78.51,64.33,4885,14,8,13,2025-12-27 11:15:00,Inspection,4,NONE,0,11,9,4,1,49.440000000000005,3.3571,0,0,0
2026-01-09 11:30:00,AST_031,BLDG_C,Motor,30.14,77.97,5.95,4.72,20.65,84.98,70.72,12638,12,7,159,2025-08-03 11:30:00,Inspection,2,E303,1,11,9,4,1,47.83,6.409800000000001,1,1,0
2026-01-09 11:45:00,AST_047,BLDG_A,Pump,29.1,70.19,5.21,5.99,14.64,80.18,64.0,7538,11,9,38,2025-12-02 11:45:00,Preventive,1,NONE,0,11,9,4,1,41.089999999999996,3.6458000000000004,0,1,0
2026-01-09 12:00:00,AST_100,BLDG_A,Generator,33.05,69.37,4.78,5.21,17.06,73.26,59.89,5109,9,8,133,2025-08-29 12:00:00,Inspection,2,NONE,0,12,9,4,1,36.32000000000001,5.304600000000001,1,0,0
2026-01-09 12:15:00,AST_088,BLDG_A,Chiller,31.51,75.49,7.09,4.52,23.8,93.81,73.88,13171,12,2,164,2025-07-29 12:15:00,Preventive,4,E202,1,12,9,4,1,43.97999999999999,7.0541,1,1,1
2026-01-09 12:30:00,AST_052,BLDG_A,Pump,25.27,71.52,4.69,5.42,18.58,75.99,62.77,5304,6,4,93,2025-10-08 12:30:00,Inspection,4,NONE,0,12,9,4,1,46.25,4.495900000000001,1,1,0
2026-01-09 12:45:00,AST_056,BLDG_A,Generator,31.06,74.33,4.37,5.61,14.48,78.07,60.46,14529,2,6,97,2025-10-04 12:45:00,Corrective,0,E303,1,12,9,4,1,43.269999999999996,4.4687,1,1,0
2026-01-09 13:00:00,AST_015,BLDG_C,Pump,27.33,69.22,4.41,5.1,16.36,66.77,62.62,3572,10,2,75,2025-10-26 13:00:00,Preventive,3,NONE,0,13,9,4,1,41.89,3.9317,0,0,0
2026-01-09 13:15:00,AST_029,BLDG_C,HVAC,20.26,64.14,3.56,6.28,15.35,63.38,58.19,13225,2,7,71,2025-10-30 13:15:00,Inspection,0,NONE,0,13,9,4,1,43.879999999999995,3.4778000000000002,0,0,0
2026-01-09 13:30:00,AST_008,BLDG_C,Motor,28.64,77.11,6.55,4.86,21.62,79.36,68.43,14721,6,3,152,2025-08-10 13:30:00,Overhaul,4,NONE,0,13,9,4,1,48.47,6.4536,1,1,1
2026-01-09 13:45:00,AST_005,BLDG_C,Generator,25.5,75.54,5.56,5.95,17.8,75.4,62.55,13297,8,3,121,2025-09-10 13:45:00,Preventive,1,NONE,0,13,9,4,1,50.040000000000006,5.398,1,1,0
2026-01-09 14:00:00,AST_029,BLDG_C,HVAC,28.0,67.95,4.65,5.96,17.14,64.09,60.61,13121,2,2,98,2025-10-03 14:00:00,Inspection,1,NONE,0,14,9,4,1,39.95,4.4609000000000005,1,0,0
2026-01-09 14:15:00,AST_047,BLDG_A,Pump,34.61,72.22,5.68,5.73,17.98,66.42,61.2,7157,11,8,167,2025-07-26 14:15:00,Preventive,0,NONE,0,14,9,4,1,37.61,6.276199999999999,1,1,0
2026-01-09 14:30:00,AST_068,BLDG_C,Compressor,28.9,73.78,5.72,4.93,15.05,63.75,64.05,7976,4,6,103,2025-09-28 14:30:00,Corrective,4,NONE,0,14,9,4,1,44.88,4.9855,1,1,0
2026-01-09 14:45:00,AST_076,BLDG_A,Generator,23.93,63.7,4.41,5.47,14.78,55.4,58.42,6100,3,1,117,2025-09-14 14:45:00,Preventive,1,NONE,0,14,9,4,1,39.77,4.658,1,0,0
2026-01-09 15:00:00,AST_045,BLDG_C,Generator,31.86,72.29,5.97,5.06,19.05,82.59,62.64,14158,4,1,107,2025-09-24 15:00:00,Corrective,4,NONE,0,15,9,4,1,40.43000000000001,5.353899999999999,1,1,0
2026-01-09 15:15:00,AST_002,BLDG_A,Generator,29.45,71.81,4.18,5.29,17.93,69.08,66.1,14557,3,7,95,2025-10-06 15:15:00,Overhaul,1,NONE,0,15,9,4,1,42.36,4.2628,1,1,0
2026-01-09 15:30:00,AST_027,BLDG_B,Compressor,23.46,73.28,5.72,4.74,21.28,75.17,69.05,10950,11,8,94,2025-10-07 15:30:00,Inspection,4,NONE,0,15,9,4,1,49.82,4.9197,1,1,0
2026-01-09 15:45:00,AST_095,BLDG_C,Compressor,21.58,60.88,4.17,6.64,12.95,61.58,53.05,2090,10,5,21,2025-12-19 15:45:00,Inspection,2,E404,1,15,9,4,1,39.300000000000004,2.7038,0,0,0
2026-01-09 16:00:00,AST_036,BLDG_C,Chiller,24.09,68.87,4.04,6.34,15.33,61.76,58.1,4370,1,5,22,2025-12-18 16:00:00,Preventive,4,NONE,0,16,9,4,1,44.78,2.6736,0,0,0
2026-01-09 16:15:00,AST_036,BLDG_C,Chiller,31.35,71.69,5.09,5.14,18.06,69.63,63.9,4855,1,4,177,2025-07-16 16:15:00,Overhaul,4,NONE,0,16,9,4,1,40.339999999999996,6.2722999999999995,1,1,0
2026-01-09 16:30:00,AST_026,BLDG_C,Generator,26.79,64.96,3.1,5.51,14.66,71.57,54.39,7053,1,6,120,2025-09-11 16:30:00,Preventive,0,NONE,0,16,9,4,1,38.169999999999995,4.355700000000001,1,0,0
2026-01-09 16:45:00,AST_043,BLDG_C,Generator,28.32,66.24,3.72,5.64,14.8,73.71,59.7,2082,6,6,97,2025-10-04 16:45:00,Inspection,2,NONE,0,16,9,4,1,37.919999999999995,4.165100000000001,1,0,0
2026-01-09 17:00:00,AST_027,BLDG_B,Compressor,22.65,71.13,6.15,4.89,19.77,87.46,65.8,11445,11,3,95,2025-10-06 17:00:00,Preventive,3,NONE,0,17,9,4,1,48.48,5.2346,1,1,1
2026-01-09 17:15:00,AST_069,BLDG_C,Pump,31.45,68.87,4.19,5.79,17.02,67.81,59.67,3392,12,9,86,2025-10-15 17:15:00,Preventive,0,NONE,0,17,9,4,1,37.42,4.0741000000000005,0,0,0
2026-01-09 17:30:00,AST_020,BLDG_A,Compressor,19.94,68.9,5.39,5.17,17.7,74.09,61.72,13256,2,7,72,2025-10-29 17:30:00,Inspection,3,NONE,0,17,9,4,1,48.96000000000001,4.3369,0,0,0
2026-01-09 17:45:00,AST_011,BLDG_A,Compressor,25.38,66.74,4.62,5.88,16.97,67.81,60.24,11261,4,1,118,2025-09-13 17:45:00,Preventive,1,NONE,0,17,9,4,1,41.36,4.8861,1,0,0
2026-01-09 18:00:00,AST_074,BLDG_B,Compressor,29.67,65.37,3.48,5.94,13.86,59.07,56.84,5324,3,7,5,2026-01-04 18:00:00,Preventive,3,E303,1,18,9,4,0,35.7,2.0827,0,0,0
2026-01-09 18:15:00,AST_038,BLDG_C,Motor,23.51,71.38,6.28,5.28,20.66,78.29,63.54,6410,14,5,62,2025-11-08 18:15:00,Preventive,4,E202,1,18,9,4,0,47.86999999999999,4.5349,0,1,1
2026-01-09 18:30:00,AST_006,BLDG_A,Pump,30.46,74.22,5.74,4.88,19.14,85.31,69.2,5559,15,5,158,2025-08-04 18:30:00,Preventive,3,E202,1,18,9,4,0,43.76,6.309100000000001,1,1,0
2026-01-09 18:45:00,AST_072,BLDG_B,Chiller,24.52,63.21,4.43,6.03,15.08,74.11,61.4,11763,3,2,113,2025-09-18 18:45:00,Preventive,0,NONE,0,18,9,4,0,38.69,4.7731,1,0,0
2026-01-09 19:00:00,AST_023,BLDG_B,Compressor,23.1,70.5,5.13,5.34,16.42,71.35,66.59,14438,5,4,152,2025-08-10 19:00:00,Preventive,0,NONE,0,19,9,4,0,47.4,5.8055,1,1,0
2026-01-09 19:15:00,AST_047,BLDG_A,Pump,33.15,74.13,6.14,4.89,19.64,71.94,68.98,7607,11,6,120,2025-09-11 19:15:00,Preventive,3,NONE,0,19,9,4,0,40.98,5.5754,1,1,1
2026-01-09 19:30:00,AST_090,BLDG_B,Generator,28.62,72.07,4.75,5.53,18.0,73.42,63.87,9744,9,7,91,2025-10-10 19:30:00,Preventive,0,NONE,0,19,9,4,0,43.44999999999999,4.4542,1,1,0
2026-01-09 19:45:00,AST_046,BLDG_C,HVAC,30.08,64.32,3.34,5.96,14.06,54.27,56.0,9652,7,5,14,2025-12-26 19:45:00,Inspection,0,NONE,0,19,9,4,0,34.239999999999995,2.1587000000000005,0,0,0
2026-01-09 20:00:00,AST_012,BLDG_C,Motor,32.07,66.0,4.11,6.32,14.69,67.72,57.9,8642,1,9,63,2025-11-07 20:00:00,Preventive,3,NONE,0,20,9,4,0,33.93,3.5812,0,0,0
2026-01-09 20:15:00,AST_090,BLDG_B,Generator,17.52,66.81,3.97,5.62,18.98,71.51,63.67,9329,9,3,45,2025-11-25 20:15:00,Overhaul,2,NONE,0,20,9,4,0,49.290000000000006,3.2031,0,0,0
2026-01-09 20:30:00,AST_013,BLDG_C,Chiller,30.54,69.1,5.66,5.33,18.89,73.16,63.67,4316,14,1,109,2025-09-22 20:30:00,Inspection,2,E202,1,20,9,4,0,38.559999999999995,5.175600000000001,1,0,0
2026-01-09 20:45:00,AST_062,BLDG_A,Generator,24.96,68.8,5.03,5.74,17.72,64.43,62.78,6121,9,4,137,2025-08-25 20:45:00,Preventive,1,NONE,0,20,9,4,0,43.839999999999996,5.3963,1,0,0
2026-01-09 21:00:00,AST_082,BLDG_C,Chiller,25.48,69.29,5.28,5.59,16.83,69.36,63.62,9745,8,9,126,2025-09-05 21:00:00,Inspection,0,NONE,0,21,9,4,0,43.81,5.3256,1,0,0
2026-01-09 21:15:00,AST_089,BLDG_C,Generator,29.75,75.65,5.96,5.31,20.67,87.8,71.77,9034,9,4,149,2025-08-13 21:15:00,Inspection,3,NONE,0,21,9,4,0,45.900000000000006,6.242,1,1,0
2026-01-09 21:30:00,AST_097,BLDG_C,Compressor,26.55,68.7,4.34,5.83,15.72,69.16,59.86,12441,7,2,26,2025-12-14 21:30:00,Overhaul,0,NONE,0,21,9,4,0,42.150000000000006,2.9476,0,0,0
2026-01-09 21:45:00,AST_060,BLDG_C,Compressor,30.38,86.44,6.81,4.45,21.6,92.33,72.76,13199,15,5,102,2025-09-29 21:45:00,Corrective,4,E404,1,21,9,4,0,56.06,5.6873000000000005,1,1,1
2026-01-09 22:00:00,AST_043,BLDG_C,Generator,27.84,68.19,3.25,5.6,15.4,61.24,57.31,2688,6,3,173,2025-07-20 22:00:00,Preventive,0,NONE,0,22,9,4,0,40.349999999999994,5.3724,1,0,0
2026-01-09 22:15:00,AST_076,BLDG_A,Generator,28.67,65.88,3.28,6.69,12.66,62.92,58.1,6523,3,9,72,2025-10-29 22:15:00,Corrective,0,NONE,0,22,9,4,0,37.209999999999994,3.3811999999999998,0,0,0
2026-01-09 22:30:00,AST_100,BLDG_A,Generator,26.04,76.69,4.99,5.4,16.54,74.18,64.64,4728,9,4,143,2025-08-19 22:30:00,Corrective,2,E404,1,22,9,4,0,50.65,5.5978,1,1,0
2026-01-09 22:45:00,AST_068,BLDG_C,Compressor,23.74,64.71,4.23,5.38,16.29,70.48,60.6,8587,4,6,60,2025-11-10 22:45:00,Corrective,3,E202,1,22,9,4,0,40.97,3.5968,0,0,0
2026-01-09 23:00:00,AST_005,BLDG_C,Generator,25.04,71.56,5.78,5.35,19.87,78.24,64.08,13202,8,2,153,2025-08-09 23:00:00,Preventive,0,E303,1,23,9,4,0,46.52,6.154400000000001,1,1,0
2026-01-09 23:15:00,AST_037,BLDG_B,Chiller,27.59,65.63,4.71,5.64,14.72,68.63,59.12,6279,3,6,103,2025-09-28 23:15:00,Inspection,2,E202,1,23,9,4,0,38.03999999999999,4.6303,1,0,0
2026-01-09 23:30:00,AST_072,BLDG_B,Chiller,35.35,71.52,4.47,5.64,17.29,62.92,60.67,12488,3,3,80,2025-10-21 23:30:00,Overhaul,1,E202,1,23,9,4,0,36.169999999999995,4.017200000000001,0,1,0
2026-01-09 23:45:00,AST_092,BLDG_A,Generator,33.89,70.41,4.53,5.75,15.67,72.96,58.35,11028,7,9,30,2025-12-10 23:45:00,Preventive,2,E303,1,23,9,4,0,36.519999999999996,3.1416000000000004,0,1,0
2026-01-10 00:00:00,AST_031,BLDG_C,Motor,25.39,72.93,6.34,5.32,18.17,85.15,71.06,13340,12,2,119,2025-09-13 00:00:00,Preventive,2,E101,1,0,10,5,0,47.540000000000006,5.7675,1,1,1
2026-01-10 00:15:00,AST_009,BLDG_C,Motor,28.24,75.48,6.03,4.99,20.85,87.18,70.46,14195,8,9,151,2025-08-12 00:15:00,Preventive,2,NONE,0,0,10,5,0,47.24000000000001,6.303800000000001,1,1,1
2026-01-10 00:30:00,AST_051,BLDG_B,Chiller,26.85,72.85,5.32,5.27,19.72,80.11,63.19,6633,15,5,113,2025-09-19 00:30:00,Inspection,0,NONE,0,0,10,5,0,45.99999999999999,5.1891,1,1,0
2026-01-10 00:45:00,AST_029,BLDG_C,HVAC,28.52,61.88,3.3,5.87,13.98,67.4,57.2,13776,2,8,51,2025-11-20 00:45:00,Inspection,0,NONE,0,0,10,5,0,33.36,3.0140000000000002,0,0,0
2026-01-10 01:00:00,AST_078,BLDG_B,Pump,29.04,66.74,4.27,5.82,14.85,64.5,61.43,10699,7,2,75,2025-10-27 01:00:00,Corrective,1,E202,1,1,10,5,0,37.699999999999996,3.8529999999999998,0,0,0
2026-01-10 01:15:00,AST_040,BLDG_A,Compressor,30.11,70.35,5.23,4.79,19.14,68.14,65.49,4220,5,6,158,2025-08-05 01:15:00,Preventive,4,E101,1,1,10,5,0,40.239999999999995,5.933400000000001,1,1,0
2026-01-10 01:30:00,AST_041,BLDG_B,HVAC,16.4,73.12,6.4,4.72,18.99,79.17,67.6,12737,12,3,44,2025-11-27 01:30:00,Corrective,4,NONE,0,1,10,5,0,56.720000000000006,4.231700000000001,0,1,1
2026-01-10 01:45:00,AST_086,BLDG_A,Compressor,29.47,73.93,5.0,5.51,18.38,77.8,65.46,6514,1,5,137,2025-08-26 01:45:00,Preventive,4,E202,1,1,10,5,0,44.46000000000001,5.518000000000001,1,1,0
2026-01-10 02:00:00,AST_011,BLDG_A,Compressor,26.4,65.1,5.6,5.02,19.15,77.57,60.68,11306,4,8,153,2025-08-10 02:00:00,Preventive,1,NONE,0,2,10,5,0,38.699999999999996,6.075699999999999,1,0,0
2026-01-10 02:15:00,AST_023,BLDG_B,Compressor,25.18,75.98,6.79,4.78,21.12,83.54,68.02,14557,5,1,136,2025-08-27 02:15:00,Inspection,4,NONE,0,2,10,5,0,50.800000000000004,6.2714,1,1,1
2026-01-10 02:30:00,AST_001,BLDG_C,Compressor,31.18,67.99,4.6,5.43,18.22,71.57,64.05,13758,1,5,27,2025-12-14 02:30:00,Overhaul,4,NONE,0,2,10,5,0,36.809999999999995,3.0957,0,0,0
2026-01-10 02:45:00,AST_046,BLDG_C,HVAC,33.87,75.1,5.48,5.61,19.04,83.69,64.76,10065,7,3,110,2025-09-22 02:45:00,Overhaul,2,NONE,0,2,10,5,0,41.23,5.2289,1,1,0
2026-01-10 03:00:00,AST_021,BLDG_C,Generator,30.76,66.08,3.92,5.84,16.68,69.35,57.63,11642,3,4,88,2025-10-14 03:00:00,Overhaul,0,NONE,0,3,10,5,0,35.31999999999999,4.0215,0,0,0
2026-01-10 03:15:00,AST_090,BLDG_B,Generator,25.93,70.05,5.22,5.77,17.68,72.43,64.05,9242,9,2,147,2025-08-16 03:15:00,Preventive,0,NONE,0,3,10,5,0,44.12,5.7523,1,1,0
2026-01-10 03:30:00,AST_036,BLDG_C,Chiller,23.7,64.62,4.3,5.95,16.29,62.83,57.12,4405,1,9,120,2025-09-12 03:30:00,Preventive,2,E101,1,3,10,5,0,40.92,4.7483,1,0,0
2026-01-10 03:45:00,AST_054,BLDG_C,HVAC,15.98,68.57,5.1,6.07,17.08,65.6,61.14,7107,5,3,113,2025-09-19 03:45:00,Inspection,2,E101,1,3,10,5,0,52.58999999999999,4.9559999999999995,1,0,0
2026-01-10 04:00:00,AST_087,BLDG_A,HVAC,28.73,82.36,6.72,4.45,21.5,77.55,72.15,15452,11,2,140,2025-08-23 04:00:00,Overhaul,2,E303,1,4,10,5,0,53.629999999999995,6.2635000000000005,1,1,1
2026-01-10 04:15:00,AST_057,BLDG_A,Pump,30.32,59.21,3.57,6.76,16.89,54.65,56.33,3176,6,9,45,2025-11-26 04:15:00,Preventive,0,NONE,0,4,10,5,0,28.89,2.8745,0,0,0
2026-01-10 04:30:00,AST_001,BLDG_C,Compressor,27.59,70.37,5.82,5.11,19.22,78.19,66.43,13041,1,7,116,2025-09-16 04:30:00,Preventive,4,E101,1,4,10,5,0,42.78,5.4299,1,1,0
2026-01-10 04:45:00,AST_063,BLDG_C,Motor,31.73,77.28,6.34,5.31,18.47,80.72,66.44,10498,12,6,151,2025-08-12 04:45:00,Preventive,2,E202,1,4,10,5,0,45.55,6.3632,1,1,1
2026-01-10 05:00:00,AST_054,BLDG_C,HVAC,22.72,64.43,4.38,6.02,16.16,67.56,60.04,7917,5,1,116,2025-09-16 05:00:00,Corrective,1,NONE,0,5,10,5,0,41.71000000000001,4.7476,1,0,0
2026-01-10 05:15:00,AST_055,BLDG_C,Pump,27.32,74.14,5.24,4.59,18.12,79.15,65.17,15034,4,5,107,2025-09-25 05:15:00,Preventive,2,E303,1,5,10,5,0,46.82,5.0275,1,1,0
2026-01-10 05:30:00,AST_040,BLDG_A,Compressor,27.0,68.91,4.31,5.98,15.4,76.18,62.34,4685,5,3,50,2025-11-21 05:30:00,Preventive,3,E202,1,5,10,5,0,41.91,3.4858000000000002,0,0,0
2026-01-10 05:45:00,AST_015,BLDG_C,Pump,27.56,70.25,5.44,5.58,19.51,70.97,61.16,4116,10,1,160,2025-08-03 05:45:00,Preventive,2,NONE,0,5,10,5,0,42.69,6.0857,1,1,0
2026-01-10 06:00:00,AST_021,BLDG_C,Generator,32.67,64.57,4.0,6.3,16.51,62.09,56.56,11612,3,4,72,2025-10-30 06:00:00,Preventive,0,NONE,0,6,10,5,0,31.89999999999999,3.6609000000000003,0,0,0
2026-01-10 06:15:00,AST_047,BLDG_A,Pump,27.58,71.39,5.68,4.99,18.46,64.68,67.44,6857,11,2,126,2025-09-06 06:15:00,Inspection,2,E101,1,6,10,5,0,43.81,5.4388000000000005,1,1,0
2026-01-10 06:30:00,AST_073,BLDG_A,Pump,26.82,69.18,4.91,5.73,15.44,71.19,64.94,7848,10,2,19,2025-12-22 06:30:00,Preventive,3,NONE,0,6,10,5,0,42.36000000000001,3.0559000000000003,0,0,0
2026-01-10 06:45:00,AST_053,BLDG_C,Pump,24.25,73.23,6.49,5.21,19.31,76.93,66.24,11675,8,3,169,2025-07-25 06:45:00,Inspection,1,NONE,0,6,10,5,0,48.980000000000004,6.7453,1,1,1
2026-01-10 07:00:00,AST_009,BLDG_C,Motor,33.31,72.89,6.49,4.89,20.45,87.76,73.27,13305,8,8,133,2025-08-30 07:00:00,Corrective,4,E101,1,7,10,5,0,39.58,6.1336,1,1,1
2026-01-10 07:15:00,AST_074,BLDG_B,Compressor,22.28,62.82,4.37,6.08,16.09,67.07,58.2,4757,3,8,115,2025-09-17 07:15:00,Inspection,2,E202,1,7,10,5,0,40.54,4.7187,1,0,0
2026-01-10 07:30:00,AST_052,BLDG_A,Pump,25.79,65.0,4.12,6.13,15.64,64.4,56.54,5791,6,7,28,2025-12-13 07:30:00,Preventive,3,NONE,0,7,10,5,0,39.21,2.8520000000000003,0,0,0
2026-01-10 07:45:00,AST_057,BLDG_A,Pump,34.78,64.86,3.01,5.82,16.54,66.2,59.74,2733,6,6,31,2025-12-10 07:45:00,Overhaul,3,NONE,0,7,10,5,0,30.08,2.486,0,0,0
2026-01-10 08:00:00,AST_026,BLDG_C,Generator,29.87,55.77,3.17,6.32,14.06,63.99,58.06,7270,1,9,44,2025-11-27 08:00:00,Corrective,1,NONE,0,8,10,5,0,25.900000000000002,2.7879,0,0,0
2026-01-10 08:15:00,AST_041,BLDG_B,HVAC,27.92,69.65,5.7,5.07,19.05,71.0,69.95,12789,12,4,168,2025-07-26 08:15:00,Overhaul,0,E101,1,8,10,5,0,41.730000000000004,6.35,1,0,0
2026-01-10 08:30:00,AST_035,BLDG_A,Chiller,28.09,58.22,2.98,6.29,11.57,64.72,52.73,3581,1,1,28,2025-12-13 08:30:00,Overhaul,2,E303,1,8,10,5,0,30.13,2.3992,0,0,0
2026-01-10 08:45:00,AST_063,BLDG_C,Motor,24.21,70.77,5.46,5.26,18.44,82.04,65.4,10677,12,8,28,2025-12-13 08:45:00,Preventive,3,NONE,0,8,10,5,0,46.559999999999995,3.5644000000000005,0,1,0
2026-01-10 09:00:00,AST_025,BLDG_C,Chiller,27.73,61.48,3.42,6.29,13.76,64.19,57.31,3603,8,7,8,2026-01-02 09:00:00,Preventive,1,E303,1,9,10,5,1,33.75,2.1699,0,0,0
2026-01-10 09:15:00,AST_090,BLDG_B,Generator,26.6,71.21,5.55,5.04,18.75,72.53,66.74,9359,9,7,71,2025-10-31 09:15:00,Preventive,4,NONE,0,9,10,5,1,44.60999999999999,4.3653,0,1,0
2026-01-10 09:30:00,AST_075,BLDG_A,Chiller,28.72,71.65,4.74,5.77,18.17,70.08,65.37,1786,15,3,38,2025-12-03 09:30:00,Corrective,3,E101,1,9,10,5,1,42.93000000000001,3.3568,0,1,0
2026-01-10 09:45:00,AST_038,BLDG_C,Motor,21.98,72.04,5.61,5.66,16.62,80.76,63.75,6121,14,4,120,2025-09-12 09:45:00,Preventive,1,NONE,0,9,10,5,1,50.06,5.451600000000001,1,1,0
2026-01-10 10:00:00,AST_002,BLDG_A,Generator,29.59,65.95,3.59,5.78,14.18,60.38,58.04,15114,3,9,27,2025-12-14 10:00:00,Preventive,0,NONE,0,10,10,5,1,36.36,2.5798,0,0,0
2026-01-10 10:15:00,AST_007,BLDG_A,Motor,32.07,68.88,3.79,6.07,16.35,71.99,61.04,4715,11,6,113,2025-09-19 10:15:00,Preventive,0,E101,1,10,10,5,1,36.809999999999995,4.495900000000001,1,0,0
2026-01-10 10:30:00,AST_082,BLDG_C,Chiller,27.18,69.0,5.37,5.16,17.5,74.27,66.01,9612,8,5,73,2025-10-29 10:30:00,Preventive,3,NONE,0,10,10,5,1,41.82,4.3507,0,0,0
2026-01-10 10:45:00,AST_091,BLDG_A,Pump,30.59,67.81,5.14,5.82,16.57,71.81,61.62,8758,2,3,99,2025-10-03 10:45:00,Preventive,3,NONE,0,10,10,5,1,37.22,4.7541,1,0,0
2026-01-10 11:00:00,AST_034,BLDG_C,Compressor,29.24,59.96,3.82,6.44,14.39,59.21,58.78,1347,5,9,66,2025-11-05 11:00:00,Preventive,2,E404,1,11,10,5,1,30.720000000000002,3.4401,0,0,0
2026-01-10 11:15:00,AST_091,BLDG_A,Pump,25.57,67.7,4.81,5.58,17.79,72.56,65.15,8455,2,5,173,2025-07-21 11:15:00,Preventive,1,NONE,0,11,10,5,1,42.13,6.1096,1,0,0
2026-01-10 11:30:00,AST_017,BLDG_B,Chiller,23.77,72.13,5.72,5.18,17.99,75.63,63.19,6364,12,5,61,2025-11-10 11:30:00,Preventive,3,E303,1,11,10,5,1,48.36,4.2642999999999995,0,1,0
2026-01-10 11:45:00,AST_043,BLDG_C,Generator,24.33,67.12,4.13,5.89,12.46,56.93,57.32,2467,6,4,58,2025-11-13 11:45:00,Preventive,2,NONE,0,11,10,5,1,42.790000000000006,3.3813000000000004,0,0,0
2026-01-10 12:00:00,AST_059,BLDG_A,Compressor,29.17,69.5,4.84,5.61,16.69,72.21,64.76,6474,11,4,74,2025-10-28 12:00:00,Preventive,2,E404,1,12,10,5,1,40.33,4.1381,0,0,0
2026-01-10 12:15:00,AST_051,BLDG_B,Chiller,27.78,75.79,6.16,5.53,20.4,82.5,71.47,6488,15,1,105,2025-09-27 12:15:00,Inspection,3,E303,1,12,10,5,1,48.010000000000005,5.389000000000001,1,1,1
2026-01-10 12:30:00,AST_054,BLDG_C,HVAC,33.1,57.85,3.64,5.71,15.27,61.15,57.99,7349,5,7,61,2025-11-10 12:30:00,Corrective,0,NONE,0,12,10,5,1,24.75,3.2875000000000005,0,0,0
2026-01-10 12:45:00,AST_024,BLDG_A,Pump,31.16,69.77,4.98,5.52,18.51,60.35,61.49,14291,1,9,142,2025-08-21 12:45:00,Preventive,1,NONE,0,12,10,5,1,38.61,5.4355,1,0,0
2026-01-10 13:00:00,AST_025,BLDG_C,Chiller,31.16,69.1,5.27,5.53,18.55,71.11,62.85,3579,8,3,172,2025-07-22 13:00:00,Preventive,1,E202,1,13,10,5,1,37.94,6.2591,1,0,0
2026-01-10 13:15:00,AST_071,BLDG_B,Chiller,29.05,72.05,4.49,5.58,16.67,76.92,62.98,10527,4,2,139,2025-08-24 13:15:00,Inspection,0,NONE,0,13,10,5,1,43.0,5.3452,1,1,0
2026-01-10 13:30:00,AST_052,BLDG_A,Pump,24.15,69.62,4.73,5.52,17.62,70.18,60.97,5281,6,3,107,2025-09-25 13:30:00,Inspection,3,E303,1,13,10,5,1,45.470000000000006,4.7338000000000005,1,0,0
2026-01-10 13:45:00,AST_070,BLDG_B,Chiller,29.3,73.33,4.51,5.19,17.17,82.3,62.61,5373,11,1,170,2025-07-24 13:45:00,Inspection,1,NONE,0,13,10,5,1,44.03,6.026999999999999,1,1,0
2026-01-10 14:00:00,AST_088,BLDG_A,Chiller,28.26,76.91,6.06,5.24,17.76,77.05,68.05,13066,12,6,89,2025-10-13 14:00:00,Inspection,3,E101,1,14,10,5,1,48.64999999999999,4.9745,0,1,1
2026-01-10 14:15:00,AST_033,BLDG_A,Compressor,23.45,68.16,4.35,5.92,15.39,65.48,63.51,6962,7,7,65,2025-11-06 14:15:00,Preventive,3,E303,1,14,10,5,1,44.709999999999994,3.6948,0,0,0
2026-01-10 14:30:00,AST_049,BLDG_C,HVAC,32.84,71.67,4.2,5.86,14.97,67.42,56.89,5678,11,2,7,2026-01-03 14:30:00,Preventive,2,NONE,0,14,10,5,1,38.83,2.4942,0,1,0
2026-01-10 14:45:00,AST_029,BLDG_C,HVAC,32.41,63.52,4.14,5.65,14.96,65.66,59.79,13360,2,8,132,2025-08-31 14:45:00,Preventive,0,E404,1,14,10,5,1,31.110000000000007,4.9526,1,0,0
2026-01-10 15:00:00,AST_063,BLDG_C,Motor,23.42,73.86,6.3,4.91,19.47,81.11,68.19,10782,12,6,90,2025-10-12 15:00:00,Overhaul,3,E404,1,15,10,5,1,50.44,5.1311,0,1,1
2026-01-10 15:15:00,AST_022,BLDG_A,HVAC,25.45,72.54,5.47,5.49,17.12,71.16,65.53,13450,1,4,51,2025-11-20 15:15:00,Inspection,4,E404,1,15,10,5,1,47.09,3.9196000000000004,0,1,0
2026-01-10 15:30:00,AST_026,BLDG_C,Generator,25.8,57.15,3.22,6.72,14.84,68.51,56.0,7181,1,5,80,2025-10-22 15:30:00,Inspection,0,NONE,0,15,10,5,1,31.349999999999998,3.5731,0,0,0
2026-01-10 15:45:00,AST_028,BLDG_A,HVAC,30.44,64.17,2.66,6.33,12.07,57.49,55.22,5435,1,8,42,2025-11-29 15:45:00,Preventive,1,NONE,0,15,10,5,1,33.730000000000004,2.4789,0,0,0
2026-01-10 16:00:00,AST_085,BLDG_B,Chiller,29.98,72.2,5.94,4.93,19.47,78.36,68.62,9212,8,3,168,2025-07-26 16:00:00,Inspection,2,NONE,0,16,10,5,1,42.22,6.5196000000000005,1,1,0
2026-01-10 16:15:00,AST_049,BLDG_C,HVAC,28.18,72.55,6.18,5.18,18.11,78.83,68.42,6044,11,3,173,2025-07-21 16:15:00,Preventive,1,NONE,0,16,10,5,1,44.37,6.7203,1,1,1
2026-01-10 16:30:00,AST_071,BLDG_B,Chiller,29.1,67.75,5.42,5.75,16.01,76.42,65.4,9774,4,4,145,2025-08-18 16:30:00,Preventive,1,NONE,0,16,10,5,1,38.65,5.8322,1,0,0
2026-01-10 16:45:00,AST_081,BLDG_B,Pump,22.85,66.99,3.55,5.73,14.56,73.71,54.79,13169,1,1,91,2025-10-11 16:45:00,Preventive,0,NONE,0,16,10,5,1,44.13999999999999,3.9771,1,0,0
2026-01-10 17:00:00,AST_084,BLDG_C,Chiller,29.53,67.08,3.89,5.75,13.75,67.46,60.62,14682,2,9,62,2025-11-09 17:00:00,Corrective,1,NONE,0,17,10,5,1,37.55,3.4706,0,0,0
2026-01-10 17:15:00,AST_049,BLDG_C,HVAC,27.6,72.44,4.51,5.58,18.61,71.15,65.25,6359,11,8,54,2025-11-17 17:15:00,Preventive,3,NONE,0,17,10,5,1,44.839999999999996,3.5955000000000004,0,1,0
2026-01-10 17:30:00,AST_020,BLDG_A,Compressor,25.28,65.91,3.55,5.79,16.94,56.19,61.9,13176,2,8,34,2025-12-07 17:30:00,Inspection,1,E101,1,17,10,5,1,40.629999999999995,2.6619,0,0,0
2026-01-10 17:45:00,AST_086,BLDG_A,Compressor,21.87,62.44,4.14,5.46,15.16,76.64,60.24,6161,1,6,105,2025-09-27 17:45:00,Preventive,2,NONE,0,17,10,5,1,40.56999999999999,4.522399999999999,1,0,0
2026-01-10 18:00:00,AST_092,BLDG_A,Generator,28.11,69.26,4.33,5.43,16.52,71.27,59.26,10534,7,7,29,2025-12-12 18:00:00,Corrective,2,NONE,0,18,10,5,0,41.150000000000006,3.0247,0,0,0
2026-01-10 18:15:00,AST_063,BLDG_C,Motor,29.43,75.98,6.41,4.56,20.79,87.18,68.83,10897,12,6,116,2025-09-16 18:15:00,Corrective,4,NONE,0,18,10,5,0,46.550000000000004,5.755800000000001,1,1,1
2026-01-10 18:30:00,AST_061,BLDG_C,Compressor,21.19,69.78,5.67,5.31,17.18,77.27,62.93,12404,1,9,159,2025-08-04 18:30:00,Preventive,2,E303,1,18,10,5,0,48.59,6.220700000000001,1,0,0
2026-01-10 18:45:00,AST_049,BLDG_C,HVAC,28.07,69.71,5.29,5.46,18.58,73.44,64.08,6091,11,3,130,2025-09-02 18:45:00,Inspection,1,E101,1,18,10,5,0,41.63999999999999,5.4504,1,0,0
2026-01-10 19:00:00,AST_071,BLDG_B,Chiller,28.49,72.69,4.48,5.67,18.04,74.73,62.36,10051,4,3,127,2025-09-05 19:00:00,Inspection,2,NONE,0,19,10,5,0,44.2,5.0793,1,1,0
2026-01-10 19:15:00,AST_001,BLDG_C,Compressor,25.78,65.31,4.06,5.74,11.26,61.47,51.42,13774,1,3,51,2025-11-20 19:15:00,Inspection,0,NONE,0,19,10,5,0,39.53,3.2586999999999997,0,0,0
2026-01-10 19:30:00,AST_096,BLDG_B,Compressor,29.52,67.37,4.49,5.96,14.79,66.59,57.71,4969,3,3,122,2025-09-10 19:30:00,Inspection,2,NONE,0,19,10,5,0,37.85000000000001,4.9019,1,0,0
2026-01-10 19:45:00,AST_013,BLDG_C,Chiller,27.47,68.7,5.31,5.35,15.31,68.56,62.65,4503,14,9,43,2025-11-28 19:45:00,Inspection,3,E303,1,19,10,5,0,41.230000000000004,3.6696,0,0,0
2026-01-10 20:00:00,AST_094,BLDG_C,HVAC,29.13,65.8,4.5,5.18,18.71,78.32,58.97,11717,14,4,20,2025-12-21 20:00:00,Preventive,0,NONE,0,20,10,5,0,36.67,2.9831999999999996,0,0,0
2026-01-10 20:15:00,AST_087,BLDG_A,HVAC,30.14,75.9,6.11,5.0,19.8,82.84,65.59,14877,11,7,26,2025-12-15 20:15:00,Inspection,4,E303,1,20,10,5,0,45.760000000000005,3.7924,0,1,1
2026-01-10 20:30:00,AST_051,BLDG_B,Chiller,30.14,71.47,4.9,5.58,19.05,86.16,69.62,6203,15,9,58,2025-11-13 20:30:00,Preventive,3,NONE,0,20,10,5,0,41.33,3.9816000000000003,0,1,0
2026-01-10 20:45:00,AST_056,BLDG_A,Generator,32.07,67.84,5.66,5.57,17.83,86.26,64.5,15282,2,7,153,2025-08-10 20:45:00,Preventive,1,NONE,0,20,10,5,0,35.77,6.1866,1,0,0
2026-01-10 21:00:00,AST_083,BLDG_A,Compressor,29.35,63.32,3.79,5.85,16.97,59.93,58.53,10940,7,9,20,2025-12-21 21:00:00,Preventive,1,NONE,0,21,10,5,0,33.97,2.5153,0,0,0
2026-01-10 21:15:00,AST_062,BLDG_A,Generator,26.09,70.27,3.92,6.11,16.87,72.44,61.01,6107,9,3,63,2025-11-08 21:15:00,Inspection,1,E202,1,21,10,5,0,44.17999999999999,3.5524000000000004,0,1,0
2026-01-10 21:30:00,AST_032,BLDG_C,Pump,25.41,63.6,3.73,5.96,15.19,59.55,61.19,3874,6,4,35,2025-12-06 21:30:00,Inspection,3,NONE,0,21,10,5,0,38.19,2.7875,0,0,0
2026-01-10 21:45:00,AST_030,BLDG_B,Motor,23.75,74.37,6.27,5.47,20.92,77.47,70.2,9946,2,8,174,2025-07-20 21:45:00,Preventive,3,NONE,0,21,10,5,0,50.620000000000005,6.762700000000001,1,1,1
2026-01-10 22:00:00,AST_029,BLDG_C,HVAC,28.6,68.23,4.53,5.19,17.21,72.53,65.38,13942,2,6,36,2025-12-05 22:00:00,Inspection,3,E303,1,22,10,5,0,39.63,3.2573,0,0,0
2026-01-10 22:15:00,AST_049,BLDG_C,HVAC,33.29,74.77,5.41,5.15,15.92,66.59,64.22,5873,11,5,166,2025-07-28 22:15:00,Overhaul,0,NONE,0,22,10,5,0,41.48,6.149900000000001,1,1,0
2026-01-10 22:30:00,AST_045,BLDG_C,Generator,26.57,67.04,3.7,6.23,14.86,60.54,54.42,13881,4,4,13,2025-12-28 22:30:00,Preventive,0,NONE,0,22,10,5,0,40.470000000000006,2.3454000000000006,0,0,0
2026-01-10 22:45:00,AST_093,BLDG_A,Pump,29.8,69.95,5.08,5.73,18.9,76.65,62.56,3218,15,8,143,2025-08-20 22:45:00,Preventive,1,NONE,0,22,10,5,0,40.150000000000006,5.6585,1,0,0
2026-01-10 23:00:00,AST_030,BLDG_B,Motor,24.99,58.84,3.38,6.15,14.62,65.22,56.75,9948,2,1,14,2025-12-27 23:00:00,Inspection,2,E303,1,23,10,5,0,33.85000000000001,2.2842000000000002,0,0,0
2026-01-10 23:15:00,AST_016,BLDG_A,Compressor,28.78,56.0,2.58,6.32,12.29,53.26,54.58,2384,4,9,21,2025-12-20 23:15:00,Preventive,1,NONE,0,23,10,5,0,27.22,1.9846,0,0,0
2026-01-10 23:30:00,AST_040,BLDG_A,Compressor,33.04,68.16,4.72,5.39,19.08,67.4,62.12,4853,5,1,72,2025-10-30 23:30:00,Corrective,4,E404,1,23,10,5,0,35.12,4.002,0,0,0
2026-01-10 23:45:00,AST_019,BLDG_B,Pump,30.74,69.72,3.88,5.99,13.23,56.5,54.36,7280,7,8,52,2025-11-19 23:45:00,Preventive,0,NONE,0,23,10,5,0,38.980000000000004,3.157,0,0,0
2026-01-11 00:00:00,AST_018,BLDG_C,Chiller,21.72,72.41,6.0,5.3,16.69,73.99,64.7,7424,14,4,115,2025-09-18 00:00:00,Preventive,3,NONE,0,0,11,6,0,50.69,5.439900000000001,1,1,0
2026-01-11 00:15:00,AST_001,BLDG_C,Compressor,30.28,69.76,4.55,5.53,18.86,68.89,62.35,13577,1,9,157,2025-08-07 00:15:00,Inspection,0,E404,1,0,11,6,0,39.480000000000004,5.6489,1,0,0
2026-01-11 00:30:00,AST_078,BLDG_B,Pump,30.46,77.66,5.57,5.38,17.92,83.12,67.03,10988,7,5,127,2025-09-06 00:30:00,Inspection,3,E303,1,0,11,6,0,47.199999999999996,5.5992,1,1,0
2026-01-11 00:45:00,AST_047,BLDG_A,Pump,28.69,76.75,6.05,5.03,20.3,87.52,68.88,6843,11,3,153,2025-08-11 00:45:00,Inspection,4,E202,1,0,11,6,0,48.06,6.3552,1,1,1
2026-01-11 01:00:00,AST_066,BLDG_A,Compressor,30.67,75.4,5.61,5.47,19.32,88.48,68.51,5336,13,9,105,2025-09-28 01:00:00,Inspection,4,NONE,0,1,11,6,0,44.730000000000004,5.2288,1,1,0
2026-01-11 01:15:00,AST_092,BLDG_A,Generator,24.67,69.29,5.01,5.69,18.26,72.46,64.06,11291,7,9,106,2025-09-27 01:15:00,Inspection,0,NONE,0,1,11,6,0,44.620000000000005,4.8486,1,0,0
2026-01-11 01:30:00,AST_094,BLDG_C,HVAC,28.25,76.03,6.04,4.96,21.85,81.31,68.87,11743,14,4,69,2025-11-03 01:30:00,Inspection,3,NONE,0,1,11,6,0,47.78,4.609100000000001,0,1,1
2026-01-11 01:45:00,AST_038,BLDG_C,Motor,32.44,73.9,5.56,5.47,17.47,79.54,64.16,5498,14,4,55,2025-11-17 01:45:00,Preventive,4,NONE,0,1,11,6,0,41.46000000000001,4.119400000000001,0,1,0
2026-01-11 02:00:00,AST_051,BLDG_B,Chiller,32.08,67.92,4.46,5.4,18.48,72.98,65.53,6073,15,8,40,2025-12-02 02:00:00,Corrective,1,E202,1,2,11,6,0,35.84,3.3137999999999996,0,0,0
2026-01-11 02:15:00,AST_063,BLDG_C,Motor,30.19,71.97,5.18,5.27,19.72,66.26,63.88,10374,12,2,85,2025-10-18 02:15:00,Preventive,1,E303,1,2,11,6,0,41.78,4.4346000000000005,0,1,0
2026-01-11 02:30:00,AST_004,BLDG_A,Generator,24.47,76.15,6.13,4.65,19.67,88.39,67.4,6683,12,9,131,2025-09-02 02:30:00,Inspection,3,NONE,0,2,11,6,0,51.68000000000001,5.9559,1,1,1
2026-01-11 02:45:00,AST_001,BLDG_C,Compressor,23.84,69.39,3.89,5.59,16.61,56.81,57.67,13283,1,6,92,2025-10-11 02:45:00,Preventive,0,NONE,0,2,11,6,0,45.55,3.9641,1,0,0
2026-01-11 03:00:00,AST_008,BLDG_C,Motor,28.46,76.79,6.45,5.39,21.71,87.16,66.8,14894,6,9,108,2025-09-25 03:00:00,Corrective,4,NONE,0,3,11,6,0,48.330000000000005,5.6116,1,1,1
2026-01-11 03:15:00,AST_029,BLDG_C,HVAC,28.72,65.65,4.0,6.32,13.99,63.15,54.59,13574,2,8,19,2025-12-23 03:15:00,Preventive,0,NONE,0,3,11,6,0,36.93000000000001,2.6115,0,0,0
2026-01-11 03:30:00,AST_055,BLDG_C,Pump,27.6,71.07,4.83,5.11,17.56,67.79,61.07,15654,4,7,100,2025-10-03 03:30:00,Inspection,1,NONE,0,3,11,6,0,43.46999999999999,4.6099,1,1,0
2026-01-11 03:45:00,AST_003,BLDG_A,Motor,24.78,73.96,6.01,5.3,20.7,82.64,61.97,3724,10,1,171,2025-07-24 03:45:00,Inspection,4,NONE,0,3,11,6,0,49.17999999999999,6.650399999999999,1,1,1
2026-01-11 04:00:00,AST_032,BLDG_C,Pump,29.75,66.94,4.11,5.8,13.16,64.74,57.91,3857,6,3,127,2025-09-06 04:00:00,Preventive,0,NONE,0,4,11,6,0,37.19,4.8314,1,0,0
2026-01-11 04:15:00,AST_010,BLDG_C,Generator,28.44,70.33,4.88,5.94,15.7,64.96,62.45,9076,9,2,5,2026-01-06 04:15:00,Inspection,2,NONE,0,4,11,6,0,41.89,2.7016,0,1,0
2026-01-11 04:30:00,AST_074,BLDG_B,Compressor,29.16,67.86,4.52,5.68,15.95,65.27,60.82,4656,3,5,155,2025-08-09 04:30:00,Preventive,3,E303,1,4,11,6,0,38.7,5.5607,1,0,0
2026-01-11 04:45:00,AST_083,BLDG_A,Compressor,30.37,70.36,5.2,5.58,20.91,70.27,71.52,10293,7,5,126,2025-09-07 04:45:00,Corrective,3,E101,1,4,11,6,0,39.989999999999995,5.3027,1,1,0
2026-01-11 05:00:00,AST_034,BLDG_C,Compressor,26.91,66.76,4.62,5.53,16.25,67.0,64.14,1492,5,5,171,2025-07-24 05:00:00,Inspection,2,E303,1,5,11,6,0,39.85000000000001,5.938000000000001,1,0,0
2026-01-11 05:15:00,AST_097,BLDG_C,Compressor,26.04,71.34,5.27,5.18,18.48,72.51,64.26,11766,7,4,130,2025-09-03 05:15:00,Preventive,1,NONE,0,5,11,6,0,45.300000000000004,5.4331,1,1,0
2026-01-11 05:30:00,AST_087,BLDG_A,HVAC,32.43,79.93,6.8,4.16,20.56,76.42,67.42,15209,11,5,61,2025-11-11 05:30:00,Overhaul,4,E101,1,5,11,6,0,47.50000000000001,4.7042,0,1,1
2026-01-11 05:45:00,AST_055,BLDG_C,Pump,24.97,69.48,5.82,5.2,18.51,76.75,62.51,15332,4,3,85,2025-10-18 05:45:00,Preventive,3,NONE,0,5,11,6,0,44.510000000000005,4.7955000000000005,0,0,0
2026-01-11 06:00:00,AST_092,BLDG_A,Generator,26.12,67.08,5.87,5.3,19.64,72.81,66.54,10704,7,1,166,2025-07-29 06:00:00,Preventive,2,NONE,0,6,11,6,0,40.959999999999994,6.396100000000001,1,0,0
2026-01-11 06:15:00,AST_032,BLDG_C,Pump,32.94,70.24,5.43,5.69,16.76,74.72,63.42,4148,6,5,173,2025-07-22 06:15:00,Overhaul,2,E101,1,6,11,6,0,37.3,6.3792,1,1,0
2026-01-11 06:30:00,AST_050,BLDG_B,Compressor,25.81,64.91,3.81,6.22,15.23,72.57,58.53,11461,1,9,77,2025-10-26 06:30:00,Preventive,1,NONE,0,6,11,6,0,39.099999999999994,3.7897,0,0,0
2026-01-11 06:45:00,AST_007,BLDG_A,Motor,27.61,67.39,5.17,5.53,17.45,74.54,65.54,4712,11,9,145,2025-08-19 06:45:00,Overhaul,1,NONE,0,6,11,6,0,39.78,5.7134,1,0,0
2026-01-11 07:00:00,AST_093,BLDG_A,Pump,26.35,65.27,4.01,5.87,15.78,68.39,63.57,3982,15,4,74,2025-10-29 07:00:00,Overhaul,0,NONE,0,7,11,6,0,38.919999999999995,3.7679,0,0,0
2026-01-11 07:15:00,AST_008,BLDG_C,Motor,20.87,70.96,5.12,5.46,18.26,70.69,64.52,15314,6,3,10,2026-01-01 07:15:00,Preventive,3,E303,1,7,11,6,0,50.08999999999999,2.9549000000000003,0,1,0
2026-01-11 07:30:00,AST_065,BLDG_A,HVAC,27.51,69.05,4.25,5.78,16.45,78.19,63.03,14618,6,1,88,2025-10-15 07:30:00,Corrective,0,NONE,0,7,11,6,0,41.53999999999999,4.2419,0,0,0
2026-01-11 07:45:00,AST_057,BLDG_A,Pump,23.96,64.48,3.35,5.8,16.74,63.47,56.99,2578,6,2,56,2025-11-16 07:45:00,Preventive,2,NONE,0,7,11,6,0,40.52,3.0947000000000005,0,0,0
2026-01-11 08:00:00,AST_067,BLDG_C,Pump,29.02,63.31,4.18,5.75,15.23,75.86,56.93,2301,3,8,7,2026-01-04 08:00:00,Preventive,4,NONE,0,8,11,6,0,34.290000000000006,2.5706,0,0,0
2026-01-11 08:15:00,AST_088,BLDG_A,Chiller,32.42,75.98,5.94,4.62,19.26,76.73,70.59,12444,12,1,85,2025-10-18 08:15:00,Preventive,4,NONE,0,8,11,6,0,43.56,4.8433,0,1,0
2026-01-11 08:30:00,AST_087,BLDG_A,HVAC,19.14,69.06,5.43,5.34,19.25,77.22,64.55,14778,11,8,67,2025-11-05 08:30:00,Preventive,1,NONE,0,8,11,6,0,49.92,4.2842,0,0,0
2026-01-11 08:45:00,AST_059,BLDG_A,Compressor,26.37,72.8,5.75,4.98,17.65,82.51,66.29,6510,11,7,53,2025-11-19 08:45:00,Preventive,4,NONE,0,8,11,6,0,46.42999999999999,4.1851,0,1,0
2026-01-11 09:00:00,AST_072,BLDG_B,Chiller,29.81,68.74,6.25,5.14,18.67,72.07,62.9,12359,3,8,80,2025-10-23 09:00:00,Preventive,4,NONE,0,9,11,6,1,38.92999999999999,4.8207,0,0,1
2026-01-11 09:15:00,AST_054,BLDG_C,HVAC,19.27,74.27,5.6,5.12,17.79,74.81,63.86,7986,5,6,116,2025-09-17 09:15:00,Overhaul,4,NONE,0,9,11,6,1,55.0,5.3081,1,1,0
2026-01-11 09:30:00,AST_067,BLDG_C,Pump,33.35,71.01,4.67,5.87,13.99,72.99,59.14,2557,3,9,179,2025-07-16 09:30:00,Inspection,2,NONE,0,9,11,6,1,37.660000000000004,6.1779,1,1,0
2026-01-11 09:45:00,AST_051,BLDG_B,Chiller,29.52,75.36,6.49,5.03,20.63,83.92,67.98,6223,15,3,113,2025-09-20 09:45:00,Inspection,4,E303,1,9,11,6,1,45.84,5.6952,1,1,1
